root	gloss_fil	pos	source
-an			Mirikitani p898 [unknown/low]
-en			Mirikitani p916 [unknown/low]
-in-			Mirikitani p920 [unknown/low]
-kit			Kapampangan-English-Pilipino wordlist p21 [unknown/low]
-kl-			Mirikitani p923 [unknown/low]
-lu			Mirikitani p935 [unknown/low]
-ng			Mirikitani p944 [unknown/low]
-um-			Mirikitani p966 [unknown/low]
-yu			Mirikitani p968 [unknown/low]
a		lig	SEED-FUNC
a-			Mirikitani p895 [unknown/low]
aba			Kapampangan-English-Pilipino wordlist p1 [unknown/low]
abak		V	PALI:a’bak
abaka		N	PALI:abaka
abala		V	PALI:abala’
abalu			Mirikitani p905 [unknown/low]
abat			Kapampangan-English-Pilipino wordlist p1 [unknown/low]
abating			Mirikitani p906 [unknown/low]
abayan			Kapampangan-English-Pilipino wordlist p1 [unknown/low]
abe		V	PALI:a’be
abente			Mirikitani p895 [unknown/low]
abias			Kapampangan-English-Pilipino wordlist p1 [unknown/low]
abirya			Kapampangan-English-Pilipino wordlist p1 [unknown/low]
abisu		V	PALI:abi’su
abit			Kapampangan-English-Pilipino wordlist p1 [unknown/low]
ablas		V	PALI:ablas
abli			Kapampangan-English-Pilipino wordlist p1 [unknown/low]
abluk			Kapampangan-English-Pilipino wordlist p1 [unknown/low]
abo		N	PALI:abo’
abono		V	PALI:abo’no
abonu			Samson p16 [unknown/low]
aborsiun		noun	Samson p16 [dictionary_explicit/high]
abpa		verb	Samson p16 [unknown/low]
abpang		noun	Samson p16 [unknown/low]
abraham			Samson p16 [unknown/low]
abrasador			Samson p16 [unknown/low]
abrasadul			Kapampangan-English-Pilipino wordlist p1 [unknown/low]
abrazo		noun	Samson p16 [unknown/low]
abreviado			Samson p16 [unknown/low]
abreviasion		noun	Samson p16 [unknown/low]
abril		N	PALI:abri’l
abrilata			Samson p16 [dictionary_explicit/high]
abrisete			Samson p16 [dictionary_explicit/high]
absac		noun	Samson p16 [dictionary_explicit/high]
absang		V	PALI:absang
absi		V	PALI:-absi’q
absic			Samson p16 [unknown/low]
absik			Kapampangan-English-Pilipino wordlist p1 [unknown/low]
absolusion		noun	Samson p17 [dictionary_explicit/high]
abstinensia		noun	Samson p17 [dictionary_explicit/high]
abtac		noun	Samson p17 [unknown/low]
abtung		verb	Samson p17 [unknown/low]
abu		V	PALI:abu’
abubut			Kapampangan-English-Pilipino wordlist p1 [unknown/low]
abugadu		V	PALI:abuga’du
abuhin			Samson p17 [unknown/low]
abukadu		N	PALI:abuka’du
abulud		V	PALI:abu’lud
abunadu			Kapampangan-English-Pilipino wordlist p1 [unknown/low]
abung		adjective	Samson p17 [unknown/low]
aburido			Samson p17 [dictionary_explicit/high]
aburl			Mirikitani p910 [unknown/low]
abusadu		V	PALI:abusa’du
abuso			Samson p17 [dictionary_explicit/high]
abusu			Kapampangan-English-Pilipino wordlist p1 [unknown/low]
abut		V	PALI:a’but
abut-abut			Samson p18 [AI_proposed/medium]
abwang			Kapampangan-English-Pilipino wordlist p1 [unknown/low]
abyas		N	PALI:abya’s
abye			Mirikitani p910 [unknown/low]
ac-cla		noun	Samson p19 [dictionary_explicit/high]
ac-clis		noun	Samson p19 [dictionary_explicit/high]
acata		N	PALI:aca’ta
acbac			Samson p18 [unknown/low]
acbag		noun	Samson p18 [dictionary_explicit/high]
acbe			Samson p18 [unknown/low]
acbung		noun	Samson p18 [dictionary_explicit/high]
acdac		noun	Samson p19 [dictionary_explicit/high]
acdal		noun-verb	Samson p19 [unknown/low]
acdilan		noun	Samson p19 [unknown/low]
acdug		noun	Samson p19 [unknown/low]
acdut		noun	Samson p19 [dictionary_explicit/high]
achara		noun	Samson p19 [dictionary_explicit/high]
achata			Samson p19 [dictionary_explicit/high]
aclamasion		noun	Samson p19 [unknown/low]
aclat		noun-verb	Samson p20 [unknown/low]
acli		noun (OCR: printed as 'ft.')	Samson p20 [unknown/low]
aclug		noun (OCR: printed as 'ft.')	Samson p20 [unknown/low]
acma		adjective	Samson p20 [unknown/low]
acmul			Samson p20 [unknown/low]
acmus			Samson p20 [dictionary_explicit/high]
acpa		noun-verb	Samson p20 [unknown/low]
acpac		verb	Samson p20 [unknown/low]
acpal			Samson p20 [dictionary_explicit/high]
acpas		verb	Samson p20 [unknown/low]
acsibal		noun (OCR: printed as 'ft.')	Samson p20 [unknown/low]
acsidente		noun	Samson p19 [dictionary_explicit/high]
acta			Samson p20 [unknown/low]
actang		noun	Samson p20 [dictionary_explicit/high]
acting		noun-verb	Samson p20 [dictionary_explicit/high]
actividad		noun (OCR: printed as 'ft.')	Samson p20 [unknown/low]
activista		noun (OCR: printed as 'ft.')	Samson p20 [unknown/low]
activo		adjective	Samson p20 [unknown/low]
acto		noun (OCR: printed as 'ft.')	Samson p20 [dictionary_explicit/high]
actug			Samson p20 [dictionary_explicit/high]
actung		noun (OCR: printed as 'ft.')	Samson p20 [unknown/low]
ad-dia		noun	Samson p21 [unknown/low]
ad-dua		adjective	Samson p22 [unknown/low]
ad-duang			Samson p22 [unknown/low]
adelantadu		adjective	Samson p22 [unknown/low]
adelfa		noun	Samson p22 [unknown/low]
adi		V	PALI:-adi’q
adiaran		noun	Samson p22 [unknown/low]
adios			Samson p22 [unknown/low]
adisiotcho			Mirikitani p895 [unknown/low]
adisisais			Mirikitani p895 [unknown/low]
adjar-		V	PALI:adja’r-
adjetivo			Samson p22 [unknown/low]
adle		adjective	Samson p22 [unknown/low]
adlsinuebe			Mirikitani p895 [unknown/low]
administrador		noun	Samson p22 [unknown/low]
administrasion		noun	Samson p22 [unknown/low]
admirul		D	PALI:admiru’l
adobe			Samson p22 [unknown/low]
adobi			Kapampangan-English-Pilipino wordlist p1 [unknown/low]
adobo			Samson p22 [unknown/low]
adobu			Kapampangan-English-Pilipino wordlist p1 [unknown/low]
adolessente			Samson p22 [unknown/low]
adorador		noun	Samson p23 [unknown/low]
adorasion		noun	Samson p23 [unknown/low]
adorno		noun	Samson p23 [dictionary_explicit/high]
ados			Mirikitani p895 [unknown/low]
adose			Mirikitani p895 [unknown/low]
adta			Samson p23 [dictionary_explicit/high]
adua			Kapampangan-English-Pilipino wordlist p1 [unknown/low]
aduana		noun	Samson p23 [unknown/low]
aduang			Kapampangan-English-Pilipino wordlist p2 [unknown/low]
aduang-pulu			Kapampangan-English-Pilipino wordlist p2 [unknown/low]
aduas			Kapampangan-English-Pilipino wordlist p2 [unknown/low]
adulterio		noun	Samson p23 [unknown/low]
adulto		noun	Samson p23 [unknown/low]
adverbio			Samson p23 [unknown/low]
adviento		noun	Samson p23 [unknown/low]
adwa		V	PALI:adwa’q
adya			Kapampangan-English-Pilipino wordlist p2 [unknown/low]
adyar			Kapampangan-English-Pilipino wordlist p2 [unknown/low]
adyes			Mirikitani p896 [unknown/low]
afecto		noun	Samson p23 [dictionary_explicit/high]
afirmativo		adjective	Samson p23 [unknown/low]
afision		noun	Samson p23 [unknown/low]
aforro			Samson p23 [unknown/low]
afrika		noun	Samson p23 [unknown/low]
afrikano		adjective	Samson p23 [unknown/low]
ag-giat		adjective	Samson p24 [unknown/low]
ag-giu		verb	Samson p24 [unknown/low]
aga		adjective	Samson p23 [unknown/low]
agad		Q	PALI:aga’d
agam-agam			Kapampangan-English-Pilipino wordlist p2 [unknown/low]
aganaka			Mirikitani p917 [unknown/low]
agap			Kapampangan-English-Pilipino wordlist p2 [unknown/low]
agape			Samson p24 [dictionary_explicit/high]
agas			Samson p24 [dictionary_explicit/high]
agawa			Mirikitani p918 [unknown/low]
agi		N	PALI:a’giq
agiag		noun	Samson p25 [dictionary_explicit/high]
agiang			Mirikitani p896 [unknown/low]
agila			Kapampangan-English-Pilipino wordlist p2 [unknown/low]
agimat			Kapampangan-English-Pilipino wordlist p2 [unknown/low]
aginaldu		N	PALI:aginaldu
agkas		noun	Samson p24 [dictionary_explicit/high]
agkat		V	PALI:agka’t
aglahi			Samson p26 [unknown/low]
agli		noun	Samson p26 [unknown/low]
aglit		noun	Samson p26 [unknown/low]
agmus			Samson p26 [dictionary_explicit/high]
agnan		adverb	Samson p26 [unknown/low]
agnas			Kapampangan-English-Pilipino wordlist p2 [unknown/low]
agosto		N	PALI:ago’sto
agostu			Kapampangan-English-Pilipino wordlist p2 [unknown/low]
agpa			Kapampangan-English-Pilipino wordlist p2 [unknown/low]
agpag			Samson p26 [unknown/low]
agpang			Samson p26 [unknown/low]
agrabiadu			Kapampangan-English-Pilipino wordlist p2 [unknown/low]
agraviado			Samson p26 [unknown/low]
agraviadu		adjective	Samson p26 [unknown/low]
agresivu		adjective	Samson p26 [unknown/low]
agrikultor		noun	Samson p26 [unknown/low]
agrikultura		noun	Samson p26 [unknown/low]
agrimensor		noun	Samson p26 [unknown/low]
agta			Samson p26 [unknown/low]
agtaka			Samson p26 [unknown/low]
agtal			Samson p27 [dictionary_explicit/high]
agtal-		V	PALI:agta’l-
agtas			Samson p27 [dictionary_explicit/high]
aguador		noun	Samson p27 [unknown/low]
aguanta			Samson p27 [unknown/low]
aguaras		noun	Samson p28 [unknown/low]
aguasil			Samson p27 [dictionary_explicit/high]
aguasinada		noun	Samson p28 [unknown/low]
aguatiempu		noun	Samson p28 [unknown/low]
agud		verb	Samson p28 [dictionary_explicit/high]
agum			Kapampangan-English-Pilipino wordlist p2 [unknown/low]
agum-		V	PALI:a’gum-
aguran			Samson p28 [dictionary_explicit/high]
agus		N	PALI:a’gus
agusu		noun	Samson p28 [dictionary_explicit/high]
agwa-		N	PALI:a’gwa-
agwa-oksinada			Kapampangan-English-Pilipino wordlist p2 [unknown/low]
agwat			Kapampangan-English-Pilipino wordlist p2 [unknown/low]
agyang		Q	PALI:agyang
agyap			Kapampangan-English-Pilipino wordlist p2 [unknown/low]
agyu		D	PALI:agyu’q
ahedres		noun	Samson p29 [unknown/low]
ahente		noun	Samson p29 [unknown/low]
aili			Kapampangan-English-Pilipino wordlist p2 [unknown/low]
ain			Kapampangan-English-Pilipino wordlist p2 [unknown/low]
aintindian			Kapampangan-English-Pilipino wordlist p2 [unknown/low]
aisip			Mirikitani p921 [unknown/low]
akademia		noun	Samson p18 [unknown/low]
akademic			Samson p18 [unknown/low]
akal		noun	Samson p18 [dictionary_explicit/high]
akala			Samson p18 [unknown/low]
akanakan		adverb	Samson p18 [unknown/low]
akapulko		noun	Samson p18 [unknown/low]
akasia		noun	Samson p18 [unknown/low]
akasya		N	PALI:aka’sya
akatorse			Mirikitani p896 [unknown/low]
akay		noun	Samson p18 [dictionary_explicit/high]
akayagnan			Kapampangan-English-Pilipino wordlist p1 [unknown/low]
akayulko			Samson p18 [unknown/low]
akbak		V	PALI:akba’k
akbung		N	PALI:akbu’ng
akilala			Mirikitani p929 [unknown/low]
akinse			Mirikitani p896 [unknown/low]
akit		V	PALI:a’kit
aklas			Kapampangan-English-Pilipino wordlist p1 [unknown/low]
aklat		N	PALI:akla’t
akling			Kapampangan-English-Pilipino wordlist p1 [unknown/low]
aklis			Kapampangan-English-Pilipino wordlist p1 [unknown/low]
aklung			Kapampangan-English-Pilipino wordlist p1 [unknown/low]
akmul		V	PALI:akmu’l
ako			Mirikitani p896 [unknown/low]
akolito		noun (OCR: printed as 'ft.')	Samson p20 [unknown/low]
akopya			Mirikitani p930 [unknown/low]
aksaya		D	PALI:aksaya’q
aksidenti		V	PALI:akside’nti
aku		pron	SEED-FUNC
akua			Samson p21 [dictionary_explicit/high]
akut		verb	Samson p21 [dictionary_explicit/high]
akwarto			Mirikitani p896 [unknown/low]
al-lua		noun	Samson p39 [dictionary_explicit/high]
ala		neg	SEED-FUNC
alac			Samson p30 [dictionary_explicit/high]
alac-alakan			Samson p30 [unknown/low]
alacdan		noun	Samson p30 [dictionary_explicit/high]
aladin		N	PALI:aladi’n
alag		adjective	Samson p30 [unknown/low]
alaga		noun	Samson p30 [unknown/low]
alagad			Samson p30 [unknown/low]
alagas		noun	Samson p30 [unknown/low]
alahas		noun	Samson p30 [unknown/low]
alahero			Samson p30 [unknown/low]
alai		noun	Samson p30 [unknown/low]
alak		N	PALI:a’lak
alak-alakan			Kapampangan-English-Pilipino wordlist p2 [unknown/low]
alakac		noun	Samson p30 [dictionary_explicit/high]
alakdan		N	PALI:ala’kdan
alal			Kapampangan-English-Pilipino wordlist p2 [unknown/low]
alal-		N	PALI:-ala’l-
alala		noun	Samson p31 [unknown/low]
alalay-		N	PALI:alalay-
alalayi			Samson p31 [unknown/low]
alale		noun	Samson p31 [dictionary_explicit/high]
alam		noun	Samson p31 [dictionary_explicit/high]
alamag		noun	Samson p31 [unknown/low]
alamang		noun	Samson p31 [unknown/low]
alamat		noun	Samson p31 [unknown/low]
alambre		N	PALI:ala’mbre
alambri		noun	Samson p31 [unknown/low]
alamid		noun	Samson p31 [unknown/low]
alanangga		noun	Samson p31 [unknown/low]
alang		neg	SEED-FUNC
alang-alang		adverb	Samson p31 [AI_proposed/medium]
alangala			Kapampangan-English-Pilipino wordlist p2 [unknown/low]
alangalang		N	PALI:alanga:lang
alangalangna			Samson p31 [dictionary_explicit/high]
alanganin		adjective	Samson p32 [unknown/low]
alangatdu		adjective	Samson p32 [unknown/low]
alange			Samson p32 [unknown/low]
alangilang		noun	Samson p32 [unknown/low]
alap		verb	Samson p32 [unknown/low]
alapaap		noun	Samson p32 [unknown/low]
alapap			Kapampangan-English-Pilipino wordlist p2 [unknown/low]
alarma		noun	Samson p32 [unknown/low]
alas		1. in combination with numbers, as alas singko ‘five o’clock’. 2. bungang ala’s ‘heat-rash’. 3. ala’s ‘ace	PALI:alas
alasas		noun	Samson p32 [dictionary_explicit/high]
alat		D	PALI:-a’lat
alata		adjective	Samson p32 [unknown/low]
alaua		noun	Samson p33 [unknown/low]
alauh		noun	Samson p33 [unknown/low]
alauli			Kapampangan-English-Pilipino wordlist p2 [unknown/low]
alaya		noun	Samson p33 [unknown/low]
alba		noun	Samson p33 [unknown/low]
albag		noun	Samson p33 [dictionary_explicit/high]
albania		noun	Samson p33 [unknown/low]
albano		noun	Samson p33 [unknown/low]
albe		V	PALI:albe’
albino			Samson p33 [unknown/low]
albomina			Samson p33 [unknown/low]
albug		N	PALI:a’lbug
albugan		N	PALI:albuga’n
albul		N	PALI:albu’l
albulario			Samson p34 [unknown/low]
albularyu		N	PALI:albula’ryu
alburoto			Kapampangan-English-Pilipino wordlist p2 [unknown/low]
alburutu		N., V	PALI:alburutu
albus			Samson p34 [unknown/low]
albut			Samson p34 [dictionary_explicit/high]
alda		noun	Samson p34 [dictionary_explicit/high]
aldaba		noun	Samson p34 [unknown/low]
aldabis			Samson p35 [unknown/low]
aldam			Samson p35 [unknown/low]
aldea		noun	Samson p35 [unknown/low]
aldente			Samson p35 [unknown/low]
aldo		N	PALI:aldo’
aldo-aldo			Kapampangan-English-Pilipino wordlist p3 [AI_proposed/medium]
alduc		noun	Samson p35 [unknown/low]
alduk			Kapampangan-English-Pilipino wordlist p3 [unknown/low]
ale			Samson p35 [dictionary_explicit/high]
alegasion		noun	Samson p35 [unknown/low]
alegoria		noun	Samson p35 [unknown/low]
alegro			Samson p35 [unknown/low]
alejandria		noun	Samson p35 [unknown/low]
aleli		noun	Samson p36 [unknown/low]
alelyuia			Samson p36 [unknown/low]
aleman			Samson p36 [unknown/low]
alemania		noun	Samson p36 [unknown/low]
alembung			Samson p36 [dictionary_explicit/high]
aleph		noun	Samson p36 [dictionary_explicit/high]
alertuan			Samson p36 [unknown/low]
alfabeto			Samson p36 [unknown/low]
alfanghe			Samson p36 [unknown/low]
alfombra		noun	Samson p36 [unknown/low]
algang		noun	Samson p36 [unknown/low]
algodon		noun	Samson p36 [unknown/low]
ali		Neg	PALI:ali’q
aliad			Samson p36 [unknown/low]
aliado		noun	Samson p36 [unknown/low]
alianza		noun	Samson p36 [unknown/low]
alias			Samson p36 [unknown/low]
alibasbas		adjective	Samson p36 [unknown/low]
alibub		noun	Samson p36 [unknown/low]
alibuga			Kapampangan-English-Pilipino wordlist p3 [unknown/low]
alibungbung		adjective	Samson p36 [unknown/low]
alig		transitive verb	Samson p37 [dictionary_explicit/high]
aligaga		noun	Samson p37 [unknown/low]
aligantang			Samson p37 [unknown/low]
aligapgap		noun	Samson p37 [unknown/low]
aligi			Kapampangan-English-Pilipino wordlist p3 [unknown/low]
aligogo		verb	Samson p37 [dictionary_explicit/high]
aliguat		noun	Samson p37 [unknown/low]
alikabok			Mirikitani p897 [unknown/low]
alikabu		noun	Samson p37 [dictionary_explicit/high]
alikabuk		N	PALI:alikabuk
alili			Samson p37 [dictionary_explicit/high]
alili-		V	PALI:ali’li-
aliman			Kapampangan-English-Pilipino wordlist p3 [unknown/low]
alimangauan			Samson p37 [unknown/low]
alimasag		N	PALI:alima’sag
alimbaua		adjective	Samson p37 [dictionary_explicit/high]
alimbawa		N	PALI:alimba’waq
alimbuag		noun	Samson p37 [unknown/low]
alimbuang		noun	Samson p37 [unknown/low]
alimbubu		noun	Samson p37 [unknown/low]
alimbuke		verb	Samson p37 [unknown/low]
alimbuyu		noun	Samson p37 [dictionary_explicit/high]
alimit		adjective	Samson p37 [unknown/low]
alimpungatan		adjective	Samson p38 [unknown/low]
alimpuyu		N	PALI:alimpu’yuq
alimpuyut		noun	Samson p38 [unknown/low]
alimum		noun	Samson p37 [unknown/low]
alindug		noun	Samson p38 [unknown/low]
aling			Samson p38 [unknown/low]
alinggatung		noun	Samson p38 [unknown/low]
alingging		adjective	Samson p38 [dictionary_explicit/high]
alinging		noun	Samson p38 [unknown/low]
alingit		adjective	Samson p38 [unknown/low]
alingongo		noun	Samson p38 [dictionary_explicit/high]
alingongong		noun	Samson p38 [unknown/low]
alinlangan		adjective	Samson p38 [unknown/low]
alino			Kapampangan-English-Pilipino wordlist p3 [unknown/low]
alintana			Samson p38 [unknown/low]
alintuang		noun	Samson p38 [dictionary_explicit/high]
alipan		noun	Samson p38 [unknown/low]
alipatpat			Samson p38 [unknown/low]
alipatu			Kapampangan-English-Pilipino wordlist p3 [unknown/low]
alipis		noun	Samson p38 [unknown/low]
alipit			Samson p38 [dictionary_explicit/high]
alipsusu		noun	Samson p38 [dictionary_explicit/high]
alipugpug		noun	Samson p38 [unknown/low]
alipunga		N	PALI:alipunga’q
alipup		noun	Samson p38 [unknown/low]
alipusta			Kapampangan-English-Pilipino wordlist p3 [unknown/low]
alis		noun-verb	Samson p39 [unknown/low]
alistu		N	PALI:alistu
alisuag			Samson p39 [unknown/low]
alisuas		adjective	Samson p39 [unknown/low]
alisus		noun	Samson p39 [unknown/low]
alit		noun	Samson p39 [unknown/low]
alitari		adverb	Samson p39 [dictionary_explicit/high]
alitungtung		verb	Samson p39 [unknown/low]
alituntunan			Kapampangan-English-Pilipino wordlist p3 [unknown/low]
alitut		noun (OCR: printed as 'ft.')	Samson p39 [unknown/low]
aliua		adjective	Samson p39 [unknown/low]
aliwa		N./D	PALI:aliwaq
alkaldeza			Samson p34 [unknown/low]
alkaldi		noun	Samson p34 [dictionary_explicit/high]
alkansia		noun	Samson p34 [unknown/low]
alkansiya			Kapampangan-English-Pilipino wordlist p2 [unknown/low]
alketran		noun (OCR: printed as 'ft.')	Samson p39 [unknown/low]
alkohol		noun	Samson p34 [unknown/low]
alkontado		adjective	Samson p34 [unknown/low]
alkus		noun	Samson p34 [unknown/low]
alma		N	PALI:a’lma
almasen		noun (OCR: printed as 'ft.')	Samson p39 [unknown/low]
almasiga		noun (OCR: printed as 'ft.')	Samson p39 [unknown/low]
almendras		noun (OCR: printed as 'ft.')	Samson p39 [unknown/low]
almirez			Samson p39 [dictionary_explicit/high]
almiris			Kapampangan-English-Pilipino wordlist p3 [unknown/low]
almirul			Samson p39 [dictionary_explicit/high]
almohasan			Samson p40 [dictionary_explicit/high]
almohodon			Samson p40 [unknown/low]
almon			Samson p40 [dictionary_explicit/high]
almoneda		noun	Samson p40 [unknown/low]
almoranas		noun	Samson p40 [unknown/low]
almuadun			Kapampangan-English-Pilipino wordlist p3 [unknown/low]
almuranas		N	PALI:almura’nas
almusal		N	PALI:almusal
alos			Mirikitani p898 [unknown/low]
alpa		N	PALI:alpa’q
alpac		intransitive verb	Samson p40 [dictionary_explicit/high]
alpaka		noun	Samson p40 [unknown/low]
alpasotis			Samson p40 [unknown/low]
alpit		noun	Samson p40 [unknown/low]
alpombra			Kapampangan-English-Pilipino wordlist p3 [unknown/low]
alpuc		noun	Samson p40 [unknown/low]
alput		intransitive verb	Samson p40 [dictionary_explicit/high]
alsa		intransitive verb	Samson p40 [unknown/low]
alsic		noun-verb	Samson p40 [unknown/low]
alsut		noun-verb	Samson p40 [dictionary_explicit/high]
altapresion		noun	Samson p41 [unknown/low]
altar		N	PALI:alta’r
alti		N	PALI:alti’
alto		noun-verb	Samson p41 [dictionary_explicit/high]
altuc		noun	Samson p41 [dictionary_explicit/high]
alu		noun	Samson p41 [unknown/low]
aluagi			Kapampangan-English-Pilipino wordlist p3 [unknown/low]
alual			Samson p41 [unknown/low]
alub		adjective	Samson p41 [unknown/low]
alubebe		noun	Samson p41 [dictionary_explicit/high]
aluc		noun	Samson p41 [dictionary_explicit/high]
alug			Samson p41 [dictionary_explicit/high]
alug-gug			Samson p41 [unknown/low]
aluk			Kapampangan-English-Pilipino wordlist p3 [unknown/low]
aluke			Samson p41 [unknown/low]
alulud		N	PALI:alulu’d
aluminyu		N	PALI:aluminyu
alun		N	PALI:a’lun
alus		Q	PALI:a’lus
aluyun		noun	Samson p42 [dictionary_explicit/high]
aly			Mirikitani p897 [unknown/low]
am		noun	Samson p29 [dictionary_explicit/high]
ama		D	PALI:ama
amac		noun-verb	Samson p42 [unknown/low]
amad		N	PALI:a’mad
amanu		N	PALI:ama’nu
amaran			Samson p42 [dictionary_explicit/high]
amaranto		noun	Samson p43 [unknown/low]
amargoso		adjective	Samson p43 [unknown/low]
amariliu			Samson p43 [unknown/low]
amas		adjective	Samson p43 [unknown/low]
amasamas		adverb	Samson p43 [unknown/low]
amasona		noun	Samson p43 [unknown/low]
amatista		noun	Samson p43 [unknown/low]
amba			Kapampangan-English-Pilipino wordlist p3 [unknown/low]
ambag		N	PALI:amba’g
ambal		noun	Samson p43 [dictionary_explicit/high]
ambangan		noun	Samson p43 [unknown/low]
ambe			Samson p43 [dictionary_explicit/high]
ambernuan			Samson p43 [unknown/low]
ambi		noun	Samson p43 [dictionary_explicit/high]
ambisiun		noun	Samson p44 [unknown/low]
ambrosia		noun	Samson p44 [unknown/low]
ambrosiano			Samson p44 [unknown/low]
ambrosio			Samson p44 [unknown/low]
ambu		N	PALI:ambuq
ambuangan			Samson p44 [unknown/low]
ambuc			Samson p44 [dictionary_explicit/high]
ambugo		noun	Samson p44 [unknown/low]
ambuk			Kapampangan-English-Pilipino wordlist p3 [unknown/low]
ambul			Samson p44 [dictionary_explicit/high]
ambula		adjective	Samson p44 [unknown/low]
ambulansia		noun	Samson p44 [unknown/low]
ambulansiya			Kapampangan-English-Pilipino wordlist p3 [unknown/low]
ambun		N	PALI:ambun
ambus		V	PALI:ambus
ambush			Samson p44 [unknown/low]
amenesus		interjection	Samson p44 [unknown/low]
amerika			Mirikitani p898 [unknown/low]
amerikana		noun	Samson p44 [unknown/low]
amerikanu		noun	Samson p44 [unknown/low]
amia		noun	Samson p44 [unknown/low]
amiam			Kapampangan-English-Pilipino wordlist p3 [unknown/low]
amig			Samson p44 [unknown/low]
amigo			Samson p44 [unknown/low]
amil		adjective	Samson p44 [unknown/low]
amiliar		noun	Samson p45 [unknown/low]
amin		noun-verb	Samson p45 [dictionary_explicit/high]
amire			Samson p45 [unknown/low]
amius		noun	Samson p45 [unknown/low]
amiyam		N	PALI:amiyam
amlat		noun	Samson p45 [unknown/low]
amlit		adjective	Samson p45 [unknown/low]
amlug			Samson p45 [dictionary_explicit/high]
amok			Mirikitani p898 [unknown/low]
among		noun	Samson p45 [dictionary_explicit/high]
amorpropio		noun	Samson p45 [unknown/low]
amorseko		noun	Samson p45 [unknown/low]
amorseku			Kapampangan-English-Pilipino wordlist p3 [unknown/low]
ampa		adjective	Samson p45 [unknown/low]
ampac-ampac			Samson p45 [unknown/low]
ampang			Samson p45 [unknown/low]
ampat		adverb	Samson p45 [unknown/low]
ampil		V	PALI:ampi’l
ampit			Samson p45 [unknown/low]
ampo			Mirikitani p898 [unknown/low]
ampog		adverb	Samson p45 [dictionary_explicit/high]
ampolia			Samson p45 [unknown/low]
ampon		conj	SEED-FUNC
ampu		verb	Samson p46 [unknown/low]
ampulas			Samson p46 [unknown/low]
amsic		noun	Samson p46 [unknown/low]
amu		noun	Samson p46 [dictionary_explicit/high]
amug		noun	Samson p46 [unknown/low]
amuk		N	PALI:amu’k
amuki			Kapampangan-English-Pilipino wordlist p4 [unknown/low]
amung			Kapampangan-English-Pilipino wordlist p4 [unknown/low]
amurikut		N	PALI:amuri’kut
amuyam		noun	Samson p46 [unknown/low]
amuyung			Kapampangan-English-Pilipino wordlist p4 [unknown/low]
amuyut		noun-verb	Samson p46 [unknown/low]
ana		N	PALI:a:na
ana-			Kapampangan-English-Pilipino wordlist p4 [unknown/low]
anac			Samson p46 [unknown/low]
anad			Samson p47 [dictionary_explicit/high]
anak		N	PALI:ana’k
anak-anakan			Kapampangan-English-Pilipino wordlist p4 [unknown/low]
anam		Nu	PALI:ana’m
anamapulu			Kapampangan-English-Pilipino wordlist p4 [unknown/low]
anarkiya		noun	Samson p47 [unknown/low]
anas		noun	Samson p47 [unknown/low]
anat			Samson p47 [unknown/low]
anatis		N	PALI:ana’tis
anatomiya		noun (OCR: printed as 'ft.')	Samson p47 [unknown/low]
anda			Mirikitani p898 [unknown/low]
andador		noun (OCR: printed as 'ft.')	Samson p47 [dictionary_explicit/high]
andam			Mirikitani p899 [unknown/low]
andam-		V	PALI:-andam-
andamiu		noun (OCR: printed as 'ft.')	Samson p47 [unknown/low]
andamyu			Kapampangan-English-Pilipino wordlist p4 [unknown/low]
andante		adjective	Samson p47 [unknown/low]
andantino			Samson p47 [unknown/low]
andar			Samson p47 [unknown/low]
andarul			Kapampangan-English-Pilipino wordlist p4 [unknown/low]
andas		N	PALI:anda’s
anding			Samson p48 [unknown/low]
andu			Samson p48 [unknown/low]
anduse			Samson p48 [unknown/low]
ane		N	PALI:a’ne
anemia		noun	Samson p48 [unknown/low]
anemic			Samson p48 [unknown/low]
ang-galang		noun	Samson p48 [unknown/low]
ang-gap			Samson p49 [unknown/low]
ang-gi		noun	Samson p49 [unknown/low]
ang-gud		noun	Samson p49 [unknown/low]
angal			Kapampangan-English-Pilipino wordlist p4 [unknown/low]
angat			Kapampangan-English-Pilipino wordlist p4 [unknown/low]
angbe			Samson p48 [unknown/low]
angel		noun	Samson p48 [dictionary_explicit/high]
angeles		noun	Samson p48 [unknown/low]
angga		Prep	PALI:a’ngga
anggang		adverb	Samson p49 [unknown/low]
anggi		N	PALI:anggi’q
anggu		noun	Samson p49 [unknown/low]
anggulo		noun	Samson p49 [unknown/low]
angil			Kapampangan-English-Pilipino wordlist p4 [unknown/low]
angin		N	PALI:a’ngin
angit			Kapampangan-English-Pilipino wordlist p4 [unknown/low]
angkac			Samson p48 [unknown/low]
angkak			Kapampangan-English-Pilipino wordlist p4 [unknown/low]
angkamin			Kapampangan-English-Pilipino wordlist p4 [unknown/low]
angkas		noun	Samson p48 [unknown/low]
angkat			Samson p48 [unknown/low]
angkin			Samson p49 [unknown/low]
angkini			Samson p49 [dictionary_explicit/high]
angkup		noun	Samson p48 [unknown/low]
ango		D	PALI:-ango
angu			Kapampangan-English-Pilipino wordlist p4 [unknown/low]
angus			Kapampangan-English-Pilipino wordlist p4 [unknown/low]
angut			Samson p53 [dictionary_explicit/high]
anheles			Mirikitani p899 [unknown/low]
ania			Mirikitani p899 [unknown/low]
aniani			Samson p49 [unknown/low]
aniawad			Kapampangan-English-Pilipino wordlist p4 [unknown/low]
aniaya		noun	Samson p49 [unknown/low]
anib-biung		noun	Samson p49 [unknown/low]
anibong		noun	Samson p49 [unknown/low]
anid		noun	Samson p49 [unknown/low]
anidyu		N	PALI:a:nidyu
anig-guan		noun	Samson p49 [unknown/low]
anilio		noun	Samson p49 [unknown/low]
animal		N	PALI:anima’l
animas		noun	Samson p49 [unknown/low]
animismo		noun	Samson p50 [unknown/low]
animo		noun	Samson p50 [unknown/low]
animu			Kapampangan-English-Pilipino wordlist p4 [unknown/low]
aninag		adjective	Samson p50 [dictionary_explicit/high]
aninauan			Samson p50 [unknown/low]
anino		noun	Samson p50 [unknown/low]
anis		noun	Samson p50 [unknown/low]
anito			Samson p50 [unknown/low]
anitu			Kapampangan-English-Pilipino wordlist p4 [unknown/low]
aniversario		noun	Samson p50 [unknown/low]
ankora		noun (OCR: printed as 'ft.')	Samson p47 [dictionary_explicit/high]
anluagi			Samson p50 [dictionary_explicit/high]
ano		noun	Samson p50 [dictionary_explicit/high]
anomalia		noun	Samson p50 [unknown/low]
anonas		noun	Samson p50 [dictionary_explicit/high]
anonima			Samson p51 [unknown/low]
anta		noun	Samson p51 [unknown/low]
antabe			Kapampangan-English-Pilipino wordlist p4 [unknown/low]
antac			Samson p51 [unknown/low]
antak		N	PALI:a’ntak
antala			Samson p51 [unknown/low]
antanen			Samson p51 [dictionary_explicit/high]
antartiko		noun	Samson p51 [unknown/low]
antas		noun	Samson p51 [unknown/low]
ante			Mirikitani p899 [unknown/low]
antehuelas			Samson p51 [unknown/low]
anti		Q	PALI:anti
anti-		N	PALI:anti-
anti-cristo			Samson p51 [AI_proposed/medium]
antideluvio			Samson p51 [unknown/low]
antigu			Kapampangan-English-Pilipino wordlist p4 [unknown/low]
antiguo		adjective	Samson p51 [dictionary_explicit/high]
antik			Kapampangan-English-Pilipino wordlist p4 [unknown/low]
antike			Samson p51 [unknown/low]
antimano		conjunction	Samson p51 [dictionary_explicit/high]
antimanu			Kapampangan-English-Pilipino wordlist p4 [unknown/low]
antimo		conj	SEED-FUNC
antimurin			Samson p51 [unknown/low]
anting		V	PALI:anti’ng
anting-		N	PALI:anting-
anting-anting		noun	Samson p51 [unknown/low]
antipa		noun	Samson p51 [unknown/low]
antipalo		noun	Samson p51 [dictionary_explicit/high]
antipathetic			Samson p51 [unknown/low]
antipatiya		noun	Samson p51 [unknown/low]
antipolo		noun	Samson p51 [unknown/low]
antiseptiko		adjective	Samson p51 [unknown/low]
antisipo		noun	Samson p51 [unknown/low]
anto		adverb	Samson p51 [unknown/low]
antolohiya		noun	Samson p51 [unknown/low]
antropolohiya		noun	Samson p51 [unknown/low]
antun			Samson p51 [dictionary_explicit/high]
anuebe			Mirikitani p899 [unknown/low]
anunsiyu			Kapampangan-English-Pilipino wordlist p4 [unknown/low]
anya		Subcombiner	PALI:anya’q
anyaya		V	PALI:anya’ya
anyeho		N	PALI:anye’ho
anyu		noun	Samson p54 [dictionary_explicit/high]
anyud		noun-verb	Samson p54 [dictionary_explicit/high]
anyus		noun	Samson p54 [dictionary_explicit/high]
aonse			Mirikitani p899 [unknown/low]
ap-pia		noun	Samson p57 [unknown/low]
apa		N	PALI:a’pa
apadala			Mirikitani p911 [unknown/low]
apag		adjective	Samson p54 [unknown/low]
apalit		N	PALI:apa’lit
apalya		N	PALI:apalyaq
apan		N	PALI:apa’n
apap		noun	Samson p55 [unknown/low]
aparador		noun	Samson p55 [dictionary_explicit/high]
aparadur			Kapampangan-English-Pilipino wordlist p4 [unknown/low]
aparatu		noun	Samson p55 [unknown/low]
aparision		noun	Samson p55 [unknown/low]
aparte			Samson p55 [unknown/low]
apas			Samson p55 [unknown/low]
apat		Nu	PALI:a’pat
apatapulu			Kapampangan-English-Pilipino wordlist p4 [unknown/low]
apda			Samson p55 [dictionary_explicit/high]
ape			Samson p55 [unknown/low]
apela		noun	Samson p55 [unknown/low]
apelidu			Mirikitani p899 [unknown/low]
apelyidu		noun	Samson p55 [unknown/low]
apendise		noun	Samson p55 [dictionary_explicit/high]
apendisitis		N	PALI:apendisi’tis
api		N	PALI:a’piq
apia			Samson p56 [unknown/low]
apiac			Samson p56 [unknown/low]
apiap			Samson p56 [unknown/low]
apis			Samson p56 [dictionary_explicit/high]
apit			Samson p56 [dictionary_explicit/high]
apitung		noun	Samson p56 [unknown/low]
apius			Samson p56 [unknown/low]
aplas		noun	Samson p56 [dictionary_explicit/high]
aplaya		N	PALI:apla’ya
aplus			Kapampangan-English-Pilipino wordlist p5 [unknown/low]
apnu			Samson p57 [unknown/low]
apon			Kapampangan-English-Pilipino wordlist p5 [unknown/low]
apqap		N	PALI:apqap
aproba			Samson p57 [dictionary_explicit/high]
aprobasion		noun	Samson p57 [unknown/low]
aprocsima		verb	Samson p57 [unknown/low]
aprovecha		noun	Samson p57 [dictionary_explicit/high]
aprumero			Mirikitani p899 [unknown/low]
apsa			Samson p57 [dictionary_explicit/high]
apsal			Samson p57 [dictionary_explicit/high]
apsang		noun	Samson p57 [unknown/low]
apse			Samson p57 [dictionary_explicit/high]
apsi			Samson p58 [unknown/low]
aptas		noun	Samson p58 [dictionary_explicit/high]
apu		N	PALI:a’pu
apulid			Kapampangan-English-Pilipino wordlist p5 [unknown/low]
apulu		Nu	PALI:apu’luq
apun		See na:pun ‘yesterday’; gatpanapun ‘afternoon’; patinga’pun ‘the whole day’. 11 A-	PALI:-a’pun
apus			Kapampangan-English-Pilipino wordlist p5 [unknown/low]
arabu			Kapampangan-English-Pilipino wordlist p5 [unknown/low]
aral		V	PALI:a’ral
aran		adjective	Samson p60 [unknown/low]
arana			Kapampangan-English-Pilipino wordlist p5 [unknown/low]
arang			Samson p60 [unknown/low]
arangkada		noun	Samson p60 [unknown/low]
arangkadahan			Samson p60 [unknown/low]
aranias		noun	Samson p60 [unknown/low]
aransel		noun	Samson p60 [unknown/low]
arap		N	PALI:ara’p
araru			Kapampangan-English-Pilipino wordlist p5 [unknown/low]
aras			Kapampangan-English-Pilipino wordlist p5 [unknown/low]
arastia		noun	Samson p60 [unknown/low]
aray			Kapampangan-English-Pilipino wordlist p5 [unknown/low]
arayat		N	PALI:ara’yat
archivista			Samson p60 [unknown/low]
archivo		noun	Samson p60 [unknown/low]
are		N	PALI:a’re
aregano			Samson p61 [unknown/low]
aregla			Samson p61 [unknown/low]
areglado			Mirikitani p900 [unknown/low]
aregladu			Samson p61 [unknown/low]
areglu			Samson p61 [unknown/low]
areka			Samson p61 [unknown/low]
arena		noun	Samson p61 [unknown/low]
arenas			Samson p61 [unknown/low]
arenda			Samson p61 [unknown/low]
aresto		noun	Samson p61 [dictionary_explicit/high]
arestu			Kapampangan-English-Pilipino wordlist p5 [unknown/low]
argabyadu		D	PALI:argabya’du
argamasa		noun	Samson p61 [unknown/low]
argolia		noun	Samson p61 [unknown/low]
argolya			Kapampangan-English-Pilipino wordlist p5 [unknown/low]
argu		verb	Samson p61 [unknown/low]
argumento		noun	Samson p61 [unknown/low]
ari		verb	Samson p61 [dictionary_explicit/high]
aria		noun	Samson p61 [unknown/low]
arihia			Samson p61 [unknown/low]
arihiya			PALI:ari’hiya
arina		N	PALI:ari’na
arinola		N	PALI:arino’la
arkangel		noun	Samson p60 [dictionary_explicit/high]
arkanghel			Samson p60 [unknown/low]
arkidiosesis		noun	Samson p61 [unknown/low]
arkila		V	PALI:arkila’
arkitecto		noun	Samson p61 [unknown/low]
arkitectura		noun	Samson p61 [unknown/low]
arko			Kapampangan-English-Pilipino wordlist p5 [unknown/low]
armas			Kapampangan-English-Pilipino wordlist p5 [unknown/low]
arnibal			Kapampangan-English-Pilipino wordlist p5 [unknown/low]
arnis		N	PALI:arni’s
aro			Kapampangan-English-Pilipino wordlist p5 [unknown/low]
arobu			Kapampangan-English-Pilipino wordlist p5 [unknown/low]
arsobispo		N	PALI:arsobi’spo
arsubispu			Kapampangan-English-Pilipino wordlist p5 [unknown/low]
artifisial		adjective	Samson p63 [unknown/low]
artiko		noun (OCR: printed as 'ft.')	Samson p63 [unknown/low]
artikulo		noun (OCR: printed as 'ft.')	Samson p63 [unknown/low]
artikulu			Kapampangan-English-Pilipino wordlist p5 [unknown/low]
artista			Kapampangan-English-Pilipino wordlist p5 [unknown/low]
artritis		noun (OCR: printed as 'ft.')	Samson p63 [dictionary_explicit/high]
aru		Excl	PALI:aru’
aruk			Kapampangan-English-Pilipino wordlist p5 [unknown/low]
arung		N	PALI:a’rung
arzobispo		noun (OCR: printed as 'ft.')	Samson p63 [unknown/low]
as-sual			Samson p69 [unknown/low]
as-suas			Samson p69 [unknown/low]
as-sue		noun	Samson p69 [unknown/low]
as-suit			Samson p69 [unknown/low]
asa		noun (OCR: printed as 'ft.')	Samson p63 [dictionary_explicit/high]
asa-		V	PALI:asa’q-
asa-asa			Kapampangan-English-Pilipino wordlist p5 [unknown/low]
asac		noun (OCR: printed as 'ft.')	Samson p63 [unknown/low]
asad		noun (OCR: printed as 'ft.')	Samson p63 [dictionary_explicit/high]
asag		N	PALI:a’sag
asahar			Samson p63 [unknown/low]
asais			Mirikitani p901 [unknown/low]
asal		noun (OCR: printed as 'ft.')	Samson p63 [unknown/low]
asan		N	PALI:asa’n
asang		N	PALI:a’sang
asap		noun	Samson p64 [dictionary_explicit/high]
asas		noun	Samson p64 [unknown/low]
asauanan			Samson p64 [unknown/low]
asawa		N	PALI:asa’wa
asbu		noun	Samson p64 [dictionary_explicit/high]
asbuc		noun	Samson p65 [unknown/low]
asbuk		N	PALI:asbu’k
asead		noun-verb	Samson p65 [dictionary_explicit/high]
aseite		noun	Samson p19 [dictionary_explicit/high]
aserado		adjective	Samson p19 [unknown/low]
asero		noun	Samson p19 [unknown/low]
aseru			Mga Salita sa Iba't Ibang Dayalekto p3 [unknown/low]
asiad			Kapampangan-English-Pilipino wordlist p5 [unknown/low]
asias			Kapampangan-English-Pilipino wordlist p5 [unknown/low]
asibar		noun	Samson p19 [dictionary_explicit/high]
asido		noun	Samson p19 [unknown/low]
asiete			Mirikitani p901 [unknown/low]
asik			Kapampangan-English-Pilipino wordlist p5 [unknown/low]
asik-		V	PALI:asik-
asin			Kapampangan-English-Pilipino wordlist p5 [unknown/low]
asinta		noun	Samson p67 [unknown/low]
asintada			Samson p67 [unknown/low]
asintado		D	PALI:asintado
asio		noun	Samson p67 [dictionary_explicit/high]
asistente			Samson p67 [unknown/low]
asisti		verb	Samson p67 [unknown/low]
aske			Samson p67 [unknown/low]
askomu			Kapampangan-English-Pilipino wordlist p5 [unknown/low]
aslac			Samson p67 [unknown/low]
aslag		N	PALI:a’slag
aslak			Kapampangan-English-Pilipino wordlist p5 [unknown/low]
aslam		N	PALI:asla’m
aslat		D	PALI:-aslat
aslut		verb	Samson p67 [dictionary_explicit/high]
asmu		adverb	Samson p68 [unknown/low]
asna		adjective	Samson p68 [dictionary_explicit/high]
asnga		noun	Samson p68 [dictionary_explicit/high]
asngo		noun	Samson p68 [dictionary_explicit/high]
asno			Samson p68 [unknown/low]
asnuc		noun	Samson p68 [dictionary_explicit/high]
asnuk			Kapampangan-English-Pilipino wordlist p6 [unknown/low]
asogi			Kapampangan-English-Pilipino wordlist p6 [unknown/low]
asopas			Samson p68 [unknown/low]
asosiasion		noun	Samson p68 [unknown/low]
aspa			Samson p68 [dictionary_explicit/high]
aspac			Samson p68 [dictionary_explicit/high]
aspak			Kapampangan-English-Pilipino wordlist p6 [unknown/low]
aspalto			Kapampangan-English-Pilipino wordlist p6 [unknown/low]
asparago		noun	Samson p68 [unknown/low]
aspat		noun-verb	Samson p68 [dictionary_explicit/high]
aspe			Samson p69 [unknown/low]
aspi			Samson p69 [dictionary_explicit/high]
aspicsia		noun (OCR: printed as 'ft.')	Samson p69 [unknown/low]
aspili		noun	Samson p69 [unknown/low]
aspirante		noun	Samson p69 [unknown/low]
aspirina		noun	Samson p69 [unknown/low]
asta		noun (OCR: printed as 'ft.')	Samson p69 [unknown/low]
astaka		N	PALI:asta’ka
asterisko		noun (OCR: printed as 'ft.')	Samson p69 [unknown/low]
astrologo		noun (OCR: printed as 'ft.')	Samson p69 [unknown/low]
astrolohiya		noun	Samson p70 [unknown/low]
astronomiya		noun	Samson p70 [unknown/low]
astronomo		noun	Samson p70 [unknown/low]
asu		N	PALI:a’su
asuang		noun	Samson p70 [unknown/low]
asuas			Samson p70 [unknown/low]
asuc		noun	Samson p70 [unknown/low]
asuete			Kapampangan-English-Pilipino wordlist p6 [unknown/low]
asug			Samson p70 [unknown/low]
asugi			Samson p70 [unknown/low]
asuk		N	PALI:asu’k
asukal		noun	Samson p70 [dictionary_explicit/high]
asul		N	PALI:asu’l
asung		N	PALI:a’sung
asunsion		noun	Samson p70 [unknown/low]
asuntu		noun	Samson p70 [unknown/low]
asus		verb	Samson p70 [dictionary_explicit/high]
aswal			Kapampangan-English-Pilipino wordlist p6 [unknown/low]
aswang		N	PALI:aswa’ng
aswe		N	PALI:aswe’
asyag		N	PALI:asyag
asyas		N	PALI:asya’s
at		Cocombiner	PALI:at
at-tia		noun	Samson p74 [AI_proposed/medium]
at-tua			Samson p74 [AI_proposed/medium]
at-tuas		noun-verb	Samson p74 [AI_proposed/medium]
ata		part	SEED-FUNC
atab		N	PALI:ata’b
atac		noun	Samson p71 [unknown/low]
atad		V	PALI:ata’d
atake		N	PALI:ata’ke
ataki			Kapampangan-English-Pilipino wordlist p6 [unknown/low]
atakman			Mirikitani p960 [unknown/low]
atap			Kapampangan-English-Pilipino wordlist p6 [unknown/low]
atas			Kapampangan-English-Pilipino wordlist p6 [unknown/low]
atbu		N	PALI:atbu’
atca		V	PALI:atca’q
atcaka			PALI:atcaka’
atcan		N	PALI:a’tcan
atcara		N	PALI:atca’ra
atcha			Mirikitani p901 [unknown/low]
atchi			Mirikitani p901 [unknown/low]
atcing		N	PALI:atci’ng
atcu			PALI:atcu’
atdan			Samson p71 [dictionary_explicit/high]
atdas			Kapampangan-English-Pilipino wordlist p6 [unknown/low]
atdu		N	PALI:atdu’q
ate		N	PALI:a’te
ateismo		noun	Samson p73 [unknown/low]
ateista		noun	Samson p73 [dictionary_explicit/high]
atensiun		noun	Samson p73 [unknown/low]
ati		noun	Samson p73 [dictionary_explicit/high]
atiab			Samson p73 [dictionary_explicit/high]
atias			Samson p73 [unknown/low]
atic			Samson p73 [unknown/low]
atik		N	PALI:ati’k
atilu			Mirikitani p902 [unknown/low]
atim			Kapampangan-English-Pilipino wordlist p6 [unknown/low]
atin		exist	SEED-FUNC
ating		exist	SEED-FUNC
atis		noun	Samson p73 [dictionary_explicit/high]
atiu		exist	SEED-FUNC
atlantiko		noun	Samson p73 [unknown/low]
atleta		noun	Samson p73 [unknown/low]
atletika			Samson p73 [unknown/low]
atling		noun	Samson p73 [unknown/low]
atlu		Nu	PALI:atlu’
atlungpulu			Kapampangan-English-Pilipino wordlist p6 [unknown/low]
atmosfera		noun	Samson p73 [unknown/low]
atnga			Samson p74 [dictionary_explicit/high]
atni		D	PALI:-atni’
atomiko		adjective	Samson p74 [unknown/low]
atomo		noun	Samson p74 [unknown/low]
atracsion		noun	Samson p74 [unknown/low]
atractivo		adjective	Samson p74 [unknown/low]
atras		V	PALI:atra’s
atrasu		N	PALI:atra’su
atrenta			Mirikitani p902 [unknown/low]
atrese			Mirikitani p902 [unknown/low]
atril		noun	Samson p74 [unknown/low]
atsaka		conjunction	Samson p74 [unknown/low]
atsara		noun	Samson p74 [dictionary_explicit/high]
atsi		N	PALI:a’tsi
atsing		noun	Samson p74 [dictionary_explicit/high]
atsit		noun	Samson p74 [unknown/low]
atsuiti			Samson p74 [dictionary_explicit/high]
atu		noun	Samson p74 [unknown/low]
atuc		verb	Samson p74 [unknown/low]
atul		N	PALI:a:tul
atuli		noun	Samson p76 [unknown/low]
atupag		noun	Samson p76 [unknown/low]
atut		N	PALI:a’tut
atyan			Kapampangan-English-Pilipino wordlist p6 [unknown/low]
atyat			Kapampangan-English-Pilipino wordlist p6 [unknown/low]
atyu			Kapampangan-English-Pilipino wordlist p6 [unknown/low]
au		noun (OCR: printed as 'ft.')	Samson p76 [unknown/low]
aua		noun-verb	Samson p76 [dictionary_explicit/high]
auac		noun (OCR: printed as 'ft.')	Samson p76 [dictionary_explicit/high]
aual			Samson p76 [unknown/low]
auang		noun (OCR: printed as 'ft.')	Samson p76 [unknown/low]
auat			Samson p76 [unknown/low]
auditivo		noun (OCR: printed as 'ft.')	Samson p76 [unknown/low]
auig		adjective	Samson p76 [unknown/low]
auit		noun	Samson p77 [dictionary_explicit/high]
aul-		V	PALI:au’l-
aum		noun	Samson p77 [unknown/low]
aunus		N	PALI:aunus
auoy		noun	Samson p77 [unknown/low]
aus		V	PALI:a’us
autobiografiya		noun	Samson p77 [unknown/low]
automatiko		adjective	Samson p77 [unknown/low]
automobil			Samson p77 [unknown/low]
autor		noun	Samson p77 [unknown/low]
autoridad			Samson p77 [dictionary_explicit/high]
avenida		noun	Samson p77 [unknown/low]
avernung			Samson p77 [unknown/low]
aviado		adjective	Samson p77 [unknown/low]
aviador		noun	Samson p77 [unknown/low]
avisa			Samson p77 [unknown/low]
avisado		adjective	Samson p77 [unknown/low]
aviso		noun	Samson p77 [unknown/low]
avokado		noun	Samson p77 [unknown/low]
awa			Samson p77 [unknown/low]
awad			Kapampangan-English-Pilipino wordlist p6 [unknown/low]
awak		N	PALI:a’wak
awakan		N	PALI:awa’kan
awang		N	PALI:a’wang
awat			Kapampangan-English-Pilipino wordlist p6 [unknown/low]
awe		N	PALI:a’we
awig			Kapampangan-English-Pilipino wordlist p6 [unknown/low]
awig-awig		D	PALI:awi’g-awi’g
awla			Kapampangan-English-Pilipino wordlist p6 [unknown/low]
awni		Subs	PALI:awni’
awta		Subs	PALI:awta
ay			Samson p77 [dictionary_explicit/high]
aya			Samson p77 [dictionary_explicit/high]
ayasawa			Mirikitani p901 [unknown/low]
ayayi		noun	Samson p78 [unknown/low]
ayli		noun	Samson p78 [unknown/low]
ayna			Mirikitani p903 [unknown/low]
ayo			Samson p78 [dictionary_explicit/high]
ayos			Mirikitani p903 [unknown/low]
ayri		N	PALI:a’yri
ayubu		adjective	Samson p78 [dictionary_explicit/high]
ayuda		noun	Samson p78 [unknown/low]
ayudante		noun	Samson p78 [unknown/low]
ayul		adjective	Samson p78 [dictionary_explicit/high]
ayuma			Samson p78 [dictionary_explicit/high]
ayun		V	PALI:a’yun
ayungin		noun	Samson p78 [unknown/low]
ayuno		noun	Samson p79 [unknown/low]
ayuntamiento		noun	Samson p79 [unknown/low]
ayunu			Kapampangan-English-Pilipino wordlist p6 [unknown/low]
ayup		N	PALI:a’yup
ayup-ayupan		noun	Samson p79 [unknown/low]
ayus		adjective	Samson p79 [unknown/low]
ayut		noun	Samson p79 [dictionary_explicit/high]
aywe		N	PALI:a’ywe
azahar		noun	Samson p79 [unknown/low]
azalea		noun	Samson p79 [unknown/low]
azotea		noun	Samson p79 [unknown/low]
azufre			Samson p79 [unknown/low]
azusena		noun	Samson p79 [unknown/low]
b			Mirikitani p910 [unknown/low]
ba		Subcombiner	PALI:ba
baba		N	PALI:ba’baq
babad		adjective	Samson p80 [dictionary_explicit/high]
babagwa		N	PALI:ba:bagwa’q
babai		N	PALI:baba’i
babat			Kapampangan-English-Pilipino wordlist p7 [unknown/low]
babay			Mirikitani p903 [unknown/low]
babi		N	PALI:ba’biq
babi-babi		noun	Samson p81 [AI_proposed/medium]
bablas		V	PALI:-bablas
babo		N., Prep	PALI:ba’bo
babu		V	PALI:ba’buq
bac		noun	Samson p81 [unknown/low]
bacbac		adjective	Samson p81 [dictionary_explicit/high]
bachoy		noun	Samson p82 [dictionary_explicit/high]
backue		noun-verb	Samson p82 [unknown/low]
baclad		noun	Samson p82 [dictionary_explicit/high]
bade		adjective	Samson p82 [dictionary_explicit/high]
bag-gia		adverb	Samson p84 [unknown/low]
bag-giu		noun	Samson p84 [unknown/low]
bag-gius		noun	Samson p84 [unknown/low]
bag-gua		noun-verb	Samson p84 [unknown/low]
baga		N	PALI:baga’q
bagal			Kapampangan-English-Pilipino wordlist p7 [unknown/low]
bagang		N	PALI:ba’gang
bagasu		N	PALI:baga’su
bage		D	PALI:ba’ge
bagebage			Samson p84 [dictionary_explicit/high]
bagi		noun	Samson p84 [dictionary_explicit/high]
bagin		N	PALI:ba’gin
baging		noun	Samson p84 [unknown/low]
bagkat			Kapampangan-English-Pilipino wordlist p7 [unknown/low]
bagkus		adverb	Samson p84 [dictionary_explicit/high]
baglus			Samson p84 [unknown/low]
bagok			Mirikitani p903 [unknown/low]
bagse		noun	Samson p84 [dictionary_explicit/high]
bagsic			Samson p85 [unknown/low]
bagsik		D	PALI:-bagsi’k
bagting		noun	Samson p85 [unknown/low]
bagu		adverb	Samson p85 [unknown/low]
bagua		noun	Samson p85 [unknown/low]
baguc-bagukan		noun	Samson p85 [unknown/low]
baguk		N	PALI:bagu’k
bagul			Samson p85 [dictionary_explicit/high]
bagun		N	PALI:bagu’n
bagut		N	PALI:bagu’t
bagya		Q	PALI:ba:gyaq
bagya-bagya			Kapampangan-English-Pilipino wordlist p7 [unknown/low]
bagyu		N	PALI:ba’gyu
bagyus		N	PALI:bagyu’s
bahag		noun	Samson p85 [unknown/low]
bahala			Samson p85 [unknown/low]
baho		noun	Samson p85 [dictionary_explicit/high]
bahun		noun	Samson p85 [unknown/low]
bai			Samson p85 [unknown/low]
baiki		noun	Samson p85 [unknown/low]
baimbinan		noun	Samson p85 [unknown/low]
bain-tau		N	PALI:bain-ta’u
baineta			Samson p85 [unknown/low]
baintau			Kapampangan-English-Pilipino wordlist p7 [unknown/low]
bait		St./D	PALI:bai’t
baka			Kapampangan-English-Pilipino wordlist p7 [unknown/low]
bakabaka		noun	Samson p81 [unknown/low]
bakal		N	PALI:ba’kal
bakalo			Samson p81 [unknown/low]
bakam		noun	Samson p81 [dictionary_explicit/high]
bakanti			Kapampangan-English-Pilipino wordlist p7 [unknown/low]
bakas		N	PALI:baka’s
bakasbakas			Samson p81 [unknown/low]
bakasyun			Kapampangan-English-Pilipino wordlist p7 [unknown/low]
bakat			Kapampangan-English-Pilipino wordlist p7 [unknown/low]
bakawan			Kapampangan-English-Pilipino wordlist p7 [unknown/low]
bakay		noun	Samson p81 [unknown/low]
bakbak		N	PALI:bakba’k
bake			Samson p85 [unknown/low]
bakia			Samson p85 [unknown/low]
bakikung		noun	Samson p86 [unknown/low]
bakis		noun	Samson p86 [unknown/low]
bakit		Q	PALI:ba’kit
bakla			Kapampangan-English-Pilipino wordlist p7 [unknown/low]
baklad		N	PALI:ba’klad
baklas			Kapampangan-English-Pilipino wordlist p7 [unknown/low]
bakle		N	PALI:bakle’
baknal			Kapampangan-English-Pilipino wordlist p7 [unknown/low]
bako		N	PALI:ba’ko
bakse		N	PALI:bakse’
bakud		N	PALI:ba’kud
bakulau			Kapampangan-English-Pilipino wordlist p7 [unknown/low]
bakulud		N	PALI:baku’lud
bakung			Kapampangan-English-Pilipino wordlist p7 [unknown/low]
bakwe		V	PALI:-bakwe’
bakwit		V	PALI:-bakwit
bakya			Kapampangan-English-Pilipino wordlist p7 [unknown/low]
bakyum		N	PALI:ba’kyum
bal		verb	Samson p86 [unknown/low]
bal-lyan			Samson p97 [dictionary_explicit/high]
bala		N	PALI:ba:laq
bala-			PALI:bala’-
balaba		V	PALI:bala’baq
balabag		noun	Samson p86 [dictionary_explicit/high]
balabal		noun	Samson p86 [dictionary_explicit/high]
balabat		noun	Samson p86 [unknown/low]
balac			Samson p86 [dictionary_explicit/high]
balaclaut		noun	Samson p87 [unknown/low]
balacse		transitive verb	Samson p87 [dictionary_explicit/high]
balad		adjective	Samson p87 [unknown/low]
baladbad		noun	Samson p87 [unknown/low]
balag		N	PALI:ba’lag
balaga		noun	Samson p87 [unknown/low]
balagamas		noun	Samson p89 [unknown/low]
balagbag		noun	Samson p87 [dictionary_explicit/high]
balai		N	PALI:bala’i
balaing			Samson p87 [dictionary_explicit/high]
balak			Kapampangan-English-Pilipino wordlist p7 [unknown/low]
balakang		N	PALI:balaka’ng
balakid			Samson p87 [dictionary_explicit/high]
balakwit			Kapampangan-English-Pilipino wordlist p7 [unknown/low]
balalo		noun	Samson p87 [unknown/low]
balam		noun	Samson p88 [unknown/low]
balamu			Kapampangan-English-Pilipino wordlist p8 [unknown/low]
balanac		noun	Samson p88 [unknown/low]
balanak			Kapampangan-English-Pilipino wordlist p8 [unknown/low]
balandang		noun-verb	Samson p88 [unknown/low]
balandra			Kapampangan-English-Pilipino wordlist p8 [unknown/low]
balang		Q	PALI:ba’lang
balanga		N	PALI:balanga’q
balangbang		noun	Samson p88 [dictionary_explicit/high]
balangdaya		verb	Samson p88 [unknown/low]
balanggut		N	PALI:balanggu’t
balangi		noun-verb	Samson p89 [dictionary_explicit/high]
balangingi		noun	Samson p89 [dictionary_explicit/high]
balangkad		adjective	Samson p88 [dictionary_explicit/high]
balangkas		N	PALI:balangka’s
balangkat		noun	Samson p88 [dictionary_explicit/high]
balangte		transitive verb	Samson p89 [dictionary_explicit/high]
balangto			Samson p89 [unknown/low]
balangubang		noun	Samson p89 [unknown/low]
balani			Kapampangan-English-Pilipino wordlist p8 [unknown/low]
balankari		noun	Samson p88 [unknown/low]
balanse		noun	Samson p88 [unknown/low]
balantakan		noun	Samson p89 [unknown/low]
balantan		noun	Samson p89 [unknown/low]
balantic		noun	Samson p89 [dictionary_explicit/high]
balantuc			Samson p89 [unknown/low]
balap		interjection	Samson p89 [unknown/low]
balaro			Samson p89 [unknown/low]
balas		N	PALI:ba’las
balasa		noun	Samson p89 [unknown/low]
balasador		noun	Samson p89 [unknown/low]
balasbas		verb	Samson p89 [dictionary_explicit/high]
balasenas		N	PALI:balase’nas
balasik			Kapampangan-English-Pilipino wordlist p8 [unknown/low]
balasing			Kapampangan-English-Pilipino wordlist p8 [unknown/low]
balasini		noun	Samson p89 [unknown/low]
balasubas		N	PALI:balasu’bas
balasusan		adjective	Samson p90 [dictionary_explicit/high]
balat		N	PALI:ba’lat
balata			Samson p90 [dictionary_explicit/high]
balatbat			Samson p90 [dictionary_explicit/high]
balate		noun	Samson p90 [dictionary_explicit/high]
balatong		N	PALI:bala’tong
balatu		N	PALI:bala’tuq
balatung		noun	Samson p90 [unknown/low]
balaue		noun	Samson p90 [unknown/low]
balauis		noun	Samson p90 [dictionary_explicit/high]
balaum		noun	Samson p91 [dictionary_explicit/high]
balaus			Samson p91 [dictionary_explicit/high]
balawe		N	PALI:bala’we
balayan			Mga Salita sa Iba't Ibang Dayalekto p8 [unknown/low]
balayi		noun	Samson p91 [dictionary_explicit/high]
balbakua		noun	Samson p91 [unknown/low]
balbal		N	PALI:balba’l
balbaru		N	PALI:balba’ru
balbas		N	PALI:ba’lbas
balbon		adjective	Samson p92 [unknown/low]
baldadu		D	PALI:balda’du
baldi			Kapampangan-English-Pilipino wordlist p8 [unknown/low]
baldug		V	PALI:ba’ldug
baldugan		N	PALI:baldugan
bale		N	PALI:bale’
bale-balayan			Kapampangan-English-Pilipino wordlist p8 [unknown/low]
baleas			Samson p92 [dictionary_explicit/high]
balebalayan		noun	Samson p92 [unknown/low]
balebe		noun	Samson p92 [dictionary_explicit/high]
balen		N	PALI:bale’n
balentino		N	PALI:balenti’no
bali		N	PALI:bali’q
balibad			Samson p93 [dictionary_explicit/high]
balibago		noun	Samson p93 [unknown/low]
balibid		noun	Samson p93 [unknown/low]
balibul		noun	Samson p93 [dictionary_explicit/high]
balic		noun-verb	Samson p93 [dictionary_explicit/high]
balic-kuas			Samson p94 [unknown/low]
balic-kuit		adjective	Samson p94 [dictionary_explicit/high]
balid		D	PALI:bali’d
balid-dia			Samson p95 [unknown/low]
baliena			Samson p95 [unknown/low]
balierina			Samson p95 [dictionary_explicit/high]
baliesta		noun	Samson p95 [unknown/low]
baliestado			Samson p95 [unknown/low]
balieudeud		adjective	Samson p94 [dictionary_explicit/high]
baligo			Samson p95 [dictionary_explicit/high]
baligtad		D./St	PALI:bali’gtad
balik			Kapampangan-English-Pilipino wordlist p8 [unknown/low]
balikaskas		noun	Samson p94 [dictionary_explicit/high]
balikat		noun	Samson p94 [dictionary_explicit/high]
balikbayan		noun	Samson p95 [unknown/low]
balikid			Samson p95 [dictionary_explicit/high]
balikuas			Kapampangan-English-Pilipino wordlist p8 [unknown/low]
balikubac			Samson p95 [dictionary_explicit/high]
balikubak		N	PALI:baliku’bak
balikuitan			Samson p94 [unknown/low]
balikuku		D	PALI:baliku’ku
balikungkung			Samson p95 [dictionary_explicit/high]
balikutsa		noun	Samson p95 [dictionary_explicit/high]
balila		noun	Samson p95 [unknown/low]
balimbing		N	PALI:balimbi’ng
balimbingan		N	PALI:balimbingan
balinas		verb	Samson p95 [unknown/low]
baling		D	PALI:-bali’ng
baling-gi		noun-verb	Samson p96 [unknown/low]
baling-git			Samson p96 [unknown/low]
balingge		noun	Samson p96 [unknown/low]
balingit			Kapampangan-English-Pilipino wordlist p8 [unknown/low]
balingkinitan		adjective	Samson p96 [dictionary_explicit/high]
balingling			Samson p96 [dictionary_explicit/high]
balintatauo		noun	Samson p96 [unknown/low]
balintuad		transitive verb	Samson p96 [dictionary_explicit/high]
balira			Samson p96 [unknown/low]
balis-suag			Samson p96 [unknown/low]
balisa		D	PALI:bali’sa
balisasa		noun	Samson p96 [dictionary_explicit/high]
balisaso		noun	Samson p96 [dictionary_explicit/high]
balisbis		noun	Samson p96 [unknown/low]
balisung		noun	Samson p97 [unknown/low]
balisungsung		noun	Samson p97 [unknown/low]
balisusu		noun	Samson p97 [unknown/low]
balit-tio		transitive verb	Samson p97 [dictionary_explicit/high]
balita		N	PALI:bali’taq
balitang		N	PALI:bali’tang
baliti		N	PALI:bali’tiq
balitkayu		noun	Samson p97 [unknown/low]
balituc		noun	Samson p97 [unknown/low]
baliuas		noun	Samson p97 [unknown/low]
baliuit			Samson p97 [unknown/low]
balobalo		N	PALI:baloba’lo
baloc		noun	Samson p98 [unknown/low]
balok		N	PALI:ba’lok
balona		N	PALI:balo’na
balota		noun	Samson p98 [unknown/low]
balsa		noun	Samson p98 [unknown/low]
balsamado			Samson p98 [unknown/low]
balsamo		noun	Samson p98 [unknown/low]
balsamu		N	PALI:balsa’mu
baltang		V	PALI:balta’ng
baltic		noun	Samson p98 [unknown/low]
balu			Samson p98 [unknown/low]
baluarte		noun	Samson p99 [unknown/low]
baluat		noun	Samson p99 [dictionary_explicit/high]
balubad		N	PALI:balu’bad
baluga		N	PALI:balu’gaq
balugbug		N	PALI:balugbu’g
balugse			Kapampangan-English-Pilipino wordlist p8 [unknown/low]
baluk			Kapampangan-English-Pilipino wordlist p8 [unknown/low]
balukeke			Samson p100 [unknown/low]
baluktut		D	PALI:balu’ktut
balumbalunan		N	PALI:balumbalu’nan
balungbung		noun	Samson p100 [unknown/low]
balungkit		noun	Samson p100 [dictionary_explicit/high]
balungus		N	PALI:-balungus
balus			Samson p100 [dictionary_explicit/high]
balusbus		V	PALI:balusbu’s
balut		V	PALI:ba’lut
baluti		noun	Samson p100 [unknown/low]
balyarina			Kapampangan-English-Pilipino wordlist p11 [unknown/low]
balyena			Kapampangan-English-Pilipino wordlist p9 [unknown/low]
bamban			Samson p100 [unknown/low]
bambang			Kapampangan-English-Pilipino wordlist p9 [unknown/low]
ban		conj	SEED-FUNC
ban-nua			Samson p104 [unknown/low]
bana		noun	Samson p100 [unknown/low]
banaba		noun	Samson p100 [dictionary_explicit/high]
banahaw		N	PALI:bana’haw
banakal		noun	Samson p100 [unknown/low]
banal		D	PALI:bana’l
banas		adjective	Samson p101 [dictionary_explicit/high]
banayad		D	PALI:bana’yad
banda		N	PALI:ba’nda
bandal		transitive verb	Samson p101 [dictionary_explicit/high]
bandala		N	PALI:banda’laq
bandana		noun	Samson p101 [dictionary_explicit/high]
bande		adjective	Samson p101 [dictionary_explicit/high]
bandeado			Mirikitani p905 [unknown/low]
bandeha		noun	Samson p101 [dictionary_explicit/high]
bandera		noun	Samson p102 [dictionary_explicit/high]
bandi		N	PALI:bandi
bandidu		noun	Samson p102 [unknown/low]
bandolero		noun	Samson p102 [unknown/low]
bandu		noun	Samson p102 [dictionary_explicit/high]
banduria		noun	Samson p102 [unknown/low]
banduriya		N	PALI:bandu’riya
bandurya			Kapampangan-English-Pilipino wordlist p9 [unknown/low]
bang		conj	SEED-FUNC
banga		N	PALI:ba’ngaq
bangal		V	PALI:bangal
bangbang		noun	Samson p102 [unknown/low]
bangfi		verb	Samson p103 [unknown/low]
bangga			Samson p103 [dictionary_explicit/high]
banggera		N	PALI:bangge’ra
bangi		N	PALI:bangi’q
bangis			Kapampangan-English-Pilipino wordlist p9 [unknown/low]
bangit		adjective	Samson p107 [unknown/low]
bangka		noun	Samson p102 [unknown/low]
bangkac		adjective	Samson p102 [unknown/low]
bangkal			Kapampangan-English-Pilipino wordlist p9 [unknown/low]
bangkala		noun	Samson p102 [unknown/low]
bangkasu		N	PALI:bangka’su
bangkat		noun	Samson p102 [dictionary_explicit/high]
bangke		N	PALI:bangke’
bangkeru		noun	Samson p103 [unknown/low]
bangketa		noun	Samson p103 [unknown/low]
bangkete			Kapampangan-English-Pilipino wordlist p9 [unknown/low]
bangketi			Samson p103 [dictionary_explicit/high]
bangkitu		noun	Samson p103 [unknown/low]
bangko		N	PALI:ba’ngko
bangku		N	PALI:ba’ngkuq
bangkuang		noun	Samson p102 [unknown/low]
bangkud		N	PALI:bangku’d
bangkulala		noun	Samson p102 [unknown/low]
bangkulung		noun	Samson p102 [unknown/low]
bangkuro		noun	Samson p103 [unknown/low]
bangle		verb	Samson p103 [unknown/low]
bangli			Kapampangan-English-Pilipino wordlist p9 [unknown/low]
banglon			Samson p103 [unknown/low]
banglu		D	PALI:-banglu’
bangnas		D	PALI:bangna’s
bango		noun	Samson p107 [dictionary_explicit/high]
bangsali		adjective	Samson p103 [dictionary_explicit/high]
bangte			Samson p103 [dictionary_explicit/high]
bangtut		noun	Samson p103 [dictionary_explicit/high]
bangun			Samson p107 [dictionary_explicit/high]
bangungut		St./D	PALI:-bangungut
bangus		N	PALI:bangu’s
bangyaga		adjective	Samson p107 [unknown/low]
banhay			Samson p103 [unknown/low]
banias		noun	Samson p104 [unknown/low]
baninuyu		noun	Samson p104 [unknown/low]
banio		noun	Samson p104 [dictionary_explicit/high]
banis		noun	Samson p104 [unknown/low]
banius			Samson p104 [unknown/low]
banka			Kapampangan-English-Pilipino wordlist p9 [unknown/low]
banka-banka		noun	Samson p101 [unknown/low]
bankal		noun	Samson p101 [dictionary_explicit/high]
banko		noun	Samson p101 [dictionary_explicit/high]
banlag			Kapampangan-English-Pilipino wordlist p9 [unknown/low]
banlat		noun	Samson p104 [dictionary_explicit/high]
banli			Samson p104 [dictionary_explicit/high]
banlic		noun	Samson p104 [unknown/low]
banlik		N	PALI:ba’nlik
banos		noun	Samson p104 [dictionary_explicit/high]
bansa		noun	Samson p104 [unknown/low]
bansag		N	PALI:ba’nsag
bansagbansagan			Samson p105 [unknown/low]
bansana		adjective	Samson p105 [unknown/low]
banso		adjective	Samson p105 [dictionary_explicit/high]
bantad			Kapampangan-English-Pilipino wordlist p9 [unknown/low]
bantag			Samson p105 [unknown/low]
bantal		verb	Samson p105 [unknown/low]
bantala			Samson p105 [unknown/low]
bante		V	PALI:bante’
bantikul		noun	Samson p105 [unknown/low]
bantil		noun	Samson p105 [dictionary_explicit/high]
bantilo		adjective	Samson p105 [dictionary_explicit/high]
banting		N	PALI:banti’ng
bantu			Samson p105 [dictionary_explicit/high]
bantu-		V	PALI:bantu-
bantut		D	PALI:-bantu’t
banua			Kapampangan-English-Pilipino wordlist p9 [unknown/low]
banus		N	PALI:ba’nus
banwa		N	PALI:ba’nwa
banyera			Kapampangan-English-Pilipino wordlist p9 [unknown/low]
banyu		N	PALI:ba’nyu
bapa		N	PALI:ba’pa
bapor		noun	Samson p107 [dictionary_explicit/high]
bapu		interjection	Samson p107 [unknown/low]
bara		N	PALI:bara’
barada			Samson p107 [dictionary_explicit/high]
baradu		D	PALI:bara’du
barag		N	PALI:bara’g
barageta			Samson p107 [unknown/low]
baraha			Samson p107 [unknown/low]
barakiliu			Kapampangan-English-Pilipino wordlist p10 [unknown/low]
baraku		N	PALI:bara’ku
barandilias		noun	Samson p107 [unknown/low]
barandilyas		N	PALI:barandi’lyas
barangay			Kapampangan-English-Pilipino wordlist p10 [unknown/low]
baranggay			Samson p107 [unknown/low]
baras		noun	Samson p108 [unknown/low]
barasu		N	PALI:bara’su
baratilio		noun	Samson p108 [unknown/low]
barbero		N	PALI:barbe’ro
barberu			Kapampangan-English-Pilipino wordlist p10 [unknown/low]
barega			Samson p108 [unknown/low]
barena		N	PALI:bare’na
bareta		N	PALI:bare’ta
bariku		N	PALI:bari’ku
baril		N	PALI:bari’l
barkada		N	PALI:barka’da
barko		noun	Samson p108 [unknown/low]
barku			Kapampangan-English-Pilipino wordlist p10 [unknown/low]
baroki		N	PALI:baro’ki
barongga			Kapampangan-English-Pilipino wordlist p10 [unknown/low]
barongga-		V	PALI:baro’ngga-
barrio			Mirikitani p905 [unknown/low]
baru		N	PALI:ba’ruq
barug		V	PALI:baru’g
barumbadu		adjective	Samson p109 [unknown/low]
barung-barung			Kapampangan-English-Pilipino wordlist p10 [unknown/low]
barus		adjective	Samson p109 [unknown/low]
baruya		V	PALI:baru’yaq
barya			Kapampangan-English-Pilipino wordlist p10 [unknown/low]
baryu		N	PALI:ba’ryu
basa			Samson p109 [dictionary_explicit/high]
basac		intransitive verb	Samson p110 [dictionary_explicit/high]
basacbasac			Samson p110 [unknown/low]
basag			Samson p110 [unknown/low]
basagulu		noun	Samson p110 [dictionary_explicit/high]
basal			Samson p110 [dictionary_explicit/high]
base		noun	Samson p110 [dictionary_explicit/high]
basebaly			Mirikitani p906 [unknown/low]
basi		N	PALI:ba’siq
basia			Samson p82 [unknown/low]
baskal		noun	Samson p110 [dictionary_explicit/high]
baski			Mirikitani p906 [unknown/low]
baso			Mirikitani p906 [unknown/low]
basta		conjunction	Samson p110 [unknown/low]
bastag		N	PALI:basta’g
bastante		adverb	Samson p111 [unknown/low]
bastardo		N	PALI:basta’rdo
bastardu			Kapampangan-English-Pilipino wordlist p10 [unknown/low]
bastidor		noun	Samson p111 [unknown/low]
bastimiento		noun	Samson p111 [unknown/low]
bastion			Samson p110 [dictionary_explicit/high]
bastun		N	PALI:bastu’n
bastus		adjective	Samson p111 [dictionary_explicit/high]
basu		N	PALI:ba’su
basul		noun	Samson p111 [dictionary_explicit/high]
basulto		N	PALI:basu’lto
basultu		noun	Samson p111 [unknown/low]
basura		N	PALI:basu’ra
basyu			Kapampangan-English-Pilipino wordlist p10 [unknown/low]
bat			PALI:bat
bata		V	PALI:-bata’
batabat		noun	Samson p112 [dictionary_explicit/high]
batac			Samson p112 [dictionary_explicit/high]
batag		noun	Samson p112 [unknown/low]
batak			Kapampangan-English-Pilipino wordlist p10 [unknown/low]
batakan		D	PALI:bataka’n
batal		N	PALI:ba’tal
batala		noun	Samson p112 [unknown/low]
batale		noun	Samson p112 [unknown/low]
batanglaua		noun	Samson p112 [unknown/low]
bataris			Samson p112 [unknown/low]
batas		noun	Samson p112 [dictionary_explicit/high]
batbat		noun	Samson p113 [unknown/low]
bate			Kapampangan-English-Pilipino wordlist p10 [unknown/low]
bateriya		N	PALI:bateri’ya
batiauan		noun	Samson p114 [unknown/low]
batiawan			Kapampangan-English-Pilipino wordlist p10 [unknown/low]
batibu		D	PALI:bati’bu
batibut			Kapampangan-English-Pilipino wordlist p10 [unknown/low]
batidu		adjective	Samson p114 [unknown/low]
batik		N	PALI:bati’k
batikuling		noun	Samson p114 [unknown/low]
bating		D	PALI:-bating
batio		transitive verb	Samson p114 [unknown/low]
batio-bation			Samson p114 [dictionary_explicit/high]
batirul			Samson p114 [unknown/low]
batirya			Kapampangan-English-Pilipino wordlist p10 [unknown/low]
batis		noun (OCR: printed as 'ft.')	Samson p114 [unknown/low]
bato			Samson p114 [unknown/low]
batu		N	PALI:batu’
batubalani		noun (OCR: printed as 'ft.')	Samson p114 [unknown/low]
batubatu		noun (OCR: printed as 'ft.')	Samson p114 [unknown/low]
batuc		adverb	Samson p114 [dictionary_explicit/high]
batug		noun (OCR: printed as 'ft.')	Samson p114 [dictionary_explicit/high]
batuin		noun	Samson p115 [dictionary_explicit/high]
batulalangan		adjective	Samson p115 [unknown/low]
batulang		noun	Samson p115 [unknown/low]
batus		adjective	Samson p115 [unknown/low]
batuta		noun	Samson p115 [unknown/low]
batwin		N	PALI:batwi’n
batya		N	PALI:batya’q
bau		N	PALI:bau’
baua		noun	Samson p115 [dictionary_explicit/high]
bauang		noun	Samson p115 [unknown/low]
bauas			Samson p115 [dictionary_explicit/high]
baue		noun	Samson p115 [dictionary_explicit/high]
bauebaue		noun	Samson p115 [unknown/low]
baug		noun	Samson p115 [unknown/low]
baui			Samson p115 [dictionary_explicit/high]
baul		N	PALI:bau’l
bauo		noun	Samson p116 [dictionary_explicit/high]
baut		transitive verb	Samson p116 [dictionary_explicit/high]
bawal		St./D	PALI:ba’wal
bawang		N	PALI:ba’wang
bawas		N	PALI:ba’was
bawi		D	PALI:bawi’q
baya		N	PALI:ba’ya
bayabas		N	PALI:baya’bas
bayad		N	PALI:ba’yad
bayag		N	PALI:ba’yag
bayang		noun	Samson p117 [unknown/low]
bayani		noun	Samson p117 [unknown/low]
bayansel		V	PALI:-bayansel
bayat		N	PALI:ba’yat
bayawak			Kapampangan-English-Pilipino wordlist p11 [unknown/low]
bayi		noun	Samson p117 [dictionary_explicit/high]
baylyerina		N	PALI:baylyeri’na
baynauan		noun	Samson p117 [unknown/low]
bayo		N	PALI:bayo’
bayu		D	PALI:ba’yu
bayube			Samson p117 [dictionary_explicit/high]
bayuc			Samson p117 [dictionary_explicit/high]
bayucbuc		noun	Samson p117 [unknown/low]
bayugin		adjective	Samson p118 [unknown/low]
bayuk			Kapampangan-English-Pilipino wordlist p11 [unknown/low]
bayukiuc		adjective	Samson p117 [dictionary_explicit/high]
bayung		noun	Samson p118 [dictionary_explicit/high]
bayungyung		noun-verb	Samson p118 [unknown/low]
bayutuc			Samson p118 [unknown/low]
bayutuk		V	PALI:bayu’tuk
bebe		N	PALI:be’be
bebetu		noun	Samson p118 [unknown/low]
beha		noun	Samson p118 [unknown/low]
beinti			Kapampangan-English-Pilipino wordlist p11 [unknown/low]
beinti-nuwebi			Kapampangan-English-Pilipino wordlist p11 [unknown/low]
bekut		transitive verb	Samson p118 [dictionary_explicit/high]
belekua		noun	Samson p118 [unknown/low]
belen		N	PALI:bele’n
benat		noun	Samson p118 [dictionary_explicit/high]
bendision		noun	Samson p118 [unknown/low]
bendisyon		N	PALI:bendisyo’n
bendisyun			Kapampangan-English-Pilipino wordlist p11 [unknown/low]
bendita		adjective	Samson p118 [unknown/low]
benefisio		noun	Samson p118 [unknown/low]
benggansa		N	PALI:bengga’nsa
bengi		N	PALI:be’ngi
bente			Mirikitani p907 [unknown/low]
bente-nwebe		Nu	PALI:bente-nwe’be
bentilador		N	PALI:bentilado’r
benus		noun-verb	Samson p119 [unknown/low]
benusan		N	PALI:be:nusa’n
berde		N	PALI:be’rde
berdi			Kapampangan-English-Pilipino wordlist p11 [unknown/low]
berdugo			Kapampangan-English-Pilipino wordlist p11 [unknown/low]
besyung		N	PALI:be’syung
betobeto		N	PALI:betobe’toq
betu		noun	Samson p119 [unknown/low]
betu-betu			Kapampangan-English-Pilipino wordlist p11 [AI_proposed/medium]
betute		N	PALI:betu’te
bewang		N	PALI:be’wang
bia		noun	Samson p119 [unknown/low]
biabas			Kapampangan-English-Pilipino wordlist p11 [unknown/low]
biakus		noun	Samson p119 [unknown/low]
bias		adjective	Samson p119 [dictionary_explicit/high]
biasa			Mirikitani p907 [unknown/low]
biasbias		noun	Samson p120 [unknown/low]
bibi		N	PALI:bibi
bibili			Mirikitani p907 [unknown/low]
bibingka		N	PALI:bibi’ngka
bibiruan			Mirikitani p909 [unknown/low]
bibmgka		noun	Samson p120 [unknown/low]
bic-kual		adjective	Samson p120 [unknown/low]
bicti			Samson p121 [dictionary_explicit/high]
bida		N	PALI:bi’da
bidsu			Samson p121 [dictionary_explicit/high]
bie			Samson p121 [unknown/low]
biernes			Mirikitani p907 [unknown/low]
biga		N	PALI:bi’gaq
bigac		noun	Samson p121 [unknown/low]
bigak			Kapampangan-English-Pilipino wordlist p11 [unknown/low]
bighani		intransitive verb	Samson p121 [dictionary_explicit/high]
bigkis		noun	Samson p121 [dictionary_explicit/high]
bigla		Q	PALI:bigla’q
bihilya		N	PALI:bihi’lya
bikal		noun	Samson p120 [unknown/low]
bikan		N	PALI:bi’kan
bikang			Samson p120 [dictionary_explicit/high]
bikas-bikas			Samson p120 [unknown/low]
biko		N	PALI:bi’ko
bikol			Samson p120 [unknown/low]
bikus		noun	Samson p121 [unknown/low]
bikwal			Kapampangan-English-Pilipino wordlist p11 [unknown/low]
bilad		V	PALI:bila’d
bilang		N	PALI:bi’lang
bilas		N	PALI:bila’s
bilasa		D	PALI:-bila’saq
bili		V	PALI:bili’
bilis		D	PALI:-bili’s
bilog			Mirikitani p909 [unknown/low]
bilug		D	PALI:bi’lug
bilyaku		N	PALI:bilya’kuq
bina			Kapampangan-English-Pilipino wordlist p11 [unknown/low]
binambang		N	PALI:binamba’ng
binglad		N	PALI:bi’nglad
bingo			Kapampangan-English-Pilipino wordlist p11 [unknown/low]
bingut		N	PALI:bi’ngut
bini		noun	Samson p124 [unknown/low]
binit			Samson p124 [dictionary_explicit/high]
binlit			Samson p124 [dictionary_explicit/high]
bino		N	PALI:bi’no
bintang		noun	Samson p124 [dictionary_explicit/high]
bintf		noun	Samson p124 [unknown/low]
bintikuhul		noun	Samson p125 [unknown/low]
binting		N	PALI:binting
bintingualu		noun	Samson p125 [unknown/low]
bintul		N	PALI:bintu’l
binyag		N	PALI:bi’nyag
binyas		N	PALI:binya’s
bio		interjection	Samson p125 [unknown/low]
biobio			Samson p125 [unknown/low]
bira		adverb	Samson p125 [unknown/low]
birador		noun	Samson p125 [dictionary_explicit/high]
birang		noun	Samson p125 [dictionary_explicit/high]
biray		noun	Samson p125 [dictionary_explicit/high]
biretta			Samson p126 [unknown/low]
biri		noun	Samson p126 [unknown/low]
biria			Samson p126 [unknown/low]
biriosu		adjective	Samson p126 [unknown/low]
biriya		N	PALI:biriya
birthday			Mirikitani p909 [unknown/low]
birtud			Samson p126 [unknown/low]
biru		N	PALI:bi’ruq
biruc		noun	Samson p126 [unknown/low]
birya			Kapampangan-English-Pilipino wordlist p11 [unknown/low]
bis-suang		noun	Samson p127 [unknown/low]
bisa		V	PALI:bi’saq
bisaclat			Samson p126 [unknown/low]
bisagra		N	PALI:bisa’gra
biseru			Samson p126 [dictionary_explicit/high]
bisicleta		noun	Samson p120 [unknown/low]
bisita		N	PALI:bisi’ta
bisitas		N	PALI:bisi’tas
biskocho		noun	Samson p126 [dictionary_explicit/high]
bislac		adjective	Samson p126 [dictionary_explicit/high]
bislug			Samson p127 [dictionary_explicit/high]
bista		adverb	Samson p127 [unknown/low]
bistapor			Samson p127 [unknown/low]
bistipor			Samson p127 [unknown/low]
bistu			Kapampangan-English-Pilipino wordlist p11 [unknown/low]
bistu-		V	PALI:bistu-
bisubisu		adverb	Samson p127 [unknown/low]
bisugu		N	PALI:bisuguq
bisyu		N	PALI:bisyu
bitag		noun	Samson p127 [dictionary_explicit/high]
bitana		noun	Samson p127 [unknown/low]
bitaog		noun	Samson p127 [dictionary_explicit/high]
bitas			Samson p127 [dictionary_explicit/high]
bitasa		adverb	Samson p127 [dictionary_explicit/high]
bitauac		adjective	Samson p127 [dictionary_explicit/high]
bitaul		D	PALI:bitau’l
bitay			Samson p127 [dictionary_explicit/high]
bitbit		V	PALI:bitbit
bite			Kapampangan-English-Pilipino wordlist p12 [unknown/low]
bitic		noun (OCR: printed as 'ft.')	Samson p128 [unknown/low]
bitin		N	PALI:bi’tin
bitinan		N	PALI:biti’nan
bitis		N	PALI:biti’s
bitki		V	PALI:bitki’
bitkil		noun	Samson p128 [dictionary_explicit/high]
bitri		N	PALI:bi’tri
bitse		noun	Samson p128 [unknown/low]
bitsubitsu		noun	Samson p128 [dictionary_explicit/high]
bitsuelas			Samson p128 [dictionary_explicit/high]
bitu		noun	Samson p128 [unknown/low]
bituka		N	PALI:bitu’ka
bitungul		noun (OCR: printed as 'ft.')	Samson p128 [unknown/low]
bitunis		V	PALI:bitu’nis
biuc		noun (OCR: printed as 'ft.')	Samson p128 [unknown/low]
biung		noun (OCR: printed as 'ft.')	Samson p128 [unknown/low]
biya			Kapampangan-English-Pilipino wordlist p12 [unknown/low]
biyabas			Mirikitani p909 [unknown/low]
biyas		N	PALI:biya’s
biyasa		D	PALI:biya’sa
biye		N	PALI:biye’
biyernes			Kapampangan-English-Pilipino wordlist p12 [unknown/low]
biyuas		noun (OCR: printed as 'ft.')	Samson p128 [dictionary_explicit/high]
biyuda			Kapampangan-English-Pilipino wordlist p12 [unknown/low]
biyuk			Kapampangan-English-Pilipino wordlist p12 [unknown/low]
biyulin		N	PALI:biyuli’n
biyung			Kapampangan-English-Pilipino wordlist p12 [unknown/low]
blanku		adjective	Samson p128 [unknown/low]
blktorya			Mirikitani p907 [unknown/low]
blood			Samson p58 [dictionary_explicit/high]
blusa		noun (OCR: printed as 'ft.')	Samson p128 [dictionary_explicit/high]
bobo		noun (OCR: printed as 'ft.')	Samson p129 [unknown/low]
boboto			Samson p129 [unknown/low]
bocborocboc		adjective	Samson p129 [unknown/low]
boda		noun (OCR: printed as 'ft.')	Samson p129 [unknown/low]
bodega		noun (OCR: printed as 'ft.')	Samson p129 [unknown/low]
bodegero			Samson p129 [unknown/low]
bohemio		adjective	Samson p129 [unknown/low]
bokaypato		noun (OCR: printed as 'ft.')	Samson p129 [unknown/low]
bola			Samson p129 [unknown/low]
bolabola		N	PALI:bolabo’la
bolahan			Samson p129 [unknown/low]
bolang		D	PALI:bo’lang
bolitos			Samson p129 [unknown/low]
bomba		noun (OCR: printed as 'ft.')	Samson p129 [dictionary_explicit/high]
bombay		noun (OCR: printed as 'ft.')	Samson p129 [unknown/low]
bombem			Samson p129 [unknown/low]
bombilia		noun (OCR: printed as 'ft.')	Samson p129 [unknown/low]
bombu		noun (OCR: printed as 'ft.')	Samson p129 [unknown/low]
bongabilya		N	PALI:bongabilya
bopis			Kapampangan-English-Pilipino wordlist p12 [unknown/low]
borlas			Samson p129 [unknown/low]
borles		V	PALI:bo’rles
borungborung		noun	Samson p129 [dictionary_explicit/high]
boses			Kapampangan-English-Pilipino wordlist p12 [unknown/low]
bosis		N	PALI:bo’sis
bosiu			Samson p129 [unknown/low]
botas		noun (OCR: printed as 'ft.')	Samson p129 [unknown/low]
bote			Samson p130 [unknown/low]
boti		N	PALI:bo’ti
botika		noun (OCR: printed as 'ft.')	Samson p130 [unknown/low]
botikario		noun (OCR: printed as 'ft.')	Samson p130 [unknown/low]
botu		V	PALI:-bo’tu
brad		N	PALI:brad
brasus		N	PALI:bra’sus
brek		V	PALI:brek
britis		N	PALI:bri’tis
broca		N	PALI:bro’ca
brotsa		noun (OCR: printed as 'ft.')	Samson p130 [dictionary_explicit/high]
brua			Kapampangan-English-Pilipino wordlist p12 [unknown/low]
bruha		N	PALI:bru’ha
buac		noun (OCR: printed as 'ft.')	Samson p130 [unknown/low]
buad			Samson p130 [unknown/low]
buagan		noun	Samson p130 [unknown/low]
buak			Kapampangan-English-Pilipino wordlist p12 [unknown/low]
bual		noun (OCR: printed as 'ft.')	Samson p130 [unknown/low]
buanbuan		noun	Samson p130 [unknown/low]
buangin		N	PALI:bua’ngin
buangis		adjective	Samson p130 [unknown/low]
buangit		adjective	Samson p130 [dictionary_explicit/high]
buat		noun (OCR: printed as 'ft.')	Samson p130 [dictionary_explicit/high]
bubu		noun (OCR: printed as 'ft.')	Samson p130 [dictionary_explicit/high]
bubuang			Samson p130 [unknown/low]
bubud		transitive verb	Samson p130 [dictionary_explicit/high]
bubug		noun	Samson p131 [unknown/low]
bubukal			Mirikitani p909 [unknown/low]
bubuklat			Mirikitani p910 [unknown/low]
bubung		N	PALI:-bubung
bubut		adjective	Samson p131 [unknown/low]
bubuyan		N	PALI:bubu:yan
bubuyug			Kapampangan-English-Pilipino wordlist p12 [unknown/low]
bucbuc		noun	Samson p131 [dictionary_explicit/high]
bucbukan			Samson p131 [dictionary_explicit/high]
buclo		noun	Samson p131 [unknown/low]
buclud		noun	Samson p131 [dictionary_explicit/high]
bucnul			Samson p132 [dictionary_explicit/high]
budm		noun	Samson p133 [unknown/low]
budni			Samson p133 [unknown/low]
buenas		adjective	Samson p133 [unknown/low]
buga		V	PALI:bugaq
bugal		noun	Samson p133 [unknown/low]
bugasuc		adjective	Samson p133 [unknown/low]
bugbog			Kapampangan-English-Pilipino wordlist p12 [unknown/low]
bugbug		N	PALI:bugbu’g
bugha		transitive verb	Samson p133 [dictionary_explicit/high]
bugin		N	PALI:bugi’n
bugnus		St./D	PALI:-bugnus
bugnut		adjective	Samson p133 [unknown/low]
bugnutin			Samson p133 [dictionary_explicit/high]
bugo		adjective	Samson p133 [unknown/low]
bugsu			Kapampangan-English-Pilipino wordlist p12 [unknown/low]
bugsuas		noun	Samson p133 [unknown/low]
bugsuc		noun	Samson p133 [unknown/low]
bugtu		D	PALI:bugtu’q
bugtung		N	PALI:bu’gtung
buguc		noun	Samson p134 [unknown/low]
buguk		D	PALI:bugu’k
bugung		noun	Samson p134 [dictionary_explicit/high]
bugus		adjective	Samson p134 [unknown/low]
buis		N	PALI:bui’s
buisit			Mirikitani p909 [unknown/low]
bukadkad			Samson p131 [dictionary_explicit/high]
bukaka		D	PALI:buka’kaq
bukal		V	PALI:buka’l
bukalkal			Samson p131 [unknown/low]
bukang		adjective	Samson p131 [dictionary_explicit/high]
bukas		adverb	Samson p131 [unknown/low]
bukatut			Kapampangan-English-Pilipino wordlist p12 [unknown/low]
bukayu		N	PALI:buka’yuq
bukbuk		N	PALI:bukbuk
bukid			Samson p134 [unknown/low]
bukilia		noun	Samson p134 [unknown/low]
bukilkil		transitive verb	Samson p134 [dictionary_explicit/high]
buklat		V	PALI:bu’klat
bukongbukong		N	PALI:bukongbu’kong
buksi		N	PALI:buksi’q
buktut		D	PALI:-buktut
buku		N	PALI:bu’kuq
bukud		D	PALI:-bu’kud
bukul		N	PALI:bu’kul
bukung-bukung			Kapampangan-English-Pilipino wordlist p12 [unknown/low]
bukungtari			Kapampangan-English-Pilipino wordlist p12 [unknown/low]
bukut			Samson p133 [unknown/low]
bula		N	PALI:bula’
bulabud		intransitive verb	Samson p134 [dictionary_explicit/high]
bulabula		N	PALI:bula:bula’q
bulac		noun	Samson p134 [unknown/low]
bulacbul		adjective	Samson p134 [unknown/low]
bulaclac		noun	Samson p134 [unknown/low]
bulad		V	PALI:bula’d
buladbulad			Samson p135 [unknown/low]
bulag		St./D	PALI:bula’g
bulagsac		adjective	Samson p135 [dictionary_explicit/high]
bulagsak			Kapampangan-English-Pilipino wordlist p13 [unknown/low]
bulagta			Samson p135 [dictionary_explicit/high]
bulak		N	PALI:bu’lak
bulakbul		N	PALI:bulakbul
bulaklak		V	PALI:bulakla’k
bulaklakan		N	PALI:bulakla’kan
bulakus		N	PALI:bula’kus
bulalag			Samson p135 [dictionary_explicit/high]
bulalako		noun	Samson p135 [dictionary_explicit/high]
bulalu		noun	Samson p136 [unknown/low]
bulalus		adjective	Samson p136 [unknown/low]
bulan		N	PALI:bu’lan
bulandal		adjective	Samson p136 [unknown/low]
bulang		transitive verb	Samson p136 [dictionary_explicit/high]
bulanggo		adjective	Samson p136 [unknown/low]
bulangisngis		N	PALI:bulangisngi’s
bulanglang		noun	Samson p136 [unknown/low]
bularit		adjective	Samson p136 [dictionary_explicit/high]
bulas		V	PALI:-bu’las
bulasisi		noun	Samson p136 [dictionary_explicit/high]
bulasuc		adjective	Samson p136 [dictionary_explicit/high]
bulati		N	PALI:bula’ti
bulatictic			Samson p136 [unknown/low]
bulaun		noun	Samson p136 [unknown/low]
bulbul		N	PALI:bulbul
buldit		N	PALI:buldi’t
buldung			Samson p137 [unknown/low]
bule		N	PALI:bu’le
buli			Kapampangan-English-Pilipino wordlist p13 [unknown/low]
bulig		N	PALI:buli’g
bulik			Kapampangan-English-Pilipino wordlist p13 [unknown/low]
bulkan		N	PALI:bu’lkan
bulsa		noun	Samson p138 [unknown/low]
bultu		adjective	Samson p138 [unknown/low]
bulu		N	PALI:bu’luq
bulubuc		noun	Samson p138 [dictionary_explicit/high]
bulubulu		noun	Samson p138 [dictionary_explicit/high]
bulubundukin		noun	Samson p138 [unknown/low]
buluc		noun	Samson p138 [unknown/low]
bulug			Samson p138 [dictionary_explicit/high]
bulugan		N	PALI:bulu’gan
buluk		D	PALI:bulu’k
bulundung		noun	Samson p138 [dictionary_explicit/high]
bulung		N	PALI:bulu’ng
bulungan		N	PALI:bulu’ngan
bulungbulung			Samson p138 [dictionary_explicit/high]
bulus		V	PALI:bulu’s
bulusuk			Kapampangan-English-Pilipino wordlist p13 [unknown/low]
bulutung		N	PALI:bulu’tung
bulydog			Samson p137 [dictionary_explicit/high]
bulyo		V	PALI:bu’lyo
bumba		V	PALI:bu’mba
bumbong		N	PALI:-bumbong
bumbunan		N	PALI:bumbu’nan
bumbung			Kapampangan-English-Pilipino wordlist p13 [unknown/low]
bundaki			Kapampangan-English-Pilipino wordlist p13 [unknown/low]
bundalag			Kapampangan-English-Pilipino wordlist p13 [unknown/low]
bundat			Kapampangan-English-Pilipino wordlist p13 [unknown/low]
bunduk		N	PALI:bu’nduk
bunga		N	PALI:bu’nga
bungad			Kapampangan-English-Pilipino wordlist p13 [unknown/low]
bungal		D	PALI:bunga’l
bungang-aldo			Kapampangan-English-Pilipino wordlist p13 [unknown/low]
bunganga		N	PALI:bunganga’q
bungi		D./St	PALI:bungi’q
bungil		noun	Samson p141 [unknown/low]
bungisngis			Kapampangan-English-Pilipino wordlist p13 [unknown/low]
bungit			Samson p141 [unknown/low]
bunglu		adjective	Samson p141 [dictionary_explicit/high]
bungsu			Samson p141 [dictionary_explicit/high]
bungsud		transitive verb	Samson p141 [dictionary_explicit/high]
bungsul		adverb	Samson p141 [dictionary_explicit/high]
bungtun		noun	Samson p141 [dictionary_explicit/high]
bungu		noun	Samson p141 [unknown/low]
bungulan		noun	Samson p141 [unknown/low]
bungut		adjective	Samson p141 [unknown/low]
buni		noun	Samson p141 [unknown/low]
bunitil		N	PALI:buni’til
bunsu		N	PALI:bunsu’
bunsul		D./St	PALI:bunsu’l
buntal		N	PALI:bunta’l
buntuk		N	PALI:bu’ntuk
buntun		N	PALI:bu’ntun
bunu			Samson p141 [dictionary_explicit/high]
bunut		N	PALI:bunut
bunwan		N	PALI:bunwa’n
bunyag		transitive verb	Samson p143 [unknown/low]
bunyi		adjective	Samson p143 [dictionary_explicit/high]
bunyug		noun-verb	Samson p143 [unknown/low]
buo		noun	Samson p143 [unknown/low]
bupeti			Kapampangan-English-Pilipino wordlist p13 [unknown/low]
bura		V	PALI:bura’
burac		noun	Samson p143 [dictionary_explicit/high]
burak		N	PALI:bu’rak
bural		adjective	Samson p143 [unknown/low]
buraldal		D	PALI:buralda’l
buram		adjective	Samson p143 [unknown/low]
burarit		N	PALI:bura’rit
burarol			Mirikitani p910 [unknown/low]
burarul		N	PALI:buraru’l
burat		V	PALI:bura’t
burda			Kapampangan-English-Pilipino wordlist p13 [unknown/low]
burdado			Mirikitani p910 [unknown/low]
buren			PALI:-bure’n
buri			Kapampangan-English-Pilipino wordlist p13 [unknown/low]
buriku			Kapampangan-English-Pilipino wordlist p14 [unknown/low]
burilyus		N	PALI:buri’lyus
burit			Kapampangan-English-Pilipino wordlist p14 [unknown/low]
burl			Mirikitani p910 [unknown/low]
burnt		noun	Samson p143 [dictionary_explicit/high]
buro		N	PALI:buro’
buru			Kapampangan-English-Pilipino wordlist p14 [unknown/low]
burug		adjective	Samson p144 [unknown/low]
buruha			Samson p144 [unknown/low]
burukento			Samson p144 [unknown/low]
burukentu			Samson p144 [unknown/low]
burul		D./St	PALI:-buru’l
burung-burung			Kapampangan-English-Pilipino wordlist p14 [unknown/low]
burungburung		N	PALI:burungburung
busa		V./D./St	PALI:busa’
busabus			Samson p144 [unknown/low]
busad			Samson p144 [unknown/low]
busadsad		adjective	Samson p144 [unknown/low]
busal		V	PALI:busal
busal-		V	PALI:busa’l-
busalsal		adjective	Samson p145 [unknown/low]
busarang		adjective	Samson p145 [unknown/low]
busbus		N	PALI:busbu’s
busbusbusbusan			Samson p145 [unknown/low]
busilac			Samson p145 [unknown/low]
busina		N	PALI:busi’na
busisi		adjective	Samson p145 [unknown/low]
buska		verb	Samson p145 [unknown/low]
buskaraidul		noun	Samson p145 [dictionary_explicit/high]
buslu		N	PALI:buslu’q
busngi		transitive verb	Samson p145 [dictionary_explicit/high]
busni		D./St	PALI:busni’q
busta			Samson p145 [unknown/low]
busuang			Samson p145 [unknown/low]
busuc		noun	Samson p145 [unknown/low]
busulan		noun	Samson p145 [unknown/low]
busun		noun	Samson p145 [unknown/low]
busung		noun	Samson p146 [dictionary_explicit/high]
butabuta		noun	Samson p146 [unknown/low]
butactac			Samson p146 [unknown/low]
butad		adjective	Samson p146 [unknown/low]
butakal		noun	Samson p146 [unknown/low]
butaki			Samson p146 [unknown/low]
butang		adjective	Samson p146 [unknown/low]
butangeru		noun	Samson p146 [unknown/low]
butas		transitive verb	Samson p146 [dictionary_explicit/high]
butbut		transitive verb	Samson p146 [dictionary_explicit/high]
buti		noun	Samson p146 [unknown/low]
buticbutic			Samson p146 [unknown/low]
butig		adjective	Samson p146 [unknown/low]
butihin			Samson p146 [unknown/low]
butikas		noun	Samson p146 [dictionary_explicit/high]
butil		N	PALI:bu’til
butilo		adverb	Samson p146 [unknown/low]
butiltil		noun	Samson p146 [dictionary_explicit/high]
butingting			Samson p147 [dictionary_explicit/high]
butit		N	PALI:butit
butiti			Kapampangan-English-Pilipino wordlist p14 [unknown/low]
butones			Kapampangan-English-Pilipino wordlist p14 [unknown/low]
buttit			Samson p147 [dictionary_explicit/high]
butu		N	PALI:bu’tuq
butul		N	PALI:bu’tul
butunis		D	PALI:butunis
butyug			Samson p147 [dictionary_explicit/high]
buwal			Kapampangan-English-Pilipino wordlist p14 [unknown/low]
buwis			Kapampangan-English-Pilipino wordlist p14 [unknown/low]
buwisit			Kapampangan-English-Pilipino wordlist p14 [unknown/low]
buwitri			Kapampangan-English-Pilipino wordlist p14 [unknown/low]
buya		adjective	Samson p147 [unknown/low]
buyagyag		adjective	Samson p147 [dictionary_explicit/high]
buyaid			Samson p148 [unknown/low]
buyangyang		transitive verb	Samson p148 [dictionary_explicit/high]
buyo		transitive verb	Samson p148 [dictionary_explicit/high]
buyu			Samson p148 [unknown/low]
buyuc			Samson p148 [dictionary_explicit/high]
buyut			Samson p148 [dictionary_explicit/high]
bwak		N	PALI:bwak
byai			Kapampangan-English-Pilipino wordlist p12 [unknown/low]
byakus		N	PALI:bya’kus
bye			Mirikitani p910 [unknown/low]
byernis		N	PALI:bye’rnis
byuk		N	PALI:byuk
byung		N	PALI:byung
cekblad		V	PALI:cekblad
chak			Mirikitani p908 [unknown/low]
chapa		noun	Samson p188 [unknown/low]
chayote			Samson p188 [unknown/low]
cheke		noun	Samson p188 [unknown/low]
chicharo		noun	Samson p188 [dictionary_explicit/high]
chicherias		noun	Samson p188 [unknown/low]
chikita			Samson p188 [unknown/low]
chiko		noun	Samson p188 [unknown/low]
chiminea		noun	Samson p188 [dictionary_explicit/high]
china			Mirikitani p908 [unknown/low]
chinelas		noun	Samson p189 [unknown/low]
chinito			Samson p189 [unknown/low]
chismis		noun	Samson p189 [unknown/low]
chucherias			Samson p189 [unknown/low]
chupon		noun	Samson p189 [unknown/low]
chupunan		verb	Samson p189 [unknown/low]
clarinet			Samson p190 [unknown/low]
clarisa			Samson p190 [unknown/low]
clase		noun	Samson p190 [unknown/low]
clasifika			Samson p190 [unknown/low]
classifikation			Samson p190 [unknown/low]
clausula		noun	Samson p190 [unknown/low]
clergy			Samson p191 [unknown/low]
clerigo		noun	Samson p191 [unknown/low]
clerikalismo			Samson p191 [unknown/low]
clero		noun (OCR: printed as 'ft.')	Samson p191 [unknown/low]
clinika		noun (OCR: printed as 'ft.')	Samson p191 [unknown/low]
cokaran		N	PALI:cokara’n
cravat			Samson p203 [dictionary_explicit/high]
crayola		noun (OCR: printed as 'ft.')	Samson p205 [unknown/low]
cream			Samson p205 [unknown/low]
credensial		noun (OCR: printed as 'ft.')	Samson p205 [unknown/low]
credito		noun (OCR: printed as 'ft.')	Samson p205 [unknown/low]
credo			Samson p205 [unknown/low]
crema		noun (OCR: printed as 'ft.')	Samson p205 [unknown/low]
cremasion		noun	Samson p206 [unknown/low]
crematorio		noun	Samson p206 [unknown/low]
crimen		noun	Samson p206 [unknown/low]
crisma		noun	Samson p206 [unknown/low]
crissotan		noun	Samson p206 [unknown/low]
cristal		noun	Samson p206 [unknown/low]
cristianidad		noun	Samson p206 [unknown/low]
cristianismo		noun	Samson p206 [unknown/low]
cristiano		noun	Samson p206 [unknown/low]
cristo		noun	Samson p206 [unknown/low]
critiko		noun	Samson p206 [unknown/low]
critisismo		noun	Samson p206 [unknown/low]
crusifiho		noun	Samson p206 [unknown/low]
crusifixion		noun	Samson p206 [unknown/low]
cruz		noun	Samson p206 [unknown/low]
cruzada		noun	Samson p207 [unknown/low]
cupa		V	PALI:cu’pa
cupon		N	PALI:cupo’n
da		pron	SEED-FUNC
daba		N	PALI:da’ba
dabilbil		noun	Samson p223 [unknown/low]
dabo			Mirikitani p908 [unknown/low]
dabug			Kapampangan-English-Pilipino wordlist p24 [unknown/low]
dabulbul		noun-verb	Samson p223 [unknown/low]
dabung		N	PALI:da’bung
dabungbung			Kapampangan-English-Pilipino wordlist p24 [unknown/low]
dacdac		noun	Samson p224 [dictionary_explicit/high]
daclat		noun	Samson p224 [unknown/low]
daclut			Samson p224 [dictionary_explicit/high]
dacmal			Samson p224 [dictionary_explicit/high]
dadapusa			Samson p224 [dictionary_explicit/high]
dag-glus		adverb	Samson p225 [unknown/low]
daga		noun	Samson p224 [unknown/low]
dagang			Samson p224 [dictionary_explicit/high]
dagao		noun	Samson p224 [dictionary_explicit/high]
dagat			Samson p224 [unknown/low]
dagatag		noun	Samson p224 [unknown/low]
dagauan			Samson p224 [unknown/low]
dagdag		V	PALI:dagda’g
dagire		verb	Samson p225 [unknown/low]
dagis		N	PALI:dagi’s
dagis-dagisan			Kapampangan-English-Pilipino wordlist p25 [unknown/low]
dagisdagisan		noun	Samson p225 [unknown/low]
dagisut			Samson p225 [unknown/low]
dagli			Samson p225 [unknown/low]
dagma		noun-verb	Samson p225 [unknown/low]
dagsa			PALI:dagsaq
dagsadagsa			Samson p225 [unknown/low]
daguk			Kapampangan-English-Pilipino wordlist p25 [unknown/low]
dagul		V	PALI:da’gul
dagulgul		noun-verb	Samson p225 [dictionary_explicit/high]
dagundung			Kapampangan-English-Pilipino wordlist p25 [unknown/low]
dagus		noun-verb	Samson p225 [dictionary_explicit/high]
daguyo			Samson p225 [dictionary_explicit/high]
dahilan			Samson p225 [dictionary_explicit/high]
dahlia		noun	Samson p226 [unknown/low]
dai			Kapampangan-English-Pilipino wordlist p25 [unknown/low]
daicdic		noun-verb	Samson p226 [unknown/low]
daig		noun	Samson p226 [dictionary_explicit/high]
daing		adjective	Samson p226 [dictionary_explicit/high]
daingding		noun-verb	Samson p226 [unknown/low]
dait		noun	Samson p226 [dictionary_explicit/high]
dakal		N	PALI:daka’l
dakap		V	PALI:daka’p
dakati		verb	Samson p224 [unknown/low]
dakdak			Kapampangan-English-Pilipino wordlist p24 [unknown/low]
dake		N	PALI:da’ke
dakila			Kapampangan-English-Pilipino wordlist p24 [unknown/low]
dakit			Samson p227 [dictionary_explicit/high]
dakitan		V	PALI:daki’tan
daklang			Kapampangan-English-Pilipino wordlist p24 [unknown/low]
daklat			Kapampangan-English-Pilipino wordlist p24 [unknown/low]
daklut			Kapampangan-English-Pilipino wordlist p24 [unknown/low]
dakma			Kapampangan-English-Pilipino wordlist p24 [unknown/low]
dakpan			Kapampangan-English-Pilipino wordlist p24 [unknown/low]
dakurac			Samson p224 [dictionary_explicit/high]
dakurakan			Kapampangan-English-Pilipino wordlist p24 [unknown/low]
dakut		noun-verb	Samson p224 [unknown/low]
dala		V	PALI:dala’
dalacdac		noun-verb	Samson p228 [dictionary_explicit/high]
dalag		noun	Samson p228 [dictionary_explicit/high]
dalaga		N	PALI:dala’ga
dalagita		N	PALI:dalagi’ta
dalaira			Kapampangan-English-Pilipino wordlist p25 [unknown/low]
dalakit		V	PALI:dalakit
dalamat		N	PALI:dala’mat
dalamhati			Samson p229 [unknown/low]
dalampang			Samson p229 [unknown/low]
dalampasig		noun	Samson p229 [unknown/low]
dalampu		noun-verb	Samson p229 [dictionary_explicit/high]
dalampul		noun-verb	Samson p229 [unknown/low]
dalan		N	PALI:da’lan
dalandan			Samson p230 [unknown/low]
dalangat		noun-verb	Samson p230 [unknown/low]
dalanghita			Samson p230 [unknown/low]
dalangin			Kapampangan-English-Pilipino wordlist p25 [unknown/low]
dalangita			Kapampangan-English-Pilipino wordlist p25 [unknown/low]
dalapdap		noun-verb	Samson p230 [unknown/low]
dalarac		noun	Samson p230 [dictionary_explicit/high]
dalas		D	PALI:-dala’s
dalau		noun	Samson p230 [unknown/low]
dalaua		adjective	Samson p230 [unknown/low]
dalawan			Mirikitani p912 [unknown/low]
dalayap		N	PALI:dala’yap
daldac		transitive verb	Samson p231 [dictionary_explicit/high]
daldak		V	PALI:dalda’k
daldal			Samson p231 [dictionary_explicit/high]
dale		Excl	PALI:da’le
dalerayan			Kapampangan-English-Pilipino wordlist p25 [unknown/low]
dalere		noun-verb	Samson p231 [dictionary_explicit/high]
dali		noun	Samson p231 [dictionary_explicit/high]
daliauat		noun	Samson p231 [dictionary_explicit/high]
dalig		N	PALI:dali’g
dalikan		noun	Samson p231 [unknown/low]
dalikat		noun	Samson p231 [dictionary_explicit/high]
dalipacpac		noun	Samson p232 [unknown/low]
dalirul		noun	Samson p232 [dictionary_explicit/high]
dalis			Kapampangan-English-Pilipino wordlist p25 [unknown/low]
dalisdis		noun	Samson p232 [unknown/low]
dalise		adjective	Samson p232 [dictionary_explicit/high]
dalit		N	PALI:da’lit
dalit-ta		verb	Samson p232 [unknown/low]
dalitdalit			Samson p232 [unknown/low]
daliuauat		noun	Samson p232 [unknown/low]
dalmatika			Samson p232 [unknown/low]
dalo			Samson p232 [dictionary_explicit/high]
dalpak			Kapampangan-English-Pilipino wordlist p25 [unknown/low]
dalubhasa			Samson p232 [unknown/low]
daluc			Samson p233 [dictionary_explicit/high]
dalucduc		noun-verb	Samson p233 [unknown/low]
dalugdug		noun	Samson p233 [unknown/low]
dalum		N	PALI:dalu’m
dalumdum		N	PALI:dalu’mdum
dalung		noun	Samson p233 [dictionary_explicit/high]
dalungdung			Samson p233 [unknown/low]
dalupepe			Samson p233 [unknown/low]
dalus		verb	Samson p233 [unknown/low]
dalusapi		noun	Samson p233 [dictionary_explicit/high]
dalusdalus			Kapampangan-English-Pilipino wordlist p25 [unknown/low]
dalusdus		noun-verb	Samson p233 [dictionary_explicit/high]
dalusung		noun-verb	Samson p233 [dictionary_explicit/high]
daluyung		noun	Samson p234 [unknown/low]
dalyawat		N	PALI:dalya’wat
dam			Samson p234 [dictionary_explicit/high]
dam-		V	PALI:dam-
dama		noun	Samson p234 [unknown/low]
damac		noun	Samson p234 [dictionary_explicit/high]
damag		noun-verb	Samson p234 [unknown/low]
damahuana		noun	Samson p234 [dictionary_explicit/high]
damal			Samson p235 [dictionary_explicit/high]
damali			Samson p235 [dictionary_explicit/high]
damara		N	PALI:damara
damas		N	PALI:dama’s
damauana			Kapampangan-English-Pilipino wordlist p25 [unknown/low]
damba		noun	Samson p235 [unknown/low]
dambana			Samson p235 [unknown/low]
dambong		noun	Samson p235 [unknown/low]
dambu		noun-verb	Samson p235 [dictionary_explicit/high]
dambuala		noun	Samson p235 [unknown/low]
dambubu			Samson p235 [unknown/low]
dambug			Samson p235 [unknown/low]
dambung		noun	Samson p235 [unknown/low]
damdam		V	PALI:damdam
dame		V	PALI:da’me
dami		N	PALI:dami’q
damil		adjective	Samson p236 [dictionary_explicit/high]
damit		adjective	Samson p236 [unknown/low]
damitac		noun-verb	Samson p236 [unknown/low]
damla		N	PALI:da’mlaq
damoho			Samson p236 [dictionary_explicit/high]
dampal			Samson p236 [dictionary_explicit/high]
dampang			Samson p236 [unknown/low]
dampat			Samson p237 [unknown/low]
dampi		noun (OCR: printed as 'ft.')	Samson p237 [dictionary_explicit/high]
dampil			Samson p237 [unknown/low]
dampul		noun (OCR: printed as 'ft.')	Samson p237 [unknown/low]
damput			Samson p237 [dictionary_explicit/high]
damuku		noun (OCR: printed as 'ft.')	Samson p237 [unknown/low]
damul		adjective	Samson p237 [unknown/low]
damulag		N	PALI:damu’lag
damulas		noun (OCR: printed as 'ft.')	Samson p237 [unknown/low]
damuro		noun (OCR: printed as 'ft.')	Samson p237 [unknown/low]
damusac			Samson p237 [dictionary_explicit/high]
damusak		V	PALI:damu’sak
damut		N	PALI:da’mut
dan		noun (OCR: printed as 'ft.')	Samson p237 [unknown/low]
danac		adjective	Samson p237 [dictionary_explicit/high]
danas			Kapampangan-English-Pilipino wordlist p26 [unknown/low]
dane		noun (OCR: printed as 'ft.')	Samson p237 [dictionary_explicit/high]
danga		noun	Samson p238 [unknown/low]
dangal		N	PALI:danga’l
dangat			Samson p238 [dictionary_explicit/high]
dangdang			Samson p239 [unknown/low]
danggit			Samson p239 [unknown/low]
danggut		noun	Samson p239 [unknown/low]
dangin		noun	Samson p239 [unknown/low]
dangka		noun	Samson p239 [dictionary_explicit/high]
dangkal		N	PALI:da’ngkal
dangkango			Samson p239 [unknown/low]
dangko		noun-verb	Samson p239 [unknown/low]
dangle			Samson p239 [dictionary_explicit/high]
dangpa		noun	Samson p239 [unknown/low]
dangpal			Samson p239 [unknown/low]
dangsu		noun	Samson p239 [unknown/low]
dangwe		noun	Samson p239 [unknown/low]
dante		verb	Samson p239 [unknown/low]
dantit			Samson p239 [dictionary_explicit/high]
danum		N	PALI:danu’m
danun		noun-verb	Samson p240 [dictionary_explicit/high]
danup		N	PALI:da’nup
dapa		V	PALI:dapa’q
dapal		noun	Samson p240 [unknown/low]
dapat		V	PALI:da’pat
dapdap		N	PALI:dapdap
dapil		adjective	Samson p240 [dictionary_explicit/high]
dapilpil			Samson p240 [unknown/low]
dapilus		verb	Samson p240 [dictionary_explicit/high]
dapitun		noun	Samson p241 [unknown/low]
dapot		Subcomb	PALI:da’pot
dapu		N	PALI:da’pu
dapug		N	PALI:da’pug
dapuk		V	PALI:da’puk
dara		V	PALI:dara’q
darac		noun	Samson p242 [dictionary_explicit/high]
darag		verb	Samson p242 [unknown/low]
daragis		V./St	PALI:daragi’s
darak		N	PALI:dara’k
darang			Samson p242 [dictionary_explicit/high]
darapitunan			Samson p241 [dictionary_explicit/high]
darecu		V	PALI:dare’cu
daretsu			Samson p242 [unknown/low]
das		V	PALI:-da’s
dasdas			Samson p243 [dictionary_explicit/high]
dase		N	PALI:da’se
dasig			Samson p243 [dictionary_explicit/high]
dasion			Samson p224 [dictionary_explicit/high]
daskul		noun-verb	Samson p243 [unknown/low]
dasug			Samson p243 [unknown/low]
dasun			Samson p243 [dictionary_explicit/high]
dasungli			Samson p243 [unknown/low]
dasyun			Kapampangan-English-Pilipino wordlist p26 [unknown/low]
dasyunan		V	PALI:dasyuna’n
dat		adverb	Samson p243 [dictionary_explicit/high]
data		noun	Samson p243 [dictionary_explicit/high]
datang		V	PALI:da’tang
dati			Samson p244 [unknown/low]
datig			Samson p244 [dictionary_explicit/high]
datila		noun-verb	Samson p244 [dictionary_explicit/high]
datirati			Samson p244 [unknown/low]
datna		noun	Samson p244 [unknown/low]
datu		N	PALI:da’tuq
datuc			Samson p244 [dictionary_explicit/high]
datuk			Kapampangan-English-Pilipino wordlist p26 [unknown/low]
dau		noun	Samson p244 [unknown/low]
daua		noun	Samson p244 [unknown/low]
dauac		noun	Samson p244 [dictionary_explicit/high]
daual		noun	Samson p245 [dictionary_explicit/high]
daue		noun	Samson p245 [dictionary_explicit/high]
daui			Samson p245 [unknown/low]
dauit			Samson p245 [dictionary_explicit/high]
daun		noun	Samson p245 [dictionary_explicit/high]
daung		noun	Samson p245 [unknown/low]
dauo			Samson p245 [dictionary_explicit/high]
daup		noun-verb	Samson p245 [dictionary_explicit/high]
dawak			Kapampangan-English-Pilipino wordlist p26 [unknown/low]
dawayan			Kapampangan-English-Pilipino wordlist p26 [unknown/low]
dawit			Kapampangan-English-Pilipino wordlist p26 [unknown/low]
daya		N	PALI:da’yaq
dayami			PALI:daya’mi
dayangdayang			Kapampangan-English-Pilipino wordlist p26 [unknown/low]
dayas			Samson p246 [dictionary_explicit/high]
dayat		N	PALI:da’yat
dayatdayatan			Samson p246 [unknown/low]
dayatmalat		noun	Samson p246 [unknown/low]
dayaua		adjective	Samson p246 [unknown/low]
dayi			Samson p246 [unknown/low]
dayo			Samson p246 [dictionary_explicit/high]
dayu			PALI:dayu’q
dayucduc		adjective	Samson p246 [unknown/low]
dayukduk			Kapampangan-English-Pilipino wordlist p26 [unknown/low]
dayukut		noun-verb	Samson p247 [unknown/low]
dayupe		noun	Samson p247 [unknown/low]
dayuput		noun	Samson p247 [dictionary_explicit/high]
dayus		noun	Samson p247 [unknown/low]
de		pron	SEED-FUNC
de-			Kapampangan-English-Pilipino wordlist p26 [unknown/low]
debate			Samson p247 [unknown/low]
debati			Samson p247 [unknown/low]
declara		verb	Samson p247 [unknown/low]
declarasion		noun	Samson p247 [unknown/low]
dede		noun	Samson p248 [dictionary_explicit/high]
dedekorasiunan			Samson p248 [unknown/low]
dedikado		adjective	Samson p248 [unknown/low]
dedikar		transitive verb	Samson p248 [dictionary_explicit/high]
dedikasion		noun	Samson p248 [unknown/low]
defectivo		adjective	Samson p248 [unknown/low]
defecto		noun	Samson p248 [unknown/low]
defender			Samson p248 [dictionary_explicit/high]
defensa		noun	Samson p248 [unknown/low]
deforma		noun-verb	Samson p248 [dictionary_explicit/high]
deg			PALI:de:g
degla			PALI:de’gla
dehado		adjective	Samson p248 [unknown/low]
dekada		noun	Samson p247 [unknown/low]
dekalogo		noun	Samson p247 [unknown/low]
dekano		noun	Samson p247 [unknown/low]
dekorasyun			Mirikitani p913 [unknown/low]
dekwatru		V	PALI:-dekwa’tru
delantera		noun	Samson p248 [dictionary_explicit/high]
delegado		noun	Samson p248 [unknown/low]
delegasion		noun	Samson p248 [unknown/low]
delegates			Samson p248 [unknown/low]
deletar			Samson p248 [unknown/low]
deli		N	PALI:de’li
delikadeza		noun	Samson p249 [unknown/low]
delikadu		D	PALI:delika’du
delinkency			Samson p249 [unknown/low]
delinkuente		adjective	Samson p249 [unknown/low]
delirio		noun	Samson p249 [unknown/low]
delito		noun	Samson p249 [unknown/low]
deluvio		noun	Samson p249 [dictionary_explicit/high]
demalas		adjective	Samson p249 [unknown/low]
demanda		V	PALI:dema’nda
demandado			Samson p249 [unknown/low]
demandante			Samson p249 [unknown/low]
democrasia		noun	Samson p249 [unknown/low]
democrata		noun	Samson p249 [unknown/low]
demolision		noun	Samson p249 [unknown/low]
demoniado		adjective	Samson p249 [unknown/low]
demonio		noun	Samson p249 [unknown/low]
demontres			Samson p249 [unknown/low]
demonyo		markang-damonyo ‘San Miguel gin’	PALI:demo’nyo
demun		noun	Samson p250 [unknown/low]
denas			Samson p250 [unknown/low]
deng		det	SEED-FUNC
deni			Samson p250 [unknown/low]
dentista			Samson p250 [unknown/low]
departamento		noun	Samson p250 [unknown/low]
depaskua		noun	Samson p250 [unknown/low]
depaskwa		N	PALI:depa’skwa
depende		verb	Samson p250 [unknown/low]
dependientes			Samson p250 [unknown/low]
deposito		noun	Samson p250 [unknown/low]
deprimera			Samson p251 [unknown/low]
depuntu		adjective	Samson p251 [unknown/low]
derang			Kapampangan-English-Pilipino wordlist p27 [unknown/low]
derecha		noun	Samson p251 [dictionary_explicit/high]
derecho			Samson p251 [dictionary_explicit/high]
derechos		noun	Samson p251 [unknown/low]
derit		N	PALI:de’rit
desecho			Samson p251 [unknown/low]
desenario			Samson p247 [unknown/low]
desente			Samson p247 [dictionary_explicit/high]
deseperado		adjective	Samson p251 [unknown/low]
desespera		verb	Samson p251 [unknown/low]
desesperasion		noun	Samson p251 [unknown/low]
desgrasia			Samson p251 [unknown/low]
desgrasiada		adjective	Samson p251 [unknown/low]
desgrasiado		adjective	Samson p251 [unknown/low]
deshoras		adverb	Samson p251 [dictionary_explicit/high]
desidedly			Samson p247 [unknown/low]
desidido		adjective	Samson p247 [unknown/low]
desididu		D./St	PALI:desidi’du
desiembre			Mirikitani p912 [unknown/low]
desierto		noun	Samson p252 [unknown/low]
desinteresado		adjective	Samson p252 [unknown/low]
desision		noun	Samson p247 [unknown/low]
deskarte		noun	Samson p251 [dictionary_explicit/high]
despedida		noun	Samson p252 [unknown/low]
dessenso		noun	Samson p251 [unknown/low]
destierro		noun	Samson p252 [dictionary_explicit/high]
destino		noun	Samson p252 [dictionary_explicit/high]
deta		pronoun	Samson p252 [unknown/low]
detang		det	SEED-FUNC
deti		dem	SEED-FUNC
devosion		noun	Samson p252 [dictionary_explicit/high]
devosionario		noun	Samson p253 [unknown/low]
devoto			Samson p253 [unknown/low]
di			Samson p253 [unknown/low]
diabetis		noun	Samson p253 [unknown/low]
diablo		noun	Samson p253 [unknown/low]
diablus			Samson p253 [unknown/low]
diadema		noun	Samson p253 [unknown/low]
diakonesa		noun	Samson p253 [dictionary_explicit/high]
diakono		noun	Samson p253 [unknown/low]
dialecto		noun	Samson p253 [unknown/low]
dialogo		noun	Samson p253 [unknown/low]
diamante		noun	Samson p253 [unknown/low]
diamanti			Kapampangan-English-Pilipino wordlist p27 [unknown/low]
diametro		noun	Samson p253 [unknown/low]
diario		noun	Samson p253 [unknown/low]
diaskis			Samson p254 [unknown/low]
dibati		makapagdebati, makidebati, pakidebati, pa:debati, ke:debati, a:kadebati, midebati	PALI:diba’ti
dibdiban			Samson p254 [unknown/low]
dibu			Kapampangan-English-Pilipino wordlist p27 [unknown/low]
dibuho			Samson p254 [unknown/low]
dibuu			Kapampangan-English-Pilipino wordlist p27 [unknown/low]
dicdic			Samson p254 [dictionary_explicit/high]
dicsion		noun	Samson p254 [unknown/low]
dicsionario		noun	Samson p254 [unknown/low]
dicta			Samson p254 [unknown/low]
dictador		noun	Samson p254 [unknown/low]
dictadura		noun	Samson p254 [unknown/low]
diesinueve		adjective	Samson p254 [unknown/low]
diesiocho		adjective	Samson p254 [unknown/low]
diesiseis		adjective	Samson p254 [unknown/low]
diesisiete		adjective	Samson p254 [unknown/low]
dieta		noun	Samson p255 [unknown/low]
diez		noun	Samson p255 [unknown/low]
diezmo		noun	Samson p255 [unknown/low]
diferensia		noun	Samson p255 [unknown/low]
diga		noun	Samson p255 [unknown/low]
digahan			Samson p255 [unknown/low]
digalu			Samson p255 [unknown/low]
digman		N	PALI:digma’n
dignidad		noun	Samson p255 [unknown/low]
dignitario		noun	Samson p255 [unknown/low]
digpa			Kapampangan-English-Pilipino wordlist p27 [unknown/low]
digsu			Samson p255 [unknown/low]
digu		N	PALI:di’gu
dikat		noun-verb	Samson p254 [dictionary_explicit/high]
dike			Samson p255 [unknown/low]
diki		N	PALI:di’ki
dikia		noun	Samson p255 [unknown/low]
dikil		noun	Samson p255 [unknown/low]
diking		adjective	Samson p256 [unknown/low]
dikit		noun-verb	Samson p256 [unknown/low]
diklut			Kapampangan-English-Pilipino wordlist p27 [unknown/low]
diko			Samson p254 [unknown/low]
diksyonaryo			Mirikitani p913 [unknown/low]
diku			Kapampangan-English-Pilipino wordlist p27 [unknown/low]
dikuatru			Kapampangan-English-Pilipino wordlist p27 [unknown/low]
dikut		N	PALI:diku’t
dikya			Kapampangan-English-Pilipino wordlist p27 [unknown/low]
dikyam			Kapampangan-English-Pilipino wordlist p27 [unknown/low]
dila		N	PALI:di’laq
diladila		noun	Samson p256 [unknown/low]
dilambaka		noun	Samson p256 [unknown/low]
dilat		noun-verb	Samson p256 [dictionary_explicit/high]
dilat-		V	PALI:dilat-
dildik			Mirikitani p913 [unknown/low]
dildil		noun-verb	Samson p256 [unknown/low]
dili		Q./N	PALI:di’liq
dilidili			Kapampangan-English-Pilipino wordlist p27 [unknown/low]
dilig		noun	Samson p257 [dictionary_explicit/high]
dilihensia			Samson p257 [unknown/low]
dilis			Samson p257 [unknown/low]
dilo		D	PALI:dilo’
dilu		V	PALI:di’luq
dilubyu			Kapampangan-English-Pilipino wordlist p27 [unknown/low]
dimision		noun	Samson p257 [unknown/low]
dimit		noun-verb	Samson p257 [unknown/low]
dimla		N	PALI:di’mla
dimonyu			Kapampangan-English-Pilipino wordlist p27 [unknown/low]
dimpals		N	PALI:di’mpals
dimpol			Kapampangan-English-Pilipino wordlist p27 [unknown/low]
dimpulan			Kapampangan-English-Pilipino wordlist p27 [unknown/low]
dimug			Samson p258 [dictionary_explicit/high]
dimukrasya			Kapampangan-English-Pilipino wordlist p27 [unknown/low]
dimul			Samson p258 [dictionary_explicit/high]
dimut		adjective	Samson p258 [unknown/low]
din-		V	PALI:din-
dinamarka		noun	Samson p258 [unknown/low]
dinamita		noun	Samson p258 [unknown/low]
dinamo		N	PALI:dina’mo
dinastiya		noun	Samson p258 [unknown/low]
dinding		N	PALI:dindi’ng
dine		noun	Samson p258 [dictionary_explicit/high]
ding		det	SEED-FUNC
dingding		noun	Samson p259 [dictionary_explicit/high]
dingdingali		noun	Samson p259 [unknown/low]
dingin			Samson p259 [unknown/low]
dinglas			Samson p259 [unknown/low]
dinikdik			Kapampangan-English-Pilipino wordlist p27 [unknown/low]
dinsulan		noun	Samson p259 [unknown/low]
dionabis			Samson p259 [dictionary_explicit/high]
dios			Kapampangan-English-Pilipino wordlist p27 [unknown/low]
diosa			Kapampangan-English-Pilipino wordlist p27 [unknown/low]
diosdiosan			Samson p260 [unknown/low]
diosesano		adjective	Samson p259 [unknown/low]
diosesis		noun	Samson p259 [unknown/low]
dipaningalti			PALI:dipa’ningalti’
dipaningmayap			Kapampangan-English-Pilipino wordlist p27 [unknown/low]
diparan			Kapampangan-English-Pilipino wordlist p27 [unknown/low]
dipil		noun	Samson p260 [unknown/low]
diplomasia		noun	Samson p260 [unknown/low]
diplomata		noun	Samson p260 [unknown/low]
diplomatiko		adjective	Samson p260 [unknown/low]
dipteria			Samson p260 [unknown/low]
diptonggo		noun	Samson p260 [unknown/low]
diputado		noun	Samson p260 [unknown/low]
direcsion		noun	Samson p260 [unknown/low]
directorio		noun	Samson p260 [unknown/low]
diretsa			Samson p260 [unknown/low]
diretsu			Samson p260 [unknown/low]
diri			Samson p260 [unknown/low]
diria		noun-verb	Samson p260 [unknown/low]
dirihido			Samson p260 [unknown/low]
dirihir		verb	Samson p260 [dictionary_explicit/high]
diris		noun	Samson p260 [dictionary_explicit/high]
dirit		noun-verb	Samson p260 [unknown/low]
disan			Kapampangan-English-Pilipino wordlist p27 [unknown/low]
disenio		noun	Samson p261 [unknown/low]
disertasion		noun	Samson p261 [unknown/low]
disidensia		noun	Samson p261 [unknown/low]
disiembre		noun	Samson p254 [unknown/low]
disimula		verb	Samson p261 [unknown/low]
disimulado		adjective	Samson p261 [unknown/low]
disinfectante			Samson p261 [unknown/low]
disinteria		noun	Samson p261 [unknown/low]
disinuebe			Mirikitani p915 [unknown/low]
disinuebi			Kapampangan-English-Pilipino wordlist p28 [unknown/low]
disiotcho			Mirikitani p915 [unknown/low]
disiotsu			Kapampangan-English-Pilipino wordlist p28 [unknown/low]
disisais			Kapampangan-English-Pilipino wordlist p28 [unknown/low]
disisiete			Mirikitani p915 [unknown/low]
disisyeti			Kapampangan-English-Pilipino wordlist p28 [unknown/low]
diskarga		verb	Samson p261 [unknown/low]
diskargo		noun	Samson p261 [unknown/low]
diskontento		noun	Samson p261 [unknown/low]
disku			Kapampangan-English-Pilipino wordlist p28 [unknown/low]
diskurso		noun	Samson p261 [unknown/low]
diskursu		N	PALI:disku’rsu
dismenorrea		noun	Samson p262 [unknown/low]
disoras		St./D	PALI:diso’ras
dispacha		transitive verb	Samson p262 [unknown/low]
dispachador			Samson p262 [unknown/low]
disparate		noun	Samson p262 [unknown/low]
dispensa		noun	Samson p262 [unknown/low]
dispensasion		noun	Samson p262 [unknown/low]
dispensation			Samson p262 [unknown/low]
disposision		noun	Samson p262 [unknown/low]
disposisiunan			Samson p262 [unknown/low]
dispu			Samson p262 [unknown/low]
dispuesto		adjective	Samson p262 [unknown/low]
dispute			Samson p72 [unknown/low]
dissiminasion		noun	Samson p261 [unknown/low]
dissiplina		noun	Samson p261 [unknown/low]
dissiplined			Samson p261 [unknown/low]
dissipulus		noun	Samson p261 [dictionary_explicit/high]
distansia		noun	Samson p262 [unknown/low]
distileriya		noun	Samson p262 [unknown/low]
distinggian			Samson p262 [unknown/low]
distingsyun		N	PALI:disti’ngsyun
distorbo		noun	Samson p263 [dictionary_explicit/high]
distorniliador		noun	Samson p263 [dictionary_explicit/high]
distrito		noun	Samson p263 [unknown/low]
distrungkado		adjective	Samson p263 [unknown/low]
disul		N	PALI:disu’l
disyembre		N	PALI:disye’mbre
disyembri			Kapampangan-English-Pilipino wordlist p28 [unknown/low]
dit		adjective	Samson p263 [dictionary_explicit/high]
dit-ta		noun	Samson p263 [unknown/low]
ditak		D	PALI:di’tak
ditak-ditak			Kapampangan-English-Pilipino wordlist p28 [unknown/low]
ditsi			Kapampangan-English-Pilipino wordlist p28 [unknown/low]
diua		noun	Samson p263 [unknown/low]
diuata		noun	Samson p263 [unknown/low]
diversion		noun	Samson p263 [unknown/low]
dividendazo		noun	Samson p263 [unknown/low]
dividendo		noun	Samson p263 [unknown/low]
divino		adjective	Samson p263 [unknown/low]
divorsio		noun	Samson p263 [unknown/low]
diwa			Kapampangan-English-Pilipino wordlist p28 [unknown/low]
diwara			Kapampangan-English-Pilipino wordlist p28 [unknown/low]
diwata		N	PALI:diwa’taq
dlnatan			Mirikitani p914 [unknown/low]
dlngding			Mirikitani p915 [unknown/low]
dlsisais			Mirikitani p915 [unknown/low]
do		Subs	PALI:do
doble		adjective	Samson p264 [unknown/low]
doble-bista		N	PALI:do’ble-bi’sta
dobli			Kapampangan-English-Pilipino wordlist p28 [unknown/low]
doblibista			Kapampangan-English-Pilipino wordlist p28 [unknown/low]
doblikara			Kapampangan-English-Pilipino wordlist p28 [unknown/low]
doc		noun	Samson p264 [unknown/low]
docling		adjective	Samson p264 [dictionary_explicit/high]
doctor			Samson p264 [unknown/low]
doctrina		noun	Samson p264 [unknown/low]
dok			Kapampangan-English-Pilipino wordlist p28 [unknown/low]
dok-		D	PALI:-dok-
doktor		N	PALI:dokto’r
dokumentado		noun	Samson p264 [unknown/low]
dokumento		noun	Samson p264 [unknown/low]
dolores			Mirikitani p915 [unknown/low]
dolyar			Kapampangan-English-Pilipino wordlist p28 [unknown/low]
dominante		adjective	Samson p264 [unknown/low]
domineering			Samson p264 [unknown/low]
domingo		noun	Samson p264 [unknown/low]
dominikano		adjective	Samson p264 [unknown/low]
domino		noun	Samson p264 [unknown/low]
donasion		noun	Samson p264 [unknown/low]
donselia		noun	Samson p265 [unknown/low]
door			Samson p99 [dictionary_explicit/high]
dorado			Samson p265 [unknown/low]
dormitorio		noun	Samson p265 [unknown/low]
doro		noun	Samson p265 [unknown/low]
dos			Samson p265 [unknown/low]
dose			Samson p264 [unknown/low]
dosena			Samson p264 [unknown/low]
dosi			Kapampangan-English-Pilipino wordlist p28 [unknown/low]
dosientus			Kapampangan-English-Pilipino wordlist p28 [unknown/low]
dosung		noun	Samson p265 [unknown/low]
dote			Kapampangan-English-Pilipino wordlist p28 [unknown/low]
draga		noun	Samson p265 [unknown/low]
dragon		noun	Samson p265 [unknown/low]
dragon-dayatmalat			Samson p265 [AI_proposed/medium]
drama			Samson p265 [unknown/low]
dramatista		noun	Samson p265 [dictionary_explicit/high]
duac		adjective	Samson p265 [dictionary_explicit/high]
duag		N	PALI:dua’g
duagi			Samson p265 [unknown/low]
dual			Kapampangan-English-Pilipino wordlist p28 [unknown/low]
duang			Kapampangan-English-Pilipino wordlist p28 [unknown/low]
duat		noun	Samson p265 [unknown/low]
dub		V	PALI:-dub
dubasa		noun	Samson p265 [dictionary_explicit/high]
ducduc		adjective	Samson p265 [dictionary_explicit/high]
duclap			Samson p265 [unknown/low]
duda		noun	Samson p266 [unknown/low]
due		noun	Samson p266 [unknown/low]
duelo		noun	Samson p266 [unknown/low]
duende		noun	Samson p266 [unknown/low]
dueto		noun	Samson p266 [unknown/low]
dugal		noun	Samson p266 [unknown/low]
dugang			Kapampangan-English-Pilipino wordlist p28 [unknown/low]
dugarug			Samson p266 [dictionary_explicit/high]
dugdug			Samson p266 [dictionary_explicit/high]
dugmu			Samson p266 [dictionary_explicit/high]
dugo		adjective	Samson p266 [unknown/low]
dugpa		V	PALI:dugpa’
dugtung			Samson p266 [dictionary_explicit/high]
dugu			Samson p267 [dictionary_explicit/high]
duhagi			Samson p267 [unknown/low]
duit		noun	Samson p267 [unknown/low]
dukal		noun-verb	Samson p265 [dictionary_explicit/high]
dukat		noun	Samson p265 [dictionary_explicit/high]
dukit		V	PALI:du’kit
duku		V	PALI:duku’q
dukul		noun	Samson p266 [unknown/low]
dukut		noun-verb	Samson p266 [unknown/low]
dula			Kapampangan-English-Pilipino wordlist p28 [unknown/low]
dulang		N	PALI:du’lang
dulap			Kapampangan-English-Pilipino wordlist p28 [unknown/low]
dulduc			Samson p267 [dictionary_explicit/high]
duldul		N	PALI:duldu’l
dulekat		adjective	Samson p267 [dictionary_explicit/high]
duling		N./D	PALI:duli’ng
dulingas		adjective	Samson p267 [unknown/low]
dulis		noun	Samson p267 [dictionary_explicit/high]
dulu		noun	Samson p268 [unknown/low]
dulubasa		adjective	Samson p268 [unknown/low]
duluc		adjective	Samson p268 [dictionary_explicit/high]
dulug			Samson p268 [unknown/low]
duluk		D./St	PALI:dulu’k
dulum			Samson p268 [dictionary_explicit/high]
dulung		noun-verb	Samson p268 [dictionary_explicit/high]
dulut		noun	Samson p268 [dictionary_explicit/high]
dumalasan		adjective	Samson p268 [unknown/low]
duminggu			Kapampangan-English-Pilipino wordlist p28 [unknown/low]
dumingu			Mirikitani p915 [unknown/low]
dumug		noun-verb	Samson p269 [unknown/low]
dung		adjective	Samson p269 [unknown/low]
dungan		N	PALI:du’ngan
dungdung		noun-verb	Samson p269 [dictionary_explicit/high]
dunggit			Samson p269 [unknown/low]
dunggul			Samson p269 [dictionary_explicit/high]
dungis		N	PALI:dungi’s
dungisdn			Samson p269 [unknown/low]
dungo		noun-verb	Samson p269 [dictionary_explicit/high]
dungu		D	PALI:dungu’q
dungus		N	PALI:du’ngus
dungut			Samson p270 [unknown/low]
dunut		adjective	Samson p270 [unknown/low]
dupikal			Samson p270 [unknown/low]
dupilas			Samson p270 [unknown/low]
duplika		verb	Samson p270 [unknown/low]
dura		N	PALI:du’raq
duray		N	PALI:dura’y
durian			Kapampangan-English-Pilipino wordlist p28 [unknown/low]
duru		N	PALI:du’ruq
duruc			Samson p271 [dictionary_explicit/high]
durug		verb	Samson p271 [unknown/low]
durul		noun	Samson p271 [dictionary_explicit/high]
durun		N	PALI:duru’n
durung		N	PALI:duru’ng
durup			Samson p271 [dictionary_explicit/high]
duruplikan			Samson p270 [dictionary_explicit/high]
durut		N	PALI:du’rut
dusa		N	PALI:du’sa
dusing		D	PALI:dusi’ng
dusug			Mirikitani p915 [unknown/low]
dutung		N	PALI:du’tung
duwala		D	PALI:duwala’q
duwang		V	PALI:duwa’ng
duyan			Kapampangan-English-Pilipino wordlist p29 [unknown/low]
dwendi		N	PALI:dwe’ndi
dwi		N	PALI:dwi’q
dyakpat			Kapampangan-English-Pilipino wordlist p29 [unknown/low]
dyakston			Kapampangan-English-Pilipino wordlist p29 [unknown/low]
dyaryu			Mirikitani p916 [unknown/low]
dyes			Kapampangan-English-Pilipino wordlist p29 [unknown/low]
dyip			Kapampangan-English-Pilipino wordlist p29 [unknown/low]
e		Neg	PALI:e
ebun		N	PALI:e’bun
edad		N	PALI:eda’d
edema		noun	Samson p274 [unknown/low]
edision		noun	Samson p274 [unknown/low]
editor		noun	Samson p274 [unknown/low]
edukado		adjective	Samson p274 [unknown/low]
edukasion		noun	Samson p274 [unknown/low]
ee			Samson p274 [unknown/low]
ef		noun	Samson p274 [unknown/low]
efe		noun	Samson p274 [unknown/low]
efecto		noun	Samson p274 [unknown/low]
efectos			Samson p274 [unknown/low]
efisiensia		noun	Samson p274 [unknown/low]
efisiente			Samson p274 [unknown/low]
eganagana		D	PALI:e’gana:gana’
egipto		noun	Samson p274 [dictionary_explicit/high]
egyptian			Samson p274 [unknown/low]
ehe		noun	Samson p274 [unknown/low]
ehekusion		noun	Samson p275 [unknown/low]
ehekutivo		noun	Samson p275 [unknown/low]
ehemplar		noun	Samson p275 [unknown/low]
ehemplo		noun	Samson p275 [unknown/low]
ehersisio		noun	Samson p275 [dictionary_explicit/high]
ekilibrio		noun	Samson p275 [unknown/low]
ekis		noun	Samson p275 [unknown/low]
eklipsi		N	PALI:ekli’psi
eko			Kapampangan-English-Pilipino wordlist p29 [unknown/low]
elaborasion		noun	Samson p275 [unknown/low]
elastiko		noun	Samson p275 [unknown/low]
elatina		N	PALI:elati’na
elecsion		noun	Samson p275 [unknown/low]
electrisidad		noun	Samson p276 [unknown/low]
electronika		noun	Samson p276 [unknown/low]
elefante		noun	Samson p276 [unknown/low]
elegansia		noun	Samson p276 [unknown/low]
elegante		adjective	Samson p276 [unknown/low]
elementaria		adjective	Samson p276 [unknown/low]
elemento		noun	Samson p276 [unknown/low]
eliminasion		noun	Samson p276 [unknown/low]
elise			Samson p276 [unknown/low]
eliseo		noun	Samson p276 [unknown/low]
eljin		N	PALI:e’ljin
elohim			Samson p276 [unknown/low]
elokuente		adjective	Samson p276 [unknown/low]
elokusion		noun	Samson p276 [unknown/low]
elu		N	PALI:e’lu
ema		N	PALI:e’ma
embahada		noun	Samson p276 [unknown/low]
embalsamador			Samson p277 [unknown/low]
embalsamo		verb	Samson p277 [unknown/low]
embargo		noun	Samson p277 [unknown/low]
embarguan			Samson p277 [unknown/low]
embarkasion		noun	Samson p277 [unknown/low]
embeske			Samson p277 [unknown/low]
embestidura		noun	Samson p277 [unknown/low]
emblema		noun	Samson p277 [unknown/low]
embornal		noun	Samson p277 [dictionary_explicit/high]
embudo		noun	Samson p277 [unknown/low]
embutido		noun	Samson p277 [unknown/low]
emigrante		noun	Samson p277 [unknown/low]
emisario		noun	Samson p277 [unknown/low]
emosion		noun	Samson p277 [unknown/low]
emotional			Samson p277 [unknown/low]
empacho		noun	Samson p277 [dictionary_explicit/high]
empake		noun	Samson p277 [unknown/low]
empanada		noun	Samson p278 [dictionary_explicit/high]
empasis			Samson p278 [unknown/low]
empenio		noun	Samson p278 [dictionary_explicit/high]
emperador		noun	Samson p278 [unknown/low]
empire			Samson p278 [unknown/low]
emplasto		noun	Samson p278 [unknown/low]
emplastudn			Samson p278 [unknown/low]
empleado			Samson p278 [unknown/low]
empleo		noun	Samson p278 [unknown/low]
employee			Samson p278 [unknown/low]
emporio		noun	Samson p278 [unknown/low]
empresario		noun	Samson p278 [unknown/low]
emut		N	PALI:e’mut
enamorada			Samson p278 [unknown/low]
enano		noun	Samson p278 [dictionary_explicit/high]
endorso		noun	Samson p279 [dictionary_explicit/high]
enerhiya		noun	Samson p279 [unknown/low]
enero		noun	Samson p279 [unknown/low]
eneru		N	PALI:ene’ru
engganio			Samson p279 [dictionary_explicit/high]
enggaste		noun	Samson p279 [unknown/low]
engranahe		noun	Samson p279 [unknown/low]
engrande			Samson p279 [unknown/low]
enigma		noun	Samson p279 [unknown/low]
enkahe		noun	Samson p278 [unknown/low]
enkantado		adjective	Samson p278 [unknown/low]
enkantador			Samson p278 [unknown/low]
enkanto			Samson p278 [unknown/low]
enkargado		noun	Samson p278 [unknown/low]
enkargo		noun	Samson p278 [unknown/low]
enkarna		verb	Samson p278 [unknown/low]
enkarnasion		noun	Samson p278 [unknown/low]
enkuentro		noun	Samson p278 [unknown/low]
ensaimada		noun	Samson p279 [unknown/low]
ensalada		noun	Samson p279 [dictionary_explicit/high]
ensayo		noun	Samson p279 [unknown/low]
enselada			Mirikitani p916 [unknown/low]
entablado		noun	Samson p279 [unknown/low]
entendido		adjective	Samson p279 [unknown/low]
entero		adjective	Samson p279 [unknown/low]
entierro		noun	Samson p279 [unknown/low]
entonses		adverb	Samson p279 [unknown/low]
entrada		noun	Samson p279 [unknown/low]
entrega			Samson p280 [unknown/low]
entremetida			Samson p280 [unknown/low]
entresuelo		noun	Samson p280 [unknown/low]
epidemia		noun	Samson p280 [unknown/low]
epidemya		N	PALI:epide’mya
epifania		noun	Samson p280 [dictionary_explicit/high]
epika		noun	Samson p280 [unknown/low]
epilepsia		noun	Samson p280 [unknown/low]
epileptiko			Samson p280 [unknown/low]
epilogo		noun	Samson p280 [unknown/low]
episkopado		noun	Samson p280 [unknown/low]
episkopal		adjective	Samson p280 [unknown/low]
episodio		noun	Samson p280 [unknown/low]
epoka		noun	Samson p281 [unknown/low]
eran		N	PALI:e’ran
ere		noun	Samson p281 [unknown/low]
erecsion		noun	Samson p281 [unknown/low]
erehe			Samson p281 [dictionary_explicit/high]
erehia			Samson p281 [dictionary_explicit/high]
ermitanio		noun	Samson p281 [dictionary_explicit/high]
eroplano		noun	Samson p281 [unknown/low]
errata			Samson p281 [unknown/low]
erratum			Samson p281 [unknown/low]
error		noun	Samson p281 [unknown/low]
escriba		noun	Samson p282 [unknown/low]
escribiente		noun	Samson p282 [unknown/low]
escrima			Samson p282 [unknown/low]
escrimador			Samson p282 [unknown/low]
escritorio		noun	Samson p283 [unknown/low]
escritura		noun	Samson p283 [unknown/low]
escrupulo		noun	Samson p283 [unknown/low]
escrupulosidad			Samson p283 [unknown/low]
escrutinio		noun	Samson p283 [unknown/low]
esdras			Samson p283 [unknown/low]
ese		noun (OCR: printed as 'ft.')	Samson p283 [unknown/low]
esensia		noun	Samson p283 [unknown/low]
eskabeche		noun	Samson p281 [unknown/low]
eskala		noun	Samson p281 [unknown/low]
eskalado			Samson p281 [unknown/low]
eskalera		noun	Samson p282 [unknown/low]
eskalon		noun	Samson p281 [unknown/low]
eskandalo		noun	Samson p282 [unknown/low]
eskaparate		noun	Samson p282 [unknown/low]
eskapulario		noun	Samson p282 [unknown/low]
eskarlata		noun	Samson p282 [unknown/low]
eskayola		noun	Samson p282 [unknown/low]
eskilada		noun	Samson p283 [unknown/low]
eskjna		noun	Samson p283 [unknown/low]
eskoba		noun	Samson p282 [unknown/low]
eskolta		noun	Samson p282 [unknown/low]
eskombro		noun	Samson p282 [unknown/low]
eskomulgado		adjective	Samson p282 [unknown/low]
eskopeta		noun	Samson p282 [unknown/low]
eskorpion		noun	Samson p282 [unknown/low]
eskosia		noun	Samson p282 [unknown/low]
eskotada		adjective	Samson p282 [unknown/low]
eskuadron		noun	Samson p283 [unknown/low]
eskudero		noun	Samson p283 [unknown/low]
eskudo		noun	Samson p283 [unknown/low]
eskuela		noun	Samson p283 [unknown/low]
eskultor		noun	Samson p283 [unknown/low]
eskultura		noun	Samson p283 [unknown/low]
eskupeta		N	PALI:eskupe’ta
esmalte		noun	Samson p283 [unknown/low]
esmeralda		noun	Samson p283 [unknown/low]
esopago		noun	Samson p283 [unknown/low]
esopo		noun	Samson p283 [unknown/low]
espanya			Mirikitani p916 [unknown/low]
esperanza		noun	Samson p284 [unknown/low]
espesial		adjective	Samson p284 [unknown/low]
espesialidad		noun	Samson p284 [unknown/low]
espesialista		noun	Samson p284 [unknown/low]
espesialmente			Samson p284 [unknown/low]
espesie		noun	Samson p284 [unknown/low]
espespada		noun	Samson p284 [unknown/low]
espia			Samson p284 [unknown/low]
espiga		noun	Samson p285 [unknown/low]
espina		noun	Samson p285 [unknown/low]
espinghe		noun	Samson p285 [unknown/low]
espiral			Samson p285 [unknown/low]
espiritismo		noun	Samson p285 [unknown/low]
espiritista			Samson p285 [unknown/low]
espiritu			Samson p285 [unknown/low]
espiritual		adjective	Samson p285 [unknown/low]
espiritualidad		noun	Samson p286 [unknown/low]
espongha		noun	Samson p286 [unknown/low]
esposa			Samson p286 [unknown/low]
espuma		noun	Samson p286 [unknown/low]
estable		adjective	Samson p286 [unknown/low]
estadista		noun	Samson p286 [unknown/low]
estado		noun	Samson p286 [unknown/low]
estafa		noun	Samson p286 [unknown/low]
estafador		noun	Samson p286 [unknown/low]
estambre			Samson p286 [unknown/low]
estampa		noun	Samson p286 [unknown/low]
estampita		noun	Samson p286 [unknown/low]
estandarte		noun	Samson p286 [unknown/low]
estangko		noun	Samson p286 [unknown/low]
estaniador		noun	Samson p287 [unknown/low]
estanio		noun	Samson p287 [unknown/low]
estante		noun	Samson p287 [unknown/low]
estasion		noun	Samson p286 [unknown/low]
estatua		noun	Samson p287 [unknown/low]
este			Samson p287 [unknown/low]
estela		noun	Samson p287 [unknown/low]
ester		N	PALI:ester
esteril		adjective	Samson p287 [unknown/low]
esterilisa		verb	Samson p287 [unknown/low]
esterlina		noun	Samson p287 [unknown/low]
estilo		noun	Samson p287 [unknown/low]
estima			Samson p287 [unknown/low]
estividor		noun	Samson p287 [dictionary_explicit/high]
estola		noun	Samson p287 [unknown/low]
estopado		adjective	Samson p287 [unknown/low]
estorbo			Samson p287 [unknown/low]
estrada		noun	Samson p287 [unknown/low]
estratehia		noun	Samson p287 [dictionary_explicit/high]
estrelya		noun	Samson p287 [unknown/low]
estribo		noun	Samson p287 [unknown/low]
estricto		adjective	Samson p287 [unknown/low]
estrofa		noun	Samson p288 [unknown/low]
estuche		noun	Samson p288 [unknown/low]
estudiante		noun	Samson p288 [unknown/low]
estupido		adjective	Samson p288 [unknown/low]
esus		N	PALI:esu’s
eternidad		noun	Samson p288 [unknown/low]
etika		noun	Samson p288 [unknown/low]
etiketa			Samson p288 [unknown/low]
etikette			Samson p288 [unknown/low]
etnolohiya		noun	Samson p288 [unknown/low]
eucharistiko			Samson p288 [unknown/low]
eukaristia		noun	Samson p288 [dictionary_explicit/high]
eukaristiko		adjective	Samson p288 [unknown/low]
europa		noun	Samson p288 [unknown/low]
european			Samson p288 [unknown/low]
exacto		adjective	Samson p288 [unknown/low]
examin		verb	Samson p288 [dictionary_explicit/high]
examinador		noun	Samson p289 [unknown/low]
examinasion		noun	Samson p289 [unknown/low]
exclamasion		noun	Samson p289 [unknown/low]
exploit			Samson p290 [unknown/low]
explotasion		noun	Samson p290 [unknown/low]
exponente		noun	Samson p290 [unknown/low]
exselensia		noun	Samson p289 [unknown/low]
exselente		adjective	Samson p289 [unknown/low]
extension		noun	Samson p290 [unknown/low]
exterior		adjective	Samson p290 [unknown/low]
externa			Samson p290 [unknown/low]
extorsion		noun	Samson p290 [unknown/low]
extradision		noun	Samson p290 [unknown/low]
extraordinario		adjective	Samson p290 [unknown/low]
extravagante		adjective	Samson p290 [unknown/low]
extremaunsion			Samson p290 [unknown/low]
extrenaunsion		noun	Samson p290 [unknown/low]
eyata		adverb	Samson p290 [dictionary_explicit/high]
eyustakyu		N	PALI:eyustakyu
fabula		noun	Samson p291 [unknown/low]
fabuloso		adjective	Samson p291 [unknown/low]
facsion		noun	Samson p291 [unknown/low]
fakir		noun	Samson p292 [unknown/low]
falda		noun	Samson p292 [unknown/low]
faldistorio		noun	Samson p292 [unknown/low]
falia		noun	Samson p292 [unknown/low]
faliado		adjective	Samson p292 [unknown/low]
falio		noun	Samson p292 [unknown/low]
falkoneria		noun	Samson p292 [unknown/low]
false-hearted			Samson p292 [unknown/low]
falsetto		noun	Samson p292 [unknown/low]
falsifier			Samson p292 [unknown/low]
falsifika		verb	Samson p292 [unknown/low]
falsifikado			Samson p292 [unknown/low]
falsifikasion		noun	Samson p292 [unknown/low]
falsifying			Samson p292 [unknown/low]
falso		adjective	Samson p292 [unknown/low]
falta		noun	Samson p293 [unknown/low]
fama		noun	Samson p293 [unknown/low]
familia		noun	Samson p293 [unknown/low]
famoso		adjective	Samson p293 [unknown/low]
fanatiko		adjective	Samson p293 [unknown/low]
fanatisismo		noun	Samson p293 [unknown/low]
fandanggo		noun	Samson p293 [unknown/low]
fantasia		noun	Samson p293 [unknown/low]
fantasma		noun	Samson p293 [unknown/low]
fantastiko		adjective	Samson p293 [unknown/low]
farola		noun	Samson p294 [unknown/low]
fassikulo		noun	Samson p294 [unknown/low]
fastidio		noun	Samson p294 [unknown/low]
fatal		adjective	Samson p294 [unknown/low]
fatalismo		noun	Samson p294 [unknown/low]
fatiga		noun	Samson p294 [dictionary_explicit/high]
fatima		noun	Samson p294 [unknown/low]
fausto		adjective	Samson p294 [unknown/low]
favor		noun	Samson p294 [unknown/low]
favorable		adjective	Samson p294 [unknown/low]
favorito			Samson p294 [unknown/low]
febe			Samson p294 [unknown/low]
febo		noun	Samson p295 [unknown/low]
febrero		noun	Samson p295 [unknown/low]
fedayeen			Samson p295 [unknown/low]
federalismo		noun	Samson p295 [unknown/low]
federalista		noun	Samson p295 [unknown/low]
federasion		noun	Samson p295 [unknown/low]
fekundo		adjective	Samson p295 [unknown/low]
felisidad		noun	Samson p295 [unknown/low]
felisitasion		noun	Samson p295 [unknown/low]
feminism			Samson p295 [unknown/low]
feminismo		noun	Samson p295 [unknown/low]
feminista		noun	Samson p295 [unknown/low]
fenix		noun	Samson p295 [unknown/low]
fenomeno		noun	Samson p295 [unknown/low]
feo			Samson p295 [unknown/low]
feria		noun	Samson p295 [unknown/low]
fermentasion		noun	Samson p295 [unknown/low]
ferminante			Samson p295 [unknown/low]
ferrokaril		noun	Samson p295 [unknown/low]
fertil		adjective	Samson p295 [unknown/low]
fertilidad		noun	Samson p295 [unknown/low]
fervor		noun	Samson p295 [unknown/low]
fervorin		noun	Samson p295 [unknown/low]
festehado		noun	Samson p295 [unknown/low]
festehante		adjective	Samson p295 [unknown/low]
festival		noun	Samson p295 [unknown/low]
festividad		noun	Samson p296 [unknown/low]
feto		noun	Samson p296 [unknown/low]
fetucdne			Samson p296 [unknown/low]
feudalismo		noun	Samson p296 [unknown/low]
fiador		noun	Samson p296 [unknown/low]
fiambrera		noun	Samson p296 [unknown/low]
fianza		noun	Samson p296 [unknown/low]
fiasko		noun	Samson p296 [unknown/low]
fiat			Samson p296 [unknown/low]
fibroso		adjective	Samson p296 [unknown/low]
fictisioso		adjective	Samson p296 [unknown/low]
fideos			Samson p296 [unknown/low]
fidusiario		adjective	Samson p296 [unknown/low]
fiesta		noun	Samson p296 [unknown/low]
figura		noun	Samson p296 [unknown/low]
figurativo		adjective	Samson p296 [unknown/low]
figurin		noun	Samson p296 [unknown/low]
fihadu			Samson p297 [unknown/low]
fihu		adjective	Samson p297 [unknown/low]
fila		noun	Samson p297 [unknown/low]
file			Samson p297 [unknown/low]
filemon			Samson p297 [unknown/low]
filete		noun	Samson p297 [unknown/low]
filibusterismo		noun	Samson p297 [unknown/low]
filipino			Samson p297 [unknown/low]
filipos			Samson p297 [unknown/low]
filisteo			Samson p297 [unknown/low]
filologo		noun	Samson p297 [unknown/low]
filomena		noun	Samson p297 [unknown/low]
filosofiko		adjective	Samson p298 [unknown/low]
filosofiya			Samson p297 [unknown/low]
filosofo		noun	Samson p298 [unknown/low]
filtro		noun	Samson p298 [unknown/low]
final		adjective	Samson p298 [unknown/low]
finansia		noun	Samson p298 [unknown/low]
finansiero		noun	Samson p298 [unknown/low]
finlandes			Samson p298 [unknown/low]
finlandia		noun	Samson p298 [unknown/low]
fino		adjective	Samson p298 [unknown/low]
fired			Samson p108 [unknown/low]
firma		noun	Samson p298 [unknown/low]
firmamento		noun	Samson p298 [unknown/low]
firme			Samson p298 [dictionary_explicit/high]
flahelante		noun	Samson p298 [unknown/low]
flamenko		noun	Samson p299 [unknown/low]
flatulensia		noun	Samson p299 [unknown/low]
flauta		noun	Samson p299 [unknown/low]
flautista		noun	Samson p299 [unknown/low]
flema		noun	Samson p299 [unknown/low]
flerida		noun	Samson p299 [unknown/low]
flor			Samson p299 [unknown/low]
flora			Samson p299 [unknown/low]
florante		noun	Samson p299 [unknown/low]
floreo			Samson p299 [unknown/low]
foils			Samson p299 [unknown/low]
folio		noun	Samson p299 [unknown/low]
folyeto		noun	Samson p299 [unknown/low]
fonda		noun	Samson p299 [unknown/low]
fondo		noun	Samson p299 [unknown/low]
fonetiko			Samson p299 [unknown/low]
fonografo		noun	Samson p299 [unknown/low]
fontana		noun	Samson p300 [unknown/low]
form			Samson p300 [unknown/low]
forma		noun	Samson p300 [unknown/low]
formal		adjective	Samson p300 [unknown/low]
formula		noun	Samson p300 [unknown/low]
formulario		noun	Samson p300 [unknown/low]
fornikasion		noun	Samson p300 [unknown/low]
fornikation			Samson p300 [unknown/low]
foro		noun	Samson p300 [unknown/low]
forte		noun	Samson p300 [unknown/low]
fortifikasion		noun	Samson p300 [unknown/low]
fortissimo			Samson p300 [unknown/low]
fortitud		noun	Samson p300 [dictionary_explicit/high]
forzado		adjective	Samson p301 [dictionary_explicit/high]
fosporo			Samson p301 [unknown/low]
fotografiko		adjective	Samson p301 [unknown/low]
fotografiya		noun	Samson p301 [unknown/low]
fotografo		noun	Samson p301 [unknown/low]
fotokopia		noun	Samson p301 [unknown/low]
fraile		noun	Samson p301 [unknown/low]
franka		adjective	Samson p301 [unknown/low]
frankisia		noun	Samson p301 [dictionary_explicit/high]
franses		noun	Samson p301 [unknown/low]
fransia		noun	Samson p301 [unknown/low]
fransiskano			Samson p301 [unknown/low]
frase		noun	Samson p302 [unknown/low]
frasko		noun	Samson p301 [dictionary_explicit/high]
fraternal		adjective	Samson p302 [unknown/low]
fraternity			Samson p302 [unknown/low]
fratrisidio		noun	Samson p302 [unknown/low]
fraudulente		adjective	Samson p302 [unknown/low]
fray		noun	Samson p302 [unknown/low]
frekuente		adjective	Samson p302 [unknown/low]
freno		noun	Samson p302 [unknown/low]
frente		noun (OCR: printed as 'ft.')	Samson p302 [unknown/low]
fresa		noun (OCR: printed as 'ft.')	Samson p302 [unknown/low]
fresko		adjective	Samson p302 [unknown/low]
fricsion		noun (OCR: printed as 'ft.')	Samson p302 [unknown/low]
fritada			Samson p302 [dictionary_explicit/high]
frito			Samson p302 [unknown/low]
fruta		noun (OCR: printed as 'ft.')	Samson p302 [unknown/low]
frutera			Samson p302 [unknown/low]
ft			Samson p302 [unknown/low]
fuente		noun	Samson p302 [unknown/low]
fuera		adjective	Samson p303 [unknown/low]
fuerte		adjective	Samson p303 [unknown/low]
fuerza		noun	Samson p303 [unknown/low]
fugante		noun	Samson p303 [unknown/low]
fugon			Samson p303 [unknown/low]
fulano			Samson p303 [unknown/low]
fumador		noun	Samson p303 [unknown/low]
fumigasion		noun	Samson p303 [unknown/low]
gabak			Kapampangan-English-Pilipino wordlist p29 [unknown/low]
gabak-		N./D./St	PALI:gaba’k-
gabe			Kapampangan-English-Pilipino wordlist p29 [unknown/low]
gabun		N	PALI:gabu’n
gadgad		D./St./V	PALI:gadgad
gadtu		D	PALI:-gadtu’q
gag-dia		noun	Samson p306 [unknown/low]
gaga		V	PALI:ga’gaq
gagawan			Mirikitani p917 [unknown/low]
gaggiat		verb	Samson p306 [unknown/low]
gago			Samson p306 [unknown/low]
gagu		D	PALI:ga’gu
gaguti			Samson p306 [dictionary_explicit/high]
gaindu		noun	Samson p306 [unknown/low]
gaiwan		verb	Samson p306 [unknown/low]
gakgak		V	PALI:gakga’k
gal		*agal, (D	PALI:-gal
gala		noun-verb	Samson p306 [unknown/low]
galabadu			Samson p306 [dictionary_explicit/high]
galacgac			Samson p306 [dictionary_explicit/high]
galadgad		noun	Samson p306 [unknown/low]
galagala			Samson p306 [unknown/low]
galagalapac			Samson p307 [unknown/low]
galal			Samson p307 [dictionary_explicit/high]
galamanu			Samson p307 [unknown/low]
galame		noun	Samson p307 [unknown/low]
galamit			Samson p307 [unknown/low]
galamus			Samson p307 [unknown/low]
galang		N	PALI:ga’lang
galanggalang		noun	Samson p307 [unknown/low]
galanggang		noun-verb	Samson p307 [unknown/low]
galante		adjective	Samson p307 [unknown/low]
galantina		noun	Samson p307 [unknown/low]
galapac		noun	Samson p307 [unknown/low]
galapung			Kapampangan-English-Pilipino wordlist p29 [unknown/low]
galas			Kapampangan-English-Pilipino wordlist p29 [unknown/low]
galasgas		noun	Samson p307 [unknown/low]
galatgat		verb	Samson p307 [unknown/low]
galauc			Samson p308 [dictionary_explicit/high]
galayan		noun	Samson p308 [unknown/low]
gale		noun	Samson p308 [unknown/low]
galeon		noun	Samson p308 [unknown/low]
galeriya			Samson p308 [unknown/low]
galeuc			Samson p308 [dictionary_explicit/high]
galeung		noun	Samson p308 [unknown/low]
galgahu			Samson p308 [dictionary_explicit/high]
galgal		V	PALI:galgal
galgau			Kapampangan-English-Pilipino wordlist p29 [unknown/low]
galiad		noun	Samson p308 [dictionary_explicit/high]
galicgic		noun	Samson p308 [unknown/low]
galieta		noun (OCR: printed as 'ft.')	Samson p309 [unknown/low]
galigatsu		noun	Samson p308 [unknown/low]
galigatus			Samson p308 [dictionary_explicit/high]
galigit		verb	Samson p308 [dictionary_explicit/high]
galigu		N	PALI:galigu’q
galikgik		V	PALI:galikgi’k
galilea		noun (OCR: printed as 'ft.')	Samson p309 [unknown/low]
galileo		adjective	Samson p309 [unknown/low]
galimgim		noun-verb	Samson p309 [unknown/low]
galing		noun (OCR: printed as 'ft.')	Samson p309 [dictionary_explicit/high]
galingaldo			Kapampangan-English-Pilipino wordlist p29 [unknown/low]
galis		noun	Samson p309 [unknown/low]
galitgitan		adjective	Samson p309 [dictionary_explicit/high]
galo		N	PALI:galo’
galope		noun	Samson p309 [unknown/low]
galoperas			Samson p310 [unknown/low]
galsal		verb	Samson p310 [unknown/low]
galting		adjective	Samson p310 [unknown/low]
galtung		adjective	Samson p310 [unknown/low]
galu		noun	Samson p310 [unknown/low]
galucguc		noun	Samson p310 [unknown/low]
galudgud		N	PALI:galudgu’d
galugo		noun-verb	Samson p310 [unknown/low]
galugu		noun	Samson p310 [dictionary_explicit/high]
galung		noun (OCR: printed as 'ft.')	Samson p310 [unknown/low]
galunggang		noun (OCR: printed as 'ft.')	Samson p310 [unknown/low]
galunggong		noun (OCR: printed as 'ft.')	Samson p310 [unknown/low]
galunggung		N	PALI:galunggu’ng
galus		noun (OCR: printed as 'ft.')	Samson p310 [dictionary_explicit/high]
galut		adjective	Samson p310 [dictionary_explicit/high]
galvanizadu		adjective	Samson p310 [unknown/low]
gamal			Samson p310 [dictionary_explicit/high]
gamas			Samson p310 [dictionary_explicit/high]
gamat		N	PALI:gama’t
gambul		adjective	Samson p311 [dictionary_explicit/high]
gambul-		V	PALI:gambu’l-
gamgam		noun	Samson p311 [dictionary_explicit/high]
gamit		V	PALI:ga’mit
gamogamo			Samson p311 [dictionary_explicit/high]
gampa		V./St	PALI:gampa’q
gamus		V	PALI:ga’mus
gamut		noun	Samson p312 [dictionary_explicit/high]
gamuza		noun	Samson p312 [unknown/low]
gana		N	PALI:ga’na
ganado		noun	Samson p313 [unknown/low]
ganadus			Kapampangan-English-Pilipino wordlist p29 [unknown/low]
ganaka		D	PALI:ganaka’q
ganansia		noun	Samson p313 [dictionary_explicit/high]
ganap		D	PALI:gana’p
ganarul			Samson p313 [unknown/low]
gancho			Samson p313 [dictionary_explicit/high]
gandus		N	PALI:gandu’s
gangdang		noun	Samson p314 [unknown/low]
ganggatu		noun	Samson p314 [unknown/low]
gangrena		noun	Samson p314 [unknown/low]
gangsal		adjective	Samson p314 [dictionary_explicit/high]
gani		noun	Samson p314 [unknown/low]
ganid		adjective	Samson p314 [unknown/low]
ganing-aldo		N	PALI:gani’ng-aldo’
ganingaldo		adverb	Samson p314 [dictionary_explicit/high]
gansa		N	PALI:gansa’
gansal		adjective	Samson p314 [unknown/low]
gansuiu		noun	Samson p314 [dictionary_explicit/high]
ganu		transitive verb	Samson p314 [unknown/low]
gapang		V	PALI:ga’pang
gapas		V	PALI:ga’pas
gapgap			Samson p314 [dictionary_explicit/high]
gapi		adjective	Samson p314 [dictionary_explicit/high]
gapis		N	PALI:ga’pis
gapus		N	PALI:ga’pus
garadu		N	PALI:gara’du
garai			Kapampangan-English-Pilipino wordlist p29 [unknown/low]
garapata			Kapampangan-English-Pilipino wordlist p30 [unknown/low]
garapun		N	PALI:garapu’n
garbanzo		noun	Samson p316 [unknown/low]
garbo		noun	Samson p316 [unknown/low]
gareta		N	PALI:gare’ta
gargantilia		noun	Samson p316 [unknown/low]
garil		adjective	Samson p316 [unknown/low]
garilit			Samson p316 [unknown/low]
garing		noun	Samson p316 [unknown/low]
garitun		noun	Samson p316 [dictionary_explicit/high]
garosa		N	PALI:garo’sa
garote			Samson p316 [unknown/low]
garrafa		noun	Samson p316 [unknown/low]
garrafon		noun	Samson p316 [unknown/low]
garrote			Samson p316 [unknown/low]
garungan		N	PALI:ga:ru’ngan
gas		N	PALI:gas
gasa		verb	Samson p316 [unknown/low]
gasac			Samson p317 [dictionary_explicit/high]
gasera		noun	Samson p317 [unknown/low]
gasgas		N	PALI:gasga’s
gasi			Samson p317 [unknown/low]
gaslo		D	PALI:gaslo’
gasolina		N	PALI:gasoli’na
gaspang		D	PALI:-gaspa’ng
gaspung			Mirikitani p917 [unknown/low]
gasta			Samson p317 [dictionary_explicit/high]
gastadu		adjective	Samson p317 [unknown/low]
gastarul			Samson p317 [unknown/low]
gastus		N	PALI:gastu’s
gasu			Samson p318 [dictionary_explicit/high]
gasul			Samson p318 [dictionary_explicit/high]
gasulina			Kapampangan-English-Pilipino wordlist p30 [unknown/low]
gat			Kapampangan-English-Pilipino wordlist p30 [unknown/low]
gat-ta		noun	Samson p319 [unknown/low]
gatal		D	PALI:gata’l
gatang		N	PALI:ga’tang
gatas		N	PALI:ga’tas
gatgat		adjective	Samson p318 [unknown/low]
gatiauin			Kapampangan-English-Pilipino wordlist p30 [unknown/low]
gatil			Kapampangan-English-Pilipino wordlist p30 [unknown/low]
gatla		noun	Samson p318 [unknown/low]
gatling			Samson p318 [unknown/low]
gato		noun-verb	Samson p318 [unknown/low]
gatpanapun		N	PALI:gatpana’pun
gatu		N	PALI:ga’tu
gatus			Samson p319 [unknown/low]
gaua			Samson p319 [dictionary_explicit/high]
gauang			Samson p319 [unknown/low]
gauc			Samson p319 [dictionary_explicit/high]
gaud		noun	Samson p319 [dictionary_explicit/high]
gaue		noun	Samson p319 [unknown/low]
gaui		adjective	Samson p319 [unknown/low]
gauo			Samson p320 [unknown/low]
gawa		V	PALI:gawa’q
gawagawa		V./D./St	PALI:gawa:gawa’q
gawi		N./St	PALI:gawi’q
gayac		noun	Samson p320 [dictionary_explicit/high]
gayad		N	PALI:ga’yad
gayaga		adjective	Samson p320 [unknown/low]
gayak		V	PALI:gaya’k
gayang		noun	Samson p320 [dictionary_explicit/high]
gayo		noun-verb	Samson p320 [dictionary_explicit/high]
gayud			Samson p320 [unknown/low]
gayuma		N	PALI:gayu’ma
gayut		noun	Samson p320 [unknown/low]
ge			Samson p320 [dictionary_explicit/high]
gege		V	PALI:ge’ge
gendu			PALI:gendu’q
gera		N	PALI:ge’ra
gerilya		N	PALI:geri’lya
gerra		noun	Samson p320 [unknown/low]
gerrero		noun	Samson p321 [dictionary_explicit/high]
gerrilia			Samson p321 [unknown/low]
gewa			Mirikitani p918 [unknown/low]
giagis		noun	Samson p321 [unknown/low]
gigit		V	PALI:gigi’t
gigut		V	PALI:gi’gut
gilagid		N	PALI:gila’gid
gili		N	PALI:gili’q
gilid		N	PALI:gi’lid
giligit		V	PALI:giligi’t
giling		V	PALI:gili’ng
ginilan			Samson p321 [dictionary_explicit/high]
ginot			Samson p323 [unknown/low]
gintu		N./D	PALI:gintu’
ginu			Kapampangan-English-Pilipino wordlist p30 [unknown/low]
gion		noun	Samson p323 [unknown/low]
gipit			Samson p323 [unknown/low]
gipu		adjective	Samson p323 [unknown/low]
gipus		adjective	Samson p323 [unknown/low]
giram		noun	Samson p323 [unknown/low]
gire			Samson p323 [unknown/low]
giri			Samson p323 [dictionary_explicit/high]
girimil		N	PALI:gi’rimi’l
giripu			Kapampangan-English-Pilipino wordlist p30 [unknown/low]
gisa		verb	Samson p323 [unknown/low]
gisadu			Kapampangan-English-Pilipino wordlist p30 [unknown/low]
gisan		St./D	PALI:gi’san
gisantes		noun	Samson p323 [unknown/low]
gisantis		N	PALI:gisa’ntis
gisi		adjective	Samson p323 [dictionary_explicit/high]
gising		St./D	PALI:gi’sing
gitad			Samson p324 [unknown/low]
gitang		noun	Samson p324 [unknown/low]
gitara		N	PALI:gita’ra
gitata		noun	Samson p324 [unknown/low]
gitil		noun	Samson p324 [dictionary_explicit/high]
giting		D./St	PALI:giti’ng
gitis			Samson p324 [dictionary_explicit/high]
gitle		adjective	Samson p324 [dictionary_explicit/high]
giua		noun	Samson p324 [dictionary_explicit/high]
giya		N	PALI:giya’
glaukoma		noun	Samson p324 [unknown/low]
globo		noun	Samson p324 [unknown/low]
gloria		noun	Samson p324 [unknown/low]
gloriapatri			Samson p324 [unknown/low]
glorieta		noun	Samson p325 [unknown/low]
gobernador		noun	Samson p325 [unknown/low]
gobernadorsilio		noun	Samson p325 [unknown/low]
gobierno		noun	Samson p325 [unknown/low]
gogo		N	PALI:gogo
gogobiernuan			Samson p325 [unknown/low]
goma		N	PALI:go’ma
gosu		N	PALI:go’su
govern			Samson p325 [dictionary_explicit/high]
gozo		noun	Samson p326 [unknown/low]
grabado		noun	Samson p326 [unknown/low]
grabador		noun	Samson p326 [unknown/low]
grabadura			Samson p326 [unknown/low]
gradas		noun	Samson p326 [unknown/low]
gradins			Samson p326 [unknown/low]
grado			Mirikitani p918 [unknown/low]
gradu		noun	Samson p326 [unknown/low]
graduasion		noun	Samson p326 [unknown/low]
graft			Samson p326 [unknown/low]
grama		noun	Samson p326 [unknown/low]
gramatika		noun	Samson p326 [unknown/low]
gramo		noun	Samson p326 [unknown/low]
gramofopo		noun	Samson p326 [unknown/low]
granada		noun	Samson p326 [unknown/low]
granate		noun	Samson p326 [unknown/low]
grande		adjective	Samson p326 [unknown/low]
grano		noun	Samson p326 [unknown/low]
granolitic		adjective	Samson p326 [unknown/low]
grasia		noun	Samson p326 [unknown/low]
grasioso		adjective	Samson p326 [unknown/low]
grava		noun	Samson p327 [unknown/low]
grave		adjective	Samson p327 [unknown/low]
gravedad		noun	Samson p327 [unknown/low]
gresia		noun	Samson p327 [unknown/low]
griego		noun	Samson p327 [unknown/low]
groseriya		noun	Samson p327 [unknown/low]
group			Samson p185 [dictionary_explicit/high]
grupu		noun	Samson p328 [unknown/low]
gruta		noun	Samson p328 [unknown/low]
guang		noun	Samson p328 [unknown/low]
guantes			Samson p328 [unknown/low]
guardia		noun	Samson p328 [dictionary_explicit/high]
guardya			Mirikitani p918 [unknown/low]
gubat		N	PALI:gu’bat
gubyernu		N	PALI:gubye’rnu
gugu		N	PALI:gu’gu
gugul		noun	Samson p329 [unknown/low]
guguling		noun	Samson p329 [unknown/low]
gugupu		D./St	PALI:gu’gupu’q
gugut		adjective	Samson p329 [unknown/low]
gula		noun	Samson p329 [unknown/low]
gulabe			Samson p329 [unknown/low]
gulait			Samson p329 [dictionary_explicit/high]
gulaman		noun	Samson p329 [unknown/low]
gulapayan			Samson p329 [dictionary_explicit/high]
gulape			Samson p329 [unknown/low]
gulasio			Samson p329 [unknown/low]
gulat		noun	Samson p329 [unknown/low]
gule			Kapampangan-English-Pilipino wordlist p30 [unknown/low]
gulgul			Samson p329 [unknown/low]
gulguria		noun	Samson p329 [dictionary_explicit/high]
guliac			Samson p329 [dictionary_explicit/high]
gulio			Samson p329 [unknown/low]
gulis		N	PALI:gu’lis
gulisac			Samson p329 [unknown/low]
gulisak		V	PALI:guli’sak
guliti			Kapampangan-English-Pilipino wordlist p30 [unknown/low]
guliut			Samson p329 [unknown/low]
gulmuc		noun-verb	Samson p330 [unknown/low]
gulpi			Kapampangan-English-Pilipino wordlist p30 [unknown/low]
gulu		N	PALI:gulu’
gulud			Kapampangan-English-Pilipino wordlist p30 [unknown/low]
guluk		N	PALI:guluk
gulung		noun	Samson p330 [dictionary_explicit/high]
gulung-gulungan			Kapampangan-English-Pilipino wordlist p30 [unknown/low]
gulunggulungan		N	PALI:gulunggulungan
gulut		N	PALI:gu’lut
gumamila		noun	Samson p330 [unknown/low]
gumbac		noun	Samson p330 [unknown/low]
gumgum		noun-verb	Samson p330 [unknown/low]
gumi		noun	Samson p330 [unknown/low]
gumuc			Samson p330 [unknown/low]
gumun		noun	Samson p331 [unknown/low]
guna		noun	Samson p331 [dictionary_explicit/high]
gunam			Samson p331 [unknown/low]
gunlas		verb	Samson p331 [unknown/low]
gunlut			Samson p331 [dictionary_explicit/high]
guno		adjective	Samson p331 [unknown/low]
gunting		N	PALI:gunti’ng
gupit			Samson p331 [dictionary_explicit/high]
gupu			Samson p331 [unknown/low]
gurami		N	PALI:gura’miq
guriun			Samson p331 [unknown/low]
gurul			Kapampangan-English-Pilipino wordlist p30 [unknown/low]
gurumeti		noun	Samson p331 [unknown/low]
gusal			Kapampangan-English-Pilipino wordlist p30 [unknown/low]
gusali		noun	Samson p331 [unknown/low]
gusi		noun	Samson p331 [dictionary_explicit/high]
gustu		noun	Samson p331 [unknown/low]
gusut		adjective	Samson p331 [dictionary_explicit/high]
gutad		noun	Samson p331 [unknown/low]
gute			Samson p331 [unknown/low]
gutgut		adjective	Samson p332 [dictionary_explicit/high]
gutli		N	PALI:gutli’q
gutul			Samson p332 [unknown/low]
guwantis			Kapampangan-English-Pilipino wordlist p30 [unknown/low]
guwapu			Kapampangan-English-Pilipino wordlist p30 [unknown/low]
guyebnan		V	PALI:guye’bnan
guyud		N	PALI:guyu’d
gwantis		N	PALI:gwa’ntis
gwenabaya		N	PALI:gwenaba’ya
halimulmul		N	PALI:halimulmu’l
halus		adverb	Samson p334 [unknown/low]
hamaka		noun	Samson p334 [unknown/low]
hambug		V	PALI:-hambu’g
hapihapi		V	PALI:hapiha’pi
hapon			Samson p334 [unknown/low]
hardin		noun	Samson p334 [unknown/low]
hardinero		noun	Samson p334 [unknown/low]
harina			Samson p334 [unknown/low]
harmonia			Samson p334 [unknown/low]
harmonika		noun	Samson p334 [unknown/low]
harpa		noun	Samson p334 [dictionary_explicit/high]
hasmin			Samson p334 [unknown/low]
hasta			Samson p334 [unknown/low]
haula		noun	Samson p334 [unknown/low]
havanera		noun	Samson p334 [unknown/low]
hawai		noun	Samson p334 [dictionary_explicit/high]
hayag		noun	Samson p334 [dictionary_explicit/high]
head			Samson p332 [dictionary_explicit/high]
hebilia		noun	Samson p335 [unknown/low]
hebreo		noun	Samson p335 [unknown/low]
hebreos			Samson p335 [unknown/low]
hechafuera			Samson p335 [unknown/low]
hectaria		noun	Samson p335 [unknown/low]
heganagana			Samson p335 [unknown/low]
hele-hele		noun	Samson p335 [unknown/low]
hembra		noun	Samson p335 [unknown/low]
heneral			Samson p335 [unknown/low]
henio		noun	Samson p335 [unknown/low]
henuflecsion		noun	Samson p335 [unknown/low]
heografiya		noun	Samson p335 [unknown/low]
heraldika			Samson p336 [unknown/low]
heraldiko		adjective	Samson p336 [unknown/low]
heraldo		noun	Samson p336 [unknown/low]
herba			Samson p336 [unknown/low]
herbabuena			Samson p336 [unknown/low]
herbalista		noun	Samson p336 [unknown/low]
herbolario			Samson p336 [unknown/low]
heredero		noun	Samson p336 [unknown/low]
herehe		noun	Samson p336 [unknown/low]
herehia		noun	Samson p336 [unknown/low]
herensia		noun	Samson p336 [unknown/low]
heringilia			Samson p336 [unknown/low]
hermafrodita			Samson p336 [unknown/low]
hermafroditiko			Samson p336 [unknown/low]
hermandad		noun	Samson p336 [unknown/low]
hermano			Samson p336 [unknown/low]
hermaphrodites			Samson p336 [unknown/low]
herodes		noun	Samson p337 [unknown/low]
herodias		noun	Samson p337 [unknown/low]
heroe		noun	Samson p337 [unknown/low]
heroiko		adjective	Samson p337 [unknown/low]
heroismo		noun	Samson p337 [unknown/low]
herrero		noun	Samson p337 [unknown/low]
hibang			Samson p337 [unknown/low]
hibe		noun	Samson p337 [unknown/low]
hidalgo		noun	Samson p337 [unknown/low]
hidrauliko		noun	Samson p337 [unknown/low]
hidrofolio		noun	Samson p337 [unknown/low]
hidroplano		noun	Samson p337 [unknown/low]
hidropobia		noun	Samson p337 [unknown/low]
hielo		noun	Samson p337 [unknown/low]
hieroghfiko		noun	Samson p337 [unknown/low]
hieroglyphics			Samson p337 [unknown/low]
hierro		noun	Samson p337 [unknown/low]
hierros			Samson p337 [unknown/low]
higanti			Samson p338 [dictionary_explicit/high]
higera			Samson p338 [unknown/low]
hiho			Samson p338 [unknown/low]
hilacha		noun	Samson p338 [unknown/low]
hilado			Samson p338 [dictionary_explicit/high]
hilera		noun	Samson p338 [unknown/low]
hilig		noun	Samson p338 [unknown/low]
hilo		noun	Samson p338 [unknown/low]
hilut			PALI:hi’lut
himagsic			Samson p338 [unknown/low]
himate		noun	Samson p338 [unknown/low]
himnario		noun	Samson p338 [unknown/low]
himno		noun	Samson p338 [unknown/low]
hinabla			Samson p333 [dictionary_explicit/high]
hinakit			Samson p338 [unknown/low]
hinhin		noun	Samson p338 [unknown/low]
hiniebra			Samson p338 [dictionary_explicit/high]
hiperbole		noun	Samson p338 [unknown/low]
hiperdulia			Samson p338 [unknown/low]
hipocrisia		noun	Samson p338 [unknown/low]
hipocrita		noun	Samson p338 [unknown/low]
hipodromo		noun	Samson p338 [unknown/low]
hipopotamo		noun	Samson p338 [unknown/low]
hipostasis			Samson p338 [unknown/low]
hipoteka		noun	Samson p339 [unknown/low]
hipotesis		noun (OCR: printed as 'ft.')	Samson p339 [unknown/low]
hirasol			Samson p339 [unknown/low]
hisopo		noun (OCR: printed as 'ft.')	Samson p339 [unknown/low]
histeria		noun	Samson p339 [unknown/low]
histeriko		adjective	Samson p339 [unknown/low]
historiador		noun (OCR: printed as 'ft.')	Samson p339 [unknown/low]
historic		noun (OCR: printed as 'ft.')	Samson p339 [unknown/low]
historiko		adjective	Samson p339 [unknown/low]
history			Samson p339 [unknown/low]
hiyas			Samson p339 [unknown/low]
hoha			Samson p339 [unknown/low]
holanda		noun	Samson p339 [unknown/low]
holandesa			Samson p339 [unknown/low]
hombre		noun	Samson p339 [unknown/low]
homilia		noun (OCR: printed as 'ft.')	Samson p339 [unknown/low]
homisidio		noun (OCR: printed as 'ft.')	Samson p339 [unknown/low]
honda			Samson p339 [unknown/low]
honesto		adjective	Samson p339 [unknown/low]
honolulu			Mirikitani p918 [unknown/low]
honor		noun	Samson p340 [unknown/low]
honorable		adjective	Samson p340 [unknown/low]
honorario		adjective	Samson p340 [unknown/low]
honors			Samson p340 [unknown/low]
hopia			Samson p340 [unknown/low]
horas		noun	Samson p340 [unknown/low]
horizon			Samson p340 [unknown/low]
horizonte		noun	Samson p340 [unknown/low]
hornal		noun	Samson p340 [unknown/low]
horrible		adjective	Samson p340 [unknown/low]
horses			Samson p108 [dictionary_explicit/high]
hortelano		noun	Samson p340 [unknown/low]
hortikultura		noun	Samson p340 [unknown/low]
hospisio		noun	Samson p340 [unknown/low]
hostage			Samson p72 [dictionary_explicit/high]
hostia		noun	Samson p341 [unknown/low]
hostil		adjective	Samson p341 [unknown/low]
hostilidad		noun	Samson p341 [unknown/low]
hota			Samson p341 [unknown/low]
hototay			Samson p341 [unknown/low]
huad			Samson p341 [dictionary_explicit/high]
huang			Samson p341 [dictionary_explicit/high]
hubileo		noun	Samson p341 [unknown/low]
hueh			Samson p341 [dictionary_explicit/high]
huehuego			Samson p341 [unknown/low]
huelga		noun	Samson p341 [unknown/low]
huelgista		noun	Samson p341 [unknown/low]
huez			Samson p341 [unknown/low]
huido		noun	Samson p341 [unknown/low]
hukbu		noun	Samson p342 [unknown/low]
hula-hula		noun	Samson p342 [unknown/low]
humanidad		noun	Samson p342 [unknown/low]
humanidades		noun	Samson p342 [unknown/low]
humanitario		noun	Samson p342 [unknown/low]
humano		adjective	Samson p342 [unknown/low]
humedad		noun	Samson p342 [unknown/low]
humeral		noun	Samson p342 [unknown/low]
humor		noun	Samson p342 [unknown/low]
hural			Samson p342 [unknown/low]
huramentado		noun	Samson p342 [unknown/low]
husgado			Samson p342 [unknown/low]
hustifikasion		noun (OCR: printed as 'ft.')	Samson p342 [unknown/low]
hustisia		noun (OCR: printed as 'ft.')	Samson p342 [unknown/low]
hustisiero		adjective	Samson p342 [unknown/low]
husto		adjective	Samson p343 [dictionary_explicit/high]
huwebes			PALI:huwe’bes
i		N	PALI:iq
i-			Mirikitani p919 [unknown/low]
ibat			Kapampangan-English-Pilipino wordlist p30 [unknown/low]
ibe			PALI:i’be
ibpa			Kapampangan-English-Pilipino wordlist p31 [unknown/low]
ibug			Kapampangan-English-Pilipino wordlist p31 [unknown/low]
ibye			Mirikitani p910 [unknown/low]
idad			Mirikitani p919 [unknown/low]
igab			Kapampangan-English-Pilipino wordlist p31 [unknown/low]
igi		N	PALI:igi’q
igit		adjective	Samson p347 [unknown/low]
igkas			Kapampangan-English-Pilipino wordlist p31 [unknown/low]
iglip		D./St	PALI:-igli’p
igpa		Ibpa Mi ‘Our Father	PALI:igpa’q
igpit		V	PALI:igpit
igu		N	PALI:igu’q
igut			Samson p347 [dictionary_explicit/high]
igwal			Kapampangan-English-Pilipino wordlist p31 [unknown/low]
ihs			Samson p347 [dictionary_explicit/high]
ika		Subs	PALI:i’ka
ikab		V	PALI:i’kab
ikami		Subs	PALI:ikami’
ikat		V	PALI:i’kat
ikatamu		pron	SEED-FUNC
ikayu		pron	SEED-FUNC
iki		N	PALI:i’kiq
ikiran			Samson p347 [unknown/low]
ikit			Kapampangan-English-Pilipino wordlist p31 [unknown/low]
ikonio		noun	Samson p347 [unknown/low]
ikonoclasta		noun	Samson p347 [unknown/low]
ikonografiya		noun	Samson p347 [unknown/low]
ikum		noun-verb	Samson p347 [unknown/low]
ila		Subs	PALI:ila
ilac			Samson p347 [dictionary_explicit/high]
ili		See qili ‘laugh’. mayli, makakayli, pakailyan, ke:ilyan, mipakaili, makaili, makapakaili, maili, meili	PALI:ili’
ilib		N	PALI:ili’b
ilig		D	PALI:-i’lig
iling		verb	Samson p349 [unknown/low]
ilis			Samson p349 [dictionary_explicit/high]
ilisito		adjective	Samson p349 [unknown/low]
ilit			Samson p349 [dictionary_explicit/high]
ilo		noun	Samson p349 [unknown/low]
ilohiko			Samson p349 [unknown/low]
iloilo		noun	Samson p349 [unknown/low]
ilonggo			Samson p349 [unknown/low]
ilongot			Samson p349 [unknown/low]
ilu			Samson p349 [unknown/low]
ilug		N	PALI:i’lug
ilukanu			Kapampangan-English-Pilipino wordlist p31 [unknown/low]
iluminasion		noun	Samson p349 [unknown/low]
ilup		noun	Samson p350 [unknown/low]
ilusion		noun	Samson p350 [unknown/low]
ilustrado		noun	Samson p350 [unknown/low]
ilustrador		noun	Samson p350 [unknown/low]
ilustrasion		noun	Samson p350 [unknown/low]
ilustre			Samson p350 [unknown/low]
ilustrisimo		adjective	Samson p350 [unknown/low]
ilut		noun	Samson p350 [dictionary_explicit/high]
ima			Samson p350 [unknown/low]
imahen		noun	Samson p350 [unknown/low]
imahinasion		noun	Samson p350 [unknown/low]
imalid		verb	Samson p350 [dictionary_explicit/high]
imbala		adverb	Samson p350 [unknown/low]
imbes			PALI:imbe’s
imbing			Samson p351 [dictionary_explicit/high]
imbita			Mirikitani p920 [unknown/low]
imbitasyon			Mirikitani p920 [unknown/low]
imbudu		N	PALI:imbu’du
imbuske			Samson p351 [unknown/low]
imbut		noun	Samson p351 [unknown/low]
imi		noun-verb	Samson p351 [dictionary_explicit/high]
immanuel			Samson p351 [unknown/low]
impedimento		noun	Samson p351 [unknown/low]
imperial		adjective	Samson p351 [unknown/low]
imperialismo		noun	Samson p351 [unknown/low]
imperialista		noun	Samson p351 [unknown/low]
imperio		noun	Samson p351 [unknown/low]
impis			PALI:impi’s
impit			Kapampangan-English-Pilipino wordlist p31 [unknown/low]
impitu			Samson p351 [unknown/low]
importa			Mirikitani p920 [unknown/low]
imposible		adjective	Samson p351 [unknown/low]
impu			Samson p352 [unknown/low]
imu		V	PALI:imu’q
imut			PALI:-imu’t
ina		D	PALI:i’naq
inata		?	PALI:ina’ta
inchic			Samson p352 [dictionary_explicit/high]
inclinasion		noun	Samson p353 [unknown/low]
inclusivo		adjective	Samson p353 [unknown/low]
incredible			Samson p293 [unknown/low]
inda		noun	Samson p353 [unknown/low]
indac		noun	Samson p353 [unknown/low]
indam			PALI:indam
indayun		noun	Samson p353 [dictionary_explicit/high]
india		noun	Samson p353 [unknown/low]
indie		verb	Samson p353 [unknown/low]
indio		noun	Samson p353 [unknown/low]
indredus		endredista ‘a gossip’, kaindreduswan	PALI:indre’dus
indu		noun	Samson p354 [unknown/low]
indulhensia			Samson p354 [unknown/low]
indulto		noun	Samson p354 [unknown/low]
industria		noun	Samson p354 [unknown/low]
industrial		adjective	Samson p354 [unknown/low]
industrialismo		noun	Samson p354 [unknown/low]
industrialista		noun	Samson p354 [unknown/low]
ineti			Kapampangan-English-Pilipino wordlist p31 [unknown/low]
infalibilidad		noun	Samson p354 [unknown/low]
infalible		adjective	Samson p354 [unknown/low]
infalyible			Samson p354 [unknown/low]
infansia		noun	Samson p354 [unknown/low]
infanta		noun	Samson p354 [unknown/low]
infante		noun	Samson p354 [unknown/low]
infantisidio		noun	Samson p354 [unknown/low]
inferior		adjective	Samson p354 [unknown/low]
infidelidad		noun	Samson p354 [unknown/low]
infiernos		noun	Samson p354 [dictionary_explicit/high]
infinitivo		adjective	Samson p354 [dictionary_explicit/high]
infinito		adjective	Samson p354 [unknown/low]
influensia		noun	Samson p355 [unknown/low]
influenza		noun	Samson p355 [unknown/low]
ing		CMP	PALI:ing
ingat		See qi’ngat ‘beware, watch out for’	PALI:i’ngat
inggit			PALI:inggit
ingkung			Kapampangan-English-Pilipino wordlist p31 [unknown/low]
inglis			Mirikitani p921 [unknown/low]
inhinyero			Mirikitani p921 [unknown/low]
ini		Subs	PALI:ini’
inidoru			Kapampangan-English-Pilipino wordlist p31 [unknown/low]
iniksyun			Kapampangan-English-Pilipino wordlist p31 [unknown/low]
inip			Kapampangan-English-Pilipino wordlist p31 [unknown/low]
inkompetente		adjective	Samson p353 [unknown/low]
inkomunikado		adjective	Samson p353 [unknown/low]
inkongruous			Samson p353 [unknown/low]
inkonsistente		adjective	Samson p353 [unknown/low]
inkorporasion		noun	Samson p353 [unknown/low]
inkurable		adjective	Samson p353 [unknown/low]
insayu		V	PALI:insa’yuq
insects			Samson p303 [dictionary_explicit/high]
insensario		noun	Samson p352 [unknown/low]
insensero		noun	Samson p352 [unknown/low]
insentivo		noun	Samson p352 [dictionary_explicit/high]
insesto		noun	Samson p352 [unknown/low]
insidental			Samson p353 [unknown/low]
insidente		noun	Samson p352 [unknown/low]
insienso		noun	Samson p353 [unknown/low]
insik			Kapampangan-English-Pilipino wordlist p31 [unknown/low]
instanse			Samson p357 [dictionary_explicit/high]
insulado		adjective	Samson p359 [unknown/low]
insular			Samson p359 [unknown/low]
insulasion		noun	Samson p359 [unknown/low]
insulina		noun	Samson p359 [unknown/low]
insulto		noun	Samson p359 [unknown/low]
insuranse		noun	Samson p359 [unknown/low]
insured			Samson p359 [unknown/low]
insurrecsion		noun	Samson p359 [unknown/low]
insurrectos		noun	Samson p359 [unknown/low]
inta			Samson p359 [unknown/low]
intac		noun	Samson p359 [dictionary_explicit/high]
integral		adjective	Samson p360 [unknown/low]
integrasion		noun	Samson p359 [unknown/low]
integridad		noun	Samson p360 [unknown/low]
intelectual		adjective	Samson p360 [unknown/low]
inteligente		adjective	Samson p360 [unknown/low]
inten			Samson p360 [unknown/low]
interes			Kapampangan-English-Pilipino wordlist p31 [unknown/low]
interest			Samson p291 [unknown/low]
interjection			Samson p289 [unknown/low]
intindi		V	PALI:inti’ndi
inudoru		N	PALI:i’nudo’ru
inum			Samson p360 [dictionary_explicit/high]
inut			Samson p360 [dictionary_explicit/high]
invalido		adjective	Samson p360 [unknown/low]
invectiva			Samson p360 [unknown/low]
invension		noun	Samson p360 [unknown/low]
inventario		noun	Samson p360 [unknown/low]
invento		noun	Samson p360 [unknown/low]
inventor		noun	Samson p361 [unknown/low]
inversion		noun	Samson p361 [unknown/low]
investidura		noun	Samson p361 [unknown/low]
investiga		verb	Samson p361 [unknown/low]
investigador			Samson p361 [unknown/low]
investigasion			Samson p361 [unknown/low]
investigated			Samson p361 [unknown/low]
invierno		noun	Samson p361 [unknown/low]
inya			Samson p361 [dictionary_explicit/high]
inyeksyun		[some speakers say: ileksyun/paileksyun, ileksyunan]. 110 KAPAMPANGAN DICTIONARY	PALI:inye’ksyun
iodo			Samson p361 [unknown/low]
ipas		N	PALI:i’pas
ipasubli			Mirikitani p957 [unknown/low]
ipe		N	PALI:i’pe
ipil		N	PALI:i’pil
ipilitan			Mirikitani p949 [unknown/low]
ipis			Kapampangan-English-Pilipino wordlist p31 [unknown/low]
ipisali			Mirikitani p949 [unknown/low]
ipuipu			Kapampangan-English-Pilipino wordlist p31 [unknown/low]
ipuqipu		N	PALI:ipuqi’pu
ipus		N	PALI:i’pus
ira		noun-verb	Samson p361 [dictionary_explicit/high]
iran			Samson p361 [dictionary_explicit/high]
irap		noun	Samson p362 [unknown/low]
iri		noun-verb	Samson p362 [unknown/low]
irid			Samson p362 [dictionary_explicit/high]
iris		noun	Samson p362 [unknown/low]
irlanda		noun	Samson p362 [unknown/low]
iro		noun	Samson p362 [dictionary_explicit/high]
irrasional		adjective	Samson p362 [unknown/low]
irrazonable			Samson p362 [unknown/low]
irregular		adjective	Samson p362 [unknown/low]
isak		D	PALI:isa’k
isek		Eng. ‘insect’	PALI:i’sek
isik		N	PALI:i’sik
isilbin			Mirikitani p956 [unknown/low]
isip		noun	Samson p363 [unknown/low]
isis			PALI:isi’s
iskilador		N	PALI:iskilado’r
iskinita			Samson p363 [unknown/low]
iskirol			Samson p363 [unknown/low]
isku		N	PALI:i’skuq
iskwala		N	PALI:iskwalaq
iskwela		V	PALI:iskwe’la
isla		noun	Samson p363 [unknown/low]
islam		noun	Samson p363 [unknown/low]
island			Samson p363 [unknown/low]
islang			PALI:isla’ng
isleta		noun	Samson p363 [unknown/low]
ismael		noun	Samson p363 [unknown/low]
ismid		noun	Samson p363 [unknown/low]
isnaua			Samson p363 [unknown/low]
isneg		noun	Samson p363 [unknown/low]
iso		noun	Samson p363 [unknown/low]
ispada			Kapampangan-English-Pilipino wordlist p32 [unknown/low]
ispasol			Kapampangan-English-Pilipino wordlist p32 [unknown/low]
ispoil		Eng. ‘spoil’	PALI:ispo’il
istaka		N	PALI:istaka
istetsayd		Eng. ‘stateside’	PALI:iste’tsayd
istorya			PALI:isto’rya
istung			Kapampangan-English-Pilipino wordlist p32 [unknown/low]
istupadu			Kapampangan-English-Pilipino wordlist p32 [unknown/low]
istupidu			Kapampangan-English-Pilipino wordlist p32 [unknown/low]
isuad			Samson p364 [unknown/low]
it			Samson p322 [dictionary_explicit/high]
ita		Subs	PALI:ita’
itad		verb	Samson p364 [dictionary_explicit/high]
italia		noun	Samson p364 [unknown/low]
italiano			Samson p364 [unknown/low]
italika		adjective	Samson p364 [unknown/low]
itcura		N	PALI:itcu’ra
iti		dem	SEED-FUNC
itic		noun	Samson p364 [unknown/low]
itinerario		noun	Samson p364 [unknown/low]
iting		det	SEED-FUNC
itu		N	PALI:itu
iua		noun	Samson p364 [dictionary_explicit/high]
iuad			Samson p364 [dictionary_explicit/high]
iui			Samson p364 [dictionary_explicit/high]
iya		pronoun	Samson p364 [unknown/low]
iyabie			Samson p364 [unknown/low]
iyac		noun	Samson p364 [dictionary_explicit/high]
iyan		pronoun	Samson p365 [dictionary_explicit/high]
iyas		noun	Samson p365 [dictionary_explicit/high]
iyatcha			Mirikitani p901 [unknown/low]
iyi		noun	Samson p365 [dictionary_explicit/high]
ja		V	PALI:ja:
jakiston		N	PALI:ja’kisto’n
jeli		N	PALI:je’li
jeta		N./V	PALI:je’ta
jip		N	PALI:jip
josue			Samson p368 [unknown/low]
ju		N	PALI:ju
ju-jitsu			Samson p370 [unknown/low]
jubilee			Samson p370 [unknown/low]
juda		noun (OCR: printed as 'ft.')	Samson p370 [unknown/low]
judaismo		noun (OCR: printed as 'ft.')	Samson p370 [unknown/low]
judas			Samson p370 [unknown/low]
judiyo			Samson p370 [unknown/low]
judjt		noun (OCR: printed as 'ft.')	Samson p370 [unknown/low]
judo			Samson p370 [unknown/low]
julio		noun (OCR: printed as 'ft.')	Samson p371 [unknown/low]
jumper		noun (OCR: printed as 'ft.')	Samson p371 [unknown/low]
jun		N	PALI:jun
junio		noun (OCR: printed as 'ft.')	Samson p371 [unknown/low]
jurisdicsion			Samson p371 [dictionary_explicit/high]
ka		pron	SEED-FUNC
ka-			PALI:ka-
kaagad			Mirikitani p896 [unknown/low]
kab-bius		noun-verb	Samson p151 [unknown/low]
kab-bla		verb	Samson p151 [unknown/low]
kab-bling		noun	Samson p151 [unknown/low]
kaba		N	PALI:ka’baq
kabadu			Kapampangan-English-Pilipino wordlist p14 [unknown/low]
kabag		N	PALI:kaba’g
kabagkabag			Samson p150 [unknown/low]
kabal		noun	Samson p150 [unknown/low]
kabalantian			Kapampangan-English-Pilipino wordlist p14 [unknown/low]
kabalat			Kapampangan-English-Pilipino wordlist p14 [unknown/low]
kabaldugan		N	PALI:kabaldu’gan
kabalen			Kapampangan-English-Pilipino wordlist p14 [unknown/low]
kabaliariza			Samson p150 [unknown/low]
kabalsan		noun	Samson p150 [dictionary_explicit/high]
kabalyero		noun	Samson p150 [dictionary_explicit/high]
kabalyeru			Kapampangan-English-Pilipino wordlist p14 [unknown/low]
kabambangan		N	PALI:kabamba’ngan
kabang		adverb	Samson p150 [unknown/low]
kabang-kaba		adverb	Samson p150 [AI_proposed/medium]
kabangal			Kapampangan-English-Pilipino wordlist p14 [unknown/low]
kabaret		N	PALI:kabare’t
kabaryu			Kapampangan-English-Pilipino wordlist p14 [unknown/low]
kabas			Kapampangan-English-Pilipino wordlist p14 [unknown/low]
kabasa			Samson p150 [unknown/low]
kabasi		noun	Samson p150 [unknown/low]
kabat		noun	Samson p150 [dictionary_explicit/high]
kabaung		N	PALI:kaba’ung
kabayangnan		noun	Samson p151 [unknown/low]
kabayian		noun	Samson p151 [unknown/low]
kabayu		noun	Samson p151 [dictionary_explicit/high]
kabbyo			Samson p151 [dictionary_explicit/high]
kabe		noun	Samson p151 [unknown/low]
kabeltun		noun	Samson p151 [unknown/low]
kabesa			Kapampangan-English-Pilipino wordlist p14 [unknown/low]
kabesera		adjective	Samson p151 [unknown/low]
kabeza		noun	Samson p151 [unknown/low]
kabezada		noun	Samson p151 [unknown/low]
kabiasnan			Kapampangan-English-Pilipino wordlist p14 [unknown/low]
kabiayan			Kapampangan-English-Pilipino wordlist p14 [unknown/low]
kabibi		noun	Samson p152 [dictionary_explicit/high]
kabid			Samson p152 [dictionary_explicit/high]
kabikung			Samson p152 [unknown/low]
kabilian			Kapampangan-English-Pilipino wordlist p14 [unknown/low]
kabilugan			Kapampangan-English-Pilipino wordlist p14 [unknown/low]
kabilya			Kapampangan-English-Pilipino wordlist p14 [unknown/low]
kabina			Kapampangan-English-Pilipino wordlist p14 [unknown/low]
kabira		adverb	Samson p152 [unknown/low]
kabisada			Samson p152 [unknown/low]
kabisadu		D	PALI:kabisa’du
kabit		V	PALI:kabi’t
kabkab		transitive verb	Samson p151 [dictionary_explicit/high]
kabla			Samson p152 [unknown/low]
kablas		N	PALI:kabla’s
kabli		N	PALI:ka’bli
kabling			Kapampangan-English-Pilipino wordlist p15 [unknown/low]
kabo		noun	Samson p152 [unknown/low]
kabosis			Kapampangan-English-Pilipino wordlist p15 [unknown/low]
kabsi			Kapampangan-English-Pilipino wordlist p15 [unknown/low]
kabu		noun	Samson p152 [unknown/low]
kabud		adverb	Samson p152 [unknown/low]
kabug		noun	Samson p152 [unknown/low]
kabukasan		N	PALI:kabuka’san
kabuklat			Kapampangan-English-Pilipino wordlist p15 [unknown/low]
kabuktutan			Kapampangan-English-Pilipino wordlist p15 [unknown/low]
kabunegru			Kapampangan-English-Pilipino wordlist p15 [unknown/low]
kabus		transitive verb	Samson p152 [unknown/low]
kabuti		noun	Samson p153 [unknown/low]
kabuyo		noun	Samson p152 [dictionary_explicit/high]
kabyo			Kapampangan-English-Pilipino wordlist p15 [unknown/low]
kabyus		V	PALI:-kabyu’s
kacap		V	PALI:ka:cap
kachumba		noun	Samson p153 [unknown/low]
kadalasan			Kapampangan-English-Pilipino wordlist p15 [unknown/low]
kadaldal			Kapampangan-English-Pilipino wordlist p15 [unknown/low]
kadalumduman			Kapampangan-English-Pilipino wordlist p15 [unknown/low]
kadena		N	PALI:kade’na
kadete		noun	Samson p154 [unknown/low]
kadiut			Samson p154 [unknown/low]
kadkad		transitive verb	Samson p153 [dictionary_explicit/high]
kadwa		N	PALI:kadwa’q
kafe		noun	Samson p154 [unknown/low]
kagalang-galang			Kapampangan-English-Pilipino wordlist p15 [unknown/low]
kagli		V	PALI:kagli’q
kago		N	PALI:ka’go
kagum			Kapampangan-English-Pilipino wordlist p15 [unknown/low]
kaha			Samson p154 [unknown/low]
kahun		noun	Samson p154 [dictionary_explicit/high]
kai			Kapampangan-English-Pilipino wordlist p15 [unknown/low]
kaibat			Samson p154 [unknown/low]
kaidkid		noun	Samson p154 [dictionary_explicit/high]
kaikid			Samson p154 [unknown/low]
kaikut			Kapampangan-English-Pilipino wordlist p15 [unknown/low]
kailangan			PALI:kaila’ngan
kaili		noun	Samson p154 [dictionary_explicit/high]
kaimitu			Kapampangan-English-Pilipino wordlist p15 [unknown/low]
kaingin		noun	Samson p154 [dictionary_explicit/high]
kait		transitive verb	Samson p154 [unknown/low]
kaju		N	PALI:ka’ju
kaka		N	PALI:ka’kaq
kakabiling		noun	Samson p153 [unknown/low]
kakac		adjective	Samson p153 [unknown/low]
kakak		V	PALI:kaka’k
kakampi			Kapampangan-English-Pilipino wordlist p15 [unknown/low]
kakang-gata			Kapampangan-English-Pilipino wordlist p15 [unknown/low]
kakarikucha			Samson p153 [unknown/low]
kakas		transitive verb	Samson p153 [dictionary_explicit/high]
kaklak		D	PALI:kakla’k
kako			Samson p153 [unknown/low]
kakorse			Mirikitani p927 [unknown/low]
kaku		pron	SEED-FUNC
kakutsaba			Kapampangan-English-Pilipino wordlist p15 [unknown/low]
kakwentu			Mirikitani p932 [unknown/low]
kal-luas		noun	Samson p161 [unknown/low]
kala		noun	Samson p155 [dictionary_explicit/high]
kalaba			Kapampangan-English-Pilipino wordlist p15 [unknown/low]
kalabag		noun	Samson p155 [unknown/low]
kalabi			Kapampangan-English-Pilipino wordlist p15 [unknown/low]
kalabit			Samson p155 [dictionary_explicit/high]
kalabkab		noun	Samson p155 [unknown/low]
kalaboa		noun	Samson p155 [unknown/low]
kalabukab		noun	Samson p155 [unknown/low]
kalacsing			Samson p155 [unknown/low]
kalad-dua		noun	Samson p155 [unknown/low]
kaladkad		noun	Samson p155 [dictionary_explicit/high]
kaladu			Kapampangan-English-Pilipino wordlist p15 [unknown/low]
kaladwa			Kapampangan-English-Pilipino wordlist p15 [unknown/low]
kalag			Kapampangan-English-Pilipino wordlist p15 [unknown/low]
kalaguyu			Kapampangan-English-Pilipino wordlist p15 [unknown/low]
kalahi			Kapampangan-English-Pilipino wordlist p15 [unknown/low]
kalaka		noun-verb	Samson p155 [unknown/low]
kalakal		noun	Samson p155 [dictionary_explicit/high]
kalakati		luyus	PALI:kalakatiq
kalakian			Kapampangan-English-Pilipino wordlist p15 [unknown/low]
kalakuti		noun	Samson p155 [unknown/low]
kalaldo		N	PALI:kalaldo’
kalale			Kapampangan-English-Pilipino wordlist p15 [unknown/low]
kalam			Kapampangan-English-Pilipino wordlist p15 [unknown/low]
kalamangge		N	PALI:kalamangge’
kalamansi			Kapampangan-English-Pilipino wordlist p15 [unknown/low]
kalame		N	PALI:kala’me
kalampag		N	PALI:kalampa’g
kalamunding		N	PALI:kalamu’nding
kalamungge			Kapampangan-English-Pilipino wordlist p16 [unknown/low]
kalang			Kapampangan-English-Pilipino wordlist p16 [unknown/low]
kalangan		N	PALI:kalanga’n
kalangdasal		adjective	Samson p157 [unknown/low]
kalangkang		noun	Samson p157 [unknown/low]
kalansag			Samson p157 [unknown/low]
kalanse			Kapampangan-English-Pilipino wordlist p16 [unknown/low]
kalansing			Samson p157 [unknown/low]
kalantas		noun	Samson p157 [unknown/low]
kalantipe			Samson p157 [unknown/low]
kalantug			Samson p157 [unknown/low]
kalao		noun	Samson p157 [unknown/low]
kalap		adjective	Samson p157 [dictionary_explicit/high]
kalapanti			Kapampangan-English-Pilipino wordlist p16 [unknown/low]
kalapayan		noun	Samson p157 [dictionary_explicit/high]
kalapiniera		noun	Samson p157 [dictionary_explicit/high]
kalapio		noun	Samson p157 [unknown/low]
kalaputput		noun	Samson p157 [unknown/low]
kalariut			Kapampangan-English-Pilipino wordlist p16 [unknown/low]
kalaro		adverb	Samson p157 [unknown/low]
kalaru			Samson p157 [unknown/low]
kalasag		noun	Samson p157 [dictionary_explicit/high]
kalaskas		noun	Samson p157 [dictionary_explicit/high]
kalat		transitive verb	Samson p157 [dictionary_explicit/high]
kalatkat		adjective	Samson p211 [unknown/low]
kalatung		noun (OCR: printed as 'ft.')	Samson p158 [unknown/low]
kalatutsi			Kapampangan-English-Pilipino wordlist p16 [unknown/low]
kalauang		noun (OCR: printed as 'ft.')	Samson p158 [dictionary_explicit/high]
kalauat		transitive verb	Samson p158 [dictionary_explicit/high]
kalauit		transitive verb	Samson p158 [dictionary_explicit/high]
kalawang			Kapampangan-English-Pilipino wordlist p16 [unknown/low]
kalawat			Kapampangan-English-Pilipino wordlist p16 [unknown/low]
kalawit			Kapampangan-English-Pilipino wordlist p16 [unknown/low]
kalbag		N	PALI:kalbag
kalbhan			Samson p158 [unknown/low]
kalbit		V	PALI:kalbit
kalbo		adjective	Samson p158 [dictionary_explicit/high]
kalbuan			Samson p158 [unknown/low]
kalburu			Samson p158 [unknown/low]
kalbutit		noun (OCR: printed as 'ft.')	Samson p158 [unknown/low]
kaldera		N	PALI:kalde’raq
kaldereta			Samson p159 [unknown/low]
kaldero		N	PALI:kalde’ro
kalderu			Kapampangan-English-Pilipino wordlist p16 [unknown/low]
kaleldo		noun	Samson p159 [unknown/low]
kalembang			Kapampangan-English-Pilipino wordlist p16 [unknown/low]
kalendario		noun	Samson p159 [unknown/low]
kalendaryu		N	PALI:kalenda’ryu
kalesa		N	PALI:kalesa
kalgareta			Kapampangan-English-Pilipino wordlist p16 [unknown/low]
kalgarita		N	PALI:kalgari’ta
kali		transitive verb	Samson p159 [dictionary_explicit/high]
kalidad		noun	Samson p159 [unknown/low]
kaligag			Samson p159 [unknown/low]
kaligkig		noun	Samson p159 [dictionary_explicit/high]
kalikam			Samson p159 [unknown/low]
kalikasuc		noun	Samson p159 [unknown/low]
kalikat		intransitive verb	Samson p159 [dictionary_explicit/high]
kaliki		noun	Samson p159 [dictionary_explicit/high]
kalikubac		noun	Samson p159 [dictionary_explicit/high]
kalikubak		N	PALI:kaliku’bak
kalilingo			Samson p159 [unknown/low]
kalilip		noun	Samson p159 [unknown/low]
kalilwa			Kapampangan-English-Pilipino wordlist p16 [unknown/low]
kalimayo		noun	Samson p160 [unknown/low]
kalinangan			Samson p160 [unknown/low]
kaling		noun	Samson p160 [dictionary_explicit/high]
kalingad		noun	Samson p160 [unknown/low]
kalingking			Samson p160 [unknown/low]
kalingkingan		N	PALI:kalingki’ngan
kalinguan		verb	Samson p160 [unknown/low]
kalingwan		V	PALI:kalingwan
kalinisan			Kapampangan-English-Pilipino wordlist p16 [unknown/low]
kalios			Samson p160 [unknown/low]
kalipornya			Mirikitani p924 [unknown/low]
kalis		V	PALI:kalis
kalise		noun	Samson p160 [dictionary_explicit/high]
kalisin		noun	Samson p160 [unknown/low]
kalising			Kapampangan-English-Pilipino wordlist p16 [unknown/low]
kalisip		noun	Samson p160 [unknown/low]
kaliskis		noun	Samson p160 [dictionary_explicit/high]
kalit		noun	Samson p160 [unknown/low]
kaliu		noun	Samson p160 [unknown/low]
kaliuete			Samson p160 [unknown/low]
kalius		noun	Samson p160 [unknown/low]
kaliz		noun	Samson p161 [unknown/low]
kalkal		verb	Samson p158 [unknown/low]
kalke		transitive verb	Samson p161 [dictionary_explicit/high]
kalkula			Samson p158 [dictionary_explicit/high]
kalkulador		noun (OCR: printed as 'ft.')	Samson p158 [unknown/low]
kalkulo		noun	Samson p159 [unknown/low]
kalma			Kapampangan-English-Pilipino wordlist p16 [unknown/low]
kalsedonia		noun (OCR: printed as 'ft.')	Samson p158 [unknown/low]
kalsedqn			Samson p158 [unknown/low]
kalsu			Kapampangan-English-Pilipino wordlist p16 [unknown/low]
kalu		N	PALI:kalu’q
kaluban			Kapampangan-English-Pilipino wordlist p16 [unknown/low]
kalug		transitive verb	Samson p162 [dictionary_explicit/high]
kalugkug		V	PALI:kalugku’g
kaluguran			Kapampangan-English-Pilipino wordlist p16 [unknown/low]
kaluku		noun	Samson p162 [unknown/low]
kalukub		noun	Samson p162 [dictionary_explicit/high]
kalulu		adjective	Samson p162 [dictionary_explicit/high]
kalumpang		noun	Samson p162 [unknown/low]
kalumpit		noun	Samson p162 [unknown/low]
kalung		noun	Samson p162 [unknown/low]
kalungkutan			Kapampangan-English-Pilipino wordlist p16 [unknown/low]
kalupa			Kapampangan-English-Pilipino wordlist p16 [unknown/low]
kalupi			Kapampangan-English-Pilipino wordlist p16 [unknown/low]
kalupkup		transitive verb	Samson p162 [dictionary_explicit/high]
kalus		noun	Samson p162 [dictionary_explicit/high]
kaluskus		noun	Samson p162 [unknown/low]
kalut		transitive verb	Samson p163 [dictionary_explicit/high]
kalutkut			Samson p163 [dictionary_explicit/high]
kalutu			Kapampangan-English-Pilipino wordlist p16 [unknown/low]
kalvario		noun (OCR: printed as 'ft.')	Samson p163 [unknown/low]
kalye		noun (OCR: printed as 'ft.')	Samson p163 [dictionary_explicit/high]
kalyu		N	PALI:ka’lyu
kalyus			Kapampangan-English-Pilipino wordlist p16 [unknown/low]
kama		noun (OCR: printed as 'ft.')	Samson p163 [unknown/low]
kamacili		N	PALI:kamaci’li
kamaganac		noun (OCR: printed as 'ft.')	Samson p163 [unknown/low]
kamaganak			Kapampangan-English-Pilipino wordlist p17 [unknown/low]
kamagi		noun	Samson p163 [unknown/low]
kamagqanak		N	PALI:kamagqa:nak
kamagung			Kapampangan-English-Pilipino wordlist p17 [unknown/low]
kamakama		noun-verb	Samson p163 [unknown/low]
kamalig		N	PALI:kama’lig
kamamalu		N	PALI:kama’maluq
kamamaru			Samson p163 [dictionary_explicit/high]
kamandag		N	PALI:kama’ndag
kamang		noun (OCR: printed as 'ft.')	Samson p163 [dictionary_explicit/high]
kamang-ngian		noun	Samson p163 [unknown/low]
kamangiang		noun (OCR: printed as 'ft.')	Samson p163 [unknown/low]
kamangyang		N	PALI:kamangya’ng
kamansa		noun (OCR: printed as 'ft.')	Samson p163 [unknown/low]
kamansi		noun (OCR: printed as 'ft.')	Samson p163 [unknown/low]
kamantigi		noun	Samson p164 [unknown/low]
kamarin		noun	Samson p164 [unknown/low]
kamaru		N	PALI:ka’maruq
kamas		intransitive verb	Samson p164 [dictionary_explicit/high]
kamasa		adverb	Samson p164 [unknown/low]
kamaso		adverb	Samson p164 [unknown/low]
kamatayan			Samson p164 [unknown/low]
kamatis			Samson p164 [unknown/low]
kamatsilis			Samson p164 [unknown/low]
kamatutuanan		noun	Samson p164 [unknown/low]
kamau		N	PALI:kamau’q
kamayangan		intransitive verb	Samson p164 [unknown/low]
kamayangnan			Samson p164 [unknown/low]
kambal		N	PALI:ka’mbal
kambang		noun	Samson p164 [unknown/low]
kambat			Kapampangan-English-Pilipino wordlist p17 [unknown/low]
kambe			Samson p165 [unknown/low]
kambil		noun	Samson p165 [dictionary_explicit/high]
kambing		N	PALI:kambi’ng
kambio		noun	Samson p165 [unknown/low]
kambubulag		N	PALI:kambubu’lag
kambusa			Samson p165 [unknown/low]
kambyu		N	PALI:kambyu
kamelyu			Kapampangan-English-Pilipino wordlist p17 [unknown/low]
kami		Substitute: personal pronoun	PALI:kami’
kamia		noun	Samson p165 [unknown/low]
kamias		noun	Samson p165 [unknown/low]
kamineru			Samson p165 [unknown/low]
kaministilan			Samson p165 [dictionary_explicit/high]
kamino		noun	Samson p165 [unknown/low]
kamisa		noun	Samson p165 [unknown/low]
kamisadentro			Mirikitani p924 [unknown/low]
kamisadentru		noun	Samson p165 [unknown/low]
kamisatsma			Samson p165 [unknown/low]
kamiseta		noun	Samson p165 [unknown/low]
kamisola		noun	Samson p165 [unknown/low]
kamisun		noun	Samson p165 [unknown/low]
kamit		verb	Samson p165 [unknown/low]
kamkam		transitive verb	Samson p165 [dictionary_explicit/high]
kamo			Kapampangan-English-Pilipino wordlist p17 [unknown/low]
kamonuan		noun	Samson p166 [unknown/low]
kampana		N	PALI:kampa’naq
kampanario		noun	Samson p166 [dictionary_explicit/high]
kampanero		noun	Samson p166 [unknown/low]
kampania		noun	Samson p166 [unknown/low]
kampanilia		noun	Samson p166 [unknown/low]
kampanilya			Kapampangan-English-Pilipino wordlist p17 [unknown/low]
kampanya			Kapampangan-English-Pilipino wordlist p17 [unknown/low]
kampeon		noun	Samson p166 [unknown/low]
kampeonato		noun	Samson p166 [unknown/low]
kampi			Samson p166 [dictionary_explicit/high]
kampil		N	PALI:kampi’l
kampit		N	PALI:ka’mpit
kampo		noun	Samson p166 [dictionary_explicit/high]
kampu		adverb	Samson p166 [unknown/low]
kampul			Samson p166 [dictionary_explicit/high]
kampuput		noun	Samson p167 [unknown/low]
kampus			Samson p166 [unknown/low]
kamtan		transitive verb	Samson p167 [unknown/low]
kamulalu			Samson p167 [dictionary_explicit/high]
kamuning		noun	Samson p167 [unknown/low]
kamuti		N	PALI:kamu’ti
kan		N	PALI:-kan
kana		noun	Samson p167 [dictionary_explicit/high]
kanada			Mirikitani p924 [unknown/low]
kanaku		pron	SEED-FUNC
kanal		N	PALI:kana’l
kanangga		noun	Samson p168 [unknown/low]
kanario		noun	Samson p168 [unknown/low]
kanas		noun	Samson p168 [dictionary_explicit/high]
kanatba			Kapampangan-English-Pilipino wordlist p17 [unknown/low]
kanaul		noun	Samson p168 [unknown/low]
kanda		noun	Samson p168 [unknown/low]
kandaba		N	PALI:kanda’ba
kandado		noun	Samson p168 [dictionary_explicit/high]
kandadu			Kapampangan-English-Pilipino wordlist p17 [unknown/low]
kandatu		N	PALI:kandatu’q
kandelaria		noun	Samson p168 [unknown/low]
kandidato		noun	Samson p168 [unknown/low]
kandidatu		N	PALI:kandida’tu
kandidatura		noun	Samson p168 [unknown/low]
kandila		N	PALI:kandi’laq
kandles			Samson p168 [unknown/low]
kandlestick			Samson p168 [unknown/low]
kanduli		noun	Samson p169 [unknown/low]
kandung		transitive verb	Samson p169 [dictionary_explicit/high]
kandung-		V	PALI:kandung-
kandungangu		noun	Samson p169 [unknown/low]
kanduru		N	PALI:kanduru’q
kandut		noun	Samson p169 [dictionary_explicit/high]
kandut-		V	PALI:kandut-
kanela			Kapampangan-English-Pilipino wordlist p17 [unknown/low]
kang		prep	SEED-FUNC
kanghe		adjective	Samson p169 [dictionary_explicit/high]
kangkang		noun-verb	Samson p169 [unknown/low]
kangkung		noun	Samson p169 [dictionary_explicit/high]
kania-kania			Samson p169 [unknown/low]
kanian			Samson p169 [unknown/low]
kanimi			Samson p169 [dictionary_explicit/high]
kanini		pronoun	Samson p169 [unknown/low]
kaninu			Kapampangan-English-Pilipino wordlist p17 [unknown/low]
kanita		adv	SEED-FUNC
kaniti			Samson p169 [unknown/low]
kaniwan			Kapampangan-English-Pilipino wordlist p17 [unknown/low]
kanlalamat		noun	Samson p169 [unknown/low]
kanlang		noun	Samson p169 [unknown/low]
kanlung			Samson p169 [dictionary_explicit/high]
kanso		transitive verb	Samson p169 [dictionary_explicit/high]
kansung		noun-verb	Samson p170 [dictionary_explicit/high]
kansuswit			Kapampangan-English-Pilipino wordlist p17 [unknown/low]
kanta		noun	Samson p170 [dictionary_explicit/high]
kantada			Samson p170 [unknown/low]
kantero		N	PALI:kante’ro
kanteru			Kapampangan-English-Pilipino wordlist p17 [unknown/low]
kantidad		noun	Samson p170 [unknown/low]
kantilia			Samson p171 [dictionary_explicit/high]
kantin			Mirikitani p925 [unknown/low]
kanto		noun	Samson p171 [unknown/low]
kantor			Samson p171 [unknown/low]
kantu		N	PALI:ka’ntu
kanturis			Samson p171 [unknown/low]
kantutan		noun	Samson p171 [unknown/low]
kanu		Adjunct: discourse particle	PALI:kanu’
kanuari		adverb	Samson p171 [unknown/low]
kanugtug		noun	Samson p171 [unknown/low]
kanunugac		noun	Samson p171 [unknown/low]
kanuwan		N	PALI:kanuwa’n
kanwari			Kapampangan-English-Pilipino wordlist p17 [unknown/low]
kanyan			Kapampangan-English-Pilipino wordlist p17 [unknown/low]
kanyo			Kapampangan-English-Pilipino wordlist p18 [unknown/low]
kanyu		N	PALI:kanyu’
kanyud			Kapampangan-English-Pilipino wordlist p18 [unknown/low]
kanyun		N	PALI:kanyu’n
kap		N	PALI:kap
kapa		transitive verb	Samson p171 [dictionary_explicit/high]
kapaamakan			Kapampangan-English-Pilipino wordlist p18 [unknown/low]
kapac		noun-verb	Samson p171 [unknown/low]
kapad		D	PALI:kapad
kapahamakan			Samson p171 [unknown/low]
kapainawan			Kapampangan-English-Pilipino wordlist p18 [unknown/low]
kapal		N	PALI:kapa’l
kapalangan			Samson p172 [unknown/low]
kapalaran			Kapampangan-English-Pilipino wordlist p18 [unknown/low]
kapalyarian			Kapampangan-English-Pilipino wordlist p18 [unknown/low]
kapamahalan		noun	Samson p172 [unknown/low]
kapamakan		N	PALI:kapa:makan
kapamilatan			Samson p172 [unknown/low]
kapampangan		noun	Samson p172 [unknown/low]
kapamu		Q	PALI:kapa’muq
kapanaligan			Kapampangan-English-Pilipino wordlist p18 [unknown/low]
kapanayan			Kapampangan-English-Pilipino wordlist p18 [unknown/low]
kapanintunan			Kapampangan-English-Pilipino wordlist p18 [unknown/low]
kapaniwalan			Kapampangan-English-Pilipino wordlist p18 [unknown/low]
kapante			Kapampangan-English-Pilipino wordlist p18 [unknown/low]
kapapakanan		adjective	Samson p172 [unknown/low]
kaparis			Kapampangan-English-Pilipino wordlist p18 [unknown/low]
kaparti			Kapampangan-English-Pilipino wordlist p18 [unknown/low]
kapas			Kapampangan-English-Pilipino wordlist p18 [unknown/low]
kapasalamatan			Kapampangan-English-Pilipino wordlist p18 [unknown/low]
kapasidad		noun	Samson p171 [unknown/low]
kapasnawan			Kapampangan-English-Pilipino wordlist p18 [unknown/low]
kapat			Samson p172 [unknown/low]
kapatad		N	PALI:kapata’d
kapataran			Kapampangan-English-Pilipino wordlist p18 [unknown/low]
kapatas			Samson p172 [unknown/low]
kapatawaran			Kapampangan-English-Pilipino wordlist p18 [unknown/low]
kapaya			Kapampangan-English-Pilipino wordlist p18 [unknown/low]
kape		N	PALI:kape’
kapilan		Substitute	PALI:kapila’n
kapilia		noun	Samson p173 [unknown/low]
kapilinia			Samson p173 [dictionary_explicit/high]
kapilya			Kapampangan-English-Pilipino wordlist p18 [unknown/low]
kapin			Samson p173 [dictionary_explicit/high]
kapipanganan			Mirikitani p926 [unknown/low]
kapirasu			Kapampangan-English-Pilipino wordlist p18 [unknown/low]
kapiroza			Samson p173 [unknown/low]
kapis		N	PALI:ka’pis
kapisi		noun	Samson p173 [unknown/low]
kapit		transitive verb	Samson p173 [dictionary_explicit/high]
kapital		adjective	Samson p173 [unknown/low]
kapitalismo		noun	Samson p173 [unknown/low]
kapitan		N	PALI:kapita’n
kapitangang-		N	PALI:kapitangang-
kapitangang-bengi			Kapampangan-English-Pilipino wordlist p18 [unknown/low]
kapitna			Samson p174 [unknown/low]
kapitolio		noun	Samson p174 [unknown/low]
kapitolyu			Kapampangan-English-Pilipino wordlist p18 [unknown/low]
kapitulo		noun	Samson p174 [unknown/low]
kapkap		transitive verb	Samson p172 [dictionary_explicit/high]
kaplas			Kapampangan-English-Pilipino wordlist p18 [unknown/low]
kaplin		N	PALI:ka’plin
kapoti		N	PALI:kapo’ti
kapri		N	PALI:ka’pri
kapsa		adjective	Samson p174 [unknown/low]
kapuchino		noun	Samson p174 [unknown/low]
kapucho		noun	Samson p174 [unknown/low]
kapul		transitive verb	Samson p174 [dictionary_explicit/high]
kapuluan		noun	Samson p174 [unknown/low]
kapun		adjective	Samson p174 [unknown/low]
kapural			Kapampangan-English-Pilipino wordlist p18 [unknown/low]
kaputul			Kapampangan-English-Pilipino wordlist p18 [unknown/low]
kaqibat		Q./N	PALI:kaqiba’t
kaqikut		N	PALI:kaqi’kut
kaqili		N	PALI:kaqili’
kaqingin		N	PALI:kaqingi’n
karagul			Mirikitani p911 [unknown/low]
karakal			Mirikitani p911 [unknown/low]
karampatan			Kapampangan-English-Pilipino wordlist p18 [unknown/low]
karamput			Kapampangan-English-Pilipino wordlist p18 [unknown/low]
karangan		N	PALI:kara’ngan
karapatan			Kapampangan-English-Pilipino wordlist p18 [unknown/low]
karas			Kapampangan-English-Pilipino wordlist p18 [unknown/low]
karat		V	PALI:kara’t
karatula			Kapampangan-English-Pilipino wordlist p18 [unknown/low]
karayum			Kapampangan-English-Pilipino wordlist p18 [unknown/low]
karbayd		N	PALI:ka’rbayd
karburador		N	PALI:ka’rburado’r
karela		pron	SEED-FUNC
karen		Substitute	PALI:kare’n
karetang		prep	SEED-FUNC
karga		N	PALI:karga
kargada			Kapampangan-English-Pilipino wordlist p18 [unknown/low]
kargador			Kapampangan-English-Pilipino wordlist p18 [unknown/low]
kari			Mirikitani p926 [unknown/low]
karin		Substitute	PALI:kari’n
karing		prep	SEED-FUNC
karinyo		D	PALI:kari’nyo
karinyu			Kapampangan-English-Pilipino wordlist p18 [unknown/low]
karitela			Kapampangan-English-Pilipino wordlist p18 [unknown/low]
karitun			Kapampangan-English-Pilipino wordlist p18 [unknown/low]
karne			Mirikitani p926 [unknown/low]
karosa			Kapampangan-English-Pilipino wordlist p18 [unknown/low]
karpentero			Mirikitani p926 [unknown/low]
karrera		noun	Samson p178 [dictionary_explicit/high]
karreta		noun	Samson p178 [dictionary_explicit/high]
karrete		noun	Samson p178 [dictionary_explicit/high]
karretela			Samson p178 [unknown/low]
karretilia			Samson p178 [dictionary_explicit/high]
karreton			Samson p178 [dictionary_explicit/high]
karsusilyu			Kapampangan-English-Pilipino wordlist p18 [unknown/low]
kart			Samson p178 [unknown/low]
karta		N	PALI:ka’rta
kartel		noun	Samson p178 [unknown/low]
kartelon		noun	Samson p178 [unknown/low]
kartero		noun	Samson p178 [unknown/low]
kartilia			Samson p178 [unknown/low]
kartilya		N	PALI:karti’lya
kartografo			Samson p178 [unknown/low]
karton		noun	Samson p178 [unknown/low]
kartuho			Samson p178 [unknown/low]
kartulina		noun	Samson p178 [dictionary_explicit/high]
kartun			Kapampangan-English-Pilipino wordlist p18 [unknown/low]
karuahe			Samson p178 [unknown/low]
karug		V	PALI:ka’rug
karumaldumal			Kapampangan-English-Pilipino wordlist p19 [unknown/low]
karumata			Kapampangan-English-Pilipino wordlist p19 [unknown/low]
karuru		noun	Samson p178 [unknown/low]
karurungan		noun	Samson p178 [unknown/low]
karuwaye		N	PALI:karuwa’ye
karwai			Kapampangan-English-Pilipino wordlist p19 [unknown/low]
kasa		noun	Samson p179 [unknown/low]
kasabwat			Kapampangan-English-Pilipino wordlist p19 [unknown/low]
kasador		noun	Samson p179 [dictionary_explicit/high]
kasafuego		noun	Samson p179 [dictionary_explicit/high]
kasag			Samson p179 [unknown/low]
kasakasa		adverb	Samson p179 [unknown/low]
kasakmal			Kapampangan-English-Pilipino wordlist p19 [unknown/low]
kasal		N	PALI:kasa’l
kasalang			Kapampangan-English-Pilipino wordlist p19 [unknown/low]
kasalesean			Samson p179 [unknown/low]
kasalpantayanan			Kapampangan-English-Pilipino wordlist p19 [unknown/low]
kasalungsungan			Kapampangan-English-Pilipino wordlist p19 [unknown/low]
kasalusungan		Q	PALI:kasalusu’ngan
kasamak			Kapampangan-English-Pilipino wordlist p19 [unknown/low]
kasaman		V	PALI:kasaman
kasangga			Kapampangan-English-Pilipino wordlist p19 [unknown/low]
kasangkapan		N	PALI:kasangka’pan
kasangkut			Kapampangan-English-Pilipino wordlist p19 [unknown/low]
kasanting			Kapampangan-English-Pilipino wordlist p19 [unknown/low]
kasapakat			Kapampangan-English-Pilipino wordlist p19 [unknown/low]
kasapuego			Mirikitani p927 [unknown/low]
kasapunggul		N	PALI:kasapunggul
kasapuwegu			Kapampangan-English-Pilipino wordlist p19 [unknown/low]
kasapwego		N	PALI:kasapwe’go
kasasaga			Samson p179 [unknown/low]
kasasamba			Samson p179 [unknown/low]
kasat		N	PALI:kasa’t
kasaup			Kapampangan-English-Pilipino wordlist p19 [unknown/low]
kasaya			Mirikitani p956 [unknown/low]
kase		intransitive verb	Samson p180 [dictionary_explicit/high]
kasera		N	PALI:kase’ra
kasi		Subcomb./Q	PALI:kasi’
kasili		noun	Samson p180 [unknown/low]
kasilias		noun	Samson p180 [unknown/low]
kasilyas			Kapampangan-English-Pilipino wordlist p19 [unknown/low]
kasim			Samson p180 [unknown/low]
kasing			Samson p180 [unknown/low]
kasiping			Kapampangan-English-Pilipino wordlist p19 [unknown/low]
kasiping-bale		N	PALI:kasi’ping-bale’
kasiran			Kapampangan-English-Pilipino wordlist p19 [unknown/low]
kasiu			Samson p180 [unknown/low]
kaskas		noun-verb	Samson p180 [dictionary_explicit/high]
kaskasero			Samson p180 [unknown/low]
kaslamwawa			Samson p180 [unknown/low]
kasnuk			Kapampangan-English-Pilipino wordlist p19 [unknown/low]
kaso		noun	Samson p181 [dictionary_explicit/high]
kasosyu			Kapampangan-English-Pilipino wordlist p19 [unknown/low]
kasta		adjective	Samson p181 [unknown/low]
kastanias		noun	Samson p181 [unknown/low]
kastanieta		noun	Samson p181 [unknown/low]
kastanio		noun	Samson p181 [unknown/low]
kastanyas			Kapampangan-English-Pilipino wordlist p19 [unknown/low]
kastidad		noun	Samson p181 [unknown/low]
kastigado			Samson p181 [unknown/low]
kastigo		noun	Samson p181 [unknown/low]
kastila		noun	Samson p181 [unknown/low]
kastilio		noun	Samson p181 [unknown/low]
kastilye			Samson p181 [unknown/low]
kastilyu			Kapampangan-English-Pilipino wordlist p19 [unknown/low]
kastuli		noun	Samson p181 [unknown/low]
kasuba			Samson p181 [unknown/low]
kasulatan			Samson p181 [unknown/low]
kasulia		noun	Samson p181 [unknown/low]
kasulu			Kapampangan-English-Pilipino wordlist p19 [unknown/low]
kasumangid		N./St./D	PALI:kasuma’ngid
kasunduan		noun	Samson p181 [unknown/low]
kasyu		N	PALI:kasyu’q
kata		Subs	PALI:kata’
katag		noun-verb	Samson p181 [unknown/low]
kataimikan			Kapampangan-English-Pilipino wordlist p19 [unknown/low]
katakata		adverb	Samson p181 [unknown/low]
katakutan			Kapampangan-English-Pilipino wordlist p19 [unknown/low]
katalaruan			Kapampangan-English-Pilipino wordlist p19 [unknown/low]
katalauran		noun	Samson p181 [dictionary_explicit/high]
katalogo		noun (OCR: printed as 'ft.')	Samson p181 [unknown/low]
katam		noun (OCR: printed as 'ft.')	Samson p181 [dictionary_explicit/high]
katambayan			Kapampangan-English-Pilipino wordlist p19 [unknown/low]
katampatan			Kapampangan-English-Pilipino wordlist p19 [unknown/low]
katamtam			Mirikitani p961 [unknown/low]
katang		noun-verb	Samson p181 [unknown/low]
katapa			Kapampangan-English-Pilipino wordlist p19 [unknown/low]
katapatan			Kapampangan-English-Pilipino wordlist p19 [unknown/low]
katarata			Kapampangan-English-Pilipino wordlist p19 [unknown/low]
katas			Kapampangan-English-Pilipino wordlist p19 [unknown/low]
katat		V	PALI:kata’t
katau		adjective	Samson p182 [unknown/low]
katawan		N	PALI:katawan
kataya		adjective	Samson p182 [unknown/low]
kate		noun-verb	Samson p182 [dictionary_explicit/high]
katedral		noun	Samson p182 [unknown/low]
katedratiko		noun	Samson p182 [unknown/low]
katekesis		noun	Samson p182 [unknown/low]
katekista		noun	Samson p182 [unknown/low]
katekumeno		noun	Samson p182 [unknown/low]
katerva		noun	Samson p182 [unknown/low]
katesismo		noun	Samson p182 [unknown/low]
kati		noun	Samson p183 [dictionary_explicit/high]
katiban		noun	Samson p183 [unknown/low]
katig			Samson p183 [dictionary_explicit/high]
katikat		transitive verb	Samson p183 [dictionary_explicit/high]
katiki		transitive verb	Samson p183 [dictionary_explicit/high]
katikut		transitive verb	Samson p183 [dictionary_explicit/high]
katilpu		noun	Samson p183 [unknown/low]
katimawan			Kapampangan-English-Pilipino wordlist p19 [unknown/low]
katimyas			Kapampangan-English-Pilipino wordlist p19 [unknown/low]
katitikal		D	PALI:katitika’l
katiuala			Samson p183 [unknown/low]
katiwala			Kapampangan-English-Pilipino wordlist p19 [unknown/low]
katkat		transitive verb	Samson p182 [dictionary_explicit/high]
katli		transitive verb	Samson p183 [dictionary_explicit/high]
katmon		noun	Samson p183 [unknown/low]
katmu			Kapampangan-English-Pilipino wordlist p19 [unknown/low]
katol			Kapampangan-English-Pilipino wordlist p19 [unknown/low]
katoldan			Samson p183 [unknown/low]
katoliko		noun	Samson p183 [unknown/low]
katon		noun	Samson p183 [unknown/low]
katorse		noun	Samson p183 [unknown/low]
katorsi			Kapampangan-English-Pilipino wordlist p19 [unknown/low]
katre		noun	Samson p183 [dictionary_explicit/high]
katri		N	PALI:ka’tri
katsa		noun	Samson p183 [unknown/low]
katu		noun	Samson p184 [unknown/low]
katuangan		N	PALI:katua’ngan
katuc		adjective	Samson p184 [unknown/low]
katug		transitive verb	Samson p184 [dictionary_explicit/high]
katuglung			Kapampangan-English-Pilipino wordlist p20 [unknown/low]
katulid			Kapampangan-English-Pilipino wordlist p20 [unknown/low]
katuliran			Kapampangan-English-Pilipino wordlist p20 [unknown/low]
katulunan		noun	Samson p184 [unknown/low]
katun		N	PALI:katu’n
katunayan			Kapampangan-English-Pilipino wordlist p20 [unknown/low]
katung		adjective	Samson p184 [unknown/low]
katungkulan			Kapampangan-English-Pilipino wordlist p20 [unknown/low]
kature		noun	Samson p184 [dictionary_explicit/high]
katus			Samson p184 [unknown/low]
katut		adjective	Samson p184 [unknown/low]
katutu		noun	Samson p184 [unknown/low]
katuturan			Kapampangan-English-Pilipino wordlist p20 [unknown/low]
katuyangan			Samson p184 [dictionary_explicit/high]
kau		noun	Samson p185 [unknown/low]
kaua		noun	Samson p185 [unknown/low]
kauad		noun	Samson p185 [unknown/low]
kaual		transitive verb	Samson p185 [dictionary_explicit/high]
kauala		verb	Samson p185 [unknown/low]
kauat		transitive verb	Samson p186 [dictionary_explicit/high]
kauatasan			Samson p186 [unknown/low]
kaue			Samson p186 [dictionary_explicit/high]
kauig		noun-verb	Samson p186 [unknown/low]
kauil		adjective	Samson p186 [dictionary_explicit/high]
kauing		noun	Samson p186 [unknown/low]
kauit		noun	Samson p186 [unknown/low]
kaul		V	PALI:kau’l
kauliflower			Samson p186 [dictionary_explicit/high]
kaun			Kapampangan-English-Pilipino wordlist p20 [unknown/low]
kaung		V	PALI:kau’ng
kauran			Mirikitani p966 [unknown/low]
kawa		N	PALI:ka’wa
kawag		N	PALI:kawa’g
kawal			Kapampangan-English-Pilipino wordlist p20 [unknown/low]
kawali			Kapampangan-English-Pilipino wordlist p20 [unknown/low]
kawani		V./St	PALI:kawa’niq
kawe		V	PALI:ka’we
kawewe			Kapampangan-English-Pilipino wordlist p20 [unknown/low]
kawil			Kapampangan-English-Pilipino wordlist p20 [unknown/low]
kawran			Kapampangan-English-Pilipino wordlist p20 [unknown/low]
kaya		Subs	PALI:kaya’
kayabang			Mirikitani p927 [unknown/low]
kayabe			Kapampangan-English-Pilipino wordlist p20 [unknown/low]
kayaduanan			Kapampangan-English-Pilipino wordlist p20 [unknown/low]
kayag		V	PALI:ka’yag
kayaldawan			Kapampangan-English-Pilipino wordlist p20 [unknown/low]
kayanakan			Mga Salita sa Iba't Ibang Dayalekto p6 [unknown/low]
kayanib			Kapampangan-English-Pilipino wordlist p20 [unknown/low]
kayapan		N	PALI:kayapan
kayas		transitive verb	Samson p186 [dictionary_explicit/high]
kayat		transitive verb	Samson p187 [dictionary_explicit/high]
kayi		noun	Samson p187 [unknown/low]
kaymitu		N	PALI:kaymi’tu
kayu		Subs	PALI:kayu’
kayud		transitive verb	Samson p187 [unknown/low]
kayukut		transitive verb	Samson p187 [dictionary_explicit/high]
kayumanggi			Kapampangan-English-Pilipino wordlist p20 [unknown/low]
kayungkung		noun-verb	Samson p187 [dictionary_explicit/high]
ke		Subcomb	PALI:ke
kea		pron	SEED-FUNC
kebabaran			Samson p80 [dictionary_explicit/high]
keganagana			Samson p374 [unknown/low]
keha			Samson p374 [unknown/low]
keka		pron	SEED-FUNC
kekami		pron	SEED-FUNC
kekao			Samson p374 [unknown/low]
kekata			Samson p374 [unknown/low]
kekatamu		pron	SEED-FUNC
kekayikayi		adverb	Samson p374 [dictionary_explicit/high]
kekayu		pron	SEED-FUNC
keke			PALI:ke’ke
kekeha			Samson p374 [unknown/low]
kekeng		pronoun	Samson p374 [dictionary_explicit/high]
kekong		adjective	Samson p374 [unknown/low]
kelat			Samson p374 [unknown/low]
keliliuan			Samson p374 [unknown/low]
keliuan			Samson p374 [unknown/low]
kelua			Samson p374 [unknown/low]
keluatan			Samson p374 [dictionary_explicit/high]
kelwa			Kapampangan-English-Pilipino wordlist p20 [unknown/low]
kembut		noun	Samson p374 [unknown/low]
kemika		noun	Samson p374 [dictionary_explicit/high]
kemiko		noun	Samson p374 [dictionary_explicit/high]
ken			PALI:ken
kendi		N	PALI:ke’ndi
keng			Samson p374 [unknown/low]
kengkeng		noun	Samson p374 [unknown/low]
keni		Subs., loc	PALI:ke’ni
kening		prep	SEED-FUNC
kenu			PALI:ke:nu
kepis			Samson p374 [unknown/low]
kera		D./St	PALI:-ke’raq
keraclan			Samson p374 [unknown/low]
keragul			Samson p375 [unknown/low]
keraklan		Q	PALI:kera’klan
kerengkeng		noun	Samson p375 [unknown/low]
kerida			Samson p375 [unknown/low]
kerubin			Samson p375 [unknown/low]
kesa		Q	PALI:ke’saq
kesio			Samson p375 [unknown/low]
keso			Samson p375 [unknown/low]
kesu		N	PALI:ke’su
kesyap			Kapampangan-English-Pilipino wordlist p20 [unknown/low]
kesyo			Kapampangan-English-Pilipino wordlist p20 [unknown/low]
ket		V	PALI:-ket
keta		Subs., loc	PALI:keta
ketang			Mirikitani p929 [unknown/low]
keti		Subs., loc	PALI:keti
ketubasan			Kapampangan-English-Pilipino wordlist p20 [unknown/low]
ketunantunan		adverb	Samson p375 [unknown/low]
ketung			Samson p375 [unknown/low]
ketuntunan			Samson p375 [unknown/low]
keuangan			Samson p185 [dictionary_explicit/high]
keuoc		noun	Samson p375 [unknown/low]
keya		pron	SEED-FUNC
kezo		noun	Samson p579 [dictionary_explicit/high]
kia			Samson p375 [unknown/low]
kian		adverb	Samson p375 [dictionary_explicit/high]
kiapu		noun	Samson p375 [unknown/low]
kibai		noun	Samson p376 [unknown/low]
kibal			Kapampangan-English-Pilipino wordlist p20 [unknown/low]
kibat			Mirikitani p929 [unknown/low]
kibit			Samson p376 [dictionary_explicit/high]
kibul		noun	Samson p376 [unknown/low]
kibut			Kapampangan-English-Pilipino wordlist p20 [unknown/low]
kickuan			Samson p376 [unknown/low]
kid			Samson p376 [dictionary_explicit/high]
kidnunc			Samson p579 [unknown/low]
kijote		noun	Samson p579 [unknown/low]
kikiam			Samson p376 [unknown/low]
kikil		noun	Samson p376 [unknown/low]
kikim		adjective	Samson p376 [unknown/low]
kikwan			Kapampangan-English-Pilipino wordlist p21 [unknown/low]
kilabut		noun	Samson p376 [dictionary_explicit/high]
kilain			Samson p376 [unknown/low]
kilakil		noun	Samson p376 [unknown/low]
kilakila		verb	Samson p376 [unknown/low]
kilala		V./St	PALI:kila’la
kilang		noun	Samson p376 [unknown/low]
kilap		noun	Samson p376 [unknown/low]
kilatis			Samson p376 [unknown/low]
kilauin		noun	Samson p377 [dictionary_explicit/high]
kilawin			Mirikitani p929 [unknown/low]
kildap		N	PALI:ki’ldap
kile		noun	Samson p377 [dictionary_explicit/high]
kilib			Samson p377 [dictionary_explicit/high]
kilic			Samson p377 [dictionary_explicit/high]
kilickilic			Samson p377 [unknown/low]
kilig			Kapampangan-English-Pilipino wordlist p21 [unknown/low]
kilik			Kapampangan-English-Pilipino wordlist p21 [unknown/low]
kilik-		V	PALI:kili’k-
kilikili		N	PALI:kiliki’li
kilikitian			Samson p377 [unknown/low]
kilim		noun-verb	Samson p377 [unknown/low]
kiling		N	PALI:ki’ling
kilis		noun-verb	Samson p377 [unknown/low]
kiliskius			Samson p377 [unknown/low]
kilit		adjective	Samson p377 [dictionary_explicit/high]
kiliti			Samson p377 [unknown/low]
kilo		noun	Samson p377 [dictionary_explicit/high]
kilometrahe		noun	Samson p377 [unknown/low]
kilometro			Samson p378 [unknown/low]
kiltian			Samson p378 [unknown/low]
kilu		noun	Samson p378 [dictionary_explicit/high]
kilual			Kapampangan-English-Pilipino wordlist p21 [unknown/low]
kilub			Kapampangan-English-Pilipino wordlist p21 [unknown/low]
kilus		N	PALI:ki’lus
kimbe		noun	Samson p378 [unknown/low]
kimbus			Samson p378 [dictionary_explicit/high]
kimche			Samson p378 [unknown/low]
kimchi			Samson p378 [unknown/low]
kimi		adjective	Samson p378 [dictionary_explicit/high]
kimil			Samson p378 [dictionary_explicit/high]
kimo		adjective	Samson p378 [unknown/low]
kimona			Samson p378 [unknown/low]
kimono			Samson p378 [unknown/low]
kimse		N	PALI:ki’mse
kimtse			Kapampangan-English-Pilipino wordlist p21 [unknown/low]
kimu		D./St	PALI:kimu’q
kimut		N	PALI:kimu’t
kimutkimuut			Samson p378 [unknown/low]
kinab		noun	Samson p378 [dictionary_explicit/high]
kinakapatid		noun	Samson p378 [unknown/low]
kinakin		noun-verb	Samson p378 [dictionary_explicit/high]
kinaking			Samson p378 [unknown/low]
kinario			Samson p378 [unknown/low]
kindat		noun-verb	Samson p378 [dictionary_explicit/high]
kinding			Samson p378 [dictionary_explicit/high]
king		prep	SEED-FUNC
kingking		V	PALI:kingki’ng
kinientos			Samson p379 [unknown/low]
kinina			Samson p379 [unknown/low]
kininde			Samson p379 [dictionary_explicit/high]
kiniraya		noun	Samson p379 [unknown/low]
kinis		V	PALI:kinis
kinse			Samson p378 [unknown/low]
kinsenas		noun	Samson p378 [dictionary_explicit/high]
kinsi			Samson p379 [dictionary_explicit/high]
kintab			Samson p379 [unknown/low]
kintal		noun	Samson p379 [dictionary_explicit/high]
kinteto			Samson p379 [unknown/low]
kintilia			Samson p379 [unknown/low]
kinung		noun-verb	Samson p379 [dictionary_explicit/high]
kinyud		V	PALI:ki’nyud
kiosko			Samson p379 [unknown/low]
kiping		noun	Samson p380 [unknown/low]
kiput		noun (OCR: printed as 'ft.')	Samson p380 [dictionary_explicit/high]
kirat		V	PALI:kira’t
kiriling		noun (OCR: printed as 'ft.')	Samson p380 [unknown/low]
kirkuk		noun (OCR: printed as 'ft.')	Samson p380 [unknown/low]
kirungut		noun	Samson p579 [unknown/low]
kirut		V	PALI:kiru’t
kisa		noun (OCR: printed as 'ft.')	Samson p380 [dictionary_explicit/high]
kisab		noun (OCR: printed as 'ft.')	Samson p380 [unknown/low]
kisame			Samson p380 [unknown/low]
kisami		N	PALI:kisami’
kisap		noun-verb	Samson p380 [dictionary_explicit/high]
kisapmata			Samson p380 [unknown/low]
kisi		noun-verb	Samson p380 [unknown/low]
kisig		noun-verb	Samson p380 [unknown/low]
kiskis		N	PALI:kiski’s
kislap		noun (OCR: printed as 'ft.')	Samson p380 [unknown/low]
kislut			Kapampangan-English-Pilipino wordlist p21 [unknown/low]
kiso		noun (OCR: printed as 'ft.')	Samson p380 [unknown/low]
kit		V	PALI:-kit
kitang		noun (OCR: printed as 'ft.')	Samson p380 [unknown/low]
kitid		noun	Samson p381 [dictionary_explicit/high]
kitig		N	PALI:kiti’g
kitikiti			Samson p381 [unknown/low]
kitil		verb	Samson p381 [unknown/low]
kitkit		adjective	Samson p381 [unknown/low]
kitong			Samson p381 [unknown/low]
kitung		N	PALI:ki’tung
kiual		verb	Samson p381 [unknown/low]
kiwa		noun	Samson p381 [unknown/low]
kiwal		noun	Samson p381 [unknown/low]
kiwalkiwal			Samson p381 [unknown/low]
kiyak			Kapampangan-English-Pilipino wordlist p21 [unknown/low]
klab		N	PALI:klab
klak		D	PALI:-klak
klase			Mirikitani p930 [unknown/low]
klasi		N	PALI:kla’si
ko		pron	SEED-FUNC
koadjutor		noun (OCR: printed as 'ft.')	Samson p191 [unknown/low]
koagulado		adjective	Samson p191 [unknown/low]
koalision		noun (OCR: printed as 'ft.')	Samson p191 [unknown/low]
kobeta			Samson p191 [unknown/low]
kobra			Samson p191 [unknown/low]
kobrador		noun	Samson p191 [dictionary_explicit/high]
kobung-kobung			Samson p191 [unknown/low]
koche			Samson p191 [unknown/low]
kochero			Samson p191 [unknown/low]
kocho			Samson p191 [unknown/low]
kodernu		N	PALI:kode’rnu
kodigo		noun	Samson p192 [unknown/low]
kodigu			Kapampangan-English-Pilipino wordlist p21 [unknown/low]
kodiko			Samson p192 [unknown/low]
kodise		noun	Samson p192 [unknown/low]
kokac		noun (OCR: printed as 'ft.')	Samson p191 [unknown/low]
kokang			Samson p381 [unknown/low]
kokkok		V	PALI:kokko’k
koko		transitive verb	Samson p191 [dictionary_explicit/high]
kokoc			Samson p191 [unknown/low]
kokoto			Samson p192 [unknown/low]
kola			Samson p192 [unknown/low]
kolasion			Samson p192 [unknown/low]
kolecsion			Samson p192 [unknown/low]
kolecta			Samson p192 [unknown/low]
kolectivo		noun	Samson p192 [unknown/low]
kolehial		noun	Samson p192 [unknown/low]
kolehio		noun	Samson p192 [unknown/low]
kolera		N	PALI:ko’lera
koleriko		adjective	Samson p193 [unknown/low]
koliseo		noun	Samson p193 [unknown/low]
kolitis		noun	Samson p193 [dictionary_explicit/high]
kolokintida		noun	Samson p193 [dictionary_explicit/high]
kolon			Samson p193 [unknown/low]
kolonia		noun	Samson p193 [unknown/low]
kolonialismo		noun	Samson p193 [unknown/low]
kolonista		noun	Samson p193 [unknown/low]
kolonizasion		noun	Samson p193 [unknown/low]
kolonizing			Samson p193 [unknown/low]
kolor		noun	Samson p193 [unknown/low]
kolored		noun	Samson p193 [dictionary_explicit/high]
kolorum		noun	Samson p193 [dictionary_explicit/high]
koma			Samson p193 [unknown/low]
komadre			Samson p193 [dictionary_explicit/high]
komadrona			Samson p193 [unknown/low]
komandante		noun	Samson p193 [unknown/low]
komander		N	PALI:koma’nder
komang			Samson p193 [unknown/low]
komanggi		D./N	PALI:ko’manggi’q
kombinasion		noun	Samson p193 [unknown/low]
komedia		noun	Samson p193 [dictionary_explicit/high]
komedor		noun	Samson p194 [unknown/low]
komentario		noun	Samson p194 [unknown/low]
komersiante		noun	Samson p194 [unknown/low]
kometa		N	PALI:kome’ta
kommerse			Samson p194 [unknown/low]
komo			Samson p194 [unknown/low]
komodon		adjective	Samson p194 [unknown/low]
kompadre		noun	Samson p194 [dictionary_explicit/high]
kompania			Samson p194 [unknown/low]
kompaniero		noun	Samson p194 [unknown/low]
kompara			Samson p194 [unknown/low]
komparasion		noun	Samson p194 [unknown/low]
kompas		noun	Samson p194 [unknown/low]
kompetensia		noun	Samson p194 [unknown/low]
kompetetivo		adjective	Samson p195 [unknown/low]
komplemento		noun	Samson p195 [unknown/low]
kompleto		adjective	Samson p195 [unknown/low]
kompletorio		noun	Samson p195 [unknown/low]
komplikasion		noun	Samson p195 [unknown/low]
komplimlento			Mirikitani p930 [unknown/low]
komposision		noun	Samson p195 [unknown/low]
kompositor		noun	Samson p195 [unknown/low]
komprobante		noun	Samson p195 [unknown/low]
komprobasion		noun	Samson p195 [unknown/low]
komprometido		adjective	Samson p195 [unknown/low]
kompromiso		noun	Samson p195 [unknown/low]
komputasion		noun	Samson p195 [unknown/low]
komulgatorio		noun	Samson p195 [unknown/low]
komun		adjective	Samson p195 [unknown/low]
komunidad		noun	Samson p195 [unknown/low]
komunikasion		noun	Samson p195 [unknown/low]
komunion		noun	Samson p195 [unknown/low]
komunismo		noun	Samson p196 [unknown/low]
komunista		noun	Samson p196 [unknown/low]
komusta			Samson p196 [unknown/low]
komustahan			Samson p196 [unknown/low]
konbien			Samson p196 [unknown/low]
koncha		noun	Samson p196 [unknown/low]
konclusion		noun	Samson p197 [unknown/low]
koncreto		noun	Samson p197 [dictionary_explicit/high]
konde		noun	Samson p197 [unknown/low]
kondemn			Samson p197 [unknown/low]
kondena			Samson p197 [unknown/low]
konderlos		N	PALI:konde’rlos
kondesa		noun	Samson p197 [unknown/low]
kondi			Kapampangan-English-Pilipino wordlist p21 [unknown/low]
kondision		noun	Samson p197 [unknown/low]
konditions			Samson p83 [dictionary_explicit/high]
konductor		noun	Samson p197 [unknown/low]
konductress			Samson p197 [unknown/low]
konecsion		noun	Samson p197 [unknown/low]
koneho		noun	Samson p197 [unknown/low]
konferensia		noun	Samson p197 [dictionary_explicit/high]
konfesion			Samson p197 [unknown/low]
konfesor		noun	Samson p197 [unknown/low]
konfianza		noun	Samson p198 [dictionary_explicit/high]
konfidensia		noun	Samson p198 [unknown/low]
konfidensial		adjective	Samson p198 [unknown/low]
konfiska			Samson p198 [unknown/low]
konfiskatedorseizedthus			Samson p198 [unknown/low]
konforme		adjective	Samson p198 [unknown/low]
kong			Samson p198 [unknown/low]
kongregasion		noun	Samson p198 [unknown/low]
kongresista			Samson p198 [unknown/low]
kongreso		noun	Samson p198 [unknown/low]
konichi-wa			Samson p381 [unknown/low]
konichiwa			Samson p381 [unknown/low]
konker			Samson p198 [unknown/low]
konkista		noun	Samson p198 [dictionary_explicit/high]
konkistador			Samson p198 [unknown/low]
konsagra		transitive verb	Samson p198 [unknown/low]
konsagraban			Samson p199 [unknown/low]
konsagrasion		noun	Samson p199 [unknown/low]
konsecrated			Samson p199 [unknown/low]
konsehal		noun	Samson p196 [unknown/low]
konseho		noun	Samson p196 [unknown/low]
konsekuensia		noun	Samson p199 [unknown/low]
konsensya		N	PALI:konse’nsya
konsente		noun	Samson p199 [dictionary_explicit/high]
konsentrasion		noun	Samson p196 [unknown/low]
konsertina		noun	Samson p196 [unknown/low]
konservasion		noun	Samson p199 [unknown/low]
konsidera			Samson p199 [unknown/low]
konsiderasion		noun	Samson p199 [unknown/low]
konsideration			Samson p199 [unknown/low]
konsiensia			Samson p196 [unknown/low]
konsierto		noun	Samson p196 [unknown/low]
konsilio		noun	Samson p197 [unknown/low]
konsintidor			Samson p199 [unknown/low]
konsonanse			Samson p199 [unknown/low]
konsonante		noun	Samson p199 [unknown/low]
konsorte		noun	Samson p199 [unknown/low]
konspirasion		noun	Samson p199 [unknown/low]
konstablario		noun	Samson p199 [unknown/low]
konstante		adjective	Samson p199 [unknown/low]
konstitusion		noun	Samson p199 [unknown/low]
konstrucsion		noun	Samson p199 [unknown/low]
konsuelo		noun	Samson p199 [dictionary_explicit/high]
konsul		noun	Samson p199 [unknown/low]
konsulta		noun	Samson p199 [unknown/low]
konsultation			Samson p200 [unknown/low]
konsulting			Samson p200 [unknown/low]
konsumision			Samson p200 [unknown/low]
kontact			Samson p200 [unknown/low]
kontador		N	PALI:kontado’r
kontakan			Samson p200 [unknown/low]
kontang		adjective	Samson p200 [unknown/low]
kontemplasion		noun	Samson p200 [unknown/low]
kontemplativo		adjective	Samson p200 [unknown/low]
kontentelio		noun	Samson p200 [unknown/low]
kontention			Samson p201 [unknown/low]
kontentious			Samson p201 [unknown/low]
kontento		adjective	Samson p200 [unknown/low]
kontinensia		noun	Samson p200 [unknown/low]
kontinente		adjective	Samson p200 [unknown/low]
konting			Samson p200 [unknown/low]
kontra		N	PALI:ko’ntra
kontrabando		noun	Samson p201 [unknown/low]
kontrario			Samson p201 [unknown/low]
kontrasenias		noun	Samson p201 [unknown/low]
kontrata		noun	Samson p201 [dictionary_explicit/high]
kontratista		noun	Samson p201 [dictionary_explicit/high]
kontribusion		noun	Samson p201 [unknown/low]
kontribution			Samson p201 [unknown/low]
kontrol			Kapampangan-English-Pilipino wordlist p21 [unknown/low]
kontrolado		adjective	Samson p201 [unknown/low]
kontroversia		noun	Samson p201 [unknown/low]
konu		noun	Samson p201 [unknown/low]
konveniensia		noun	Samson p202 [unknown/low]
konvension		noun	Samson p202 [unknown/low]
konvento			Samson p202 [unknown/low]
konversion			Samson p202 [unknown/low]
konverte			Samson p202 [unknown/low]
konvicsion		noun	Samson p202 [unknown/low]
konvinse			Samson p202 [unknown/low]
konvinsed			Samson p202 [unknown/low]
kooperasion		noun	Samson p202 [unknown/low]
kooperativa			Samson p202 [unknown/low]
koordinasion		noun	Samson p202 [unknown/low]
kopa		noun	Samson p202 [unknown/low]
kopas		noun	Samson p202 [unknown/low]
kopia		noun	Samson p202 [unknown/low]
kopla		noun	Samson p203 [unknown/low]
kopo			Samson p203 [unknown/low]
kopya			Kapampangan-English-Pilipino wordlist p21 [unknown/low]
korales		noun	Samson p203 [unknown/low]
korona		N	PALI:koro’na
korrecsion		noun	Samson p204 [unknown/low]
korrecsional		noun	Samson p204 [unknown/low]
korreo		noun	Samson p204 [unknown/low]
korrida		noun	Samson p204 [unknown/low]
korrido			Samson p204 [unknown/low]
korriente			Samson p204 [unknown/low]
korsunada			Samson p204 [unknown/low]
kortapluma		noun	Samson p204 [unknown/low]
kortavista			Samson p204 [unknown/low]
korte		noun	Samson p204 [unknown/low]
kortesiya		noun (OCR: printed as 'ft.')	Samson p205 [unknown/low]
korteza		noun (OCR: printed as 'ft.')	Samson p205 [unknown/low]
kortina		noun (OCR: printed as 'ft.')	Samson p205 [unknown/low]
korto		noun (OCR: printed as 'ft.')	Samson p205 [unknown/low]
kosiang			Samson p205 [unknown/low]
kosido		noun (OCR: printed as 'ft.')	Samson p191 [unknown/low]
kosina			Samson p191 [unknown/low]
kosinero			Samson p191 [unknown/low]
kosinilia		noun (OCR: printed as 'ft.')	Samson p191 [unknown/low]
kosmetika		noun (OCR: printed as 'ft.')	Samson p205 [unknown/low]
kosta		noun (OCR: printed as 'ft.')	Samson p205 [unknown/low]
kostable			Kapampangan-English-Pilipino wordlist p21 [unknown/low]
kostado			Samson p205 [unknown/low]
kostas		noun (OCR: printed as 'ft.')	Samson p205 [unknown/low]
kostilian			Samson p205 [unknown/low]
kostilias		noun (OCR: printed as 'ft.')	Samson p205 [unknown/low]
kostumbre		noun (OCR: printed as 'ft.')	Samson p205 [unknown/low]
kostura		noun (OCR: printed as 'ft.')	Samson p205 [unknown/low]
kotablan		noun (OCR: printed as 'ft.')	Samson p205 [unknown/low]
kote			Samson p205 [unknown/low]
koteho		noun (OCR: printed as 'ft.')	Samson p205 [unknown/low]
koto		noun (OCR: printed as 'ft.')	Samson p205 [unknown/low]
kotse			Mirikitani p930 [unknown/low]
kotsi			Kapampangan-English-Pilipino wordlist p21 [unknown/low]
kotsu			Kapampangan-English-Pilipino wordlist p21 [unknown/low]
kotung		noun (OCR: printed as 'ft.')	Samson p205 [unknown/low]
koy		N	PALI:koy
koya			Samson p205 [unknown/low]
kris			Kapampangan-English-Pilipino wordlist p21 [unknown/low]
krisanta		N	PALI:krisa’nta
krisotan		N	PALI:kriso’tan
ku		Subs	PALI:ku
kua		noun	Samson p207 [unknown/low]
kuaderno			Mirikitani p931 [unknown/low]
kuadra		noun	Samson p207 [unknown/low]
kuadro		noun (OCR: printed as 'ft.')	Samson p207 [unknown/low]
kuaho		noun (OCR: printed as 'ft.')	Samson p207 [unknown/low]
kuaki		transitive verb	Samson p207 [dictionary_explicit/high]
kuaku		noun	Samson p207 [dictionary_explicit/high]
kuala		noun (OCR: printed as 'ft.')	Samson p207 [unknown/low]
kualta			Samson p207 [unknown/low]
kuarenta		noun (OCR: printed as 'ft.')	Samson p207 [unknown/low]
kuaresma		noun (OCR: printed as 'ft.')	Samson p207 [dictionary_explicit/high]
kuartel		noun (OCR: printed as 'ft.')	Samson p207 [unknown/low]
kuarto		noun (OCR: printed as 'ft.')	Samson p207 [unknown/low]
kuartu			Kapampangan-English-Pilipino wordlist p22 [unknown/low]
kuatro			Samson p207 [unknown/low]
kuatru			Kapampangan-English-Pilipino wordlist p22 [unknown/low]
kuba			Samson p207 [unknown/low]
kubakub		noun	Samson p207 [unknown/low]
kubao		noun (OCR: printed as 'ft.')	Samson p207 [unknown/low]
kubeta			Kapampangan-English-Pilipino wordlist p22 [unknown/low]
kubit			Kapampangan-English-Pilipino wordlist p22 [unknown/low]
kubiyerta			Kapampangan-English-Pilipino wordlist p22 [unknown/low]
kubo		N	PALI:ku’bo
kubrekama		noun	Samson p208 [unknown/low]
kubu		noun	Samson p208 [unknown/low]
kubug		noun (OCR: printed as 'ft.')	Samson p208 [unknown/low]
kubul		noun	Samson p208 [unknown/low]
kubut		noun (OCR: printed as 'ft.')	Samson p208 [unknown/low]
kubyertus		N	PALI:kubye’rtus
kuchara		noun (OCR: printed as 'ft.')	Samson p208 [unknown/low]
kucharita			Samson p208 [unknown/low]
kucharon		noun (OCR: printed as 'ft.')	Samson p208 [unknown/low]
kuchetes		noun (OCR: printed as 'ft.')	Samson p208 [unknown/low]
kuchflio		noun (OCR: printed as 'ft.')	Samson p208 [unknown/low]
kuchmta			Samson p208 [unknown/low]
kuchon		noun (OCR: printed as 'ft.')	Samson p208 [dictionary_explicit/high]
kudiapi		noun (OCR: printed as 'ft.')	Samson p208 [unknown/low]
kudjape		N	PALI:kudjape’
kudkud		transitive verb	Samson p208 [dictionary_explicit/high]
kudkuran		N	PALI:kudku’ran
kudraru		pekakudradu ‘square shape’	PALI:kudra’ru
kudta			Samson p208 [unknown/low]
kudyapi			Kapampangan-English-Pilipino wordlist p22 [unknown/low]
kuenta		noun	Samson p209 [unknown/low]
kuentu		noun	Samson p209 [unknown/low]
kuhing		noun (OCR: printed as 'ft.')	Samson p209 [unknown/low]
kuku		N	PALI:kuku’
kukua			Mirikitani p931 [unknown/low]
kukuc		noun (OCR: printed as 'ft.')	Samson p208 [dictionary_explicit/high]
kukul		noun (OCR: printed as 'ft.')	Samson p208 [unknown/low]
kukung		noun-verb	Samson p208 [dictionary_explicit/high]
kukung-kabayu			Kapampangan-English-Pilipino wordlist p22 [unknown/low]
kula			Samson p209 [unknown/low]
kulabe			Samson p209 [unknown/low]
kulabit			Samson p209 [unknown/low]
kulacling		noun (OCR: printed as 'ft.')	Samson p209 [unknown/low]
kulagat			Samson p209 [unknown/low]
kulaing			Samson p209 [unknown/low]
kulait		V	PALI:kula’it
kulala			Samson p209 [unknown/low]
kulam		N	PALI:ku’lam
kulambu			Kapampangan-English-Pilipino wordlist p22 [unknown/low]
kulami			Kapampangan-English-Pilipino wordlist p22 [unknown/low]
kulamut		noun-verb	Samson p210 [unknown/low]
kulandung			Kapampangan-English-Pilipino wordlist p22 [unknown/low]
kulang		Q	PALI:kulang
kulang-kulang			Kapampangan-English-Pilipino wordlist p22 [unknown/low]
kulangut		N	PALI:kula’ngut
kulani			Kapampangan-English-Pilipino wordlist p22 [unknown/low]
kulantro			Samson p210 [unknown/low]
kulantru			Kapampangan-English-Pilipino wordlist p22 [unknown/low]
kulap		V	PALI:kula’p
kulapad		noun	Samson p210 [unknown/low]
kulapdan			Samson p210 [unknown/low]
kulapispis			Kapampangan-English-Pilipino wordlist p22 [unknown/low]
kulapsing			Samson p210 [unknown/low]
kulapu		N	PALI:kulapu’
kulaput		transitive verb	Samson p210 [unknown/low]
kulas		N	PALI:kula’s
kulasa		verb	Samson p210 [unknown/low]
kulasim		noun	Samson p210 [unknown/low]
kulasio			Samson p211 [unknown/low]
kulasisi		N	PALI:kulasisi’q
kulat		noun-verb	Samson p210 [dictionary_explicit/high]
kulate		noun-verb	Samson p210 [dictionary_explicit/high]
kulati		V	PALI:kula’ti
kulatic		transitive verb	Samson p211 [dictionary_explicit/high]
kulatirit			Samson p211 [unknown/low]
kulauit		transitive verb	Samson p211 [dictionary_explicit/high]
kulayadiang		noun	Samson p209 [unknown/low]
kulayu		N	PALI:kula’yu
kuldap		adverb	Samson p211 [dictionary_explicit/high]
kuldas		V	PALI:ku’ldas
kuldun			Kapampangan-English-Pilipino wordlist p22 [unknown/low]
kule		N	PALI:ku’le
kulebra		N	PALI:kule’bra
kulekta		V	PALI:kule’kta
kulenat		adjective	Samson p211 [unknown/low]
kuleta			Samson p211 [unknown/low]
kuli		transitive verb	Samson p212 [dictionary_explicit/high]
kuliac			Samson p212 [unknown/low]
kuliat		noun	Samson p212 [unknown/low]
kuliauan		noun	Samson p212 [unknown/low]
kuliglig		N	PALI:kuligli’g
kuligtus			Kapampangan-English-Pilipino wordlist p22 [unknown/low]
kulilmg		noun	Samson p212 [unknown/low]
kulimagmag		noun	Samson p212 [dictionary_explicit/high]
kulimlim		adjective	Samson p212 [unknown/low]
kuliniayan			Samson p212 [unknown/low]
kulio			Samson p212 [unknown/low]
kulipat		noun	Samson p212 [unknown/low]
kulipatpat			Samson p212 [unknown/low]
kulisac			Samson p212 [unknown/low]
kulisap			Samson p212 [unknown/low]
kulit		noun	Samson p212 [dictionary_explicit/high]
kuliti			Kapampangan-English-Pilipino wordlist p22 [unknown/low]
kulitis			Kapampangan-English-Pilipino wordlist p22 [unknown/low]
kuliut			Samson p213 [unknown/low]
kulkul		V	PALI:kulku’l
kulsu			Samson p213 [unknown/low]
kulta		noun	Samson p213 [unknown/low]
kultadu			Kapampangan-English-Pilipino wordlist p22 [unknown/low]
kultf			Samson p213 [unknown/low]
kulti		V	PALI:kulti’
kultu		noun	Samson p213 [unknown/low]
kultura		noun	Samson p213 [unknown/low]
kulub		noun	Samson p213 [dictionary_explicit/high]
kulubasa		N	PALI:kuluba’sa
kulubung			Samson p213 [dictionary_explicit/high]
kulubut		noun	Samson p213 [unknown/low]
kulug		noun	Samson p214 [unknown/low]
kulukati			Samson p214 [unknown/low]
kulul			Samson p214 [unknown/low]
kulul-		D	PALI:kulul-
kulumbu		noun	Samson p214 [unknown/low]
kulumpis		noun-verb	Samson p214 [dictionary_explicit/high]
kulung		St./V	PALI:kulu’ng
kulupari		N	PALI:kulupa’riq
kuluping		adjective	Samson p214 [unknown/low]
kulureti			Kapampangan-English-Pilipino wordlist p22 [unknown/low]
kulurun		noun	Samson p214 [unknown/low]
kulus			Samson p214 [unknown/low]
kulut		St./D./V	PALI:kulu’t
kulutkulutan		noun	Samson p214 [dictionary_explicit/high]
kulutun		noun	Samson p214 [unknown/low]
kulutung			Samson p213 [unknown/low]
kuluung			Samson p214 [unknown/low]
kulyat		N	PALI:ku’lyat
kulyawan			Kapampangan-English-Pilipino wordlist p22 [unknown/low]
kulyo			Kapampangan-English-Pilipino wordlist p23 [unknown/low]
kuma			Kapampangan-English-Pilipino wordlist p23 [unknown/low]
kumad		noun	Samson p214 [unknown/low]
kumag		adjective	Samson p214 [unknown/low]
kumander			Kapampangan-English-Pilipino wordlist p23 [unknown/low]
kumbad		noun	Samson p214 [unknown/low]
kumbatseru			Kapampangan-English-Pilipino wordlist p23 [unknown/low]
kumbentu		N	PALI:kumbe’ntu
kumbida			Mirikitani p931 [unknown/low]
kumbinasyun			Kapampangan-English-Pilipino wordlist p23 [unknown/low]
kumbintu		noun	Samson p214 [dictionary_explicit/high]
kumbira		/  (V	PALI:kumbira’
kumidya			Kapampangan-English-Pilipino wordlist p23 [unknown/low]
kumkum		transitive verb	Samson p215 [dictionary_explicit/high]
kumpari			Kapampangan-English-Pilipino wordlist p23 [unknown/low]
kumpas		V	PALI:kumpa’s
kumpil		N?	PALI:-kumpi’l
kumpisal			Kapampangan-English-Pilipino wordlist p23 [unknown/low]
kumpit			Kapampangan-English-Pilipino wordlist p23 [unknown/low]
kumpul			Kapampangan-English-Pilipino wordlist p23 [unknown/low]
kumpuni			Kapampangan-English-Pilipino wordlist p23 [unknown/low]
kumun			Kapampangan-English-Pilipino wordlist p23 [unknown/low]
kumusta			Kapampangan-English-Pilipino wordlist p23 [unknown/low]
kuna		N	PALI:ku’naq
kundangan			Kapampangan-English-Pilipino wordlist p23 [unknown/low]
kundiman			Kapampangan-English-Pilipino wordlist p23 [unknown/low]
kundu		noun-verb	Samson p217 [unknown/low]
kundul		N	PALI:kundu’l
kuneu		N	PALI:kune’u
kung-fu			Samson p381 [unknown/low]
kungkung			Samson p217 [unknown/low]
kunial		noun	Samson p217 [unknown/low]
kunkurdyas		N	PALI:kunku’rdyas
kunlauit		transitive verb	Samson p217 [unknown/low]
kunlut		transitive verb	Samson p217 [dictionary_explicit/high]
kunsi		noun	Samson p217 [unknown/low]
kunsumi			Kapampangan-English-Pilipino wordlist p23 [unknown/low]
kunsumisyun			Kapampangan-English-Pilipino wordlist p23 [unknown/low]
kuntang		adjective	Samson p217 [unknown/low]
kunu		verb	Samson p217 [unknown/low]
kunut		verb	Samson p217 [unknown/low]
kunwari		V	PALI:-kunwa’riq
kunyat		D	PALI:ku’nyat
kupa		intransitive verb	Samson p218 [dictionary_explicit/high]
kupac		noun	Samson p218 [unknown/low]
kupad		noun	Samson p218 [unknown/low]
kupal		N	PALI:ku’pal
kupang		noun	Samson p218 [unknown/low]
kupas		V	PALI:kupa’s
kupi		N	PALI:kupi’q
kupia		noun	Samson p218 [unknown/low]
kupit		transitive verb	Samson p218 [dictionary_explicit/high]
kupiti		verb	Samson p218 [unknown/low]
kupkup		transitive verb	Samson p218 [dictionary_explicit/high]
kupola			Samson p218 [unknown/low]
kupon		noun	Samson p218 [unknown/low]
kupya		N	PALI:kupya’q
kura		noun	Samson p219 [unknown/low]
kurag			Samson p219 [unknown/low]
kurakul		noun	Samson p218 [unknown/low]
kurakura		noun	Samson p218 [dictionary_explicit/high]
kural		N	PALI:kura’l
kuram			Samson p219 [unknown/low]
kuran		N	PALI:ku’ran
kurangkurangan			Kapampangan-English-Pilipino wordlist p23 [unknown/low]
kurap		V	PALI:kura’p
kurat		adjective	Samson p219 [unknown/low]
kurbada			Kapampangan-English-Pilipino wordlist p23 [unknown/low]
kurbadu		D	PALI:kurba’du
kurbata			Kapampangan-English-Pilipino wordlist p23 [unknown/low]
kurbating			Kapampangan-English-Pilipino wordlist p23 [unknown/low]
kureu			Kapampangan-English-Pilipino wordlist p23 [unknown/low]
kuriliu		noun	Samson p219 [unknown/low]
kurilyu			Kapampangan-English-Pilipino wordlist p23 [unknown/low]
kuriput		noun	Samson p219 [unknown/low]
kuriru			Samson p219 [unknown/low]
kurisma		N	PALI:kuri’smaq
kuritas		N	PALI:kuri’tas
kuriyente		tulang kuriyente ‘a kind of dragonfly	PALI:kuriye’nte
kuro			Samson p219 [unknown/low]
kursilyu		N	PALI:kursi’lyu
kurso		noun	Samson p219 [dictionary_explicit/high]
kursunsilyu			Kapampangan-English-Pilipino wordlist p23 [unknown/low]
kurtina		N	PALI:kurti’na
kuru-kuru			Kapampangan-English-Pilipino wordlist p23 [unknown/low]
kuruc		transitive verb	Samson p219 [dictionary_explicit/high]
kurudu		N	PALI:kuru’du
kurug		noun	Samson p219 [unknown/low]
kurukutuc		noun	Samson p219 [unknown/low]
kurul		noun-verb	Samson p219 [dictionary_explicit/high]
kurung		adjective	Samson p219 [unknown/low]
kurus		N	PALI:kuru’s
kurut			Samson p219 [unknown/low]
kuryenti			Kapampangan-English-Pilipino wordlist p23 [unknown/low]
kusa		noun	Samson p219 [dictionary_explicit/high]
kusad		noun-verb	Samson p220 [unknown/low]
kusim		noun	Samson p220 [unknown/low]
kusina			Kapampangan-English-Pilipino wordlist p23 [unknown/low]
kusing		noun	Samson p220 [unknown/low]
kusinilya			Mirikitani p931 [unknown/low]
kusintirul			Samson p220 [unknown/low]
kusisap		adjective	Samson p220 [unknown/low]
kuskus		transitive verb	Samson p220 [dictionary_explicit/high]
kuskus-balungus			Kapampangan-English-Pilipino wordlist p23 [unknown/low]
kuskusbalungus		N	PALI:kuskusbalu’ngus
kustion			Samson p220 [unknown/low]
kusug		transitive verb	Samson p220 [dictionary_explicit/high]
kusut		noun	Samson p220 [dictionary_explicit/high]
kuswelu		D	PALI:kuswe’lu
kut			Mirikitani p931 [unknown/low]
kuta		noun	Samson p220 [unknown/low]
kutang		N	PALI:kutang
kutap			Samson p220 [unknown/low]
kutcara		N	PALI:kutca’raq
kutcaron		N	PALI:kutcaro’n
kutcinta		N	PALI:kutci’ntaq
kute		noun	Samson p221 [unknown/low]
kuti		noun	Samson p221 [unknown/low]
kutil		noun	Samson p221 [unknown/low]
kuting		N	PALI:kuti’ng
kutis		N	PALI:ku’tis
kutit		adjective	Samson p221 [unknown/low]
kutitung		noun	Samson p221 [unknown/low]
kutkut		V./St	PALI:kutku’t
kuto		adverb	Samson p221 [unknown/low]
kutsaba			Kapampangan-English-Pilipino wordlist p24 [unknown/low]
kutsara			Kapampangan-English-Pilipino wordlist p24 [unknown/low]
kutsarita			Mirikitani p932 [unknown/low]
kutsarun			Kapampangan-English-Pilipino wordlist p24 [unknown/low]
kutseru			Kapampangan-English-Pilipino wordlist p24 [unknown/low]
kutsilyu			Kapampangan-English-Pilipino wordlist p24 [unknown/low]
kutsinta			Samson p221 [unknown/low]
kutsun			Kapampangan-English-Pilipino wordlist p24 [unknown/low]
kutu		N	PALI:ku’tu
kutub			Samson p221 [unknown/low]
kutud		N	PALI:kutu’d
kuturan			Kapampangan-English-Pilipino wordlist p24 [unknown/low]
kuwait			Samson p381 [unknown/low]
kuwat		N	PALI:kuwa’t
kuy		verb	Samson p221 [unknown/low]
kuya		adjective	Samson p221 [unknown/low]
kuyad		D	PALI:-ku’yad
kuyakuya			Samson p221 [dictionary_explicit/high]
kuyam			Samson p222 [unknown/low]
kuyo		noun-verb	Samson p222 [unknown/low]
kuyug		adjective	Samson p222 [unknown/low]
kwa		N	PALI:kwaq
kwadradu			Kapampangan-English-Pilipino wordlist p24 [unknown/low]
kwadru			Kapampangan-English-Pilipino wordlist p24 [unknown/low]
kwaku		V	PALI:kwakuq
kwali		N	PALI:kwa’liq
kwalta		N	PALI:kwa’lta
kwarenta			Kapampangan-English-Pilipino wordlist p24 [unknown/low]
kwarto			Mirikitani p932 [unknown/low]
kwayan			Kapampangan-English-Pilipino wordlist p24 [unknown/low]
kwelyu		N	PALI:kwe’lyu
kwenta			Kapampangan-English-Pilipino wordlist p24 [unknown/low]
kwentu		N	PALI:kwe’ntu
kwerdas		N	PALI:kwe’rdas
kwintas		N	PALI:kwi’ntas
kwitis		N	PALI:kwi’tis
kyan		Subs	PALI:kyan
kyapu		N	PALI:kya’puq
kyapus		V	PALI:kya’pus
la		pron	SEED-FUNC
laba		V	PALI:laba’
labada			Kapampangan-English-Pilipino wordlist p32 [unknown/low]
labak		N	PALI:laba’k
laban		V	PALI:la’ban
labandera			Kapampangan-English-Pilipino wordlist p32 [unknown/low]
labang		N	PALI:-labang
labangat		noun-verb	Samson p384 [unknown/low]
labanos			Mirikitani p932 [unknown/low]
labanus		N	PALI:labanu’s
labas		V	PALI:labas
labasas			Kapampangan-English-Pilipino wordlist p32 [unknown/low]
labatiba		N	PALI:labati’ba
labe			Samson p384 [dictionary_explicit/high]
labentador		N	PALI:labentado’r
labi		N	PALI:la’biq
labis		noun	Samson p385 [unknown/low]
labit		V	PALI:labi’t
lablab		D	PALI:labla’b
laboratorio		noun	Samson p385 [unknown/low]
labra		verb	Samson p385 [unknown/low]
labrador		noun	Samson p385 [unknown/low]
labsa		D	PALI:-labsa’q
labsac			Samson p385 [dictionary_explicit/high]
labuad			PALI:labua’d
labuc		noun-verb	Samson p386 [dictionary_explicit/high]
labuclabuc			Samson p386 [unknown/low]
labug		D	PALI:-la’bug
labuk		N	PALI:la’buk
labul		V	PALI:la’bul
labulabu			Samson p386 [unknown/low]
labun		noun	Samson p386 [dictionary_explicit/high]
labung		N	PALI:la’bung
labut		noun	Samson p386 [unknown/low]
labuyu		adjective	Samson p386 [unknown/low]
lacbang		noun	Samson p387 [unknown/low]
lacbe		noun-verb	Samson p388 [dictionary_explicit/high]
lacdat		noun	Samson p388 [dictionary_explicit/high]
lacdung		noun	Samson p388 [unknown/low]
laclac			Samson p388 [dictionary_explicit/high]
lacmit			Samson p388 [unknown/low]
lacsa			Samson p388 [unknown/low]
lactauan			Samson p388 [dictionary_explicit/high]
lacto			Samson p388 [dictionary_explicit/high]
ladlad		V	PALI:ladla’d
lag-giu			Samson p390 [unknown/low]
lag-guac		noun-verb	Samson p391 [unknown/low]
lag-gwe		noun	Samson p391 [dictionary_explicit/high]
laga		V	PALI:lagaq
lagad		D	PALI:-la’gad
lagadgad		noun-verb	Samson p389 [dictionary_explicit/high]
laganap		adjective	Samson p389 [unknown/low]
laganas		D	PALI:laga’nas
lagangan		noun	Samson p389 [unknown/low]
lagap		noun-verb	Samson p389 [dictionary_explicit/high]
lagapac		noun	Samson p389 [unknown/low]
lagaran			Samson p389 [unknown/low]
lagari		N	PALI:laga’riq
lagas		adjective	Samson p390 [dictionary_explicit/high]
lagat		adjective	Samson p390 [dictionary_explicit/high]
lagaua		adverb	Samson p390 [unknown/low]
lagayan		N	PALI:laga’yan
lagda			Samson p390 [unknown/low]
lage		V	PALI:lage
lagitik		N	PALI:lagiti’k
lagiu			Mirikitani p933 [unknown/low]
laglag		V./D	PALI:laglag
lagnat		N	PALI:lagna’t
lagpas-		V	PALI:lagpas-
lagu		N	PALI:lagu’q
lagwa		D	PALI:-lagwa’q
lagwelagwe			Samson p391 [dictionary_explicit/high]
lagyu		N	PALI:lagyu’q
lahi		N	PALI:la’hi
laing		noun	Samson p412 [unknown/low]
laka		adjective	Samson p386 [unknown/low]
lakad		V	PALI:la’kad
lakal		N	PALI:laka’l
lakam			Samson p387 [dictionary_explicit/high]
lakambini		noun	Samson p387 [unknown/low]
lakan-		D	PALI:la’kan-
lakandola			Samson p387 [dictionary_explicit/high]
lakap		adjective	Samson p387 [unknown/low]
lakaranan			Samson p387 [unknown/low]
lakas		noun	Samson p387 [unknown/low]
lakat			Samson p387 [dictionary_explicit/high]
lakatan		N	PALI:lakata’n
lakbang		N./V	PALI:lakba’ng
lakit		adjective	Samson p392 [dictionary_explicit/high]
laklak		V	PALI:lakla’k
lako		V	PALI:lako’
lakto		V	PALI:lakto’
laku		noun	Samson p388 [dictionary_explicit/high]
lakuas		adverb	Samson p389 [unknown/low]
lakuatsa		noun-verb	Samson p389 [unknown/low]
lakusut		noun-verb	Samson p389 [dictionary_explicit/high]
lakwatsa		N	PALI:lakwa’tsa
lala		V	PALI:la’la
lalab			Samson p393 [dictionary_explicit/high]
lalac		noun-verb	Samson p393 [dictionary_explicit/high]
lalag			Samson p393 [dictionary_explicit/high]
lalaki		N	PALI:lala’ki
lalakiyan			Samson p393 [unknown/low]
lalam		N	PALI:la’lam
lalang		V	PALI:la’lang
lalbe			PALI:lalbe
lalbug			PALI:lalbug
lale		noun-verb	Samson p393 [dictionary_explicit/high]
lalic		noun	Samson p394 [dictionary_explicit/high]
lalid		noun	Samson p394 [unknown/low]
lalip			Samson p394 [dictionary_explicit/high]
lalong			PALI:lalong
lalput		V	PALI:lalput
lalu		St./D./N	PALI:la’lu
lamac		noun	Samson p395 [dictionary_explicit/high]
lamad		noun	Samson p395 [unknown/low]
lamalyorka		N./D	PALI:lamalyo’rka
laman		N	PALI:la’man
lamang			Samson p395 [dictionary_explicit/high]
lamaran		V	PALI:lamaran
lamas		adjective	Samson p396 [dictionary_explicit/high]
lamat		N	PALI:la’mat
lamatlamat			Samson p396 [unknown/low]
lambac		noun	Samson p396 [dictionary_explicit/high]
lambal		noun	Samson p396 [dictionary_explicit/high]
lambang		noun	Samson p396 [dictionary_explicit/high]
lambat		N	PALI:lamba’t
lambe		noun	Samson p397 [dictionary_explicit/high]
lambilambi		noun	Samson p397 [unknown/low]
lambing		N	PALI:lambi’ng
lambis		N./V	PALI:lambi’s
lambo		noun	Samson p397 [unknown/low]
lambot			Mirikitani p934 [unknown/low]
lambung		noun	Samson p397 [unknown/low]
lambut		D	PALI:lambu’t
lambuyuc		noun	Samson p397 [unknown/low]
lame		V	PALI:-la’me
lamesa		N	PALI:lame’sa
lamiac		noun	Samson p397 [unknown/low]
lamid		noun-verb	Samson p397 [unknown/low]
lamiran		noun	Samson p397 [unknown/low]
lamius		noun	Samson p397 [unknown/low]
lamlam			Samson p397 [unknown/low]
lamon		noun	Samson p397 [unknown/low]
lampa		noun	Samson p397 [unknown/low]
lampakan		noun	Samson p397 [unknown/low]
lampara		N	PALI:la’mpara
lampas		adverb	Samson p398 [unknown/low]
lampaso			Mirikitani p934 [unknown/low]
lampasu		noun	Samson p398 [unknown/low]
lampay		noun	Samson p398 [dictionary_explicit/high]
lampin		N	PALI:lampi’n
lampung			Samson p398 [dictionary_explicit/high]
lamu		noun	Samson p398 [dictionary_explicit/high]
lamuc		noun	Samson p398 [dictionary_explicit/high]
lamud		adjective	Samson p398 [dictionary_explicit/high]
lamug			Samson p398 [unknown/low]
lamukuc		noun	Samson p398 [dictionary_explicit/high]
lamus			Samson p398 [dictionary_explicit/high]
lamuyung		noun	Samson p398 [unknown/low]
lana		noun	Samson p398 [unknown/low]
lanam		D	PALI:-lana’m
lanat		D	PALI:lana’t
lande		N	PALI:lande’
landi		V./St	PALI:landi’q
landuy		V	PALI:la’nduy
langgoci		N	PALI:langgo’ci
langi		V	PALI:langi’q
langib		N	PALI:langib
lango		N	PALI:la’ngo
langtut		noun	Samson p403 [unknown/low]
lansag			Samson p400 [dictionary_explicit/high]
lansang		adjective	Samson p400 [unknown/low]
lansena			Samson p400 [unknown/low]
lanseta		noun	Samson p398 [dictionary_explicit/high]
lansi			Samson p400 [dictionary_explicit/high]
lansonis		N	PALI:lanso’nis
lanta			Samson p400 [unknown/low]
lantac		noun	Samson p400 [unknown/low]
lantad			Samson p400 [unknown/low]
lantaka		noun	Samson p400 [unknown/low]
lantang			Samson p400 [dictionary_explicit/high]
lante			Samson p400 [unknown/low]
lantic		noun	Samson p400 [dictionary_explicit/high]
lantik		V	PALI:lanti’k
lantung		D	PALI:-lantu’ng
lanubu		noun	Samson p400 [dictionary_explicit/high]
lap-puac		noun-verb	Samson p405 [unknown/low]
lapac			Samson p403 [dictionary_explicit/high]
lapad		N	PALI:la’pad
lapargn			Samson p403 [unknown/low]
lapat		D	PALI:la’pat
lape		noun	Samson p403 [dictionary_explicit/high]
lapelape			Samson p403 [dictionary_explicit/high]
lapi			Samson p403 [dictionary_explicit/high]
lapida		noun	Samson p403 [unknown/low]
laping			Samson p403 [unknown/low]
lapiris		noun	Samson p403 [unknown/low]
lapirut		V	PALI:lapi’rut
lapis		N	PALI:la’pis
lapit		V	PALI:la’pit
lapiting		noun-verb	Samson p404 [dictionary_explicit/high]
lapitpit		noun	Samson p404 [unknown/low]
laplap			Samson p404 [dictionary_explicit/high]
lapnit			Samson p404 [dictionary_explicit/high]
lapno		adjective	Samson p404 [dictionary_explicit/high]
lapnus			Samson p404 [dictionary_explicit/high]
lapo		noun	Samson p404 [unknown/low]
lapot			Mirikitani p934 [unknown/low]
lappuac			Samson p405 [dictionary_explicit/high]
lapsu		noun-verb	Samson p405 [dictionary_explicit/high]
lapu		V	PALI:lapu’
lapu-lapu		noun	Samson p405 [unknown/low]
lapurit		adjective	Samson p405 [unknown/low]
laput		noun	Samson p405 [dictionary_explicit/high]
lara		N	PALI:la’raq
laram		N	PALI:lara’m
larangan		noun	Samson p405 [unknown/low]
larauan		noun	Samson p405 [unknown/low]
larawan		N	PALI:lara’wan
lare		D	PALI:-lare’
larga		V	PALI:larga
larin			Samson p405 [dictionary_explicit/high]
laris		noun	Samson p406 [unknown/low]
larit		noun	Samson p406 [unknown/low]
laru		N	PALI:laruq
larut			Samson p406 [unknown/low]
lasa		N	PALI:la’sa
lasac		adjective	Samson p406 [dictionary_explicit/high]
lasak-		V	PALI:lasa’k-
lasalasa			Samson p406 [unknown/low]
lasebu		D	PALI:-lase’bu
lasenggu		N	PALI:lase’nggu
lasetas		N	PALI:lase’tas
lasi			Samson p407 [dictionary_explicit/high]
lasing		noun	Samson p407 [dictionary_explicit/high]
lasip		adjective	Samson p407 [unknown/low]
laslas			Samson p407 [dictionary_explicit/high]
laso		D	PALI:laso’
lastud			Samson p407 [unknown/low]
lasu		N	PALI:la’suq
lasubas			Samson p407 [dictionary_explicit/high]
lasuc		adjective	Samson p407 [unknown/low]
lasun		N	PALI:lasu’n
lasuna			Samson p407 [unknown/low]
lasung		noun	Samson p407 [unknown/low]
lasut		adjective	Samson p408 [unknown/low]
lata		N	PALI:la’ta
latac			Samson p408 [dictionary_explicit/high]
latag		noun	Samson p408 [unknown/low]
latang		adjective	Samson p408 [dictionary_explicit/high]
late			Samson p408 [dictionary_explicit/high]
latero			Samson p408 [unknown/low]
lati		D	PALI:-lati’q
latiat		noun	Samson p408 [dictionary_explicit/high]
latic		noun	Samson p409 [dictionary_explicit/high]
latik		N	PALI:lati’k
latiku			Samson p409 [unknown/low]
latim		adjective	Samson p409 [unknown/low]
latino		noun	Samson p409 [unknown/low]
latlat		verb	Samson p409 [unknown/low]
lato			Samson p409 [unknown/low]
latondan		noun	Samson p409 [unknown/low]
latuat			Samson p409 [unknown/low]
latud		adjective	Samson p409 [unknown/low]
latundan		N	PALI:latu’ndan
latus			Samson p409 [unknown/low]
lau		noun	Samson p409 [unknown/low]
lauas		noun	Samson p409 [dictionary_explicit/high]
lauayan		noun	Samson p409 [unknown/low]
lauc		adjective	Samson p409 [dictionary_explicit/high]
laud		noun	Samson p409 [unknown/low]
laue			Samson p410 [dictionary_explicit/high]
laug		noun (OCR: printed as 'ft.')	Samson p410 [dictionary_explicit/high]
laui		noun (OCR: printed as 'ft.')	Samson p410 [unknown/low]
lauing		noun-verb	Samson p410 [unknown/low]
lauis			Samson p410 [dictionary_explicit/high]
lauit		noun	Samson p410 [dictionary_explicit/high]
lauiui		noun (OCR: printed as 'ft.')	Samson p410 [unknown/low]
laurel			Mirikitani p934 [unknown/low]
laus		adjective	Samson p410 [dictionary_explicit/high]
lawas		N	PALI:la’was
lawe		V	PALI:-la’we
lawun			PALI:lawu’n
lawut			PALI:la’wut
laya		N	PALI:la’ya
layag		V	PALI:la’yag
layit		kalait ‘hook’	PALI:la’yit
layo		adjective	Samson p412 [unknown/low]
laypan		N	PALI:laypan
layug		adjective	Samson p412 [dictionary_explicit/high]
layunan		N	PALI:layunan
lecheflan		noun	Samson p412 [unknown/low]
lechekonhielo			Samson p412 [unknown/low]
lechon		noun	Samson p412 [dictionary_explicit/high]
lechugas		noun	Samson p412 [dictionary_explicit/high]
led			Samson p381 [dictionary_explicit/high]
legal		adjective	Samson p413 [unknown/low]
legayan		N	PALI:legayan
legwas		N	PALI:le’gwas
lehislasion		noun (OCR: printed as 'ft.')	Samson p413 [unknown/low]
lehislativo		adjective	Samson p413 [unknown/low]
lehislatura		noun	Samson p413 [unknown/low]
lehitimadu		adjective	Samson p413 [unknown/low]
lehitimo		adjective	Samson p413 [unknown/low]
lei		noun (OCR: printed as 'ft.')	Samson p413 [unknown/low]
lelangan		noun	Samson p413 [unknown/low]
lele		N	PALI:lele
lelut		N	PALI:le’lut
lelut-		N	PALI:le’lut-
lengguahe		noun	Samson p413 [dictionary_explicit/high]
lenggwae		N	PALI:lenggwa’e
lenteha		noun (OCR: printed as 'ft.')	Samson p413 [unknown/low]
lentehuelas			Samson p413 [unknown/low]
lenti			Samson p413 [unknown/low]
lentiles			Samson p413 [unknown/low]
lenun		adjective	Samson p413 [unknown/low]
leon		noun (OCR: printed as 'ft.')	Samson p413 [unknown/low]
lepra			Samson p413 [unknown/low]
leproso			Samson p413 [dictionary_explicit/high]
lesubas		transitive verb	Samson p413 [unknown/low]
leting		noun	Samson p413 [unknown/low]
letra		noun (OCR: printed as 'ft.')	Samson p413 [unknown/low]
letratu		N	PALI:letra’tu
ley		noun	Samson p414 [unknown/low]
leyenda		noun	Samson p414 [unknown/low]
lia		noun	Samson p414 [unknown/low]
liamado		noun	Samson p414 [unknown/low]
liba		noun (OCR: printed as 'ft.')	Samson p415 [dictionary_explicit/high]
libad		N	PALI:li’bad
libadbad			Samson p415 [unknown/low]
libag			Samson p415 [unknown/low]
libakan			Samson p415 [dictionary_explicit/high]
libang		V	PALI:liba’ng
libango		noun (OCR: printed as 'ft.')	Samson p415 [unknown/low]
libasbas		noun (OCR: printed as 'ft.')	Samson p415 [unknown/low]
libato		noun (OCR: printed as 'ft.')	Samson p415 [unknown/low]
libatu		D	PALI:libatu’
libe		adjective	Samson p415 [dictionary_explicit/high]
liberal		adjective	Samson p416 [unknown/low]
liberasion		noun (OCR: printed as 'ft.')	Samson p416 [unknown/low]
libi		D	PALI:-libi’
libluban		N	PALI:liblu’ban
libo			Mirikitani p934 [unknown/low]
libru		N	PALI:libru’
libu		N	PALI:li’bu
libut		V	PALI:li’but
libutad		St	PALI:libu’tad
lider		N	PALI:li’der
lidie			Samson p417 [dictionary_explicit/high]
lieu		noun	Samson p418 [dictionary_explicit/high]
liga		V	PALI:ligaq
ligalig		noun (OCR: printed as 'ft.')	Samson p419 [unknown/low]
ligamgam		noun-verb	Samson p419 [unknown/low]
ligat		D	PALI:ligat
ligata		noun (OCR: printed as 'ft.')	Samson p419 [unknown/low]
ligatgat		adjective	Samson p419 [unknown/low]
ligatu			Samson p419 [unknown/low]
ligaya		noun	Samson p419 [unknown/low]
ligid		V	PALI:li’gid
liglig			Samson p419 [dictionary_explicit/high]
ligligan		N	PALI:ligli’gan
ligo			Samson p419 [dictionary_explicit/high]
ligpit		V	PALI:-ligpi’t
ligtas		D	PALI:-ligtas
ligu		V	PALI:li’guq
ligua			Samson p420 [unknown/low]
ligwa			Mirikitani p935 [unknown/low]
ligwat		N	PALI:-ligwat
lihia			Samson p420 [unknown/low]
lihim		noun	Samson p420 [unknown/low]
liholiho		adverb	Samson p420 [dictionary_explicit/high]
likas		V	PALI:li’kas
likauc			Samson p417 [unknown/low]
likid			Samson p420 [dictionary_explicit/high]
likiranan			Samson p420 [unknown/low]
likit		adjective	Samson p420 [unknown/low]
liksi		D	PALI:-liksi’q
likut		D	PALI:-liku’t
lila		noun	Samson p420 [unknown/low]
lilas		adjective	Samson p420 [dictionary_explicit/high]
lili			Samson p420 [dictionary_explicit/high]
lilibi			Samson p416 [unknown/low]
lilip		noun	Samson p421 [dictionary_explicit/high]
liliua			Samson p421 [dictionary_explicit/high]
lilo		adjective	Samson p421 [dictionary_explicit/high]
lilu			Samson p421 [dictionary_explicit/high]
liluc		noun	Samson p421 [dictionary_explicit/high]
lilung			Samson p421 [dictionary_explicit/high]
lilyu		D	PALI:-lilyu
lima		Nu	PALI:lima’
limadmad		noun	Samson p421 [unknown/low]
limama		noun	Samson p421 [unknown/low]
limang		noun (OCR: printed as 'ft.')	Samson p422 [unknown/low]
limas		noun (OCR: printed as 'ft.')	Samson p422 [dictionary_explicit/high]
limatac		noun (OCR: printed as 'ft.')	Samson p422 [unknown/low]
limayon		adjective	Samson p422 [unknown/low]
limbad		noun-verb	Samson p422 [dictionary_explicit/high]
limbadlimbad			Samson p422 [unknown/low]
limbag		D./St	PALI:limba’g
limbato		noun-verb	Samson p422 [unknown/low]
limbayong		adjective	Samson p422 [unknown/low]
limbo		noun (OCR: printed as 'ft.')	Samson p422 [unknown/low]
limbonis			Samson p422 [unknown/low]
limbuad			Samson p422 [unknown/low]
limbun		N	PALI:li’mbun
lime		noun-verb	Samson p422 [dictionary_explicit/high]
limid			Samson p422 [dictionary_explicit/high]
limiran			Samson p423 [unknown/low]
limit		noun	Samson p423 [dictionary_explicit/high]
limitado		adjective	Samson p423 [unknown/low]
limon		noun	Samson p423 [unknown/low]
limonada		noun	Samson p423 [unknown/low]
limpad			Samson p423 [unknown/low]
limpas		noun-verb	Samson p423 [dictionary_explicit/high]
limpasut		noun	Samson p423 [unknown/low]
limpat			Samson p423 [dictionary_explicit/high]
limpe		noun-verb	Samson p423 [unknown/low]
limpelimpe			Samson p423 [unknown/low]
limpi		noun-verb	Samson p423 [dictionary_explicit/high]
limpia			Samson p423 [dictionary_explicit/high]
limputan		noun	Samson p423 [unknown/low]
limuc		adjective	Samson p424 [unknown/low]
limus			Samson p424 [unknown/low]
limusina		noun	Samson p424 [unknown/low]
lina		N	PALI:li’na
linab		noun	Samson p424 [dictionary_explicit/high]
linablinab			Samson p424 [unknown/low]
linamnam		noun	Samson p424 [unknown/low]
linang		noun	Samson p424 [unknown/low]
linatnat		noun	Samson p424 [dictionary_explicit/high]
linaza		noun	Samson p424 [unknown/low]
lindas		noun-verb	Samson p424 [dictionary_explicit/high]
lindaslindas			Samson p424 [dictionary_explicit/high]
lindayug			Samson p424 [unknown/low]
lindo		noun	Samson p424 [dictionary_explicit/high]
ling-gaso			Samson p427 [dictionary_explicit/high]
lingal		noun-verb	Samson p426 [unknown/low]
lingao			Samson p426 [unknown/low]
lingap		noun	Samson p426 [unknown/low]
lingapngap			Samson p426 [unknown/low]
lingasngas		D	PALI:-lingasngas
lingat		noun-verb	Samson p426 [unknown/low]
linggotci		N	PALI:linggo’tci
linggu		N	PALI:li’nggu
linggweta		N	PALI:linggwe’ta
lingko		noun-verb	Samson p426 [unknown/low]
lingkud		noun-verb	Samson p426 [dictionary_explicit/high]
lingo		D	PALI:-lingo’
linguaye			Mirikitani p935 [unknown/low]
lininggasu			Samson p427 [dictionary_explicit/high]
liningus			Samson p427 [dictionary_explicit/high]
linis		V	PALI:li’nis
linlin			Samson p425 [dictionary_explicit/high]
lino		D	PALI:-lino
lintik		N	PALI:lintik
lintusan		D	PALI:lintu’san
lipac		noun	Samson p428 [unknown/low]
lipak		N	PALI:lipa’k
lipaktung		N	PALI:lipaktu’ng
lipalipase			Samson p428 [unknown/low]
lipang		noun-verb	Samson p428 [unknown/low]
liparac		noun-verb	Samson p428 [dictionary_explicit/high]
liparan		noun	Samson p428 [dictionary_explicit/high]
lipas		adjective	Samson p428 [unknown/low]
lipasag		V	PALI:lipasa’g
lipase		noun	Samson p428 [dictionary_explicit/high]
lipat		V	PALI:li’pat
lipatlipat			Samson p428 [unknown/low]
lipatpat		noun	Samson p428 [dictionary_explicit/high]
lipatu		noun	Samson p428 [dictionary_explicit/high]
lipia			Samson p429 [unknown/low]
liping		noun	Samson p429 [unknown/low]
lipit		adjective	Samson p429 [dictionary_explicit/high]
liplip		adjective	Samson p429 [dictionary_explicit/high]
lipo			Samson p429 [dictionary_explicit/high]
lipogdung		adjective	Samson p429 [dictionary_explicit/high]
lipolipo			Samson p429 [unknown/low]
lipsung		noun-verb	Samson p429 [unknown/low]
lipugdong			Samson p429 [unknown/low]
lipul			Samson p429 [dictionary_explicit/high]
lipunga		noun	Samson p429 [dictionary_explicit/high]
lipuro			Samson p429 [dictionary_explicit/high]
liput		noun-verb	Samson p429 [dictionary_explicit/high]
liputo			Samson p429 [unknown/low]
liriko		adjective	Samson p430 [dictionary_explicit/high]
lirio		noun (OCR: printed as 'ft.')	Samson p430 [unknown/low]
lisan			Samson p430 [dictionary_explicit/high]
lisang		D./St	PALI:-lisa’ng
lisangan		N	PALI:lisa’ngan
lisensia			Samson p417 [unknown/low]
lisensiadu			Samson p417 [unknown/low]
lisensya		N	PALI:lise’nsya
lisentiate			Samson p417 [unknown/low]
lisik		D	PALI:-lisi’k
lislis		V	PALI:lislis
lissia		noun-verb	Samson p430 [dictionary_explicit/high]
lista		noun (OCR: printed as 'ft.')	Samson p430 [unknown/low]
listahan		noun (OCR: printed as 'ft.')	Samson p430 [unknown/low]
listun			Samson p430 [unknown/low]
lisu			Samson p431 [dictionary_explicit/high]
lisud			Samson p431 [dictionary_explicit/high]
lisudlisud			Samson p431 [unknown/low]
lisunglisung			Samson p431 [unknown/low]
lisya		V	PALI:lisya’q
lisyun		N	PALI:lisyu’n
litab		noun	Samson p431 [unknown/low]
litac			Samson p431 [unknown/low]
litang		noun	Samson p431 [unknown/low]
litania		noun	Samson p431 [dictionary_explicit/high]
literario		adjective	Samson p431 [unknown/low]
literatura		noun	Samson p431 [unknown/low]
litic			Samson p431 [unknown/low]
litid		N	PALI:li’tid
lito-lito			Samson p431 [unknown/low]
litrato			Mirikitani p935 [unknown/low]
litro		noun	Samson p431 [unknown/low]
litru		N	PALI:li’tru
litsugas			Samson p431 [unknown/low]
litsun		N	PALI:litsu’n
litu			Samson p431 [unknown/low]
liturhia		noun	Samson p431 [dictionary_explicit/high]
liturhika		adjective	Samson p431 [unknown/low]
liu			Samson p432 [unknown/low]
liuag		noun	Samson p432 [dictionary_explicit/high]
liuas		noun-verb	Samson p432 [dictionary_explicit/high]
liud		noun	Samson p432 [unknown/low]
liwalu		N	PALI:liwalu’q
liwanag		D	PALI:-liwa’nag
liwas		V	PALI:li’was
liyas		N	PALI:liyas
loban		noun	Samson p433 [dictionary_explicit/high]
lobo			Samson p433 [unknown/low]
lobu		N	PALI:lo’bu
loko			Samson p433 [unknown/low]
lolo		V	PALI:-lo’lo
lolokuan			Samson p433 [unknown/low]
lololo			Samson p433 [unknown/low]
lombalomba		noun	Samson p433 [unknown/low]
lomo		noun	Samson p433 [unknown/low]
londres			Samson p433 [unknown/low]
longganiza		noun	Samson p433 [unknown/low]
loren		N	PALI:loren
lorgavista		noun	Samson p434 [dictionary_explicit/high]
losa		noun	Samson p434 [unknown/low]
losiang			Samson p434 [unknown/low]
losion		noun	Samson p433 [unknown/low]
lote		noun	Samson p434 [dictionary_explicit/high]
loteria		noun	Samson p434 [dictionary_explicit/high]
loti		N	PALI:loti
lotto			Samson p434 [unknown/low]
lua		N	PALI:lua’q
lual		noun	Samson p434 [dictionary_explicit/high]
luali			Samson p434 [unknown/low]
lualua			Samson p434 [unknown/low]
lub		N	PALI:lub
luba		adjective	Samson p435 [dictionary_explicit/high]
lubac		noun	Samson p435 [dictionary_explicit/high]
lubad		noun	Samson p436 [unknown/low]
lubag		adjective	Samson p436 [dictionary_explicit/high]
lubak		D	PALI:luba’k
lubas		D./St	PALI:luba’s
lubid		N	PALI:lu’bid
lubluban		N	PALI:lublu’ban
lubulobu		N	PALI:lubulo’bu
lubus-		N	PALI:lubu’s-
lubusan			PALI:lubu’san
luclac		noun	Samson p438 [unknown/low]
lucluc		noun-verb	Samson p438 [unknown/low]
lucman		noun	Samson p438 [unknown/low]
lucsu			Samson p438 [dictionary_explicit/high]
lucsung-lubid		noun	Samson p438 [unknown/low]
lucto			Samson p438 [unknown/low]
luctun		noun	Samson p438 [unknown/low]
lud			Samson p439 [dictionary_explicit/high]
luding		N	PALI:ludi’ng
lue		adjective	Samson p439 [unknown/low]
luego		adverb	Samson p439 [unknown/low]
luga		N	PALI:lu’gaq
lugal		N	PALI:luga’l
lugami			Samson p439 [unknown/low]
luganggang		noun	Samson p439 [unknown/low]
lugar			Mirikitani p936 [unknown/low]
lugaw		noun	Samson p439 [dictionary_explicit/high]
luge		adjective	Samson p439 [dictionary_explicit/high]
lugi			Samson p439 [dictionary_explicit/high]
lugit		noun	Samson p439 [unknown/low]
luglug			Samson p440 [dictionary_explicit/high]
lugma		noun (OCR: printed as 'ft.')	Samson p440 [unknown/low]
lugmoc		noun-verb	Samson p440 [dictionary_explicit/high]
lugmon		noun (OCR: printed as 'ft.')	Samson p440 [unknown/low]
lugpuc			Samson p440 [dictionary_explicit/high]
lugu		adjective	Samson p440 [dictionary_explicit/high]
lugud		noun (OCR: printed as 'ft.')	Samson p440 [dictionary_explicit/high]
luguran			Samson p440 [unknown/low]
luka		D	PALI:-lu’kaq
lukas		V	PALI:luka’s
lukluk		V	PALI:luklu’k
lukong		D	PALI:-luko’ng
luksu		V	PALI:luksu’q
lukub		V	PALI:luku’b
lukung		adjective	Samson p438 [dictionary_explicit/high]
lukup			Samson p439 [dictionary_explicit/high]
lukut		V	PALI:lukut
lula		N	PALI:lu’laq
lulam		D	PALI:lu’lam
lulsut		V	PALI:lulsu’t
lulu		N	PALI:lu’lu
lulud		D	PALI:lulu’d
lulugu			Samson p440 [dictionary_explicit/high]
lulun		V	PALI:lulun
lulung		noun-verb	Samson p442 [unknown/low]
lulut		D	PALI:lulu’t
luma		adjective	Samson p442 [unknown/low]
lumac		adjective	Samson p442 [dictionary_explicit/high]
lumba			Samson p442 [unknown/low]
lumbas			Samson p442 [unknown/low]
lumbe		V	PALI:lumbe’
lumbia		noun	Samson p442 [unknown/low]
lumbu		noun	Samson p442 [unknown/low]
lumbug		N	PALI:lumbug
lumbulumbu			Samson p442 [unknown/low]
lume		noun	Samson p443 [unknown/low]
lumeme			Samson p443 [unknown/low]
lumlum			Samson p443 [dictionary_explicit/high]
lumo		St./D./V	PALI:lumo’
lumpaui		noun-verb	Samson p443 [unknown/low]
lumpi			Samson p443 [unknown/low]
lumpu			Samson p443 [unknown/low]
lumpung			Samson p443 [dictionary_explicit/high]
lumput		V	PALI:lumput
lumud		St./V./D	PALI:lumud
lumut		noun	Samson p443 [unknown/low]
lun			Samson p443 [unknown/low]
luna		noun	Samson p444 [unknown/low]
lunacy			Samson p444 [unknown/low]
lunas		N	PALI:lu’nas
lundag		noun-verb	Samson p444 [unknown/low]
lundase		noun-verb	Samson p444 [dictionary_explicit/high]
lunde			Samson p444 [unknown/low]
lune		noun-verb	Samson p444 [unknown/low]
lunes		noun (OCR: printed as 'ft.')	Samson p444 [unknown/low]
luneta		noun (OCR: printed as 'ft.')	Samson p444 [dictionary_explicit/high]
lungga			Samson p444 [unknown/low]
lunggi		noun	Samson p444 [dictionary_explicit/high]
lungkit		verb	Samson p444 [unknown/low]
lungkut		N	PALI:lungku’t
lunglung		noun (OCR: printed as 'ft.')	Samson p444 [unknown/low]
lungsad			Samson p444 [dictionary_explicit/high]
lungub		V	PALI:lungu’b
lunis		N	PALI:lu’nis
lunsung		noun-verb	Samson p445 [unknown/low]
lunsut			Samson p445 [unknown/low]
lunte		noun	Samson p445 [unknown/low]
luntolunto			Samson p445 [unknown/low]
luntu		noun-verb	Samson p445 [dictionary_explicit/high]
lunu		noun	Samson p445 [unknown/low]
lunus		D./St./V	PALI:lu’nus
lupa		N	PALI:lu’pa
lupad			Samson p446 [dictionary_explicit/high]
lupakaya		adjective	Samson p446 [unknown/low]
lupas		adjective	Samson p446 [dictionary_explicit/high]
lupig		adjective	Samson p446 [dictionary_explicit/high]
luping		adjective	Samson p446 [dictionary_explicit/high]
lupisac		noun (OCR: printed as 'ft.')	Samson p447 [unknown/low]
lupisak		N	PALI:lupi’sak
lupit		D	PALI:lupi’t
lupung			Samson p447 [dictionary_explicit/high]
lura		noun	Samson p447 [dictionary_explicit/high]
lurang		noun	Samson p447 [unknown/low]
luru		noun	Samson p447 [unknown/low]
luruc			Samson p447 [dictionary_explicit/high]
lusac		adjective	Samson p447 [unknown/low]
luse		adjective	Samson p447 [dictionary_explicit/high]
luseluse			Samson p447 [unknown/low]
lusena		noun	Samson p438 [unknown/low]
lusero		noun	Samson p438 [unknown/low]
luses		noun	Samson p438 [dictionary_explicit/high]
lusia			Samson p438 [unknown/low]
lusifer		noun	Samson p438 [unknown/low]
luslus		D	PALI:luslus
lustful			Samson p416 [unknown/low]
lusting			Samson p416 [dictionary_explicit/high]
lusub			Samson p448 [dictionary_explicit/high]
lusuc		adverb	Samson p448 [dictionary_explicit/high]
lusung		noun-verb	Samson p448 [unknown/low]
lusut			Samson p448 [unknown/low]
lutac			Samson p448 [dictionary_explicit/high]
lutad		noun-verb	Samson p448 [unknown/low]
lutang		noun-verb	Samson p448 [dictionary_explicit/high]
lutas		V./St./D	PALI:lutas
luterano		noun	Samson p448 [unknown/low]
luti		noun	Samson p449 [unknown/low]
lutlut			Samson p449 [dictionary_explicit/high]
lutu		V	PALI:lu’tuq
lutung		D	PALI:-lutu’ng
lutus		noun	Samson p449 [dictionary_explicit/high]
luwalas		D	PALI:-luwa’las
luwid		V	PALI:luwid
luyus		N	PALI:lu’yus
luz		noun	Samson p449 [unknown/low]
luzbel		noun	Samson p449 [unknown/low]
lyu		D	PALI:-lyu’
m-			Mirikitani p937 [unknown/low]
ma			Samson p451 [unknown/low]
ma-			Mirikitani p937 [unknown/low]
mabasa			Mirikitani p906 [unknown/low]
mabayat			Mirikitani p907 [unknown/low]
maberde			Mirikitani p907 [unknown/low]
mabie			Mirikitani p907 [unknown/low]
mabilog			Mirikitani p909 [unknown/low]
mabnu		adverb	Samson p451 [unknown/low]
mabuluk			Mga Salita sa Iba't Ibang Dayalekto p1 [unknown/low]
madera		noun	Samson p452 [unknown/low]
madrasta		noun	Samson p452 [unknown/low]
madre		noun	Samson p452 [unknown/low]
madrekako			Samson p452 [unknown/low]
madrekaku		N	PALI:madreka’ku
madrid			Samson p452 [unknown/low]
madrina		noun	Samson p452 [unknown/low]
maestra			Samson p452 [unknown/low]
maestro			Samson p452 [unknown/low]
mag			Samson p452 [unknown/low]
mag-			Mirikitani p937 [unknown/low]
magaspung			Mirikitani p917 [unknown/low]
magiinis			Mirikitani p935 [unknown/low]
magkanu		Q	PALI:magka’nu
maglibutlybut			Mirikitani p935 [unknown/low]
magnifikat			Samson p454 [unknown/low]
magnitudo		noun	Samson p454 [unknown/low]
magnus		V	PALI:magnus
mago		noun	Samson p454 [unknown/low]
magtatabaku			Samson p454 [unknown/low]
magtu			Mirikitani p963 [unknown/low]
magun		adverb	Samson p454 [unknown/low]
mahadera			Samson p454 [unknown/low]
maharaha		noun	Samson p454 [unknown/low]
maharlika		adjective	Samson p454 [unknown/low]
maharnilad			Samson p454 [unknown/low]
mahestad		adjective	Samson p454 [unknown/low]
mahestoso		adjective	Samson p454 [unknown/low]
mahia		noun	Samson p454 [unknown/low]
mahigangga		noun	Samson p454 [unknown/low]
mahikero		noun	Samson p454 [unknown/low]
mahisterio		noun	Samson p454 [unknown/low]
mahistrado		noun	Samson p454 [unknown/low]
mahjong			Samson p454 [unknown/low]
mahoma		noun	Samson p454 [unknown/low]
mahometano		noun	Samson p455 [unknown/low]
mahuanghuang			Samson p455 [unknown/low]
mahuehue			Samson p455 [dictionary_explicit/high]
maibi			Samson p455 [unknown/low]
mailig			Mirikitani p920 [unknown/low]
main			Samson p455 [dictionary_explicit/high]
mais			Samson p455 [unknown/low]
maitines		N	PALI:maiti’nes
majong		N	PALI:majo’ng
maka-			Mirikitani p937 [unknown/low]
makaayos			Mirikitani p903 [unknown/low]
makabasa			Mirikitani p906 [unknown/low]
makabeo		noun	Samson p451 [unknown/low]
makabuhe		noun	Samson p451 [unknown/low]
makabuisit			Mirikitani p909 [unknown/low]
makadwa		D	PALI:makadwa’q
makagili			Mirikitani p918 [unknown/low]
makakayabe			Mirikitani p895 [unknown/low]
makalutu			Mirikitani p936 [unknown/low]
makananu		interrog	SEED-FUNC
makanian		adv	SEED-FUNC
makanini		adv	SEED-FUNC
makapalage			Mirikitani p933 [unknown/low]
makapanabala			Mirikitani p904 [unknown/low]
makaputut			Mirikitani p952 [unknown/low]
makasangkap			Mirikitani p955 [unknown/low]
makasaup			Mirikitani p955 [unknown/low]
maki			Samson p455 [unknown/low]
makiagnan			Mirikitani p896 [unknown/low]
makibat			Samson p455 [unknown/low]
makina		N	PALI:ma’kina
makinabang		N	PALI:makina’bang
makinaria			Samson p455 [unknown/low]
makinilya		N	PALI:makini’lya
makinis			Mirikitani p930 [unknown/low]
makinista		noun	Samson p455 [unknown/low]
makiramdam			Mirikitani p952 [unknown/low]
makisangkap			Mirikitani p954 [unknown/low]
makiua			Samson p455 [unknown/low]
maklak			Mga Salita sa Iba't Ibang Dayalekto p10 [unknown/low]
maklba			Mirikitani p923 [unknown/low]
maklpagsalita			Mirikitani p954 [unknown/low]
mako		V	PALI:mako’
makupa		N	PALI:maku’pa
makuyad			Mirikitani p932 [unknown/low]
mal		D	PALI:mal
mala		verb	Samson p456 [dictionary_explicit/high]
malabe		adverb	Samson p456 [unknown/low]
malabinutil			Samson p456 [dictionary_explicit/high]
malagu			Mirikitani p933 [unknown/low]
malakanan		noun	Samson p456 [dictionary_explicit/high]
malakias		noun	Samson p456 [unknown/low]
malamarine		noun	Samson p456 [unknown/low]
malambot			Mirikitani p934 [unknown/low]
malangi			Mirikitani p945 [unknown/low]
malangnis		adjective	Samson p456 [unknown/low]
malapit			Mirikitani p934 [unknown/low]
malaram			Mga Salita sa Iba't Ibang Dayalekto p10 [unknown/low]
malasa		adjective	Samson p457 [unknown/low]
malasakit		noun	Samson p457 [unknown/low]
malasebo		noun	Samson p457 [unknown/low]
malasia		noun	Samson p457 [unknown/low]
malasmas			Samson p457 [dictionary_explicit/high]
malatl			Mirikitani p934 [unknown/low]
malaus		V	PALI:mala’us
malay		noun	Samson p457 [unknown/low]
malayo		adjective	Samson p457 [unknown/low]
malaysia		noun	Samson p457 [unknown/low]
malda		N	PALI:ma’ldaq
maldision		noun	Samson p457 [unknown/low]
male		N	PALI:ma’le
male-tau			Samson p457 [unknown/low]
maleldo			Samson p457 [unknown/low]
maleldu		N	PALI:male’ldu
malemalayan			Samson p457 [unknown/low]
maleta		noun	Samson p457 [unknown/low]
maletin		noun	Samson p457 [unknown/low]
malgarit		N	PALI:malgari’t
mali		N	PALI:mali’q
maliari		adjective	Samson p458 [unknown/low]
maliasa		noun-verb	Samson p458 [dictionary_explicit/high]
maliban			Mirikitani p938 [unknown/low]
malibi			Samson p458 [unknown/low]
malicmata		noun	Samson p458 [unknown/low]
maliete		noun	Samson p458 [unknown/low]
maligno		noun	Samson p458 [unknown/low]
malignos		N	PALI:mali’gnos
maligwa			Mirikitani p935 [unknown/low]
malim		noun-verb	Samson p458 [unknown/low]
malingmingan		noun	Samson p458 [unknown/low]
malinis			Mirikitani p935 [unknown/low]
malisia		noun	Samson p458 [unknown/low]
malisioso		adjective	Samson p458 [unknown/low]
malisiousness			Samson p458 [unknown/low]
maliuag			Samson p458 [unknown/low]
malmal		verb	Samson p458 [dictionary_explicit/high]
malolos		noun	Samson p458 [unknown/low]
maltratado			Samson p458 [unknown/low]
maltrato		noun	Samson p458 [unknown/low]
maltratuan			Samson p458 [unknown/low]
malulut			Mirikitani p936 [unknown/low]
malutac		verb	Samson p458 [unknown/low]
malutu		adjective	Samson p459 [unknown/low]
malutub		noun	Samson p459 [unknown/low]
malva		noun	Samson p459 [unknown/low]
malvarosa		noun	Samson p459 [unknown/low]
malyari			Mirikitani p938 [unknown/low]
mama		N	PALI:ma’maq
mamablas		V	PALI:mamablas
mamala		N	PALI:ma:mala’q
mamalagwa			Mirikitani p933 [unknown/low]
mamalengke			Mirikitani p946 [unknown/low]
mamalis			Mirikitani p946 [unknown/low]
mamasyal			Mirikitani p947 [unknown/low]
mamialung			Mirikitani p948 [unknown/low]
mamirapal		V./D	PALI:ma:mira’pal
mamisali			Mirikitani p949 [unknown/low]
mamisita			Mirikitani p909 [unknown/low]
mamlancha			Mirikitani p950 [unknown/low]
mampit		V	PALI:mampi’t
mamuklat			Mirikitani p910 [unknown/low]
mamustura			Samson p459 [dictionary_explicit/high]
man		Adjunct	PALI:man
man-			Mirikitani p938 [unknown/low]
mana		V	PALI:ma’na
manakbag		V	PALI:manakba’g
manako		V	PALI:ma:na’ko
manalas		D./V	PALI:mana’las
manaman		adverb	Samson p460 [unknown/low]
manamdaman		D	PALI:manamda’man
manang			Samson p460 [unknown/low]
manangituntun		noun	Samson p460 [unknown/low]
manatili		V	PALI:manati’li
manayi			Mirikitani p962 [unknown/low]
mandaluyong		noun	Samson p460 [unknown/low]
mandamiento		noun	Samson p460 [unknown/low]
mandarin		N	PALI:ma:ndari’n
mandolina		noun	Samson p460 [unknown/low]
mandragora		noun	Samson p460 [unknown/low]
mandurugas			Samson p460 [unknown/low]
mandurukut			Samson p460 [unknown/low]
maneho		noun	Samson p460 [unknown/low]
maneo			Mirikitani p938 [unknown/low]
maneu		V	PALI:mane’u
manewan			Mirikitani p938 [unknown/low]
manga		Q	PALI:manga
manga-			Mirikitani p938 [unknown/low]
mangabiasa			Mirikitani p907 [unknown/low]
mangalukguk		V./D?	PALI:mangalukguk
mangasanting			Mirikitani p955 [unknown/low]
mangayari			Mirikitani p900 [unknown/low]
mangdarapusa			Samson p461 [unknown/low]
mange			Samson p373 [dictionary_explicit/high]
mangga		N	PALI:mangga’
manggo			Samson p461 [unknown/low]
mangisnawa		V.?/D	PALI:mangisna’wa
mangkuc			Samson p461 [unknown/low]
mangmang		adjective	Samson p461 [unknown/low]
mangosteen		noun	Samson p461 [unknown/low]
mangsa		noun-verb	Samson p461 [dictionary_explicit/high]
mangumpe		V	PALI:mangumpe’
mani		N	PALI:mani’q
maniaman			Mirikitani p943 [unknown/low]
maniampukaki		adjective	Samson p461 [unknown/low]
manianita			Samson p461 [unknown/low]
manibalang			Samson p461 [unknown/low]
manibangbayan			Samson p461 [dictionary_explicit/high]
manibaug		N	PALI:manibau’g
manig-			Mirikitani p938 [unknown/low]
manigapu		q	PALI:manigapu’
manigaral			Mirikitani p900 [unknown/low]
manigotu		V	PALI:ma:nigo’tu
manigtigan			Mirikitani p962 [unknown/low]
manijer			Mirikitani p938 [unknown/low]
manikurista		noun	Samson p461 [unknown/low]
manilenio			Samson p461 [unknown/low]
manimanian			Samson p461 [dictionary_explicit/high]
maningaya			Samson p462 [unknown/low]
maniobra		noun	Samson p462 [unknown/low]
manisig		V./D.?	PALI:manisig
manivela		noun	Samson p462 [unknown/low]
manlag			Samson p462 [unknown/low]
manner			Samson p80 [dictionary_explicit/high]
manok			Mirikitani p938 [unknown/low]
manong		D	PALI:mano’ng
mansad		N.?/D./V	PALI:mansa’d
mansanas			Samson p462 [unknown/low]
mansanilia			Samson p462 [unknown/low]
mansanitas		N	PALI:mansani’tas
mansion		noun	Samson p462 [unknown/low]
mantalona		noun	Samson p462 [unknown/low]
mantekuia			Samson p462 [unknown/low]
mantel		noun	Samson p462 [unknown/low]
manteleta		noun	Samson p462 [unknown/low]
manteo		noun	Samson p462 [unknown/low]
mantflia		noun	Samson p462 [unknown/low]
mantilyu		N	PALI:manti’lyu
mantini			Samson p462 [unknown/low]
mantle			Samson p462 [unknown/low]
manualia			Samson p462 [unknown/low]
manuc		noun	Samson p462 [unknown/low]
manumanu			Samson p464 [unknown/low]
manunggal		noun	Samson p462 [unknown/low]
manuscrito		noun	Samson p463 [unknown/low]
manutu		V	PALI:ma:nutu
manuya			Mirikitani p938 [unknown/low]
manuyang		N	PALI:manu’yang
manyad		V	PALI:manyad
manyali			Mirikitani p953 [unknown/low]
manyara			Mirikitani p955 [unknown/low]
manyubli			Mirikitani p957 [unknown/low]
map		D./Q	PALI:map
mapagal			Mirikitani p945 [unknown/low]
mapali			Mirikitani p946 [unknown/low]
maplas		D	PALI:mapla’s
maragul			Mirikitani p911 [unknown/low]
marangal			Samson p464 [unknown/low]
marangle		N	PALI:marangle’
maranun			Mirikitani p912 [unknown/low]
marcha		noun	Samson p464 [unknown/low]
marfil		noun	Samson p464 [unknown/low]
margaha		N	PALI:marga’ha
margarina		noun	Samson p464 [unknown/low]
margarit			Samson p464 [unknown/low]
margate		N	PALI:marga’te
mariakafra		noun	Samson p464 [unknown/low]
marijuana		noun	Samson p464 [dictionary_explicit/high]
marikita		noun	Samson p464 [unknown/low]
marimla			Mirikitani p914 [unknown/low]
marinat			Mirikitani p914 [unknown/low]
marine			Mirikitani p914 [unknown/low]
marines			Samson p464 [unknown/low]
maring		N	PALI:mari’ng
marino		noun	Samson p464 [unknown/low]
mariposa		N	PALI:maripo’sa
mariskal		noun	Samson p465 [unknown/low]
maritima		adjective	Samson p465 [unknown/low]
mariya		N	PALI:mari’ya
marka		N	PALI:ma’rka
markesa			Samson p465 [unknown/low]
markez			Samson p465 [unknown/low]
marmol			Samson p465 [unknown/low]
maro			Samson p465 [unknown/low]
maronita		noun	Samson p465 [unknown/low]
marso		N	PALI:ma’rso
marta		noun	Samson p465 [unknown/low]
marte			Samson p465 [unknown/low]
martes		noun	Samson p465 [unknown/low]
martilio		noun	Samson p465 [unknown/low]
martinete		noun	Samson p465 [unknown/low]
martinez		noun	Samson p465 [unknown/low]
martiniko		noun	Samson p465 [unknown/low]
martir		N	PALI:marti’r
martirio		noun	Samson p465 [unknown/low]
martirolohio		noun	Samson p465 [unknown/low]
martirolohiya		noun	Samson p465 [unknown/low]
martis		N	PALI:ma’rtis
martsa			Samson p465 [unknown/low]
marukat		adjective	Samson p465 [unknown/low]
marus			Samson p465 [unknown/low]
maruya			Samson p465 [dictionary_explicit/high]
marxismo		noun	Samson p465 [unknown/low]
marxista		noun	Samson p465 [unknown/low]
marzo		noun	Samson p466 [unknown/low]
mas		Q	PALI:mas
masa		V	PALI:ma’sa
masabal		noun	Samson p466 [unknown/low]
masagana		N	PALI:masaga’naq
masahe		noun	Samson p466 [unknown/low]
masakit			Mirikitani p953 [unknown/low]
masanting			Mirikitani p955 [unknown/low]
masdan		V	PALI:masdan
maseta		noun	Samson p451 [unknown/low]
masetas		N	PALI:mase’tas
masetera		noun	Samson p451 [unknown/low]
maskara		N	PALI:maska’ra
maski		Q./Subcomb	PALI:maski
masseuse			Samson p466 [unknown/low]
masubidu			Mirikitani p957 [unknown/low]
masuerte			Mirikitani p958 [unknown/low]
masuleo			Samson p467 [unknown/low]
masyadu		Q	PALI:masya’du
mata		N	PALI:mata’
mata-mata		noun	Samson p468 [AI_proposed/medium]
matadero		noun	Samson p468 [unknown/low]
matador		noun	Samson p468 [unknown/low]
matako			Samson p468 [unknown/low]
matamata			Samson p468 [unknown/low]
matamvaka		noun	Samson p468 [unknown/low]
matapobre			Samson p468 [unknown/low]
matarling		adjective	Samson p468 [unknown/low]
matematika		noun	Samson p468 [unknown/low]
matematiko		noun	Samson p468 [unknown/low]
matenakan		adjective	Samson p468 [unknown/low]
mater			Samson p468 [unknown/low]
materia		noun	Samson p468 [unknown/low]
material		adjective	Samson p469 [unknown/low]
materiales		noun	Samson p469 [unknown/low]
materialismo			Samson p469 [unknown/low]
materialista		noun	Samson p469 [unknown/low]
materialistiko		adjective	Samson p469 [unknown/low]
materioso			Samson p469 [unknown/low]
math		abbreviation	Samson p469 [unknown/low]
matiag		noun	Samson p469 [unknown/low]
matipunu		adjective	Samson p469 [unknown/low]
matiribus		noun	Samson p469 [dictionary_explicit/high]
matnibuntuc		adjective	Samson p469 [unknown/low]
mato			Samson p469 [unknown/low]
matraka		noun	Samson p469 [unknown/low]
matrikula		noun	Samson p470 [unknown/low]
matrimonio		noun	Samson p470 [unknown/low]
matris		noun	Samson p470 [unknown/low]
matrisidio		noun	Samson p470 [unknown/low]
matua			Mirikitani p963 [unknown/low]
matusalen		noun	Samson p470 [unknown/low]
mauli		adjective	Samson p470 [unknown/low]
maung		noun	Samson p470 [unknown/low]
mauser		noun	Samson p470 [unknown/low]
mawala			Mirikitani p967 [unknown/low]
maya		N	PALI:ma’ya
mayakayan		adjective	Samson p470 [unknown/low]
mayalikabok			Mirikitani p897 [unknown/low]
mayari			Mirikitani p900 [unknown/low]
mayonesa			Samson p470 [unknown/low]
mayor		noun	Samson p470 [unknown/low]
mayordomo			Samson p470 [unknown/low]
mayoridad		noun	Samson p471 [unknown/low]
mayoriya			Samson p470 [unknown/low]
mayu		N	PALI:ma’yu
mayul		N	PALI:mayu’l
mayumu			Samson p471 [unknown/low]
mayuskula		noun	Samson p471 [unknown/low]
mayutput			Samson p471 [unknown/low]
me		Substitute: personal pronoun, part-manteau	PALI:me
mechado		noun	Samson p471 [unknown/low]
medalia		noun	Samson p471 [unknown/low]
medalion			Samson p471 [unknown/low]
media		noun	Samson p471 [unknown/low]
mediador			Samson p471 [unknown/low]
mediakania		noun	Samson p471 [unknown/low]
medias			Samson p471 [unknown/low]
medida			Samson p472 [unknown/low]
medikal		adjective	Samson p472 [unknown/low]
medikasion		noun	Samson p472 [unknown/low]
mediko		noun	Samson p472 [unknown/low]
mediko-legal		adjective	Samson p472 [AI_proposed/medium]
medikul		N	PALI:me’dikul
medio			Samson p472 [unknown/low]
medio-almuerzo		noun	Samson p472 [unknown/low]
medisina		noun	Samson p471 [unknown/low]
meditasion		noun	Samson p472 [unknown/low]
mediteraneo		noun	Samson p472 [unknown/low]
medya			Mirikitani p939 [unknown/low]
medyas			Mirikitani p939 [unknown/low]
mehikano		adjective	Samson p472 [unknown/low]
mehiko			Samson p472 [unknown/low]
mehoras		noun	Samson p472 [unknown/low]
meimbita			Mirikitani p920 [unknown/low]
mekad		adverb	Samson p471 [unknown/low]
mekaniko			Mirikitani p939 [unknown/low]
mekaniku		noun	Samson p471 [unknown/low]
mekanismu		noun	Samson p471 [unknown/low]
mekeni			Samson p472 [unknown/low]
mekumbida			Mirikitani p931 [unknown/low]
melankolia			Samson p472 [unknown/low]
melkisedec		noun	Samson p472 [unknown/low]
melodia		noun	Samson p472 [unknown/low]
melodiko		adjective	Samson p473 [unknown/low]
melokoton		noun	Samson p472 [unknown/low]
memalen			Samson p473 [unknown/low]
memangil		adjective	Samson p473 [unknown/low]
memariu			Samson p473 [unknown/low]
memayutputan		adjective	Samson p473 [unknown/low]
memoria		noun	Samson p473 [unknown/low]
memorizado		adjective	Samson p473 [unknown/low]
men		Exc./idiom	PALI:men
menalbe			Mirikitani p897 [unknown/low]
mengabus		V	PALI:me:nga’bus
mengan			Mirikitani p924 [unknown/low]
menibatan			Mirikitani p919 [unknown/low]
menila		noun	Samson p473 [unknown/low]
menor		noun	Samson p473 [unknown/low]
mensahe		noun	Samson p473 [unknown/low]
mensahero		noun	Samson p473 [unknown/low]
menses		adverb	Samson p473 [unknown/low]
mensual		adjective	Samson p473 [unknown/low]
menta		noun	Samson p473 [unknown/low]
mentalidad		noun	Samson p473 [unknown/low]
menudensia		noun	Samson p473 [unknown/low]
menudo			Samson p473 [unknown/low]
menus		D	PALI:me’nus
merengge		noun	Samson p474 [unknown/low]
merienda			Samson p474 [unknown/low]
merienda-sena		noun	Samson p474 [unknown/low]
merino		adjective	Samson p474 [unknown/low]
merito		noun	Samson p474 [unknown/low]
meritorio		adjective	Samson p474 [unknown/low]
merkader			Samson p474 [unknown/low]
merkado		noun	Samson p474 [unknown/low]
merkansia		noun	Samson p474 [unknown/low]
merkurio		noun	Samson p474 [unknown/low]
merkurochrome			Samson p474 [unknown/low]
merli		N	PALI:me’rli
mersed		noun	Samson p474 [unknown/low]
mersenario		noun	Samson p474 [unknown/low]
mes		noun	Samson p474 [unknown/low]
mesa		noun	Samson p474 [unknown/low]
mesita		noun	Samson p474 [unknown/low]
mesiyas		noun	Samson p474 [unknown/low]
mesling			Samson p474 [unknown/low]
mestizo			Samson p474 [unknown/low]
mestru		N	PALI:me’stru
metabolism			Samson p475 [unknown/low]
metabolismu			Samson p475 [unknown/low]
metafisika		noun	Samson p475 [unknown/low]
metafora		noun	Samson p475 [unknown/low]
metaliko		adjective	Samson p475 [unknown/low]
metalurhia		noun	Samson p475 [unknown/low]
metalyurgic			Samson p475 [unknown/low]
metamorfosis		noun	Samson p475 [unknown/low]
mete			Mirikitani p939 [unknown/low]
methodism			Samson p475 [unknown/low]
metung			Mirikitani p939 [unknown/low]
meung		adjective	Samson p476 [dictionary_explicit/high]
mewala			Mirikitani p967 [unknown/low]
mexikano		adjective	Samson p476 [dictionary_explicit/high]
mexiko			Samson p476 [unknown/low]
meyari			Mirikitani p900 [unknown/low]
mezzanine			Samson p476 [unknown/low]
mezzano			Samson p476 [unknown/low]
mezzo			Samson p476 [unknown/low]
mfbait			Mirikitani p903 [unknown/low]
mi		pron	SEED-FUNC
mi-			Mirikitani p940 [unknown/low]
mia		pronoun	Samson p476 [unknown/low]
miapu			Mirikitani p899 [unknown/low]
miatchi			Mirikitani p902 [unknown/low]
mibabapa			Mirikitani p905 [unknown/low]
mica		N	PALI:mi’ca
microfono		noun	Samson p476 [unknown/low]
microskope			Samson p476 [unknown/low]
microskopio		noun	Samson p476 [unknown/low]
midadara			Mirikitani p912 [unknown/low]
midara			Mirikitani p912 [unknown/low]
mika		verb	Samson p476 [unknown/low]
mikakapatad			Mirikitani p925 [unknown/low]
mikaluguran			Mirikitani p924 [unknown/low]
mikapatad			Mirikitani p925 [unknown/low]
mikising			Mga Salita sa Iba't Ibang Dayalekto p8 [unknown/low]
mikoya			Mirikitani p930 [unknown/low]
mikros			Samson p476 [unknown/low]
mil			Samson p476 [unknown/low]
milabasan			Mirikitani p940 [unknown/low]
milagro		noun	Samson p476 [unknown/low]
milagrosa		N	PALI:milagro’sa
milanio		noun	Samson p477 [dictionary_explicit/high]
milia		noun	Samson p477 [unknown/low]
miligramo		noun	Samson p477 [unknown/low]
milimetro		noun	Samson p477 [unknown/low]
militante		adjective	Samson p477 [unknown/low]
militar		adjective	Samson p477 [unknown/low]
military			Samson p477 [unknown/low]
milium			Mirikitani p921 [unknown/low]
miliun			Samson p477 [unknown/low]
miliunariu		noun	Samson p477 [unknown/low]
milulupa			Mirikitani p936 [unknown/low]
milun		N	PALI:milu’n
milyari		V	PALI:milya’ri
mimi			Samson p477 [dictionary_explicit/high]
mimin		D	PALI:mi’min
mina		N	PALI:mi’na
minamagaling			Samson p477 [unknown/low]
minangun		N	PALI:mina’ngun
mindainda			Mirikitani p920 [unknown/low]
minero		noun	Samson p477 [unknown/low]
minerva		noun	Samson p477 [unknown/low]
minervista		noun	Samson p477 [unknown/low]
minery			Samson p477 [unknown/low]
ministil		noun	Samson p477 [unknown/low]
ministro		noun	Samson p477 [unknown/low]
minoridad		noun	Samson p478 [unknown/low]
minsupala		noun	Samson p478 [unknown/low]
mint			Samson p478 [unknown/low]
minuto			Mirikitani p941 [unknown/low]
minyali			Mirikitani p953 [unknown/low]
mipa-			Samson p478 [unknown/low]
mipag-			Samson p478 [unknown/low]
mipamintu			Samson p478 [unknown/low]
mipanyaup			Mirikitani p955 [unknown/low]
mipapamintu			Samson p478 [unknown/low]
miparapareo			Mirikitani p947 [unknown/low]
mipatalpac			Samson p478 [unknown/low]
mipisan			Mirikitani p949 [unknown/low]
mipnu			Samson p478 [unknown/low]
mipunta			Mirikitani p951 [unknown/low]
mirindal		N	PALI:mirinda’l
mirra		noun	Samson p478 [unknown/low]
mis		N	PALI:mis
misa		N	PALI:mi’sa
misal		noun	Samson p479 [unknown/low]
misan		Q./N.?	PALI:mi’san
misdan		D./V./St	PALI:misda’n
miserable		adjective	Samson p479 [unknown/low]
miserere			Samson p479 [unknown/low]
miserikordia		noun	Samson p479 [unknown/low]
miseriya		noun	Samson p479 [unknown/low]
misingbilis			Samson p479 [unknown/low]
misionero		noun	Samson p479 [unknown/low]
misis		N	PALI:mi’sis
misising			Mirikitani p957 [unknown/low]
mismo		N./Q.?	PALI:mi’smo
mission			Samson p479 [unknown/low]
misterio		noun	Samson p480 [unknown/low]
mistisismo		noun	Samson p480 [unknown/low]
mistula		adjective	Samson p480 [unknown/low]
misusumangid		adjective	Samson p480 [unknown/low]
mitagan			Mirikitani p960 [unknown/low]
mitan			Samson p480 [unknown/low]
mitata			Mirikitani p961 [unknown/low]
mitauli			Mirikitani p962 [unknown/low]
mitda		D./St.?	PALI:mitda’q
mitdas		V./St./D	PALI:mitdas
mitmu		St./V./D	PALI:mitmu’q
mitra		noun	Samson p481 [unknown/low]
mitsa		noun	Samson p481 [unknown/low]
mitsado			Samson p481 [unknown/low]
mitsui			Samson p481 [unknown/low]
miuman			Samson p481 [unknown/low]
miwali			Mirikitani p967 [unknown/low]
miyerkulis		N	PALI:miye’rkulis
ml			Mirikitani p940 [unknown/low]
mlalywa			Mirikitani p897 [unknown/low]
mlerkulis			Mirikitani p940 [unknown/low]
mlnuli			Mirikitani p966 [unknown/low]
mlpisanpisan			Mirikitani p949 [unknown/low]
mo		pron	SEED-FUNC
moa		adverb	Samson p481 [unknown/low]
moda		noun	Samson p481 [unknown/low]
modelu		N	PALI:mode’lu
modernismo		noun	Samson p481 [unknown/low]
moderno		adjective	Samson p481 [unknown/low]
modista		N	PALI:modi’sta
modu		N	PALI:mo’du
moises		noun	Samson p481 [unknown/low]
moloch		noun	Samson p482 [unknown/low]
momento		noun	Samson p482 [unknown/low]
monarchikal			Samson p482 [unknown/low]
monarka		noun	Samson p482 [unknown/low]
monarkia		noun	Samson p482 [dictionary_explicit/high]
monarkika		adjective	Samson p482 [unknown/low]
monarkismo			Samson p482 [unknown/low]
monasterio		noun	Samson p482 [dictionary_explicit/high]
monastiku		adjective	Samson p482 [unknown/low]
mongha		noun	Samson p482 [unknown/low]
monghe		noun	Samson p482 [unknown/low]
monhesilio			Samson p482 [unknown/low]
monika			Samson p482 [unknown/low]
monito			Samson p482 [unknown/low]
monsignor			Samson p482 [dictionary_explicit/high]
monte		N	PALI:mo’nte
monu		noun	Samson p482 [dictionary_explicit/high]
monumento		noun	Samson p483 [unknown/low]
moradu			Samson p483 [unknown/low]
moraleha		noun	Samson p483 [unknown/low]
moralidad		noun	Samson p483 [unknown/low]
moralista		noun	Samson p483 [unknown/low]
moreno			Samson p483 [unknown/low]
morfina		noun	Samson p483 [unknown/low]
morge			Samson p483 [unknown/low]
morisketa-tostada		noun	Samson p483 [unknown/low]
moriya			PALI:mo’riya
morkon		noun	Samson p483 [unknown/low]
moro		noun	Samson p483 [unknown/low]
moro-moro		noun	Samson p483 [AI_proposed/medium]
mortal		adjective	Samson p483 [unknown/low]
mortero		noun	Samson p483 [unknown/low]
mortuario		noun	Samson p483 [unknown/low]
mosaiko		adjective	Samson p483 [unknown/low]
mosikus			Samson p483 [unknown/low]
moskatel		noun	Samson p483 [unknown/low]
mosketero		noun	Samson p483 [dictionary_explicit/high]
moskitero		noun	Samson p483 [dictionary_explicit/high]
mosul		noun	Samson p483 [unknown/low]
motivo		noun	Samson p483 [unknown/low]
moton		noun	Samson p484 [dictionary_explicit/high]
motor		noun	Samson p484 [unknown/low]
motorboat			Samson p399 [dictionary_explicit/high]
mozarabe		noun	Samson p484 [unknown/low]
mozarabiko		adjective	Samson p484 [unknown/low]
mu		Adjunct	PALI:muq
mu rin		part	SEED-FUNC
mua		noun	Samson p484 [unknown/low]
mual			Samson p484 [dictionary_explicit/high]
mualmual			Samson p484 [unknown/low]
muchacho			Samson p484 [unknown/low]
mucho		adjective	Samson p484 [unknown/low]
mucmuc		noun-verb	Samson p484 [unknown/low]
muebleriya		noun	Samson p484 [unknown/low]
muebles		noun	Samson p484 [unknown/low]
muelie			Samson p484 [unknown/low]
muestra			Samson p484 [unknown/low]
mugmug		N	PALI:mugmug
muhun		noun	Samson p484 [unknown/low]
muia			Samson p484 [unknown/low]
mula		N	PALI:mu’la
mulagat		adjective	Samson p485 [dictionary_explicit/high]
mulal-		V	PALI:-mulal-
mulala		V./D./St	PALI:-mula’laq
mulamulagat			Samson p485 [unknown/low]
mulamulala			Samson p485 [unknown/low]
mulang		D	PALI:mula’ng
mulansang		verb	Samson p485 [unknown/low]
mulasing		verb	Samson p485 [dictionary_explicit/high]
mulat		noun-verb	Samson p485 [dictionary_explicit/high]
muli		V	PALI:muli’q
multa		N	PALI:mu’lta
mumutut		V	PALI:mu:mutu’t
mun		V	PALI:-mun
munagmunag		V./St	PALI:munagmunag
mundu		N	PALI:mu’ndu
muniangit		noun-verb	Samson p487 [unknown/low]
munikala		noun	Samson p487 [unknown/low]
munikial		noun	Samson p487 [unknown/low]
munisipal		adjective	Samson p487 [unknown/low]
munisipalidad		noun	Samson p487 [unknown/low]
munisipio		noun	Samson p487 [unknown/low]
munisipiyu		N	PALI:munisi’piyu
munsing		noun	Samson p487 [unknown/low]
munta		V	PALI:munta’
muntat		adverb	Samson p487 [unknown/low]
munying		adverb	Samson p487 [unknown/low]
mura		D	PALI:mu’ra
muri		N	PALI:mu’riq
murit		D./St	PALI:muri’t
music			Samson p488 [unknown/low]
musika		noun	Samson p488 [unknown/low]
musikeru		noun	Samson p488 [unknown/low]
musiku			Samson p488 [unknown/low]
musing		noun	Samson p488 [unknown/low]
musmus		adjective	Samson p488 [unknown/low]
mustasa		noun	Samson p488 [unknown/low]
musun			Samson p488 [unknown/low]
muta		noun	Samson p488 [unknown/low]
muting		adjective	Samson p489 [unknown/low]
muton		N	PALI:muto’n
mutya		noun (OCR: printed as 'ft.')	Samson p489 [unknown/low]
muu-muu			Samson p489 [unknown/low]
mwa		V./St	PALI:mwaq
na		Adjunct	PALI:na
nabengi		adverb	Samson p491 [unknown/low]
nabu		V	PALI:-na’buq
nacnac		noun-verb	Samson p492 [unknown/low]
naga		noun	Samson p492 [unknown/low]
nais		noun	Samson p492 [unknown/low]
nakadua		adverb	Samson p492 [unknown/low]
nakbag		V	PALI:-na’kbag
naked			Samson p436 [dictionary_explicit/high]
naknak			Kapampangan-English-Pilipino wordlist p32 [unknown/low]
nako			Samson p492 [unknown/low]
naman		Adjunct	PALI:naman
namas		verb	Samson p492 [unknown/low]
namu			Samson p492 [unknown/low]
nana		N	PALI:nanaq
nanan		V	PALI:na’nan
nanang			Kapampangan-English-Pilipino wordlist p32 [unknown/low]
nandin		N./Q	PALI:nandi’n
nandu		N	PALI:na’ndu
nang		Subs., Interrog., N	PALI:nang
nangnang		V	PALI:nangnang
nanu		N	PALI:na’nu
napnap		verb	Samson p494 [dictionary_explicit/high]
napun		N	PALI:na’:pun
napusabengi		adverb	Samson p494 [unknown/low]
narkotiko		noun	Samson p494 [unknown/low]
narra			Samson p494 [unknown/low]
narsing			Mirikitani p944 [unknown/low]
nasa		N	PALI:nasaq
nasi		N	PALI:na’siq
nasnas		adjective	Samson p494 [unknown/low]
natad		V	PALI:nata’d
natanat		noun-verb	Samson p494 [unknown/low]
natividad		noun	Samson p494 [unknown/low]
natural		adjective	Samson p494 [unknown/low]
naturaleza		noun	Samson p495 [unknown/low]
naua		noun	Samson p495 [dictionary_explicit/high]
nauang			Samson p495 [unknown/low]
naun			Samson p495 [unknown/low]
naval		adjective	Samson p495 [unknown/low]
naya			Samson p495 [unknown/low]
nayun		adjective	Samson p495 [dictionary_explicit/high]
ne			PALI:ne
nedamu		Excl	PALI:neda’mu
nega			Samson p495 [unknown/low]
negasion		noun	Samson p495 [unknown/low]
negativo		noun	Samson p495 [unknown/low]
negosiante		noun	Samson p496 [unknown/low]
negosio		noun	Samson p496 [unknown/low]
negra		noun	Samson p496 [unknown/low]
negrito			Samson p496 [unknown/low]
negro		noun	Samson p496 [unknown/low]
nehemias		noun	Samson p496 [unknown/low]
nene		noun	Samson p496 [unknown/low]
neng		CMP	PALI:neng
neni		noun	Samson p496 [unknown/low]
neptuno		noun	Samson p496 [unknown/low]
nerbyus		St./D./V	PALI:nerbyus
neron		noun	Samson p496 [unknown/low]
nervio		noun	Samson p496 [unknown/low]
nervios			Samson p497 [unknown/low]
nervioso			Samson p497 [unknown/low]
nervous			Samson p496 [unknown/low]
nervousness			Samson p496 [unknown/low]
neto		noun	Samson p497 [unknown/low]
ng			Samson p497 [unknown/low]
nga-		V	PALI:nga:-
ngabngab			Samson p503 [unknown/low]
ngacngac		noun	Samson p503 [unknown/low]
ngaku			Kapampangan-English-Pilipino wordlist p32 [unknown/low]
ngali		noun-verb	Samson p503 [dictionary_explicit/high]
ngalngal		noun	Samson p503 [dictionary_explicit/high]
ngalut			Kapampangan-English-Pilipino wordlist p32 [unknown/low]
ngamu			Kapampangan-English-Pilipino wordlist p32 [unknown/low]
ngamupaya			Kapampangan-English-Pilipino wordlist p32 [unknown/low]
ngan		N./Q	PALI:ngan
ngana			Kapampangan-English-Pilipino wordlist p32 [unknown/low]
nganga		noun-verb	Samson p504 [unknown/low]
ngata			Kapampangan-English-Pilipino wordlist p32 [unknown/low]
ngatngat			Kapampangan-English-Pilipino wordlist p32 [unknown/low]
ngenga			Samson p504 [dictionary_explicit/high]
ngeni		Q./N	PALI:nge’ni
ngeta			Samson p504 [unknown/low]
ngeti		adverb	Samson p504 [unknown/low]
ngeuc		noun	Samson p504 [unknown/low]
ngeung		noun-verb	Samson p504 [dictionary_explicit/high]
nghngh			Samson p505 [unknown/low]
ngicngic			Samson p505 [unknown/low]
ngicngikan			Samson p505 [dictionary_explicit/high]
ngilngil		noun	Samson p505 [unknown/low]
nginilngil			Samson p505 [unknown/low]
ngisi			Samson p505 [unknown/low]
ngisngis		V	PALI:ngisngis
ngumisi			Samson p505 [dictionary_explicit/high]
ngungudngud			Samson p505 [unknown/low]
ngungut			PALI:ngungut
ngusu		N	PALI:ngusu’q
ni		det	SEED-FUNC
nia		pronoun	Samson p497 [unknown/low]
niaman		noun	Samson p497 [unknown/low]
niang			Mirikitani p943 [unknown/low]
niaung			Samson p497 [unknown/low]
nicnic		noun	Samson p497 [unknown/low]
nieve		noun	Samson p497 [unknown/low]
nigla		adjective	Samson p497 [unknown/low]
nik		V	PALI:-nik
niknik		N	PALI:nikni’k
nikotina		noun	Samson p497 [unknown/low]
ninap		V	PALI:-ni’nap
ninfa		noun	Samson p497 [unknown/low]
ning		det	SEED-FUNC
ningning			Kapampangan-English-Pilipino wordlist p32 [unknown/low]
nini			Samson p497 [unknown/low]
ninim		verb	Samson p497 [unknown/low]
ninive		noun	Samson p497 [unknown/low]
nino			Samson p498 [unknown/low]
ninong			Samson p498 [unknown/low]
ninu		Question Substitute	PALI:ni’nu
ninumn		pronoun	Samson p498 [unknown/low]
nipe			Samson p498 [unknown/low]
nisnis			Samson p498 [unknown/low]
nita			Mirikitani p943 [unknown/low]
nitsu			Kapampangan-English-Pilipino wordlist p32 [unknown/low]
no		Substitute: portmanteau pronoun	PALI:no
nobela			Mirikitani p943 [unknown/low]
nobenta			Mirikitani p943 [unknown/low]
nobio			Mga Salita sa Iba't Ibang Dayalekto p6 [unknown/low]
noble		adjective	Samson p62 [unknown/low]
nobyembre		N	PALI:nobye’mbre
nokarin		interrog	SEED-FUNC
nokorin			Mga Salita sa Iba't Ibang Dayalekto p1 [unknown/low]
nolu			Samson p498 [unknown/low]
nono			Samson p498 [unknown/low]
norte		noun	Samson p498 [unknown/low]
nota		noun	Samson p498 [unknown/low]
notario		noun	Samson p499 [unknown/low]
novela		noun	Samson p499 [unknown/low]
novelista		noun	Samson p499 [unknown/low]
novena		noun	Samson p499 [unknown/low]
novenario		noun	Samson p499 [unknown/low]
noventa		adjective	Samson p499 [unknown/low]
novia		noun	Samson p499 [unknown/low]
noviembre		noun	Samson p499 [unknown/low]
novio		noun (OCR: printed as 'ft.')	Samson p499 [unknown/low]
novisia			Samson p499 [unknown/low]
novisiada		noun	Samson p499 [unknown/low]
nu		interrog	SEED-FUNC
nuanti			Kapampangan-English-Pilipino wordlist p32 [unknown/low]
nuebe			Mirikitani p943 [unknown/low]
nueve			Samson p499 [unknown/low]
nugut		V	PALI:-nu’gut
nukan		noun (OCR: printed as 'ft.')	Samson p499 [unknown/low]
nukarin		Subs., interrog., location	PALI:nukari’n
number			Samson p499 [unknown/low]
numero		noun	Samson p499 [unknown/low]
nune			Samson p500 [unknown/low]
nung		Subcomb	PALI:nung
nunsiatura		noun	Samson p500 [unknown/low]
nunsio		noun	Samson p500 [unknown/low]
nunu		N	PALI:nu’nuq
nupsial		adjective	Samson p500 [unknown/low]
nuptials			Samson p500 [unknown/low]
nv			Samson p505 [dictionary_explicit/high]
nya		Substitute: portmanteau pronoun	PALI:nya
nyaman		D	PALI:-nya’man
nyan			PALI:nyan
nyang			PALI:nyang
o		conj	SEED-FUNC
obat		Q	PALI:oba’t
obispado		noun	Samson p507 [unknown/low]
obispo		noun	Samson p507 [unknown/low]
obituario		adjective	Samson p507 [unknown/low]
object		noun-verb	Samson p122 [dictionary_explicit/high]
obliga			Samson p508 [unknown/low]
obligado		adjective	Samson p508 [unknown/low]
obligasion		noun	Samson p508 [unknown/low]
obligation			Samson p508 [unknown/low]
obra		noun	Samson p508 [unknown/low]
ochavas			Samson p508 [unknown/low]
ochenta		noun	Samson p508 [unknown/low]
ocho			Samson p508 [unknown/low]
ockupation			Samson p508 [unknown/low]
octava		noun	Samson p509 [unknown/low]
octubre		noun	Samson p509 [unknown/low]
of			Samson p509 [unknown/low]
ofende			Samson p509 [unknown/low]
offended			Samson p509 [unknown/low]
offise			Samson p358 [unknown/low]
ofisial		noun	Samson p509 [unknown/low]
ofisina		noun	Samson p509 [unknown/low]
ofisio		noun	Samson p509 [unknown/low]
oido			Samson p510 [unknown/low]
oil			Samson p399 [dictionary_explicit/high]
oini		dem	SEED-FUNC
oita		dem	SEED-FUNC
oklak		D	PALI:oklak
okoy			Samson p508 [unknown/low]
okupa			Samson p509 [unknown/low]
okupado		adjective	Samson p509 [unknown/low]
okupasion		noun	Samson p509 [unknown/low]
ola		N	PALI:o’la
olen		N	PALI:o’len
oleo			Samson p510 [unknown/low]
olimpiada		noun	Samson p510 [unknown/low]
olimpo			Samson p510 [unknown/low]
oliva			Samson p510 [unknown/low]
olivo		noun	Samson p510 [unknown/low]
olivos			Samson p510 [unknown/low]
omision		noun	Samson p510 [unknown/low]
oneng		Subcomb	PALI:one’ng
onise			Samson p510 [unknown/low]
onsa			Samson p510 [unknown/low]
onse			Samson p510 [unknown/low]
ontolohia		noun	Samson p510 [unknown/low]
ontos			Samson p510 [unknown/low]
opalo		noun	Samson p510 [unknown/low]
opera		noun	Samson p510 [unknown/low]
operasion		noun	Samson p511 [unknown/low]
opio		noun	Samson p511 [unknown/low]
opo			Samson p511 [unknown/low]
oportunidad		noun (OCR: printed as 'ft.')	Samson p511 [unknown/low]
oportunista			Samson p511 [unknown/low]
oposision		noun	Samson p511 [unknown/low]
optiko		noun	Samson p511 [unknown/low]
optimista		noun	Samson p511 [unknown/low]
opu		N	PALI:o’pu
orador		noun	Samson p512 [unknown/low]
orakulo		noun (OCR: printed as 'ft.')	Samson p511 [unknown/low]
oras		N	PALI:o’ras
orasiun		noun	Samson p511 [unknown/low]
orasyun			Kapampangan-English-Pilipino wordlist p33 [unknown/low]
oratorio		noun	Samson p512 [unknown/low]
ordalias		noun	Samson p512 [unknown/low]
ordenasion		noun	Samson p512 [unknown/low]
ordin		noun	Samson p512 [dictionary_explicit/high]
ordinanza		noun	Samson p512 [unknown/low]
ordinario		noun	Samson p512 [unknown/low]
oregano			Samson p513 [unknown/low]
oren			Samson p513 [unknown/low]
oreni		Deictic substitute, plural	PALI:ore’ni
oreta		Substitute, deictic, plural	PALI:ore’ta
oreti			Samson p513 [unknown/low]
organ			Samson p513 [unknown/low]
organista		noun	Samson p513 [unknown/low]
organiza			Samson p513 [unknown/low]
organizasion		noun	Samson p513 [unknown/low]
organizes			Samson p513 [unknown/low]
orgasmo		noun	Samson p513 [unknown/low]
orgulio		noun	Samson p513 [unknown/low]
oriana			Samson p513 [unknown/low]
oriental		adjective	Samson p513 [unknown/low]
oriente		noun	Samson p513 [unknown/low]
origenes		noun	Samson p513 [unknown/low]
orihinal		noun	Samson p513 [unknown/low]
orkesta		noun	Samson p513 [dictionary_explicit/high]
orkidia		noun	Samson p514 [unknown/low]
ornamento		noun	Samson p514 [unknown/low]
orofel			Samson p514 [unknown/low]
orsera			PALI:orsera
ortografiya			Samson p514 [unknown/low]
ortopedic			Samson p514 [unknown/low]
ortopediko		adjective	Samson p514 [unknown/low]
orus		noun	Samson p514 [dictionary_explicit/high]
osi		adverb	Samson p514 [unknown/low]
osigi		adverb	Samson p514 [unknown/low]
oso		noun	Samson p514 [dictionary_explicit/high]
ospital			PALI:ospita’l
ostensorio		noun	Samson p514 [unknown/low]
ostentoso			Samson p514 [unknown/low]
ostrasiado			Samson p514 [unknown/low]
osyu			Samson p514 [unknown/low]
ot		Q./Subs., Interrog	PALI:ot
out		noun-verb	Samson p139 [dictionary_explicit/high]
overnu			Samson p514 [unknown/low]
oxiheno		noun	Samson p514 [unknown/low]
oya		N	PALI:o:ya’q
oyan		adverb	Samson p514 [dictionary_explicit/high]
oyni		adv	SEED-FUNC
oyta		Subs., deictic, locative, plural	PALI:oyta’
pa		1	PALI:pa
pa-			Mirikitani p945 [unknown/low]
pabalang			Kapampangan-English-Pilipino wordlist p33 [unknown/low]
pabalat			Kapampangan-English-Pilipino wordlist p33 [unknown/low]
pabalik			Kapampangan-English-Pilipino wordlist p33 [unknown/low]
pabalikan		V	PALI:pabali’kan
pabalu			Kapampangan-English-Pilipino wordlist p33 [unknown/low]
pabalut		V	PALI:paba’lut
pabanglu		N	PALI:pabanglu’
pabatkal		adjective	Samson p515 [unknown/low]
pabayat			Kapampangan-English-Pilipino wordlist p33 [unknown/low]
pabayu			Kapampangan-English-Pilipino wordlist p33 [unknown/low]
pabelu			Kapampangan-English-Pilipino wordlist p33 [unknown/low]
pabendisyon			Kapampangan-English-Pilipino wordlist p33 [unknown/low]
pabendisyun		V	PALI:pabendisyu’n
pabiblas		V	PALI:pabiblas
pabinyag			Kapampangan-English-Pilipino wordlist p33 [unknown/low]
pablasa		adverb	Samson p515 [unknown/low]
pabor			Kapampangan-English-Pilipino wordlist p33 [unknown/low]
pabrika		N	PALI:pa’brika
pabu		N	PALI:pa’bu
pabukal			Mirikitani p910 [unknown/low]
pabukalan		V	PALI:pabukala’n
pabulan			Samson p516 [unknown/low]
paburen		V	PALI:paburen
pabusta		verb	Samson p516 [dictionary_explicit/high]
pabuya			Kapampangan-English-Pilipino wordlist p33 [unknown/low]
pacbit		noun	Samson p516 [unknown/low]
pacdayan			Samson p516 [dictionary_explicit/high]
pacde		noun	Samson p516 [dictionary_explicit/high]
pacsing		noun	Samson p518 [dictionary_explicit/high]
pacting			Samson p518 [unknown/low]
pactung		noun	Samson p518 [unknown/low]
padalan			Mirikitani p911 [unknown/low]
padalus-dalus			Kapampangan-English-Pilipino wordlist p34 [unknown/low]
pader		N	PALI:pade’r
padigalyu		N	PALI:padiga’lyu
padre		noun	Samson p519 [unknown/low]
padrino		noun	Samson p519 [unknown/low]
padrun		noun	Samson p519 [dictionary_explicit/high]
padta			Samson p519 [dictionary_explicit/high]
paduas			Samson p519 [dictionary_explicit/high]
pag-			Mirikitani p945 [unknown/low]
pag-inakit		noun (OCR: printed as 'ft.')	Samson p520 [dictionary_explicit/high]
pagad		adjective	Samson p519 [unknown/low]
pagak			Kapampangan-English-Pilipino wordlist p34 [unknown/low]
pagal		D./St./V	PALI:pagal
pagato			Kapampangan-English-Pilipino wordlist p34 [unknown/low]
pagauayan		noun	Samson p519 [unknown/low]
pagawa			Kapampangan-English-Pilipino wordlist p34 [unknown/low]
pagkal		verb	Samson p519 [unknown/low]
pagkalub			Kapampangan-English-Pilipino wordlist p34 [unknown/low]
pagkalungkutan			Mirikitani p936 [unknown/low]
pagkit		noun (OCR: printed as 'ft.')	Samson p520 [unknown/low]
paglapakan		V	PALI:paglapa’kan
paglasa		N	PALI:pagla’sa
paglim			Samson p520 [unknown/low]
pagmaragul			Kapampangan-English-Pilipino wordlist p36 [unknown/low]
pagmayumu			Kapampangan-English-Pilipino wordlist p34 [unknown/low]
pagnugut		V./N	PALI:-pagnu’gut
pago		N	PALI:pago’
pagoda			Kapampangan-English-Pilipino wordlist p34 [unknown/low]
pagpag			Samson p520 [dictionary_explicit/high]
pagpagala		noun (OCR: printed as 'ft.')	Samson p520 [dictionary_explicit/high]
pagtuwan			Mirikitani p963 [unknown/low]
pagupit		V	PALI:pa:gupit
pahamak-			PALI:paha’mak-
pai			Samson p520 [dictionary_explicit/high]
paid			Samson p520 [dictionary_explicit/high]
painabu			Kapampangan-English-Pilipino wordlist p34 [unknown/low]
painawa			Kapampangan-English-Pilipino wordlist p34 [unknown/low]
paindatun			Kapampangan-English-Pilipino wordlist p34 [unknown/low]
paineksyun			Kapampangan-English-Pilipino wordlist p34 [unknown/low]
paineta			Samson p521 [unknown/low]
paingulutan			Kapampangan-English-Pilipino wordlist p34 [unknown/low]
paintulutan			Kapampangan-English-Pilipino wordlist p34 [unknown/low]
paintunan			Kapampangan-English-Pilipino wordlist p34 [unknown/low]
pais			Samson p521 [dictionary_explicit/high]
pait		noun	Samson p521 [unknown/low]
paka		noun	Samson p516 [unknown/low]
paka-			Samson p516 [unknown/low]
pakaba			Mirikitani p923 [unknown/low]
pakabayu			Kapampangan-English-Pilipino wordlist p33 [unknown/low]
pakabistan		adjective	Samson p516 [unknown/low]
pakabsiyan			Kapampangan-English-Pilipino wordlist p33 [unknown/low]
pakabsyan		V	PALI:pa:kabsya’n
pakabug		noun	Samson p516 [unknown/low]
pakak			Kapampangan-English-Pilipino wordlist p33 [unknown/low]
pakakac		noun	Samson p516 [unknown/low]
pakakalale		V	PALI:pakakala’le
pakakalulu		noun	Samson p516 [unknown/low]
pakal			Samson p516 [unknown/low]
pakalugkug		noun	Samson p516 [unknown/low]
pakalulu		noun	Samson p516 [unknown/low]
pakamal			Samson p516 [unknown/low]
pakana		N	PALI:pa:kana’q
pakanan		V	PALI:pa:kana’n
pakang		adjective	Samson p516 [unknown/low]
pakasaut			Samson p516 [unknown/low]
pakasingkasing			Samson p516 [unknown/low]
pakat		verb	Samson p516 [unknown/low]
pakawasa			Kapampangan-English-Pilipino wordlist p33 [unknown/low]
pakayungkung		noun	Samson p516 [unknown/low]
pakde		D./ST	PALI:pakde’
pake		noun	Samson p517 [dictionary_explicit/high]
pakending-kending			Kapampangan-English-Pilipino wordlist p33 [unknown/low]
paketi			Kapampangan-English-Pilipino wordlist p33 [unknown/low]
paki			Samson p521 [unknown/low]
paki-		1	PALI:paki’-
pakiabayan			Kapampangan-English-Pilipino wordlist p33 [unknown/low]
pakialam			Kapampangan-English-Pilipino wordlist p33 [unknown/low]
pakibaluan			Samson p521 [unknown/low]
pakibat		noun	Samson p521 [unknown/low]
pakidinan			Mirikitani p914 [unknown/low]
pakikltan			Mirikitani p930 [unknown/low]
pakil		adjective	Samson p521 [unknown/low]
pakiling			Kapampangan-English-Pilipino wordlist p34 [unknown/low]
pakimkim			Kapampangan-English-Pilipino wordlist p34 [unknown/low]
pakinabang		N	PALI:pakinabang
paking		noun	Samson p521 [unknown/low]
pakiqabayan		V	PALI:pakiqaba’yan
pakiqalam		N	PALI:pakiqala’m
pakiramdam			Kapampangan-English-Pilipino wordlist p34 [unknown/low]
pakisali			Mirikitani p954 [unknown/low]
pakit		V	PALI:pa:kit
pakita		noun	Samson p521 [unknown/low]
pakli		D	PALI:pakli’q
paklud		D	PALI:paklu’d
pako			Kapampangan-English-Pilipino wordlist p34 [unknown/low]
pakombu			Kapampangan-English-Pilipino wordlist p34 [unknown/low]
pakpak		V	PALI:pakpak
paksi			Kapampangan-English-Pilipino wordlist p34 [unknown/low]
paku		noun	Samson p518 [dictionary_explicit/high]
pakuis			Samson p518 [dictionary_explicit/high]
pakundangan		noun	Samson p518 [unknown/low]
pakupac		noun	Samson p518 [unknown/low]
pakut		noun	Samson p518 [dictionary_explicit/high]
pakwan		N	PALI:pakwa’n
pakyapusan		V	PALI:pakyapu’san
pakyo			Kapampangan-English-Pilipino wordlist p34 [unknown/low]
pal-			Samson p521 [dictionary_explicit/high]
pala		N	PALI:pa’la
palabas			Mirikitani p932 [unknown/low]
palabud			Kapampangan-English-Pilipino wordlist p34 [unknown/low]
palabuk			Kapampangan-English-Pilipino wordlist p34 [unknown/low]
palabunutan			Kapampangan-English-Pilipino wordlist p35 [unknown/low]
palac		noun	Samson p522 [unknown/low]
palacpac			Samson p522 [unknown/low]
palad		N	PALI:pa’lad
palage			Kapampangan-English-Pilipino wordlist p35 [unknown/low]
palagi		adverb	Samson p522 [unknown/low]
palagpag			Samson p522 [unknown/low]
palagpalag		verb	Samson p522 [unknown/low]
palak			Kapampangan-English-Pilipino wordlist p35 [unknown/low]
palakaran			Kapampangan-English-Pilipino wordlist p35 [unknown/low]
palakaya		N	PALI:palaka’ya
palako		V	PALI:palako’
palakpak			Kapampangan-English-Pilipino wordlist p35 [unknown/low]
palakul		N	PALI:palaku’l
palam			Samson p522 [dictionary_explicit/high]
palamara		adjective	Samson p523 [unknown/low]
palambang		adjective	Samson p523 [unknown/low]
palanakan		noun	Samson p523 [unknown/low]
palang		N	PALI:pa’lang
palangapang			Samson p523 [dictionary_explicit/high]
palanggana		N	PALI:palangga’na
palangi			Mirikitani p945 [unknown/low]
palanka		noun	Samson p523 [unknown/low]
palapa		N	PALI:pala’paq
palapala		noun	Samson p522 [unknown/low]
palapat		noun	Samson p523 [unknown/low]
palapul		adjective	Samson p522 [dictionary_explicit/high]
palara		noun	Samson p523 [unknown/low]
palaris			Samson p523 [dictionary_explicit/high]
palas			Samson p523 [dictionary_explicit/high]
palasimba			Samson p521 [unknown/low]
palasio		noun	Samson p522 [unknown/low]
palaspas		noun	Samson p523 [dictionary_explicit/high]
palat		noun	Samson p523 [unknown/low]
palatac			Samson p523 [unknown/low]
palatial			Samson p522 [unknown/low]
palatito		N	PALI:palati’to
palatpat		noun	Samson p523 [unknown/low]
palatso			Samson p522 [unknown/low]
palatuc		verb	Samson p524 [unknown/low]
palatun			Kapampangan-English-Pilipino wordlist p35 [unknown/low]
palawan			Kapampangan-English-Pilipino wordlist p35 [unknown/low]
palawe			Kapampangan-English-Pilipino wordlist p35 [unknown/low]
palawi		N	PALI:pala’wiq
palawit			Kapampangan-English-Pilipino wordlist p35 [unknown/low]
palayo		N	PALI:pala’yo
palbud			Samson p524 [dictionary_explicit/high]
palbug		V	PALI:pa’lbug
palda		noun	Samson p524 [dictionary_explicit/high]
paldac		noun	Samson p524 [unknown/low]
paldak		V	PALI:paldak
paldas		V./N.?	PALI:pa’ldas
paldu		V	PALI:paldu
paldupan		noun	Samson p524 [unknown/low]
pale		N	PALI:pa’le
palengke			Mirikitani p946 [unknown/low]
palengki		N	PALI:pale’ngki
palepe		noun	Samson p524 [unknown/low]
paleragul		noun	Samson p524 [unknown/low]
paleta		noun	Samson p524 [unknown/low]
pali		N	PALI:pa’liq
palia		noun	Samson p525 [unknown/low]
palicpic		noun	Samson p525 [unknown/low]
palid		N	PALI:pa’lid
paligi		N	PALI:pali’giq
paligid			Kapampangan-English-Pilipino wordlist p35 [unknown/low]
palikero			Samson p525 [unknown/low]
palikeru		N	PALI:palike’ru
palikpik			Kapampangan-English-Pilipino wordlist p35 [unknown/low]
paliku			Kapampangan-English-Pilipino wordlist p35 [unknown/low]
palimanoc		noun	Samson p525 [unknown/low]
paling		noun	Samson p525 [dictionary_explicit/high]
palino		V	PALI:pali’no
palio		noun	Samson p525 [unknown/low]
palipas-oras		N	PALI:pali’pas-o’ras
palipit		D./V./St	PALI:pali’pit
palipo		noun	Samson p525 [dictionary_explicit/high]
palis		N	PALI:pali’s
palista			Kapampangan-English-Pilipino wordlist p35 [unknown/low]
palit			Kapampangan-English-Pilipino wordlist p36 [unknown/low]
palitada			Samson p526 [unknown/low]
palitpit		adjective	Samson p526 [unknown/low]
palitu			Samson p526 [unknown/low]
paliu		noun	Samson p526 [unknown/low]
palkaya			Samson p524 [dictionary_explicit/high]
palko		noun	Samson p524 [unknown/low]
palkuisan		noun	Samson p524 [unknown/low]
palma		noun	Samson p526 [unknown/low]
palmera		noun	Samson p526 [unknown/low]
palmu		noun	Samson p526 [unknown/low]
palosebo		noun	Samson p526 [unknown/low]
palpac			Samson p526 [unknown/low]
palpad		noun	Samson p526 [unknown/low]
palpak			Kapampangan-English-Pilipino wordlist p36 [unknown/low]
palpal			Samson p526 [dictionary_explicit/high]
palpi-			Samson p526 [unknown/low]
palsakiti			Samson p526 [dictionary_explicit/high]
palsala			Samson p526 [unknown/low]
palsimi		noun (OCR: printed as 'ft.')	Samson p527 [unknown/low]
palsingsingan			Kapampangan-English-Pilipino wordlist p36 [unknown/low]
palsinta			Kapampangan-English-Pilipino wordlist p36 [unknown/low]
palsisingan		N	PALI:palsisi’ngan
palsu			Samson p527 [unknown/low]
paltac			Samson p527 [dictionary_explicit/high]
paltacpaltac			Samson p527 [unknown/low]
paltic		noun (OCR: printed as 'ft.')	Samson p527 [dictionary_explicit/high]
paltik			Kapampangan-English-Pilipino wordlist p36 [unknown/low]
paltuc		noun (OCR: printed as 'ft.')	Samson p527 [dictionary_explicit/high]
paltuc-paltukan		noun (OCR: printed as 'ft.')	Samson p527 [unknown/low]
paltuk		V	PALI:paltuk
paltukus		noun (OCR: printed as 'ft.')	Samson p527 [dictionary_explicit/high]
paltus		noun (OCR: printed as 'ft.')	Samson p527 [unknown/low]
palu			Samson p527 [dictionary_explicit/high]
palub		V	PALI:palu’b
paluc		adjective	Samson p527 [unknown/low]
palucpuc			Samson p527 [unknown/low]
paludpud		N	PALI:paludpu’d
palugit			Samson p527 [unknown/low]
paluka		noun (OCR: printed as 'ft.')	Samson p527 [dictionary_explicit/high]
paluksu			Kapampangan-English-Pilipino wordlist p36 [unknown/low]
palung		N	PALI:palung
palungpalungan			Samson p527 [unknown/low]
palungpung		adjective	Samson p527 [dictionary_explicit/high]
palunpun			Samson p527 [dictionary_explicit/high]
palupalu		N	PALI:palupaluq
palus			Kapampangan-English-Pilipino wordlist p36 [unknown/low]
palut		V	PALI:pa’lut
paluwe			Kapampangan-English-Pilipino wordlist p36 [unknown/low]
palysan			Mirikitani p946 [unknown/low]
palyu		V	PALI:palyu’
pamada		N	PALI:pama’da
pamaduas		N	PALI:pa’madua’s
pamagaral			Mirikitani p900 [unknown/low]
pamagat		N	PALI:pamaga’t
pamagil		noun	Samson p528 [dictionary_explicit/high]
pamagimporta			Mirikitani p920 [unknown/low]
pamagmasusi			Kapampangan-English-Pilipino wordlist p36 [unknown/low]
pamagsaya			Kapampangan-English-Pilipino wordlist p36 [unknown/low]
pamakarine			Kapampangan-English-Pilipino wordlist p36 [unknown/low]
pamakat		noun	Samson p528 [dictionary_explicit/high]
pamakiqabe		N	PALI:pa:makiqa’be
pamaksi			PALI:pamaksi’
pamakud			Mirikitani p904 [unknown/low]
pamalac		noun	Samson p528 [unknown/low]
pamalu			Samson p528 [dictionary_explicit/high]
pamalyan		adjective	Samson p528 [dictionary_explicit/high]
pamamasa			Mirikitani p906 [unknown/low]
pamamialung			Mirikitani p948 [unknown/low]
pamamilatan			Kapampangan-English-Pilipino wordlist p36 [unknown/low]
pamamirait			Kapampangan-English-Pilipino wordlist p36 [unknown/low]
pamamiyalung			Kapampangan-English-Pilipino wordlist p36 [unknown/low]
pamamuri		N	PALI:pamamuri
pamana			Kapampangan-English-Pilipino wordlist p36 [unknown/low]
pamanako		noun	Samson p528 [unknown/low]
pamanan			PALI:pamanan
pamanga			Mga Salita sa Iba't Ibang Dayalekto p2 [unknown/low]
pamangasu			Kapampangan-English-Pilipino wordlist p36 [unknown/low]
pamangatmu		N	PALI:pamangatmuq
pamangawa		N	PALI:pa:mangawa’q
pamangolo		adjective	Samson p528 [unknown/low]
pamanikan		N	PALI:pa:manikan
pamaniti			Kapampangan-English-Pilipino wordlist p36 [unknown/low]
pamarug		N	PALI:pa:maru’g
pamasa			Mirikitani p906 [unknown/low]
pamaskas		N	PALI:pamaskas
pamatak		N	PALI:pamatak
pamati		noun	Samson p528 [unknown/low]
pamaugi		adjective	Samson p528 [dictionary_explicit/high]
pamaui			Samson p528 [unknown/low]
pamaynawa			Mirikitani p948 [unknown/low]
pambirthday			Mirikitani p909 [unknown/low]
pambuc		noun	Samson p528 [unknown/low]
pamepe		noun	Samson p528 [unknown/low]
pamiabe			Kapampangan-English-Pilipino wordlist p36 [unknown/low]
pamialungan		N	PALI:pa:mialu’ngan
pamibiebie		N	PALI:pa:mibiebie’
pamibiye-biye			Kapampangan-English-Pilipino wordlist p36 [unknown/low]
pamibule-bule			Kapampangan-English-Pilipino wordlist p36 [unknown/low]
pamikawani			Kapampangan-English-Pilipino wordlist p36 [unknown/low]
pamikit			Kapampangan-English-Pilipino wordlist p36 [unknown/low]
pamilia			Mirikitani p946 [unknown/low]
pamilya		N	PALI:pami’lya
paminta		N	PALI:pami’nta
pamintu		verb	Samson p528 [dictionary_explicit/high]
pamipamuk			Kapampangan-English-Pilipino wordlist p37 [unknown/low]
pamiritu			Mirikitani p951 [unknown/low]
pamiru		N	PALI:pami’ru
pamisan-misan			Kapampangan-English-Pilipino wordlist p37 [unknown/low]
pamisanmetung			Kapampangan-English-Pilipino wordlist p37 [unknown/low]
pamisanmisan		Q	PALI:pamisanmi’san
pamisip		N	PALI:pami’sip
pamita			Samson p528 [dictionary_explicit/high]
pamitik		N	PALI:pamiti’k
pamnu			Samson p529 [dictionary_explicit/high]
pampam		N	PALI:pampam
pampan			Kapampangan-English-Pilipino wordlist p37 [unknown/low]
pampang			Kapampangan-English-Pilipino wordlist p37 [unknown/low]
pampanga			Mirikitani p946 [unknown/low]
pampangan			PALI:pampangan
pamu			Mirikitani p946 [unknown/low]
pamuc			Samson p529 [unknown/low]
pamuga		noun	Samson p529 [unknown/low]
pamugsuc		noun	Samson p529 [dictionary_explicit/high]
pamulug			Kapampangan-English-Pilipino wordlist p37 [unknown/low]
pamunta		N	PALI:pamunta
pamuntuk			Kapampangan-English-Pilipino wordlist p37 [unknown/low]
pamura			Mirikitani p946 [unknown/low]
pamusni		N	PALI:pamusniq
pamutut		N	PALI:pamu’tut
pan-			Mirikitani p946 [unknown/low]
pana			Kapampangan-English-Pilipino wordlist p37 [unknown/low]
panabala			Mirikitani p904 [unknown/low]
panabi			Kapampangan-English-Pilipino wordlist p37 [unknown/low]
panabilin			Kapampangan-English-Pilipino wordlist p37 [unknown/low]
panabing			Kapampangan-English-Pilipino wordlist p37 [unknown/low]
panabud		N	PALI:panabu’d
panaderu			Kapampangan-English-Pilipino wordlist p37 [unknown/low]
panadirya			Kapampangan-English-Pilipino wordlist p37 [unknown/low]
panagkas			Kapampangan-English-Pilipino wordlist p37 [unknown/low]
panahun			PALI:panahu’n
panakap			Kapampangan-English-Pilipino wordlist p37 [unknown/low]
panakdut		N	PALI:panakdu’t
panalangin			Kapampangan-English-Pilipino wordlist p37 [unknown/low]
panali			Kapampangan-English-Pilipino wordlist p37 [unknown/low]
panalili			Kapampangan-English-Pilipino wordlist p37 [unknown/low]
panalu			Mga Salita sa Iba't Ibang Dayalekto p4 [unknown/low]
panalumduman			Kapampangan-English-Pilipino wordlist p37 [unknown/low]
panamdam			Kapampangan-English-Pilipino wordlist p37 [unknown/low]
panampong-atbu		N	PALI:panampong-atbu
pananan		V	PALI:pananan
panangab		N	PALI:pananga’b
panangis			Kapampangan-English-Pilipino wordlist p37 [unknown/low]
panapana		N	PALI:panapa’na
panara		N	PALI:-pana’ra
panas		N	PALI:pa’nas
panat			Kapampangan-English-Pilipino wordlist p37 [unknown/low]
panata			Kapampangan-English-Pilipino wordlist p37 [unknown/low]
panatiku			Kapampangan-English-Pilipino wordlist p37 [unknown/low]
panaun			Kapampangan-English-Pilipino wordlist p37 [unknown/low]
panayan		V	PALI:pana’yan
panda			Samson p531 [dictionary_explicit/high]
pandac		adjective	Samson p531 [unknown/low]
pandak		D	PALI:pandak
pandakaki		noun	Samson p531 [unknown/low]
pandasal			Samson p529 [unknown/low]
pande		N	PALI:pande
pandelimon			Samson p529 [dictionary_explicit/high]
pandig		verb	Samson p531 [unknown/low]
pandiga		N	PALI:pandiga’
pane		Q	PALI:pane’
pang		Comb., subordination	PALI:pang
pang-ga		noun	Samson p531 [unknown/low]
panga		N	PALI:panga’
pangadi		N	PALI:pangadi’q
pangadua			Kapampangan-English-Pilipino wordlist p38 [unknown/low]
pangaduwa		N	PALI:pangaduwa’q
pangaduwan		V	PALI:pangaduwan
pangakalat			Kapampangan-English-Pilipino wordlist p38 [unknown/low]
pangaku			Kapampangan-English-Pilipino wordlist p38 [unknown/low]
pangalalu			Kapampangan-English-Pilipino wordlist p38 [unknown/low]
pangamus			Kapampangan-English-Pilipino wordlist p38 [unknown/low]
pangane		N	PALI:panga’ne
panganib		N	PALI:panga’nib
pangapandig			Samson p531 [dictionary_explicit/high]
pangasiwaan			Kapampangan-English-Pilipino wordlist p38 [unknown/low]
pangat			Kapampangan-English-Pilipino wordlist p38 [unknown/low]
pangatawanan		N	PALI:pangatawa’nan
pangawa			Mirikitani p918 [unknown/low]
pangaya			Kapampangan-English-Pilipino wordlist p38 [unknown/low]
pangdan			Samson p531 [unknown/low]
pangilin			Kapampangan-English-Pilipino wordlist p38 [unknown/low]
pangimian			Kapampangan-English-Pilipino wordlist p38 [unknown/low]
panginuan			Kapampangan-English-Pilipino wordlist p38 [unknown/low]
pangisnawa			Kapampangan-English-Pilipino wordlist p38 [unknown/low]
pangkat		noun	Samson p531 [unknown/low]
pangkat-diwa			Samson p531 [unknown/low]
pangkili		N	PALI:pangki’li
pangkualan			Samson p531 [dictionary_explicit/high]
pangkul		noun	Samson p531 [dictionary_explicit/high]
panglo		noun-verb	Samson p531 [unknown/low]
panglut		verb	Samson p531 [unknown/low]
pangmal		verb	Samson p531 [unknown/low]
pangna		noun	Samson p532 [unknown/low]
pangnakan			Kapampangan-English-Pilipino wordlist p38 [unknown/low]
pangnanu		Q./N	PALI:pangna’nu
pangnit		verb	Samson p532 [dictionary_explicit/high]
pangpang		N	PALI:pangpang
pangsa		verb	Samson p532 [unknown/low]
pangsul		noun	Samson p532 [dictionary_explicit/high]
pangtian			Samson p532 [unknown/low]
pangu			Kapampangan-English-Pilipino wordlist p38 [unknown/low]
pangua		noun	Samson p535 [unknown/low]
pangud			Kapampangan-English-Pilipino wordlist p39 [unknown/low]
pangulu		N	PALI:panguluq
pangunac		verb	Samson p535 [unknown/low]
pangusap			Samson p535 [unknown/low]
pangut			Samson p535 [unknown/low]
pangutang		N	PALI:pa:ngutang
panibulus		adverb	Samson p532 [unknown/low]
panic		noun-verb	Samson p532 [dictionary_explicit/high]
paniclang		noun	Samson p532 [unknown/low]
panig		noun	Samson p532 [unknown/low]
panigapu		noun	Samson p532 [unknown/low]
panigkas			PALI:panigkas
panigu		noun	Samson p532 [unknown/low]
panik			Kapampangan-English-Pilipino wordlist p37 [unknown/low]
panika		noun	Samson p532 [unknown/low]
paniki		N	PALI:pani’kiq
panilan		noun	Samson p533 [unknown/low]
panimalang		adjective	Samson p533 [unknown/low]
panimanman		noun	Samson p533 [unknown/low]
panimpla			Kapampangan-English-Pilipino wordlist p38 [unknown/low]
panimu			Kapampangan-English-Pilipino wordlist p38 [unknown/low]
paninap			Kapampangan-English-Pilipino wordlist p38 [unknown/low]
paninda			Samson p533 [unknown/low]
paninga			Kapampangan-English-Pilipino wordlist p38 [unknown/low]
paningit			Kapampangan-English-Pilipino wordlist p38 [unknown/low]
panintun		V	PALI:pani’ntun
paniti		verb	Samson p533 [unknown/low]
paniwala			Kapampangan-English-Pilipino wordlist p38 [unknown/low]
panlang		adverb	Samson p533 [dictionary_explicit/high]
panlasa			Kapampangan-English-Pilipino wordlist p38 [unknown/low]
panpan		noun	Samson p533 [dictionary_explicit/high]
pansarili			Kapampangan-English-Pilipino wordlist p38 [unknown/low]
pansin			Kapampangan-English-Pilipino wordlist p38 [unknown/low]
pansing-		V	PALI:pansi’ng-
pansit		N	PALI:pansi’t
pansit-pansitan		noun	Samson p531 [unknown/low]
pansiteria		noun	Samson p531 [unknown/low]
pantalan			Samson p533 [unknown/low]
pantalon		N	PALI:pantalo’n
pantalun			Kapampangan-English-Pilipino wordlist p38 [unknown/low]
pantalya		N	PALI:panta’lya
pantas		adjective	Samson p533 [unknown/low]
pantat		N	PALI:pantat
pante		adjective	Samson p533 [dictionary_explicit/high]
panti		N	PALI:panti’q
pantig		noun	Samson p533 [unknown/low]
pantis		adjective	Samson p533 [unknown/low]
pantuc		noun	Samson p533 [dictionary_explicit/high]
pantug		N	PALI:pantu’g
pantuk			Kapampangan-English-Pilipino wordlist p38 [unknown/low]
pantyun			Kapampangan-English-Pilipino wordlist p38 [unknown/low]
panulu		N	PALI:panu’lu
panungi			Kapampangan-English-Pilipino wordlist p38 [unknown/low]
panupaya		V	PALI:panupa’ya
panutsa			Kapampangan-English-Pilipino wordlist p38 [unknown/low]
panyalak			Kapampangan-English-Pilipino wordlist p38 [unknown/low]
panyamento		N	PALI:panyame’nto
panyu			Kapampangan-English-Pilipino wordlist p38 [unknown/low]
panyukad			Kapampangan-English-Pilipino wordlist p38 [unknown/low]
panyuksuk		N	PALI:panyuksuk
panyulat			Mirikitani p958 [unknown/low]
pao		noun	Samson p535 [unknown/low]
papa		D./St	PALI:pa’paq
papac			Samson p535 [unknown/low]
papag		noun	Samson p535 [unknown/low]
papak			Kapampangan-English-Pilipino wordlist p39 [unknown/low]
papalakul			Kapampangan-English-Pilipino wordlist p39 [unknown/low]
papas		noun	Samson p535 [unknown/low]
papasali		noun	Samson p535 [dictionary_explicit/high]
papatut		noun	Samson p535 [dictionary_explicit/high]
papaya		N	PALI:papa’yaq
papelis			Kapampangan-English-Pilipino wordlist p39 [unknown/low]
papil		N	PALI:papi’l
papitna		V	PALI:papitnaq
papunta			Mirikitani p951 [unknown/low]
papuntukan		V	PALI:papuntukan
papusanan		V	PALI:papusanan
paqileksyun		V	PALI:paqile’ksyun
paqinabu		V	PALI:paqina’bu
paqinawa		makapainawa, pa:inawan, pa:inawa	PALI:paqina’wa
paqintunan		V	PALI:paqintu’nan
para		V	PALI:para
parabula			Kapampangan-English-Pilipino wordlist p39 [unknown/low]
parada		N	PALI:para’da
paradadas		N	PALI:parada’das
paradays		N	PALI:paradays
paradul		N	PALI:paradu’l
parala		V	PALI:parala’
paralaya		N	PALI:parala’ya
paralis		D	PALI:para’lis
paralisis		N	PALI:parali’sis
paralitiku			Kapampangan-English-Pilipino wordlist p39 [unknown/low]
paraluman		noun	Samson p537 [unknown/low]
paralusdus			Kapampangan-English-Pilipino wordlist p39 [unknown/low]
param			Kapampangan-English-Pilipino wordlist p39 [unknown/low]
parang-parang		noun	Samson p537 [AI_proposed/medium]
parangbasal		adjective	Samson p537 [unknown/low]
paranum			Kapampangan-English-Pilipino wordlist p39 [unknown/low]
parapareu		D	PALI:para:pare’u
paras		D	PALI:-para’s
paratakan		noun	Samson p537 [unknown/low]
paratut		D	PALI:paratu’t
paraya		noun	Samson p537 [unknown/low]
pardegonis		N	PALI:pardego’nis
pare		N	PALI:pa’re
pareha		noun	Samson p537 [unknown/low]
parehu			Samson p537 [unknown/low]
pareo			Mirikitani p947 [unknown/low]
pareu			Kapampangan-English-Pilipino wordlist p39 [unknown/low]
pari		N	PALI:pa’riq
parilya			Kapampangan-English-Pilipino wordlist p39 [unknown/low]
paris			Samson p538 [dictionary_explicit/high]
paris-paris		noun	Samson p538 [AI_proposed/medium]
parisuctan			Samson p538 [dictionary_explicit/high]
parisukat			Samson p538 [dictionary_explicit/high]
parit		N	PALI:pari’t
paritaan		noun	Samson p538 [dictionary_explicit/high]
paritan		N	PALI:parita’n
parlamento		noun	Samson p538 [unknown/low]
parnaso		noun	Samson p538 [unknown/low]
paro		N	PALI:pa’ro
paroba		N	PALI:paro’baq
parol		noun	Samson p538 [dictionary_explicit/high]
parola		noun	Samson p538 [unknown/low]
paronimia		noun	Samson p538 [unknown/low]
parrokia		noun	Samson p538 [unknown/low]
parrokial		adjective	Samson p538 [unknown/low]
parrokiano		noun	Samson p538 [unknown/low]
parroko		noun	Samson p538 [unknown/low]
parsela		noun	Samson p537 [unknown/low]
parteparte		N	PALI:partepa’rte
parti		noun	Samson p538 [unknown/low]
partida		noun	Samson p538 [unknown/low]
partidu		noun	Samson p539 [unknown/low]
partisiun		noun	Samson p538 [unknown/low]
parul		N	PALI:paru’l
parulang			Samson p539 [unknown/low]
paruminggu			Samson p539 [unknown/low]
parus-parus			Kapampangan-English-Pilipino wordlist p39 [unknown/low]
parusparus		N	PALI:paruspa’rus
pasa		N	PALI:pasa’q
pasac		noun	Samson p539 [dictionary_explicit/high]
pasada		noun	Samson p539 [unknown/low]
pasadas		V	PALI:pasa’das
pasado		adjective	Samson p539 [unknown/low]
pasadoble		noun	Samson p539 [unknown/low]
pasador		noun	Samson p539 [unknown/low]
pasae			Kapampangan-English-Pilipino wordlist p40 [unknown/low]
pasaerus			Kapampangan-English-Pilipino wordlist p40 [unknown/low]
pasag		noun-verb	Samson p540 [unknown/low]
pasahe			PALI:pasa’he
pasakali		adjective	Samson p539 [unknown/low]
pasakalye		noun	Samson p539 [unknown/low]
pasakan			Samson p539 [dictionary_explicit/high]
pasalamat		V	PALI:pasala’mat
pasaliwan			Kapampangan-English-Pilipino wordlist p40 [unknown/low]
pasalubung			Kapampangan-English-Pilipino wordlist p40 [unknown/low]
pasalungat			Kapampangan-English-Pilipino wordlist p40 [unknown/low]
pasalwan		V	PALI:pasalwa’n
pasaly			Mirikitani p954 [unknown/low]
pasamano		N	PALI:pasama’no
pasar			Kapampangan-English-Pilipino wordlist p40 [unknown/low]
pasari		V	PALI:pasa’riq
pasas			Kapampangan-English-Pilipino wordlist p40 [unknown/low]
pasaup			Mirikitani p955 [unknown/low]
pasayerus		N	PALI:pasayerus
pasbul		N	PALI:pasbu’l
pasdan			Kapampangan-English-Pilipino wordlist p40 [unknown/low]
pase		noun-verb	Samson p540 [dictionary_explicit/high]
pasensya		N	PALI:pase’nsya
paseo		noun	Samson p541 [unknown/low]
pash			Samson p541 [unknown/low]
pasi		N	PALI:pasi’q
pasiag			Samson p541 [unknown/low]
pasibayu			Kapampangan-English-Pilipino wordlist p40 [unknown/low]
pasiensia		noun	Samson p517 [unknown/low]
pasiente		noun	Samson p517 [unknown/low]
pasifiko		noun	Samson p517 [unknown/low]
pasigan			Kapampangan-English-Pilipino wordlist p40 [unknown/low]
pasikat			Kapampangan-English-Pilipino wordlist p40 [unknown/low]
pasikateru		N	PALI:pasikate’ru
pasikutsikut		D	PALI:pasikutsi’kut
pasimanu			Kapampangan-English-Pilipino wordlist p40 [unknown/low]
pasimundut		N	PALI:pasimu’ndut
pasimunu			Kapampangan-English-Pilipino wordlist p40 [unknown/low]
pasku		N	PALI:pasku’
pasma		N	PALI:pasma’q
paspas		V	PALI:paspas
pastilyas			Kapampangan-English-Pilipino wordlist p40 [unknown/low]
pastor			Kapampangan-English-Pilipino wordlist p40 [unknown/low]
pastorela		noun	Samson p543 [unknown/low]
pastul			Samson p543 [unknown/low]
pasu		noun	Samson p543 [unknown/low]
pasuavi			Samson p543 [unknown/low]
pasubali		noun	Samson p543 [unknown/low]
pasuit		noun	Samson p543 [unknown/low]
pasul		adverb	Samson p543 [unknown/low]
pasulu		noun	Samson p543 [unknown/low]
pasumala			Samson p543 [unknown/low]
pasung		noun	Samson p543 [unknown/low]
pasunlan		noun	Samson p543 [unknown/low]
pasunud		noun	Samson p543 [unknown/low]
pasunuran			Samson p543 [unknown/low]
pasuwawi		noun	Samson p543 [dictionary_explicit/high]
paswit			Kapampangan-English-Pilipino wordlist p40 [unknown/low]
pasya		V	PALI:pasya’
pasyag			Kapampangan-English-Pilipino wordlist p40 [unknown/low]
pasyal		V	PALI:pasya’l
pasyam			Kapampangan-English-Pilipino wordlist p40 [unknown/low]
pasyenti			Kapampangan-English-Pilipino wordlist p40 [unknown/low]
pasyok		N	PALI:pasyo’k
pasyuk			Kapampangan-English-Pilipino wordlist p40 [unknown/low]
pasyun		N	PALI:pasyu’n
pat		N	PALI:pat
pata		adjective	Samson p543 [dictionary_explicit/high]
pataba			Samson p544 [unknown/low]
patac		noun-verb	Samson p544 [unknown/low]
patad		adjective	Samson p544 [dictionary_explicit/high]
patadyung			Kapampangan-English-Pilipino wordlist p40 [unknown/low]
patag		N	PALI:pa’tag
patak		N	PALI:pata’k
patakaran		noun	Samson p544 [unknown/low]
patakla			Kapampangan-English-Pilipino wordlist p40 [unknown/low]
patalastas			Samson p544 [unknown/low]
patan-		V./St	PALI:pata’n-
patang		verb	Samson p544 [unknown/low]
patani		noun	Samson p544 [unknown/low]
patanid		noun	Samson p544 [dictionary_explicit/high]
pataniran			Samson p544 [dictionary_explicit/high]
pataram		noun	Samson p544 [unknown/low]
patas			Samson p544 [dictionary_explicit/high]
patatas		noun	Samson p544 [unknown/low]
patatlu		N	PALI:patatlu’q
patauad			Samson p544 [unknown/low]
patawad			Kapampangan-English-Pilipino wordlist p40 [unknown/low]
patawaran		V	PALI:patawa’ran
patawu			Samson p544 [unknown/low]
patda		V./St	PALI:patda’q
pate		V	PALI:pate’
pate-pate		adverb	Samson p545 [AI_proposed/medium]
patente		noun	Samson p545 [unknown/low]
patenti			Samson p545 [unknown/low]
patepate			Samson p545 [unknown/low]
paterikterik		N	PALI:paterikteri’k
pati		Comb	PALI:pati
patianac		noun (OCR: printed as 'ft.')	Samson p545 [unknown/low]
patianak		N	PALI:patia’nak
patibung		N	PALI:patibu’ng
paticlodiung			Samson p545 [unknown/low]
patid		noun (OCR: printed as 'ft.')	Samson p545 [unknown/low]
patiga		noun-verb	Samson p545 [unknown/low]
patikulodyung			Kapampangan-English-Pilipino wordlist p41 [unknown/low]
patilia		noun	Samson p546 [unknown/low]
patilictilic		noun	Samson p546 [unknown/low]
patilya		N	PALI:pati’lya
pating		N	PALI:pati’ng
patinga		noun	Samson p546 [unknown/low]
patingapun		N	PALI:patinga’pun
patinguru		verb	Samson p546 [unknown/low]
patintika			Samson p546 [unknown/low]
patio		noun	Samson p546 [unknown/low]
patipati		noun	Samson p546 [unknown/low]
patipit		adjective	Samson p546 [unknown/low]
patis		noun	Samson p546 [unknown/low]
patku		noun (OCR: printed as 'ft.')	Samson p545 [unknown/low]
patlalu		noun-verb	Samson p546 [unknown/low]
patlaway			Samson p546 [dictionary_explicit/high]
patlud		D./V./St	PALI:patlu’d
patnube			Samson p546 [dictionary_explicit/high]
patnugut			Samson p546 [dictionary_explicit/high]
pato		adverb	Samson p546 [unknown/low]
patodus			Samson p546 [dictionary_explicit/high]
patola			Samson p547 [unknown/low]
patpat		adjective	Samson p547 [dictionary_explicit/high]
patriarka		noun	Samson p547 [unknown/low]
patrimonio		noun	Samson p547 [unknown/low]
patristika		adjective	Samson p547 [unknown/low]
patrolia			Samson p547 [unknown/low]
patrolohia		noun	Samson p547 [unknown/low]
patsit			Samson p547 [unknown/low]
patu		D./St	PALI:patu’q
patuag			Kapampangan-English-Pilipino wordlist p41 [unknown/low]
patuagtuag		noun	Samson p547 [unknown/low]
patuc		noun-verb	Samson p547 [dictionary_explicit/high]
patucpatuc			Samson p547 [unknown/low]
patugut			Kapampangan-English-Pilipino wordlist p41 [unknown/low]
patukba			Kapampangan-English-Pilipino wordlist p41 [unknown/low]
patukud		N	PALI:patu’kud
patulbad			Samson p547 [unknown/low]
patulu		N	PALI:patu’luq
patulus		noun	Samson p547 [unknown/low]
patumali			Samson p547 [unknown/low]
patung		noun	Samson p547 [dictionary_explicit/high]
patupat		noun	Samson p548 [dictionary_explicit/high]
patus		noun	Samson p548 [dictionary_explicit/high]
patustus			Samson p548 [unknown/low]
patutu		noun	Samson p548 [unknown/low]
patyu			Kapampangan-English-Pilipino wordlist p41 [unknown/low]
pau			Samson p548 [unknown/low]
paua		adjective	Samson p548 [dictionary_explicit/high]
paud		N	PALI:paud
pauli			Kapampangan-English-Pilipino wordlist p41 [unknown/low]
pawaga			Kapampangan-English-Pilipino wordlist p41 [unknown/low]
pawas		N	PALI:pa’was
pawatas			Kapampangan-English-Pilipino wordlist p41 [unknown/low]
payalan-sala			Kapampangan-English-Pilipino wordlist p41 [unknown/low]
payalili		V	PALI:payalili
payasu		noun	Samson p550 [unknown/low]
payat		D	PALI:payat
paynawa			Mirikitani p948 [unknown/low]
payo		adjective	Samson p550 [dictionary_explicit/high]
payu		N	PALI:payu
payung		noun	Samson p550 [dictionary_explicit/high]
payung-payungan			Kapampangan-English-Pilipino wordlist p41 [unknown/low]
payungpayungan		N	PALI:payungpayu’ngan
payus			Samson p550 [dictionary_explicit/high]
payuspus		adjective	Samson p550 [dictionary_explicit/high]
pe		‘rukari’l	PALI:pe
peac		noun	Samson p550 [unknown/low]
pebreru		N	PALI:pebre’ru
pecho		noun	Samson p550 [dictionary_explicit/high]
peclat		noun	Samson p550 [unknown/low]
pecpec		noun	Samson p550 [unknown/low]
pecsing		noun	Samson p550 [unknown/low]
pectoral		adjective	Samson p550 [unknown/low]
peeka		interjection	Samson p550 [unknown/low]
peelings			Samson p517 [dictionary_explicit/high]
peka		verb	Samson p123 [dictionary_explicit/high]
peka-		Superlative-forming affix, with descriptives	PALI:pe’ka-
pekamababa			Mirikitani p903 [unknown/low]
pekas		N	PALI:pe’kas
pekat		N	PALI:pe’kat
peklat			Kapampangan-English-Pilipino wordlist p42 [unknown/low]
pekpek		N	PALI:pekpek
peksing		D	PALI:peksi’ng
pekwa			Kapampangan-English-Pilipino wordlist p42 [unknown/low]
pelagi		adverb	Samson p550 [unknown/low]
pelang-ga			Samson p550 [unknown/low]
peligro		noun	Samson p550 [unknown/low]
pelikula		N	PALI:peli’kula
peluka			Kapampangan-English-Pilipino wordlist p42 [unknown/low]
pelus			Kapampangan-English-Pilipino wordlist p42 [unknown/low]
pemalengke			Mirikitani p946 [unknown/low]
pen-			Mirikitani p948 [unknown/low]
penandit		Q	PALI:pena’ndit
pendatun		N	PALI:pendatun
pengan		N./V	PALI:pengan
penganac		noun	Samson p550 [unknown/low]
pengari		noun	Samson p551 [unknown/low]
penoy		noun	Samson p551 [unknown/low]
pensionado			Samson p551 [unknown/low]
pentekostes		noun	Samson p551 [unknown/low]
peon		noun	Samson p551 [dictionary_explicit/high]
pepa-			Mirikitani p948 [unknown/low]
pepadalan			Mirikitani p911 [unknown/low]
pepaglutuan			Mirikitani p936 [unknown/low]
pepalto		N	PALI:pepalto
pepe		V	PALI:pe’pe
pepepen			Samson p551 [unknown/low]
pepino		noun	Samson p551 [unknown/low]
pera			Samson p551 [unknown/low]
peras		noun	Samson p551 [unknown/low]
perdaya		noun (OCR: printed as 'ft.')	Samson p551 [unknown/low]
perde		noun	Samson p551 [unknown/low]
perdi			Kapampangan-English-Pilipino wordlist p42 [unknown/low]
perdible			Samson p551 [unknown/low]
perdigana		noun (OCR: printed as 'ft.')	Samson p551 [unknown/low]
perdigones			Kapampangan-English-Pilipino wordlist p42 [unknown/low]
perdigonis		noun (OCR: printed as 'ft.')	Samson p551 [unknown/low]
peregrin		noun (OCR: printed as 'ft.')	Samson p551 [unknown/low]
peregrina			Samson p551 [unknown/low]
peregrinasion		noun (OCR: printed as 'ft.')	Samson p551 [unknown/low]
peregrino		noun (OCR: printed as 'ft.')	Samson p551 [unknown/low]
perfecto			Samson p551 [unknown/low]
pergamino		noun (OCR: printed as 'ft.')	Samson p551 [unknown/low]
perhuisio		noun (OCR: printed as 'ft.')	Samson p551 [unknown/low]
periodiko		noun	Samson p552 [unknown/low]
periodista		noun	Samson p552 [unknown/low]
peritoneum			Samson p552 [unknown/low]
peritonitis		noun	Samson p552 [unknown/low]
peritus			Samson p552 [unknown/low]
perla		N	PALI:pe’rla
perlas		noun	Samson p552 [unknown/low]
permanente		adjective	Samson p552 [unknown/low]
perminante		noun	Samson p552 [unknown/low]
permisu		noun	Samson p552 [unknown/low]
pero		Cocomb	PALI:pero
perokaril			Kapampangan-English-Pilipino wordlist p42 [unknown/low]
perpetua			Samson p552 [unknown/low]
perpetuo		adjective	Samson p552 [unknown/low]
persekusion		noun	Samson p552 [unknown/low]
persona			Samson p552 [unknown/low]
personalidad		noun	Samson p552 [unknown/low]
personero		noun	Samson p552 [dictionary_explicit/high]
persons		verb	Samson p83 [dictionary_explicit/high]
perspire			Samson p548 [dictionary_explicit/high]
peru			Mirikitani p948 [unknown/low]
perwisyu			Kapampangan-English-Pilipino wordlist p42 [unknown/low]
pesa		noun	Samson p552 [unknown/low]
peseta		noun	Samson p552 [unknown/low]
peste			Samson p552 [unknown/low]
pesti		N	PALI:pe’sti
pestilense			Samson p552 [unknown/low]
pesus		N	PALI:pe’sus
petalo		noun	Samson p552 [unknown/low]
petcha			Mirikitani p948 [unknown/low]
pete		V./D./St	PALI:pe’te
petikpetik		Q	PALI:petikpetik
petisiun		noun	Samson p552 [unknown/low]
petsa		N	PALI:pe’tsa
petsay		N	PALI:pe’tsay
pi-			Samson p552 [unknown/low]
pialung		V	PALI:pia’lung
pibale-bale			Kapampangan-English-Pilipino wordlist p42 [unknown/low]
pibata			Kapampangan-English-Pilipino wordlist p42 [unknown/low]
pibatan		N	PALI:pibatan
piblas		N	PALI:piblas
picil		N	PALI:pici’l
picpic		noun	Samson p553 [dictionary_explicit/high]
pidlolong		N	PALI:pidlo’long
pidpid		N	PALI:pidpid
pidurutan		N	PALI:pi:duru’tan
piga		N	PALI:piga’q
pigagap			Kapampangan-English-Pilipino wordlist p42 [unknown/low]
pigil		V	PALI:pi’gil
piglutu			Mirikitani p936 [unknown/low]
pigura			Kapampangan-English-Pilipino wordlist p42 [unknown/low]
pigurin			Kapampangan-English-Pilipino wordlist p43 [unknown/low]
pihikan		adjective	Samson p553 [unknown/low]
pikabaluan			Kapampangan-English-Pilipino wordlist p42 [unknown/low]
pikailyan			Kapampangan-English-Pilipino wordlist p42 [unknown/low]
pikalukaluwan		N	PALI:pikalu:kaluwa’n
pikalyan		N	PALI:pika’lyan
pikataman		N	PALI:pi:katama’n
pikayasan		N	PALI:pi:kaya’san
piki			Kapampangan-English-Pilipino wordlist p42 [unknown/low]
piking			Mirikitani p948 [unknown/low]
pikit			Kapampangan-English-Pilipino wordlist p42 [unknown/low]
pikit-mata			Kapampangan-English-Pilipino wordlist p42 [unknown/low]
piklat		N	PALI:piklat
piknik		N	PALI:piknik
pikontra			Samson p552 [unknown/low]
pikote		N	PALI:piko’te
pikpik		V	PALI:pikpik
piku		N	PALI:pi’ku
pikurus			Kapampangan-English-Pilipino wordlist p42 [unknown/low]
pikut			Kapampangan-English-Pilipino wordlist p42 [unknown/low]
pila		N	PALI:pi’la
pilak		N	PALI:pi’lak
pilan		Q	PALI:pila’n
pilantik			Kapampangan-English-Pilipino wordlist p43 [unknown/low]
pilapil		N	PALI:pila’pil
pilas			Kapampangan-English-Pilipino wordlist p43 [unknown/low]
pilatan		N	PALI:pilatan
pildis		V	PALI:pi’ldis
pilduras			Kapampangan-English-Pilipino wordlist p43 [unknown/low]
pile		N./V	PALI:pile
pilegis			Kapampangan-English-Pilipino wordlist p43 [unknown/low]
pilicmata		noun	Samson p555 [unknown/low]
pilidu			Samson p555 [unknown/low]
pilig			Samson p555 [unknown/low]
piligru			Kapampangan-English-Pilipino wordlist p43 [unknown/low]
pilik		N	PALI:pili’k
pilikmata			Kapampangan-English-Pilipino wordlist p43 [unknown/low]
piling		noun	Samson p555 [dictionary_explicit/high]
pilingpiling			Samson p555 [dictionary_explicit/high]
pilipinas			Mirikitani p948 [unknown/low]
pilipino			Samson p555 [unknown/low]
pilipinu			Kapampangan-English-Pilipino wordlist p43 [unknown/low]
pilit		V	PALI:pilit
piliu			Samson p555 [unknown/low]
pilmi			Kapampangan-English-Pilipino wordlist p43 [unknown/low]
pilo		noun	Samson p555 [dictionary_explicit/high]
pilon		N	PALI:pilo’n
pilosopo		N./V./D	PALI:pilo’sopo
pilote		noun	Samson p556 [unknown/low]
piloto		noun	Samson p556 [unknown/low]
pilpinas			Kapampangan-English-Pilipino wordlist p43 [unknown/low]
piluka		N	PALI:pilu’ka
pilun		noun	Samson p556 [unknown/low]
pilunan		N	PALI:pi’lunan
pilys			Samson p555 [dictionary_explicit/high]
pilyu		D	PALI:pilyu
pin		Adjunct	PALI:pin
pin-			Mirikitani p949 [unknown/low]
pinac		noun	Samson p556 [unknown/low]
pinanari		noun	Samson p556 [unknown/low]
pinandit		Q	PALI:pinandit
pindang		N	PALI:pi’ndang
pindauan			Samson p556 [dictionary_explicit/high]
pindeu			Kapampangan-English-Pilipino wordlist p43 [unknown/low]
pindo		noun-verb	Samson p556 [unknown/low]
pindu		noun	Samson p556 [dictionary_explicit/high]
ping-			Mirikitani p949 [unknown/low]
ping-gan		noun	Samson p557 [unknown/low]
pingako			Mirikitani p896 [unknown/low]
pingas			Samson p557 [dictionary_explicit/high]
pingaspingas			Samson p557 [unknown/low]
pingga		noun	Samson p557 [unknown/low]
pingkit			Kapampangan-English-Pilipino wordlist p43 [unknown/low]
pingko		adjective	Samson p557 [unknown/low]
pingkuc		adjective	Samson p557 [unknown/low]
pingkuk			Kapampangan-English-Pilipino wordlist p43 [unknown/low]
pingo			Kapampangan-English-Pilipino wordlist p43 [unknown/low]
pingul		N	PALI:pi’ngul
pingut			Kapampangan-English-Pilipino wordlist p43 [unknown/low]
pinlac			Samson p557 [dictionary_explicit/high]
pino			Samson p557 [unknown/low]
pinocha		noun	Samson p557 [dictionary_explicit/high]
pinoro		noun	Samson p557 [unknown/low]
pinpin			Samson p557 [dictionary_explicit/high]
pinsu			Samson p557 [unknown/low]
pinta		verb	Samson p557 [unknown/low]
pintakasi		adjective	Samson p557 [unknown/low]
pintig		V	PALI:pintig
pintor		noun (OCR: printed as 'ft.')	Samson p558 [unknown/low]
pintu		noun (OCR: printed as 'ft.')	Samson p558 [dictionary_explicit/high]
pintura		N	PALI:pintu’ra
pinu		D	PALI:-pi’nu
pinuman		N	PALI:pinu’man
pinya			Mirikitani p949 [unknown/low]
pinyali			Mirikitani p953 [unknown/low]
pinyata			Kapampangan-English-Pilipino wordlist p43 [unknown/low]
pio		noun (OCR: printed as 'ft.')	Samson p558 [unknown/low]
pionono		noun (OCR: printed as 'ft.')	Samson p558 [unknown/low]
pipa		noun (OCR: printed as 'ft.')	Samson p558 [unknown/low]
pipakwan		N	PALI:pipakwan
pipandiluan			Mirikitani p914 [unknown/low]
pipi		N./D	PALI:pi’pi
pipis			Samson p558 [dictionary_explicit/high]
pipisali			Samson p558 [unknown/low]
pipit		N	PALI:pi’pit
pipita			Kapampangan-English-Pilipino wordlist p44 [unknown/low]
pipitsugin		adjective	Samson p558 [unknown/low]
pirait			Kapampangan-English-Pilipino wordlist p44 [unknown/low]
piral			Samson p558 [dictionary_explicit/high]
pirasu		N	PALI:pira’su
pirat		adjective	Samson p559 [dictionary_explicit/high]
pirata		noun	Samson p559 [unknown/low]
piraya			Samson p559 [dictionary_explicit/high]
piring		noun	Samson p559 [unknown/low]
piris		N	PALI:pi’ris
pirisa			Samson p559 [unknown/low]
pirituan			Mirikitani p951 [unknown/low]
piro			Samson p559 [dictionary_explicit/high]
pirulunan		noun	Samson p559 [unknown/low]
pirurutung		noun	Samson p559 [unknown/low]
piruya		noun	Samson p559 [unknown/low]
pisabi		N	PALI:pisa’bi
pisac		noun	Samson p559 [dictionary_explicit/high]
pisak			Kapampangan-English-Pilipino wordlist p44 [unknown/low]
pisalubung		N	PALI:pisalu’bung
pisamban		N	PALI:pisa’mban
pisan		N	PALI:pi’san
pisanmetung			Kapampangan-English-Pilipino wordlist p44 [unknown/low]
pisanpisanan			Samson p559 [unknown/low]
pisara		N	PALI:pisa’ra
pisi		N	PALI:pi’siq
pisic			Samson p559 [dictionary_explicit/high]
pisig			Samson p559 [dictionary_explicit/high]
pisik			Kapampangan-English-Pilipino wordlist p44 [unknown/low]
pising		adjective	Samson p559 [dictionary_explicit/high]
piskador			Kapampangan-English-Pilipino wordlist p44 [unknown/low]
piskal			Kapampangan-English-Pilipino wordlist p44 [unknown/low]
piskarul		N	PALI:piskaru’l
pisngi		noun	Samson p559 [unknown/low]
piso			Kapampangan-English-Pilipino wordlist p44 [unknown/low]
pispis			Samson p560 [dictionary_explicit/high]
pista		has its own	PALI:pi’sta
pisti			Kapampangan-English-Pilipino wordlist p44 [unknown/low]
pistiso		D	PALI:pisti’so
pistola		noun	Samson p560 [unknown/low]
pisu		N	PALI:pisuq
pisuc		adjective	Samson p560 [unknown/low]
pisuk		N./D	PALI:pisu’k
pita		noun	Samson p560 [unknown/low]
pitac		noun	Samson p560 [dictionary_explicit/high]
pitaclan		noun	Samson p560 [unknown/low]
pitada		noun	Samson p560 [unknown/low]
pitak			Kapampangan-English-Pilipino wordlist p44 [unknown/low]
pitaka			Samson p560 [unknown/low]
pitaklan		N	PALI:pitaklan
pitas			Samson p560 [unknown/low]
pitic		noun	Samson p560 [dictionary_explicit/high]
pitik		V	PALI:pi’tik
pitis		noun	Samson p560 [dictionary_explicit/high]
pititcan		V./D./St.?	PALI:pititca’n
pitlungan		N	PALI:pitlu’ngan
pitna			Kapampangan-English-Pilipino wordlist p44 [unknown/low]
pitnga			Samson p560 [dictionary_explicit/high]
pitpit			Samson p561 [dictionary_explicit/high]
pitsa		noun	Samson p561 [dictionary_explicit/high]
pitsil		noun	Samson p561 [unknown/low]
pitsu			Kapampangan-English-Pilipino wordlist p44 [unknown/low]
pitsura			Samson p561 [unknown/low]
pitu		noun	Samson p561 [unknown/low]
pitu-pitu		noun	Samson p561 [AI_proposed/medium]
pitugu			Kapampangan-English-Pilipino wordlist p44 [unknown/low]
pitumpulu			Samson p561 [unknown/low]
piun			Samson p561 [unknown/low]
piuta			Mirikitani p951 [unknown/low]
piyalung			Kapampangan-English-Pilipino wordlist p44 [unknown/low]
piyanu			Kapampangan-English-Pilipino wordlist p44 [unknown/low]
piyesta			Kapampangan-English-Pilipino wordlist p44 [unknown/low]
piyun			Kapampangan-English-Pilipino wordlist p44 [unknown/low]
plais			Kapampangan-English-Pilipino wordlist p44 [unknown/low]
plaka		N	PALI:plaka
plake		noun	Samson p561 [unknown/low]
planca		N	PALI:pla’nca
plancha		noun	Samson p561 [dictionary_explicit/high]
planeta		noun	Samson p561 [unknown/low]
planetario		noun	Samson p561 [unknown/low]
planggana			Kapampangan-English-Pilipino wordlist p44 [unknown/low]
plano			Mirikitani p950 [unknown/low]
planta		noun	Samson p561 [unknown/low]
plantador		noun	Samson p562 [unknown/low]
plantasion		noun	Samson p561 [unknown/low]
plantilia		noun	Samson p562 [unknown/low]
plantsa			Kapampangan-English-Pilipino wordlist p44 [unknown/low]
plantsadu			Samson p561 [unknown/low]
plantu			Kapampangan-English-Pilipino wordlist p44 [unknown/low]
planu			Kapampangan-English-Pilipino wordlist p44 [unknown/low]
plasa			Kapampangan-English-Pilipino wordlist p45 [unknown/low]
plasdan			Kapampangan-English-Pilipino wordlist p45 [unknown/low]
plaslayt		N	PALI:plasla’yt
plasta		noun	Samson p562 [unknown/low]
plastadu			Kapampangan-English-Pilipino wordlist p45 [unknown/low]
plasu		noun	Samson p562 [unknown/low]
plataforma		noun	Samson p562 [unknown/low]
platero			Samson p562 [unknown/low]
platika		noun	Samson p562 [unknown/low]
platino		N	PALI:platino
platito		noun	Samson p562 [unknown/low]
plato		N	PALI:pla’to
platu			Kapampangan-English-Pilipino wordlist p45 [unknown/low]
plays		N	PALI:plays
plaza		noun (OCR: printed as 'ft.')	Samson p562 [unknown/low]
plebissito		noun (OCR: printed as 'ft.')	Samson p562 [unknown/low]
plegaria		noun (OCR: printed as 'ft.')	Samson p562 [unknown/low]
plema			Kapampangan-English-Pilipino wordlist p45 [unknown/low]
plenario		adjective	Samson p562 [unknown/low]
plnyulat			Mirikitani p958 [unknown/low]
pluma		noun (OCR: printed as 'ft.')	Samson p562 [unknown/low]
pluta			Kapampangan-English-Pilipino wordlist p45 [unknown/low]
po			Kapampangan-English-Pilipino wordlist p45 [unknown/low]
poblasion		noun (OCR: printed as 'ft.')	Samson p562 [unknown/low]
poder		noun (OCR: printed as 'ft.')	Samson p562 [unknown/low]
poema		noun (OCR: printed as 'ft.')	Samson p562 [unknown/low]
poesya			Kapampangan-English-Pilipino wordlist p45 [unknown/low]
poeta		noun (OCR: printed as 'ft.')	Samson p562 [unknown/low]
poetry			Samson p562 [unknown/low]
pohas			Samson p563 [unknown/low]
polisia		noun	Samson p563 [dictionary_explicit/high]
politika		noun	Samson p563 [unknown/low]
politiko		N	PALI:poli’tiko
polkero			Samson p563 [dictionary_explicit/high]
polvera		noun	Samson p563 [dictionary_explicit/high]
pompiang		N	PALI:pompiang
ponda			Kapampangan-English-Pilipino wordlist p45 [unknown/low]
ponding		N	PALI:pondi’ng
pondu		N	PALI:po’ndu
popo		noun	Samson p563 [dictionary_explicit/high]
por		Q	PALI:por
porma		N	PALI:porma
pormal		D	PALI:porma’l
pormeru		D./Q	PALI:porme’ru
porselana		noun	Samson p563 [unknown/low]
porsiento		adverb	Samson p563 [unknown/low]
posas		noun	Samson p563 [unknown/low]
posibilidad		noun	Samson p563 [unknown/low]
posible		adjective	Samson p563 [unknown/low]
posision		noun	Samson p563 [dictionary_explicit/high]
positivo		adjective	Samson p563 [unknown/low]
pospas			Samson p563 [unknown/low]
poste		noun	Samson p563 [unknown/low]
postre		noun	Samson p564 [unknown/low]
postri			Kapampangan-English-Pilipino wordlist p45 [unknown/low]
posu			Kapampangan-English-Pilipino wordlist p45 [unknown/low]
posu-negru			Kapampangan-English-Pilipino wordlist p45 [unknown/low]
pot-pot		V	PALI:pot-pot
pota		Q./D	PALI:po’ta
potrero			Samson p564 [unknown/low]
potru		noun	Samson p564 [unknown/low]
pottery			Samson p553 [dictionary_explicit/high]
prado		noun	Samson p564 [unknown/low]
pranela			Kapampangan-English-Pilipino wordlist p45 [unknown/low]
prangkesa			Kapampangan-English-Pilipino wordlist p45 [unknown/low]
pranku			Kapampangan-English-Pilipino wordlist p45 [unknown/low]
pransya			Mirikitani p950 [unknown/low]
premio		noun	Samson p564 [unknown/low]
premyu		N	PALI:pre’myu
prenda		noun	Samson p564 [unknown/low]
preno		noun	Samson p564 [unknown/low]
preparado		adjective	Samson p564 [unknown/low]
preparadu		D	PALI:prepara’du
preparasion		noun	Samson p564 [unknown/low]
presentasion		noun	Samson p564 [unknown/low]
presidente		noun	Samson p564 [unknown/low]
presidenti			Kapampangan-English-Pilipino wordlist p45 [unknown/low]
presidyo			Kapampangan-English-Pilipino wordlist p45 [unknown/low]
presinto		noun	Samson p564 [unknown/low]
presio		noun	Samson p564 [unknown/low]
presisu		adjective	Samson p564 [unknown/low]
presku		D	PALI:pre’sku
preso		noun	Samson p564 [unknown/low]
presyu			Kapampangan-English-Pilipino wordlist p45 [unknown/low]
primavera		noun	Samson p564 [unknown/low]
primero		adverb	Samson p564 [unknown/low]
primeru		Q./D	PALI:prime’ru
primitivo		adjective	Samson p564 [unknown/low]
primo			Samson p564 [unknown/low]
prinsesa		noun	Samson p564 [unknown/low]
prinsipal		adjective	Samson p564 [unknown/low]
prinsipe		noun	Samson p564 [unknown/low]
prinsipio		noun	Samson p564 [unknown/low]
prisyun		N	PALI:prisyu’n
pritil		noun	Samson p565 [unknown/low]
pritu			Kapampangan-English-Pilipino wordlist p45 [unknown/low]
privado		adjective	Samson p565 [unknown/low]
privilehio		noun	Samson p565 [unknown/low]
problema		noun	Samson p565 [unknown/low]
proclama		noun	Samson p565 [unknown/low]
proclamasion		noun	Samson p565 [unknown/low]
producto		noun	Samson p565 [unknown/low]
prodused			Samson p565 [unknown/low]
profesion		noun	Samson p565 [unknown/low]
profesor			Samson p565 [unknown/low]
profeta		noun	Samson p565 [unknown/low]
programa		noun	Samson p565 [unknown/low]
progreso		noun	Samson p566 [unknown/low]
prominente		adjective	Samson p566 [unknown/low]
propaganda		noun	Samson p566 [unknown/low]
propagasion		noun	Samson p566 [unknown/low]
propeta			Kapampangan-English-Pilipino wordlist p45 [unknown/low]
propiyedad			Kapampangan-English-Pilipino wordlist p45 [unknown/low]
proprietario		noun	Samson p566 [unknown/low]
prosa		noun	Samson p566 [unknown/low]
prosekusion		noun	Samson p566 [unknown/low]
prosesion		noun	Samson p565 [dictionary_explicit/high]
prostration			Samson p355 [dictionary_explicit/high]
protecsion		noun	Samson p566 [unknown/low]
protesta		noun	Samson p566 [unknown/low]
protestante			Samson p566 [unknown/low]
protestantismo		noun	Samson p566 [unknown/low]
provecho		noun	Samson p567 [unknown/low]
providensia		noun	Samson p567 [unknown/low]
provinses			Samson p567 [unknown/low]
provinsia		noun	Samson p567 [unknown/low]
provinsiano			Samson p567 [unknown/low]
proyecto		noun	Samson p567 [unknown/low]
prueba		noun	Samson p567 [unknown/low]
prusigi			Samson p567 [unknown/low]
prusisyun			Kapampangan-English-Pilipino wordlist p45 [unknown/low]
prutas			Mirikitani p951 [unknown/low]
pu		part	SEED-FUNC
puad		noun	Samson p567 [unknown/low]
puapo		noun	Samson p567 [unknown/low]
publikano		noun	Samson p567 [unknown/low]
publikasion		noun	Samson p567 [unknown/low]
publikation			Samson p305 [dictionary_explicit/high]
publiko		noun	Samson p567 [unknown/low]
puc			Samson p567 [dictionary_explicit/high]
pucli			Samson p568 [dictionary_explicit/high]
pucnat		adjective	Samson p568 [dictionary_explicit/high]
pucpuc		noun	Samson p568 [dictionary_explicit/high]
pucsa		noun-verb	Samson p568 [unknown/low]
pudpud		adjective	Samson p568 [dictionary_explicit/high]
puede			Samson p568 [dictionary_explicit/high]
puerka		adjective	Samson p568 [unknown/low]
pues		conjunction	Samson p568 [unknown/low]
puesto		noun (OCR: printed as 'ft.')	Samson p568 [unknown/low]
pug		adverb	Samson p568 [unknown/low]
puga		N	PALI:puga’
pugad		N	PALI:pugad
pugapu		adjective	Samson p569 [unknown/low]
puge			Samson p569 [dictionary_explicit/high]
pugit		adjective	Samson p569 [unknown/low]
pugita		noun	Samson p569 [unknown/low]
pugkul			Samson p569 [unknown/low]
pugon		N	PALI:pugo’n
pugpug		noun	Samson p569 [unknown/low]
pugu		N	PALI:pu’guq
pugung			Samson p569 [unknown/low]
pugut		adjective	Samson p569 [dictionary_explicit/high]
puhunan		noun	Samson p569 [unknown/low]
pukat		noun	Samson p568 [dictionary_explicit/high]
puke			Kapampangan-English-Pilipino wordlist p45 [unknown/low]
puki		N	PALI:pu’ki
pukiutan		noun	Samson p569 [dictionary_explicit/high]
puklu			Kapampangan-English-Pilipino wordlist p45 [unknown/low]
pukpuk		V	PALI:pukpuk
pukul			Samson p568 [dictionary_explicit/high]
pukulan		V	PALI:puku’lan
pukut		noun (OCR: printed as 'ft.')	Samson p568 [dictionary_explicit/high]
pukyutan			Kapampangan-English-Pilipino wordlist p45 [unknown/low]
pula		D	PALI:-pula’q
pulad		noun (OCR: printed as 'ft.')	Samson p569 [dictionary_explicit/high]
pulai		V	PALI:pulai’
pulandit		noun (OCR: printed as 'ft.')	Samson p569 [unknown/low]
pulang-gus			Samson p569 [unknown/low]
pulao		noun	Samson p570 [dictionary_explicit/high]
pulas		noun-verb	Samson p570 [dictionary_explicit/high]
pulate			Mirikitani p951 [unknown/low]
pulayi		noun (OCR: printed as 'ft.')	Samson p569 [dictionary_explicit/high]
pulbura			Kapampangan-English-Pilipino wordlist p46 [unknown/low]
pulburun			Kapampangan-English-Pilipino wordlist p46 [unknown/low]
pulbus			Kapampangan-English-Pilipino wordlist p46 [unknown/low]
puldung			Samson p570 [dictionary_explicit/high]
pulgada		noun	Samson p570 [unknown/low]
pulgas		N	PALI:pu’lgas
pulgatoryu		N	PALI:pulgato’ryu
puli		adjective	Samson p570 [dictionary_explicit/high]
pulid			Samson p570 [dictionary_explicit/high]
pulido			Kapampangan-English-Pilipino wordlist p46 [unknown/low]
pulikat		N	PALI:puli’kat
puling		N	PALI:pu’ling
pulis		N	PALI:puli’s
pulis-		V	PALI:pu’lis-
pulitana		noun	Samson p570 [unknown/low]
pulitiko			Kapampangan-English-Pilipino wordlist p46 [unknown/low]
pulkeru			Samson p570 [unknown/low]
pulkiria		noun	Samson p570 [unknown/low]
pulkirya			Kapampangan-English-Pilipino wordlist p46 [unknown/low]
pulmeru		See pormeru, primeru	PALI:pulme’ru
pulosa			Samson p571 [unknown/low]
pulpi		V	PALI:pulpi
pulpiaru			Kapampangan-English-Pilipino wordlist p46 [unknown/low]
pulseras		noun (OCR: printed as 'ft.')	Samson p571 [unknown/low]
pulsu		N	PALI:pu’lsu
pultic		noun (OCR: printed as 'ft.')	Samson p571 [unknown/low]
pulu		N	PALI:pulu’q
pulubi		N	PALI:pulu’bi
puluc		noun (OCR: printed as 'ft.')	Samson p571 [unknown/low]
pulung		noun (OCR: printed as 'ft.')	Samson p571 [unknown/low]
pulupulu		N	PALI:pulupu’lu
pulurwaks		N	PALI:pulu’rwaks
pulus		adjective	Samson p572 [unknown/low]
pulut		N	PALI:pulu’t
pulut-		V	PALI:pu’lut-
pulutuc		noun	Samson p572 [unknown/low]
pulutuk			Kapampangan-English-Pilipino wordlist p46 [unknown/low]
pulutung			Kapampangan-English-Pilipino wordlist p46 [unknown/low]
pulyu		adjective	Samson p572 [unknown/low]
pumpung		noun	Samson p572 [unknown/low]
pumutuk		N	PALI:pumutu’k
pun		N	PALI:pun
puna		noun	Samson p572 [unknown/low]
punda		noun	Samson p572 [dictionary_explicit/high]
pundi			Kapampangan-English-Pilipino wordlist p46 [unknown/low]
pundidu			Kapampangan-English-Pilipino wordlist p46 [unknown/low]
pundilyu			Kapampangan-English-Pilipino wordlist p46 [unknown/low]
punebri			Kapampangan-English-Pilipino wordlist p46 [unknown/low]
pung-guc		adjective	Samson p573 [unknown/low]
pung-gung			Samson p573 [unknown/low]
pung-gus		noun (OCR: printed as 'ft.')	Samson p573 [unknown/low]
pungapul		adjective	Samson p572 [unknown/low]
pungguk			Kapampangan-English-Pilipino wordlist p46 [unknown/low]
punggul		V	PALI:punggul
pungka			Samson p572 [dictionary_explicit/high]
pungkul			Samson p572 [dictionary_explicit/high]
pungpung		noun (OCR: printed as 'ft.')	Samson p573 [unknown/low]
pungsu		N	PALI:pu’ngsuq
pungsupungsu			Samson p573 [unknown/low]
pungul		adjective	Samson p573 [unknown/low]
pungus		adjective	Samson p573 [dictionary_explicit/high]
pungut		adjective	Samson p573 [dictionary_explicit/high]
puni		N	PALI:puni’q
punia		adjective	Samson p573 [dictionary_explicit/high]
punias			Samson p573 [unknown/low]
punishment			Samson p272 [dictionary_explicit/high]
punla		N	PALI:punla’
punsu			Kapampangan-English-Pilipino wordlist p46 [unknown/low]
punsun		N	PALI:punsu’n
punta		V	PALI:pu’nta
puntas		noun (OCR: printed as 'ft.')	Samson p573 [unknown/low]
punti		verb	Samson p573 [dictionary_explicit/high]
puntiria		noun (OCR: printed as 'ft.')	Samson p573 [unknown/low]
puntu		noun (OCR: printed as 'ft.')	Samson p573 [unknown/low]
puntuc		noun	Samson p574 [unknown/low]
puntuk		V	PALI:puntuk
puntus			Samson p574 [unknown/low]
punu		N	PALI:-pu’nuq
punyal			Kapampangan-English-Pilipino wordlist p47 [unknown/low]
punyeta			Kapampangan-English-Pilipino wordlist p47 [unknown/low]
punyus		N	PALI:pu’nyus
pupu		verb	Samson p574 [unknown/low]
pupud		adjective	Samson p574 [dictionary_explicit/high]
pupukan			Samson p574 [dictionary_explicit/high]
pupul		V	PALI:pu’pul
pupung		adjective	Samson p574 [unknown/low]
pupuntalan			Mirikitani p951 [unknown/low]
pupupuran			Samson p574 [unknown/low]
pupus		adverb	Samson p575 [dictionary_explicit/high]
puput		adverb	Samson p575 [dictionary_explicit/high]
puqin		D	PALI:puqin
purac		noun	Samson p575 [unknown/low]
puracsing		noun	Samson p575 [unknown/low]
purga		N	PALI:purga
purgadas			Mirikitani p952 [unknown/low]
purgatorio		noun	Samson p575 [unknown/low]
purgatoryu			Kapampangan-English-Pilipino wordlist p47 [unknown/low]
puri			Samson p487 [dictionary_explicit/high]
purpose			Samson p517 [unknown/low]
puru		noun	Samson p575 [unknown/low]
puruc		noun	Samson p575 [unknown/low]
purud		adjective	Samson p575 [unknown/low]
puruk			Kapampangan-English-Pilipino wordlist p47 [unknown/low]
purul		noun	Samson p576 [unknown/low]
puruput		noun	Samson p576 [unknown/low]
purus		Q	PALI:pu’rus
pusa		N	PALI:pu’saq
pusad		N	PALI:pu’sad
pusan		V	PALI:pusan
pusiao			Samson p576 [dictionary_explicit/high]
pusit		V	PALI:pusi’t
pusitara		V	PALI:pusita’ra
pusiun			Samson p576 [unknown/low]
puslit		V	PALI:puslit
pusta		V	PALI:pusta
pustahan			Kapampangan-English-Pilipino wordlist p47 [unknown/low]
pustisu			Kapampangan-English-Pilipino wordlist p47 [unknown/low]
pustu			Kapampangan-English-Pilipino wordlist p47 [unknown/low]
pusu		N	PALI:pu’suq
pusuc		adjective	Samson p576 [unknown/low]
pusung		adjective	Samson p576 [unknown/low]
pusya			Kapampangan-English-Pilipino wordlist p47 [unknown/low]
pusyun			Kapampangan-English-Pilipino wordlist p47 [unknown/low]
puta		N	PALI:pu’ta
putac		noun	Samson p576 [unknown/low]
putacti		noun	Samson p576 [unknown/low]
putak			Kapampangan-English-Pilipino wordlist p47 [unknown/low]
putakti			Kapampangan-English-Pilipino wordlist p47 [unknown/low]
putal			Samson p576 [dictionary_explicit/high]
putanaidamo		interjection	Samson p576 [unknown/low]
putao		adjective	Samson p577 [dictionary_explicit/high]
putat		N	PALI:pu’tat
puti			Samson p577 [unknown/low]
putic-putic			Samson p577 [unknown/low]
putis		noun	Samson p577 [unknown/low]
putiukan			Samson p577 [unknown/low]
putla		D	PALI:pu’tlaq
putput		V	PALI:putput
putris		interjection	Samson p577 [unknown/low]
putseru			Kapampangan-English-Pilipino wordlist p47 [unknown/low]
putu		N	PALI:pu’tu
putul		V	PALI:putul
putung		noun	Samson p577 [dictionary_explicit/high]
putuseku			Samson p577 [unknown/low]
putut		V	PALI:putut
puunan			Kapampangan-English-Pilipino wordlist p46 [unknown/low]
puwad			Kapampangan-English-Pilipino wordlist p47 [unknown/low]
puwersa			Kapampangan-English-Pilipino wordlist p47 [unknown/low]
puwestu			Kapampangan-English-Pilipino wordlist p47 [unknown/low]
puyasio		adjective	Samson p578 [dictionary_explicit/high]
puyat		D	PALI:pu’yat
puyud		noun	Samson p578 [unknown/low]
puyus			Samson p578 [unknown/low]
pwersa		N./V	PALI:pwe’rsa
pyun		N	PALI:pyu’n
qabugadu		N	PALI:qabuga’du
qaginaldu		N	PALI:qagina’ldu
qalatadu			PALI:qalata’du
qalburutu		N	PALI:qalburu’tu
qarkila		V	PALI:qa’rkila’
qatik		N	PALI:qati’k
qatras		Q./V	PALI:qatra’s
qawigqawig		D./St	PALI:qawigqawi’g
qibe		D./St	PALI:qi’be
qibug			PALI:qibu’g
qili		V	PALI:qili’
qimpis		D./St	PALI:qimpi’s
qimu		V	PALI:qimu’q
qingat		V	PALI:qi’ngat
qinum		N./V	PALI:qinu’m
qisip		V	PALI:qi’sip
qisis		V	PALI:qisi’s
qislang		N	PALI:qisla’ng
qistorya		N	PALI:qisto’rya
qos		V	PALI:qos
qospital		N	PALI:qospita’l
qu		D	PALI:qu
qua			Samson p579 [unknown/low]
quadagesima			Samson p579 [unknown/low]
qukyat		V	PALI:qukyat
qumpisa		magumpisa, pagumpisan	PALI:qumpisa
qumran			Samson p579 [unknown/low]
quran		noun	Samson p579 [dictionary_explicit/high]
quyab		V	PALI:qu’yab
ra		pron	SEED-FUNC
rabit		N	PALI:ra’bit
radiasion		noun	Samson p581 [unknown/low]
radilia		noun	Samson p581 [unknown/low]
radio		noun	Samson p581 [unknown/low]
radioactivo		adjective	Samson p581 [unknown/low]
rambutan		noun	Samson p581 [unknown/low]
ramdam			Mirikitani p952 [unknown/low]
rampa		noun	Samson p581 [unknown/low]
ranchero		noun	Samson p582 [unknown/low]
rancho		noun	Samson p582 [unknown/low]
raneo		noun	Samson p582 [dictionary_explicit/high]
ranun		D	PALI:-ra’nun
ranura		noun	Samson p582 [unknown/low]
rapal		D	PALI:-ra’pal
rapido			Samson p582 [unknown/low]
rapsodiya		noun	Samson p582 [unknown/low]
raspa		noun	Samson p582 [unknown/low]
ratiles			Samson p582 [unknown/low]
rattan			Samson p161 [dictionary_explicit/high]
ratun		D	PALI:-ra’tun
rayos-ekis		noun	Samson p582 [unknown/low]
rayus			Samson p582 [unknown/low]
razon		noun	Samson p582 [unknown/low]
razonable		adjective	Samson p582 [unknown/low]
re		pron	SEED-FUNC
reacsion		noun	Samson p582 [unknown/low]
real		adjective	Samson p582 [unknown/low]
realismo		noun	Samson p582 [unknown/low]
realista		noun	Samson p583 [unknown/low]
rebabo		noun	Samson p583 [unknown/low]
rebaha		noun	Samson p583 [unknown/low]
rebelde			Samson p583 [unknown/low]
rebentador		noun	Samson p583 [unknown/low]
rebosado		adjective	Samson p583 [unknown/low]
rebuho		N	PALI:rebu’ho
rebulto			Samson p583 [unknown/low]
reclamador		noun	Samson p583 [unknown/low]
reclamo		noun	Samson p583 [unknown/low]
recreo		noun	Samson p584 [unknown/low]
recta		adjective	Samson p584 [unknown/low]
rectangulo		noun	Samson p584 [unknown/low]
rectifikasion		noun	Samson p584 [unknown/low]
redentor		noun	Samson p584 [unknown/low]
redentorista		noun	Samson p584 [unknown/low]
redoma		noun	Samson p584 [unknown/low]
reduplikasion		noun	Samson p584 [unknown/low]
reeleccsion		noun	Samson p584 [unknown/low]
referensia		noun	Samson p584 [unknown/low]
refinado		adjective	Samson p585 [unknown/low]
reforma		noun	Samson p585 [unknown/low]
reformasion		noun	Samson p585 [unknown/low]
reformatorio		noun	Samson p585 [unknown/low]
refresko			Samson p585 [unknown/low]
regalo			Samson p585 [unknown/low]
regalu		N	PALI:rega’lu
regla			Samson p586 [unknown/low]
reglamento		noun	Samson p586 [unknown/low]
regulasion		noun	Samson p586 [unknown/low]
rehabilitasion		noun	Samson p586 [unknown/low]
rehas		noun	Samson p586 [unknown/low]
rehimiento			Samson p586 [unknown/low]
rehistrador			Samson p586 [unknown/low]
rehistro			Samson p586 [unknown/low]
reina		noun	Samson p586 [unknown/low]
reino		noun	Samson p586 [unknown/low]
rekado		noun	Samson p583 [unknown/low]
rekargo		noun	Samson p583 [unknown/low]
rekisa		noun	Samson p586 [unknown/low]
rekisador			Samson p586 [unknown/low]
rekisision			Samson p586 [unknown/low]
rekisito		noun	Samson p586 [unknown/low]
reklamo		N	PALI:rekla’mo
rekolecsion		noun	Samson p583 [unknown/low]
rekoleto		noun	Samson p583 [unknown/low]
rekomenda		verb	Samson p583 [unknown/low]
rekomendasion		noun	Samson p584 [unknown/low]
rekonsiliasion		noun	Samson p584 [unknown/low]
rekorrida		verb	Samson p584 [unknown/low]
rekuerdo		noun	Samson p584 [unknown/low]
rekurso		noun	Samson p584 [unknown/low]
relasion		noun	Samson p586 [unknown/low]
relief			Samson p586 [unknown/low]
relieno			Samson p586 [unknown/low]
relieve		noun	Samson p586 [unknown/low]
relievo		noun	Samson p587 [unknown/low]
relihion		noun	Samson p587 [unknown/low]
relihioso			Samson p587 [unknown/low]
relikiario		noun	Samson p587 [unknown/low]
relo		N	PALI:relo’
reloh		noun	Samson p587 [unknown/low]
remate		noun	Samson p587 [unknown/low]
remedio		noun	Samson p587 [unknown/low]
remordimiento		noun	Samson p587 [unknown/low]
remunerasion		noun	Samson p587 [unknown/low]
ren		pronoun	Samson p587 [dictionary_explicit/high]
renda		noun	Samson p588 [dictionary_explicit/high]
reng		det	SEED-FUNC
reni		pronoun	Samson p588 [dictionary_explicit/high]
renovasion		noun	Samson p588 [unknown/low]
renta		noun	Samson p588 [unknown/low]
reorganiza		verb	Samson p588 [unknown/low]
reorganizasion			Samson p588 [unknown/low]
reparasion		noun	Samson p588 [unknown/low]
reparations			Samson p588 [unknown/low]
repaso		noun	Samson p588 [unknown/low]
repertorio		noun	Samson p588 [unknown/low]
repike		noun	Samson p588 [unknown/low]
repolio		noun	Samson p588 [unknown/low]
repolyo		N	PALI:repo’lyo
repositorio		noun	Samson p588 [unknown/low]
representa		verb	Samson p588 [unknown/low]
representante		adjective	Samson p588 [unknown/low]
representasion		noun	Samson p588 [unknown/low]
reprimenda		noun	Samson p588 [unknown/low]
reproducsion		noun	Samson p589 [unknown/low]
republika		noun	Samson p589 [unknown/low]
republikano		adjective	Samson p589 [unknown/low]
republikasion		noun	Samson p589 [unknown/low]
reputasion		noun	Samson p589 [unknown/low]
requnyon		N	PALI:requnyo’n
resa-resa		noun	Samson p589 [unknown/low]
resepsionista		noun	Samson p583 [unknown/low]
reserva		noun	Samson p589 [unknown/low]
reservasion		noun	Samson p589 [unknown/low]
reseta		noun	Samson p583 [unknown/low]
resetario		noun	Samson p583 [unknown/low]
resibario		noun	Samson p583 [unknown/low]
resibo		noun	Samson p583 [unknown/low]
resibu		N	PALI:resi’bu
residensia		noun	Samson p589 [unknown/low]
resignasion		noun	Samson p590 [unknown/low]
resina		noun	Samson p590 [unknown/low]
resinoso			Samson p590 [unknown/low]
resipiente		noun	Samson p583 [unknown/low]
resistensia		noun	Samson p590 [unknown/low]
resma		noun	Samson p590 [unknown/low]
resolusion		noun	Samson p590 [unknown/low]
resolva		verb	Samson p590 [unknown/low]
respetable		adjective	Samson p590 [unknown/low]
respeto		noun (OCR: printed as 'ft.')	Samson p590 [dictionary_explicit/high]
respetu-		V	PALI:respe’tu-
respirador		noun	Samson p590 [unknown/low]
respirasion		noun	Samson p590 [unknown/low]
responsable		adjective	Samson p590 [unknown/low]
responsibilidad		noun	Samson p590 [unknown/low]
responso		noun	Samson p590 [unknown/low]
responsorio		noun	Samson p590 [unknown/low]
restitusion		noun	Samson p590 [unknown/low]
resulta		noun	Samson p591 [unknown/low]
resurecsion		noun	Samson p591 [unknown/low]
resussitation			Samson p591 [unknown/low]
reta		pronoun	Samson p591 [dictionary_explicit/high]
retang		det	SEED-FUNC
retazo		noun	Samson p591 [unknown/low]
reti		pronoun	Samson p591 [dictionary_explicit/high]
retini			Samson p591 [unknown/low]
retirement			Samson p591 [unknown/low]
retiro		noun	Samson p591 [unknown/low]
reto		noun	Samson p591 [unknown/low]
retoke		noun	Samson p591 [unknown/low]
retorika		noun	Samson p591 [unknown/low]
retracsion		noun	Samson p591 [unknown/low]
retrato			Samson p591 [unknown/low]
retroactivo			Samson p591 [unknown/low]
reuma		noun	Samson p591 [dictionary_explicit/high]
revalida		noun	Samson p592 [unknown/low]
reverendo			Samson p592 [unknown/low]
reverense			Samson p592 [unknown/low]
reverensia		noun	Samson p592 [unknown/low]
revisa		verb	Samson p592 [unknown/low]
revista		noun	Samson p592 [unknown/low]
revoka		verb	Samson p592 [unknown/low]
revolusion		noun	Samson p592 [unknown/low]
revolusionario		noun	Samson p592 [unknown/low]
revolver		noun	Samson p592 [unknown/low]
reyna		N	PALI:re’yna
rezada		adjective	Samson p592 [unknown/low]
ri			Samson p592 [dictionary_explicit/high]
rienda			Samson p592 [unknown/low]
riesgo		noun	Samson p592 [unknown/low]
rifli		noun	Samson p592 [dictionary_explicit/high]
rigodon		noun	Samson p592 [unknown/low]
rikadu		D	PALI:-rika’du
rilis		N	PALI:ri’lis
rima		noun	Samson p593 [unknown/low]
rima-rima			Samson p593 [AI_proposed/medium]
rimado		adjective	Samson p593 [unknown/low]
rimarima		N	PALI:rimari’ma
rimas		N	PALI:ri’mas
rin		part	SEED-FUNC
ring			Samson p593 [dictionary_explicit/high]
riport		V	PALI:riport
rmgal			Samson p593 [unknown/low]
rnitla		noun	Samson p480 [unknown/low]
ro		pronoun	Samson p593 [dictionary_explicit/high]
rod		transitive verb	Samson p113 [dictionary_explicit/high]
roduio		noun	Samson p593 [dictionary_explicit/high]
rolio		noun	Samson p594 [unknown/low]
roly			Samson p594 [unknown/low]
roma			Samson p594 [unknown/low]
romanic			Samson p594 [unknown/low]
romano		adjective	Samson p594 [unknown/low]
romans			Samson p594 [unknown/low]
romansa		noun	Samson p594 [unknown/low]
romanse		noun	Samson p594 [unknown/low]
romantiko		adjective	Samson p594 [unknown/low]
romero		noun	Samson p594 [unknown/low]
ronda		noun	Samson p594 [unknown/low]
roronda			Samson p594 [unknown/low]
rosal		noun	Samson p594 [unknown/low]
rosario		noun	Samson p594 [unknown/low]
rosary			Samson p594 [unknown/low]
rosas		noun	Samson p594 [unknown/low]
rosendo		N	PALI:rose’ndo
roskas		N	PALI:ro’skas
rotonda		noun	Samson p594 [unknown/low]
rubi		noun	Samson p594 [unknown/low]
rubia			Samson p594 [unknown/low]
rueda		noun	Samson p594 [unknown/low]
rugu		adverb	Samson p595 [dictionary_explicit/high]
ruina		noun	Samson p595 [unknown/low]
ruisenior			Samson p595 [unknown/low]
ruleta		noun	Samson p595 [dictionary_explicit/high]
rumba		noun	Samson p595 [unknown/low]
rungut		V	PALI:-rungu’t
runut		D	PALI:-runu’t
ruruc		noun	Samson p595 [dictionary_explicit/high]
rusia		noun	Samson p595 [unknown/low]
ruso		noun	Samson p595 [unknown/low]
ruta		noun	Samson p595 [unknown/low]
rutina		noun	Samson p595 [dictionary_explicit/high]
ruweda		N	PALI:ruwe’da
s			Mirikitani p956 [unknown/low]
sa		Adjunct	PALI:saq
saba		N	PALI:saba
sabac		noun	Samson p597 [unknown/low]
sabadista		noun	Samson p597 [unknown/low]
sabado		noun	Samson p597 [dictionary_explicit/high]
sabadu		N	PALI:sa’badu
sabal		noun	Samson p597 [unknown/low]
sabal-		V	PALI:sa’bal-
sabalas		noun	Samson p598 [unknown/low]
sabalbal		noun	Samson p598 [unknown/low]
sabana		noun	Samson p598 [unknown/low]
sabang			Samson p598 [dictionary_explicit/high]
sabanilia			Samson p598 [unknown/low]
sabarsa		adverb	Samson p598 [unknown/low]
sabat		V	PALI:sa’bat
sabe		noun-verb	Samson p598 [unknown/low]
sabes			Samson p598 [dictionary_explicit/high]
sabi		V	PALI:sa’bi
sabia		adjective	Samson p599 [unknown/low]
sabic		adjective	Samson p599 [unknown/low]
sabik		V./D./St	PALI:sabi’k
sabil		noun-verb	Samson p599 [unknown/low]
sabila		noun (OCR: printed as 'ft.')	Samson p599 [unknown/low]
sabile		noun-verb	Samson p599 [dictionary_explicit/high]
sabing			Samson p599 [unknown/low]
sabit		V	PALI:sa’bit
sabla		Q./N	PALI:sablaq
sablasa		adverb	Samson p599 [unknown/low]
sablayan		N	PALI:sabla’yan
sable		V	PALI:sa’ble
sabo		N	PALI:sabo’
sabpang			Samson p599 [dictionary_explicit/high]
sabsab		V	PALI:sabsab
sabu		noun-verb	Samson p600 [dictionary_explicit/high]
sabuag		verb	Samson p600 [dictionary_explicit/high]
sabuat			Samson p600 [unknown/low]
sabug		verb	Samson p600 [dictionary_explicit/high]
sabul		verb	Samson p600 [dictionary_explicit/high]
sabul-		V	PALI:sabul-
sabulsabul			Samson p600 [unknown/low]
sabun		N	PALI:sabu’n
sabung		V	PALI:sa’bung
sabungke			Samson p600 [dictionary_explicit/high]
sabungsabungan		noun	Samson p600 [unknown/low]
sabungul			Samson p600 [dictionary_explicit/high]
sabungut			Samson p600 [unknown/low]
sac		noun-verb	Samson p600 [unknown/low]
sac-clu		verb	Samson p601 [unknown/low]
sac-kuil		verb	Samson p601 [unknown/low]
sacbali		noun (OCR: printed as 'ft.')	Samson p601 [dictionary_explicit/high]
sacbibi		noun (OCR: printed as 'ft.')	Samson p601 [dictionary_explicit/high]
sacdal		adjective	Samson p601 [dictionary_explicit/high]
sacdapul			Samson p602 [unknown/low]
saclu			Samson p603 [unknown/low]
saclub			Samson p603 [unknown/low]
saclulu			Samson p603 [dictionary_explicit/high]
saclung			Samson p603 [dictionary_explicit/high]
sacmal			Samson p603 [dictionary_explicit/high]
sacramento		noun	Samson p603 [unknown/low]
sacrifisio		noun	Samson p603 [unknown/low]
sacrilego		adjective	Samson p604 [unknown/low]
sacrilehio		noun	Samson p604 [unknown/low]
sacristan		noun	Samson p604 [unknown/low]
sacristia		noun	Samson p604 [unknown/low]
sacromadero		noun	Samson p604 [unknown/low]
sacrosanto		adjective	Samson p604 [unknown/low]
sacsa		adjective	Samson p604 [unknown/low]
sacsac		verb	Samson p604 [dictionary_explicit/high]
sacsi			Samson p604 [dictionary_explicit/high]
sad-dia			Samson p605 [unknown/low]
sadia			Samson p605 [dictionary_explicit/high]
sadja		N	PALI:sadja
sadsad		N	PALI:sadsad
safiro		noun	Samson p605 [unknown/low]
saga		noun	Samson p606 [dictionary_explicit/high]
sagacgac		noun-verb	Samson p606 [unknown/low]
sagad		noun-verb	Samson p606 [dictionary_explicit/high]
sagakgak		V	PALI:sagakgak
sagana		noun-verb	Samson p606 [dictionary_explicit/high]
sagap		verb	Samson p606 [dictionary_explicit/high]
sagapan		V	PALI:sagapan
sagasa		noun-verb	Samson p606 [unknown/low]
sagasagaegae			Samson p606 [unknown/low]
sagea		noun-verb	Samson p606 [dictionary_explicit/high]
sageal			Samson p606 [dictionary_explicit/high]
sagese		noun-verb	Samson p607 [dictionary_explicit/high]
sagibadbad		noun	Samson p607 [unknown/low]
sagid		adjective	Samson p607 [unknown/low]
sagil		noun-verb	Samson p607 [dictionary_explicit/high]
sagilut		noun	Samson p607 [dictionary_explicit/high]
sagimsim		noun	Samson p607 [unknown/low]
sagin		N	PALI:sa’gin
saginanun		noun	Samson p607 [unknown/low]
sagip		noun-verb	Samson p607 [dictionary_explicit/high]
sagisag		noun	Samson p607 [unknown/low]
sagiua		adjective	Samson p607 [dictionary_explicit/high]
sagiwa		D	PALI:sagi’waq
sagkil			Samson p608 [dictionary_explicit/high]
saglap		adjective	Samson p608 [dictionary_explicit/high]
saglaway-		V	PALI:sagla’way-
saglawe			Samson p608 [dictionary_explicit/high]
sagli		V	PALI:sagli’q
saglit		noun (OCR: printed as 'ft.')	Samson p609 [unknown/low]
sagmit		V	PALI:sagmi’t
sagoso		N	PALI:sagoso
sagu		noun (OCR: printed as 'ft.')	Samson p609 [dictionary_explicit/high]
sagua			Samson p609 [unknown/low]
sagudsud			Samson p609 [dictionary_explicit/high]
saguli			Samson p609 [dictionary_explicit/high]
sagum			Samson p609 [dictionary_explicit/high]
sagunsun		verb	Samson p610 [dictionary_explicit/high]
sagupa		verb	Samson p610 [unknown/low]
sagut			Samson p610 [unknown/low]
saguyud		V	PALI:sagu’yud
sagwa		D	PALI:-sagwa’q
sagwil			Samson p610 [unknown/low]
saing		noun (OCR: printed as 'ft.')	Samson p610 [unknown/low]
saingsing		noun (OCR: printed as 'ft.')	Samson p610 [unknown/low]
sais			Mirikitani p953 [unknown/low]
sait		verb	Samson p610 [dictionary_explicit/high]
saitsaitan		noun (OCR: printed as 'ft.')	Samson p610 [unknown/low]
saka		noun-verb	Samson p600 [unknown/low]
sakab		V./St	PALI:saka’b
sakada			Samson p601 [unknown/low]
sakag		N	PALI:saka’g
sakahan			Samson p600 [unknown/low]
sakal		V	PALI:sakal
sakali		adverb	Samson p601 [unknown/low]
sakang		adjective	Samson p601 [unknown/low]
sakarina		noun (OCR: printed as 'ft.')	Samson p601 [unknown/low]
sakat		noun-verb	Samson p601 [unknown/low]
sakate			Samson p601 [unknown/low]
sake		V	PALI:sake
sakiab		verb	Samson p610 [dictionary_explicit/high]
sakildap		noun-verb	Samson p610 [dictionary_explicit/high]
sakim		verb	Samson p610 [dictionary_explicit/high]
sakirap		adverb	Samson p610 [dictionary_explicit/high]
sakit		noun (OCR: printed as 'ft.')	Samson p610 [dictionary_explicit/high]
sakiud		verb	Samson p611 [dictionary_explicit/high]
sakla		N	PALI:sakla
saklo		V	PALI:saklo’
saklt			Mirikitani p953 [unknown/low]
saklub		N./V	PALI:saklub
sakluluwan		V	PALI:sakluluwan
sakmal		V	PALI:sakma’l
sakobi		noun	Samson p603 [unknown/low]
sakobli		V	PALI:sakobli
sakote		verb	Samson p603 [unknown/low]
sakotian			Samson p603 [unknown/low]
saksak		V	PALI:saksa’k
saksi		N	PALI:saksiq
saku		noun	Samson p604 [dictionary_explicit/high]
sakub			Samson p604 [dictionary_explicit/high]
sakubli			Samson p605 [unknown/low]
sakuil			Samson p605 [unknown/low]
sakul		V	PALI:sa’kul
sakuna		N	PALI:sakunaq
sakung		N	PALI:sa’kung
sakup			Samson p605 [dictionary_explicit/high]
sakurut		adjective	Samson p605 [dictionary_explicit/high]
sala		D	PALI:sa’laq
sala-sala			Samson p618 [AI_proposed/medium]
salab		verb	Samson p612 [dictionary_explicit/high]
salabac			Samson p612 [dictionary_explicit/high]
salabat		V	PALI:sala’bat
salabe			Samson p613 [unknown/low]
salabsab		adjective	Samson p613 [unknown/low]
salac		adjective	Samson p613 [dictionary_explicit/high]
salacbe		verb	Samson p613 [dictionary_explicit/high]
salacsac		verb	Samson p613 [dictionary_explicit/high]
salada			Samson p614 [unknown/low]
salado			Samson p614 [dictionary_explicit/high]
saladsad		noun	Samson p614 [dictionary_explicit/high]
saladu		adjective	Samson p614 [unknown/low]
salagintu		N	PALI:salagintu’q
salagpi		noun-verb	Samson p614 [unknown/low]
salagse			Samson p614 [unknown/low]
salagubang		N	PALI:salagu’bang
salaing		verb	Samson p614 [unknown/low]
salak		V	PALI:sa’lak
salakab		N	PALI:salaka’b
salakata		adjective	Samson p613 [dictionary_explicit/high]
salakay-		sasa-lakayan, pa:salake	PALI:salakay-
salake		noun-verb	Samson p614 [dictionary_explicit/high]
salakup		V	PALI:salakup
salakut		noun	Samson p614 [unknown/low]
salalac		noun	Samson p614 [dictionary_explicit/high]
salalak		V./D./St	PALI:sala’lak
salale		N	PALI:sala’le
salam			Samson p615 [unknown/low]
salamangka		N	PALI:salama’ngka
salamangkero		noun	Samson p615 [unknown/low]
salamanka		noun	Samson p615 [unknown/low]
salamat		N./V	PALI:sala’mat
salambong			Samson p615 [unknown/low]
salamin		N	PALI:salami’n
salampac			Samson p615 [unknown/low]
salampad			Samson p615 [unknown/low]
salampat			Samson p616 [dictionary_explicit/high]
salampe			Samson p616 [unknown/low]
salampiad		verb	Samson p616 [unknown/low]
salamuha		verb	Samson p616 [unknown/low]
salamuyuc		noun-verb	Samson p616 [unknown/low]
salandra			Samson p616 [unknown/low]
salang		adjective	Samson p616 [dictionary_explicit/high]
salangat			Samson p616 [dictionary_explicit/high]
salangi		V	PALI:salangi’
salangsalang		noun	Samson p617 [dictionary_explicit/high]
salangsang		verb	Samson p617 [dictionary_explicit/high]
salansan		verb	Samson p617 [dictionary_explicit/high]
salanta		noun	Samson p617 [unknown/low]
salap		noun	Samson p617 [dictionary_explicit/high]
salapang		noun	Samson p617 [dictionary_explicit/high]
salapi		N	PALI:salapi’q
salapsap		noun-verb	Samson p618 [unknown/low]
salapung			Samson p618 [unknown/low]
salas		N	PALI:sa’las
salasala			Mirikitani p953 [unknown/low]
salat		D	PALI:sa’lat
salaual			Samson p618 [unknown/low]
salauayan		adjective	Samson p618 [unknown/low]
salaue		verb	Samson p618 [dictionary_explicit/high]
salauit		noun	Samson p618 [dictionary_explicit/high]
salaula		V	PALI:salau’laq
salawahan		V	PALI:salawa’han
saldak		V	PALI:saldak
salese		V	PALI:sale’se
sali		V	PALI:sali’q
salibabi		verb	Samson p620 [dictionary_explicit/high]
salibad			Samson p620 [unknown/low]
saliboso		verb	Samson p620 [dictionary_explicit/high]
salibuag		verb	Samson p620 [unknown/low]
salibusub		noun-verb	Samson p620 [dictionary_explicit/high]
salicbnubu			Samson p620 [unknown/low]
salicbubu		noun-verb	Samson p620 [unknown/low]
salicsa			Samson p620 [unknown/low]
salida		noun	Samson p621 [unknown/low]
saliesic		verb	Samson p620 [unknown/low]
saligogo			Samson p621 [unknown/low]
saligsig		noun	Samson p621 [dictionary_explicit/high]
saligubang			Samson p621 [dictionary_explicit/high]
saligutgut		adjective	Samson p621 [dictionary_explicit/high]
salikadkad		noun-verb	Samson p620 [dictionary_explicit/high]
salikangkang			Samson p620 [unknown/low]
salikap		N	PALI:sali’kap
salikasuc		adjective	Samson p620 [unknown/low]
saliksik		V	PALI:saliksik
salikungkung		noun-verb	Samson p621 [unknown/low]
salikut		V	PALI:saliku’t
salilkan		noun	Samson p621 [dictionary_explicit/high]
salilungan		N	PALI:salilu’ngan
salimbad			Samson p621 [dictionary_explicit/high]
salimbal			Samson p621 [unknown/low]
salimbay		noun-verb	Samson p621 [dictionary_explicit/high]
salimbe			Samson p621 [unknown/low]
salimoot		adjective	Samson p622 [unknown/low]
salimpat		noun	Samson p621 [unknown/low]
salimuku			Samson p621 [dictionary_explicit/high]
salimusum		noun-verb	Samson p622 [unknown/low]
salindra			Mirikitani p954 [unknown/low]
salindru		N	PALI:sali’ndruq
salindu		noun-verb	Samson p622 [dictionary_explicit/high]
saling		adjective	Samson p622 [dictionary_explicit/high]
salingalngal		noun-verb	Samson p622 [unknown/low]
salingasang			Samson p622 [unknown/low]
salingku		noun-verb	Samson p622 [dictionary_explicit/high]
salingsing		adjective	Samson p622 [dictionary_explicit/high]
salipadpad		noun-verb	Samson p622 [unknown/low]
salipapo		adverb	Samson p621 [dictionary_explicit/high]
salipara		adjective	Samson p623 [unknown/low]
salipit		noun	Samson p623 [dictionary_explicit/high]
salirangdang			Samson p623 [unknown/low]
salisadsad		noun-verb	Samson p623 [unknown/low]
salisi		V./D./St	PALI:salisiq
salisul		N	PALI:salisu’l
salit		D	PALI:salit
salita		N	PALI:sali’taq
salitre		noun	Samson p623 [unknown/low]
salitsit		noun	Samson p623 [unknown/low]
saliua		adverb	Samson p623 [unknown/low]
salkic			Samson p623 [unknown/low]
salmo		noun	Samson p623 [unknown/low]
salo		noun	Samson p623 [dictionary_explicit/high]
salol		N	PALI:salo’l
salong		N	PALI:sa’long
salpac		noun	Samson p623 [unknown/low]
salpak		D	PALI:-salpa’k
salpantaya		noun-verb	Samson p623 [dictionary_explicit/high]
salpitic		noun	Samson p624 [unknown/low]
salsa		noun	Samson p624 [dictionary_explicit/high]
salsal		V	PALI:salsa’l
salsera			Samson p624 [unknown/low]
salta		V	PALI:salta
salterio		noun	Samson p624 [unknown/low]
salu		noun	Samson p624 [dictionary_explicit/high]
saluacsabi			Samson p624 [unknown/low]
salual			Samson p624 [dictionary_explicit/high]
salubasib		noun	Samson p624 [dictionary_explicit/high]
salubsub		N	PALI:salubsu’b
salubung		V	PALI:salu’bung
saluc		noun	Samson p625 [dictionary_explicit/high]
salucsuc		noun	Samson p625 [dictionary_explicit/high]
salud		V	PALI:salud
saludo			Samson p625 [unknown/low]
saludsud		verb	Samson p625 [unknown/low]
saludu			Kapampangan-English-Pilipino wordlist p48 [unknown/low]
saluk			Kapampangan-English-Pilipino wordlist p48 [unknown/low]
salukab		noun	Samson p625 [dictionary_explicit/high]
salukbaba			Kapampangan-English-Pilipino wordlist p48 [unknown/low]
salukut			Samson p625 [unknown/low]
salumbaba		verb	Samson p625 [unknown/low]
salun			PALI:salun
salunde			Samson p626 [unknown/low]
salune		noun	Samson p625 [unknown/low]
salunga		noun-verb	Samson p626 [dictionary_explicit/high]
salungat		verb	Samson p626 [unknown/low]
salungkit		adjective	Samson p626 [dictionary_explicit/high]
salungsung		noun-verb	Samson p626 [dictionary_explicit/high]
salunsun		noun-verb	Samson p626 [dictionary_explicit/high]
salupil		N	PALI:salu’pil
salupsup		noun	Samson p626 [unknown/low]
saluput			Kapampangan-English-Pilipino wordlist p48 [unknown/low]
salurere		noun-verb	Samson p626 [unknown/low]
salusad		N	PALI:salu’sad
salusu		D	PALI:salu’suq
salut		N	PALI:salu’t
salutung		V	PALI:salutung
salvador		noun	Samson p627 [unknown/low]
salvasion		noun	Samson p627 [unknown/low]
salvavida		noun	Samson p627 [unknown/low]
salwak-sabi			Kapampangan-English-Pilipino wordlist p48 [unknown/low]
salwan			Mirikitani p953 [unknown/low]
salyuyut		N	PALI:salyu’yut
sama		N	PALI:samaq
samac		adjective	Samson p627 [dictionary_explicit/high]
samak		N	PALI:sama’k
samal		adjective	Samson p627 [dictionary_explicit/high]
samanta		adverb	Samson p628 [dictionary_explicit/high]
samas		V	PALI:sama’s
samasam		noun	Samson p628 [unknown/low]
samat		N	PALI:sama’t
samba		V	PALI:sa’mba
sambali		adjective	Samson p628 [dictionary_explicit/high]
sambfian		noun-verb	Samson p628 [unknown/low]
sambitan			Samson p628 [dictionary_explicit/high]
sambitin		noun-verb	Samson p628 [dictionary_explicit/high]
sambitla		verb	Samson p629 [dictionary_explicit/high]
sambra		noun	Samson p629 [unknown/low]
sambulat		verb	Samson p629 [dictionary_explicit/high]
sambulauit		verb	Samson p629 [dictionary_explicit/high]
sambung		noun	Samson p629 [dictionary_explicit/high]
sambut		V./St	PALI:sambut
samil		noun	Samson p629 [unknown/low]
samiu			Samson p629 [unknown/low]
samo			Samson p629 [unknown/low]
sampa			PALI:sampa
sampaga		N	PALI:sampa’ga
sampagita		noun	Samson p630 [unknown/low]
sampaluc			Samson p630 [unknown/low]
sampaluk		N	PALI:sampa’luk
sampasampa			Samson p629 [dictionary_explicit/high]
sampasampayot			Samson p630 [dictionary_explicit/high]
sampat		noun	Samson p630 [dictionary_explicit/high]
sampayut			Samson p630 [unknown/low]
sampelut		noun	Samson p631 [unknown/low]
sampiad		noun-verb	Samson p631 [dictionary_explicit/high]
sampilung		verb	Samson p631 [dictionary_explicit/high]
sampulun		verb	Samson p631 [dictionary_explicit/high]
samput			PALI:samput
samput-		D	PALI:samput-
samsam		V	PALI:samsam
samul		V	PALI:samul
samula		noun	Samson p631 [unknown/low]
samut		V	PALI:sa’mut
samwak			Kapampangan-English-Pilipino wordlist p48 [unknown/low]
samyu			Kapampangan-English-Pilipino wordlist p48 [unknown/low]
san			Samson p631 [dictionary_explicit/high]
sana		Adjunct	PALI:sana
sanac		verb	Samson p632 [dictionary_explicit/high]
sanap		noun-verb	Samson p632 [dictionary_explicit/high]
sandal		V	PALI:sa’ndal
sandali		verb	Samson p632 [dictionary_explicit/high]
sandalia		noun	Samson p632 [unknown/low]
sandana		adjective	Samson p633 [unknown/low]
sandata		N	PALI:sandataq
sandig			Samson p633 [unknown/low]
sandikil		adjective	Samson p633 [dictionary_explicit/high]
sandirit		noun	Samson p633 [unknown/low]
sandok			Mirikitani p954 [unknown/low]
sandu			Samson p633 [unknown/low]
sanduc		noun	Samson p633 [dictionary_explicit/high]
sandugo		adjective	Samson p633 [unknown/low]
sanduk		N	PALI:sanduk
sandukut			Samson p633 [unknown/low]
sane		adjective	Samson p633 [dictionary_explicit/high]
sang		adverb	Samson p633 [dictionary_explicit/high]
sanga		N	PALI:sanga’
sangab		verb	Samson p634 [dictionary_explicit/high]
sangag		noun	Samson p634 [unknown/low]
sangal		verb	Samson p634 [dictionary_explicit/high]
sangalngal			Samson p634 [unknown/low]
sanganga			Samson p634 [unknown/low]
sangap		verb	Samson p634 [dictionary_explicit/high]
sangat		noun	Samson p634 [unknown/low]
sangdi		verb	Samson p636 [dictionary_explicit/high]
sangga		noun-verb	Samson p636 [dictionary_explicit/high]
sanggalang		noun-verb	Samson p636 [unknown/low]
sanggano			Samson p636 [unknown/low]
sanggauali		noun	Samson p636 [unknown/low]
sanggiad		noun-verb	Samson p636 [dictionary_explicit/high]
sangguac			Samson p636 [unknown/low]
sanggul		N	PALI:sanggul
sangguni		noun	Samson p636 [dictionary_explicit/high]
sangguro		verb	Samson p637 [dictionary_explicit/high]
sangi		noun	Samson p637 [dictionary_explicit/high]
sangil		noun	Samson p637 [unknown/low]
sangiota			Samson p637 [unknown/low]
sangit		noun	Samson p637 [unknown/low]
sangkal		noun	Samson p634 [dictionary_explicit/high]
sangkan		N	PALI:sangkan
sangkap		N	PALI:sangkap
sangkapang			Mirikitani p954 [unknown/low]
sangkapsangkap			Samson p635 [unknown/low]
sangkayo		noun	Samson p635 [dictionary_explicit/high]
sangki			Samson p637 [unknown/low]
sangkut		D	PALI:sangkut
sangkut-sangkut		noun	Samson p636 [AI_proposed/medium]
sangkutsa			Samson p636 [dictionary_explicit/high]
sanglad		transitive verb	Samson p637 [dictionary_explicit/high]
sangle		transitive verb	Samson p637 [dictionary_explicit/high]
sangley			Samson p637 [unknown/low]
sango		verb	Samson p637 [unknown/low]
sangpad		noun	Samson p637 [unknown/low]
sangparan			Samson p637 [dictionary_explicit/high]
sangsang		noun	Samson p637 [unknown/low]
sangtabi			Samson p638 [unknown/low]
sangut		noun	Samson p637 [unknown/low]
sanidad		noun	Samson p638 [unknown/low]
sanip		V	PALI:sanip
sanitario		adjective	Samson p638 [unknown/low]
sanla			Samson p638 [dictionary_explicit/high]
sanlong		noun	Samson p638 [unknown/low]
sansan			Samson p638 [unknown/low]
santa		abbreviation	Samson p638 [unknown/low]
santing		V	PALI:santi’ng
santisimo		adjective	Samson p639 [unknown/low]
santo			Samson p639 [unknown/low]
santol		noun	Samson p639 [unknown/low]
santul		N	PALI:santu’l
santung		V	PALI:santu’ng
sanu		N	PALI:sa’nu
sanwic		N	PALI:sa’nwic
sap		adjective	Samson p639 [dictionary_explicit/high]
sapa		N	PALI:sa’paq
sapac		adjective	Samson p640 [unknown/low]
sapad		verb	Samson p640 [dictionary_explicit/high]
sapak		D./V./St	PALI:sapa’k
sapakat		noun	Samson p640 [dictionary_explicit/high]
sapal		N./D.?	PALI:sa’pal
sapala			Samson p640 [unknown/low]
sapang		noun	Samson p640 [dictionary_explicit/high]
sapao		noun-verb	Samson p640 [dictionary_explicit/high]
saparat		D	PALI:sapara’t
sapat		verb	Samson p640 [dictionary_explicit/high]
sapateria			Samson p641 [unknown/low]
sapatero		noun	Samson p641 [unknown/low]
sapateru			Kapampangan-English-Pilipino wordlist p48 [unknown/low]
sapatilia		noun	Samson p641 [unknown/low]
sapatos			Samson p641 [unknown/low]
sapatus		N	PALI:sapa’tus
sapatya			Samson p641 [unknown/low]
sapi		noun	Samson p641 [dictionary_explicit/high]
sapicsapic			Samson p641 [unknown/low]
sapin-sapin		adjective	Samson p641 [AI_proposed/medium]
saping		V	PALI:saping
sapingil		V	PALI:sapingil
sapinit		noun	Samson p641 [unknown/low]
sapinlit		verb	Samson p642 [dictionary_explicit/high]
sapisapi		noun	Samson p642 [unknown/low]
sapitu		V./D	PALI:sapi’tu
saplad		verb	Samson p642 [dictionary_explicit/high]
saplala		adjective	Samson p642 [unknown/low]
saplid			Kapampangan-English-Pilipino wordlist p48 [unknown/low]
sapliran			Kapampangan-English-Pilipino wordlist p48 [unknown/low]
saplit		noun	Samson p642 [dictionary_explicit/high]
saplut		noun	Samson p642 [unknown/low]
sapni			Samson p642 [unknown/low]
sapnu		verb	Samson p642 [dictionary_explicit/high]
sapo		noun	Samson p642 [dictionary_explicit/high]
sapote			Samson p642 [unknown/low]
sapsa		D	PALI:sapsa’q
sapsap		noun	Samson p642 [dictionary_explicit/high]
sapu		V	PALI:sa’pu
sapua		noun	Samson p642 [unknown/low]
sapuc		noun	Samson p642 [dictionary_explicit/high]
sapuk			Kapampangan-English-Pilipino wordlist p48 [unknown/low]
sapul			Samson p642 [dictionary_explicit/high]
sapula		N	PALI:sapulaq
sapuli		verb	Samson p643 [dictionary_explicit/high]
sapuliut		adverb	Samson p643 [unknown/low]
sapung		V	PALI:sa’pung
sapupu		verb	Samson p643 [dictionary_explicit/high]
saput			Samson p643 [dictionary_explicit/high]
saputi			Samson p643 [dictionary_explicit/high]
sapwa		N	PALI:sapwa’q
sapyo			Kapampangan-English-Pilipino wordlist p49 [unknown/low]
saqingsing		V	PALI:saqingsi’ng
sara		V	PALI:sara’
saradu		adjective	Samson p644 [unknown/low]
saragwelas		N	PALI:saragwe’las
sarali		N	PALI:sara’liq
saramelmel			Samson p644 [unknown/low]
sarasara		adverb	Samson p644 [unknown/low]
sardinas		noun	Samson p644 [unknown/low]
sarhento		noun	Samson p644 [unknown/low]
sari		adjective	Samson p644 [unknown/low]
sari-sari			Samson p645 [AI_proposed/medium]
sarili		N./D	PALI:sari’liq
saringgola			Samson p645 [unknown/low]
sariyan		D	PALI:sariyan
sarsa		N	PALI:sa’rsa
sarsaparilia			Samson p645 [unknown/low]
sarswela		N	PALI:sarswe’la
sartud		N	PALI:sartu’d
sarul		noun	Samson p645 [dictionary_explicit/high]
sarul-gamat		noun	Samson p645 [AI_proposed/medium]
sasa		N	PALI:sasa’
sasag		N	PALI:sasa’g
sasakote			Samson p645 [unknown/low]
sasal		noun-verb	Samson p645 [dictionary_explicit/high]
sasalwan			Mirikitani p953 [unknown/low]
sasaman-		N	PALI:sasa’man-
saserdote		noun	Samson p602 [dictionary_explicit/high]
sasie		adjective	Samson p602 [dictionary_explicit/high]
sasio			Samson p603 [dictionary_explicit/high]
saslag-		N	PALI:sa’slag-
sasmo			Samson p645 [unknown/low]
sasmuan			Samson p646 [unknown/low]
sastre		noun	Samson p646 [unknown/low]
sastreria		noun	Samson p646 [unknown/low]
sastri		N	PALI:sa’stri
sati		noun	Samson p646 [unknown/low]
satsat		D	PALI:satsat
saua			Samson p646 [dictionary_explicit/high]
sauac		verb	Samson p646 [dictionary_explicit/high]
sauacsauac			Samson p647 [unknown/low]
sauali			Samson p392 [dictionary_explicit/high]
sauang		noun	Samson p647 [dictionary_explicit/high]
sauanin			Samson p647 [unknown/low]
sauaua		noun-verb	Samson p647 [dictionary_explicit/high]
sauay		verb	Samson p647 [dictionary_explicit/high]
saudi			Samson p647 [unknown/low]
saug		noun	Samson p647 [unknown/low]
saui		adjective	Samson p647 [unknown/low]
sauil		adjective	Samson p647 [unknown/low]
saul		adjective	Samson p647 [dictionary_explicit/high]
saung		noun	Samson p648 [unknown/low]
saup		V./N	PALI:sa’up
saupang			Samson p648 [dictionary_explicit/high]
sausig			Samson p648 [unknown/low]
saut		adjective	Samson p648 [dictionary_explicit/high]
sawa		D./St./V	PALI:sawa’q
sawali		N	PALI:sawa’liq
sawang		D	PALI:sawa’ng
saya		N	PALI:sa’ya
sayad		D./V	PALI:sa’yad
sayal		noun	Samson p649 [dictionary_explicit/high]
sayang		D./Excl	PALI:sayang
sayat			Samson p649 [dictionary_explicit/high]
saynu-gas		N	PALI:sa’ynu-gas
sayote			Samson p649 [dictionary_explicit/high]
sayu		noun	Samson p649 [unknown/low]
scythe			Samson p619 [dictionary_explicit/high]
sebo		D	PALI:se’bo
sebu			Samson p649 [unknown/low]
secretuan			Samson p650 [unknown/low]
secta		noun	Samson p650 [unknown/low]
seda		noun	Samson p650 [unknown/low]
sedula		noun	Samson p187 [unknown/low]
seen		verb	Samson p348 [unknown/low]
segasag		adverb	Samson p650 [unknown/low]
segido		adjective	Samson p650 [dictionary_explicit/high]
segundo		noun	Samson p650 [dictionary_explicit/high]
segunduan			Samson p650 [unknown/low]
segurado			Samson p650 [dictionary_explicit/high]
seguro			Samson p650 [dictionary_explicit/high]
seguru			Mirikitani p956 [unknown/low]
seis		noun	Samson p650 [unknown/low]
seka		noun	Samson p649 [unknown/low]
sekreto		D	PALI:sekre’to
sekupan			PALI:sekupan
selador			Samson p187 [unknown/low]
selan		D	PALI:se’lan
selebrante		noun	Samson p187 [unknown/low]
selebrasion		noun	Samson p187 [unknown/low]
seli			PALI:seli
selio		noun	Samson p651 [unknown/low]
selmon		N	PALI:selmo’n
seloso		D	PALI:selo’so
seluibadya		noun	Samson p188 [unknown/low]
selyu		N	PALI:se’lyu
semana		noun (OCR: printed as 'ft.')	Samson p651 [unknown/low]
sementerio		noun	Samson p188 [unknown/low]
sementeryu		N	PALI:semente’ryu
semestral			Samson p651 [unknown/low]
semestre		noun (OCR: printed as 'ft.')	Samson p651 [unknown/low]
semiento		noun	Samson p188 [unknown/low]
semilya			Kapampangan-English-Pilipino wordlist p49 [unknown/low]
seminario		noun	Samson p651 [unknown/low]
seminary			Samson p651 [unknown/low]
seminaryu			Kapampangan-English-Pilipino wordlist p49 [unknown/low]
seminteryu			Kapampangan-English-Pilipino wordlist p49 [unknown/low]
senado		noun (OCR: printed as 'ft.')	Samson p651 [unknown/low]
senador		noun (OCR: printed as 'ft.')	Samson p651 [unknown/low]
senakulo		N	PALI:sena’kulo
senat		noun (OCR: printed as 'ft.')	Samson p651 [unknown/low]
senial		noun (OCR: printed as 'ft.')	Samson p651 [unknown/low]
senias			Samson p651 [unknown/low]
senor		noun (OCR: printed as 'ft.')	Samson p651 [unknown/low]
senora		noun (OCR: printed as 'ft.')	Samson p651 [unknown/low]
senorita		noun	Samson p652 [unknown/low]
senorito		noun	Samson p652 [unknown/low]
sensi		N	PALI:sensi’
sensilio		adjective	Samson p651 [unknown/low]
sensus		N./V	PALI:se’nsus
sentena		noun	Samson p188 [unknown/low]
sentensia		noun	Samson p652 [unknown/low]
sentimetro		noun	Samson p188 [unknown/low]
sentimiento		noun	Samson p652 [unknown/low]
sentimo		noun	Samson p188 [unknown/low]
sentinela			Samson p188 [unknown/low]
sentral		N	PALI:sentral
sentro		noun	Samson p188 [unknown/low]
senturia		noun	Samson p188 [unknown/low]
senturion			Samson p188 [unknown/low]
senyas		N	PALI:se’nyas
separado		adjective	Samson p652 [unknown/low]
separasion		noun	Samson p652 [unknown/low]
septiembre		noun	Samson p652 [unknown/low]
septyembri		N	PALI:septye’mbri
sepu		N	PALI:se’pu
sepulcro		noun	Samson p652 [unknown/low]
sepulturero		noun	Samson p652 [unknown/low]
sera		V.?/D.?/St	PALI:sera’
serado		adjective	Samson p188 [dictionary_explicit/high]
serakates		noun	Samson p188 [unknown/low]
seramiko		adjective	Samson p188 [unknown/low]
sere-seremonias			Samson p188 [unknown/low]
seremonia		noun	Samson p188 [unknown/low]
sereza		noun	Samson p188 [unknown/low]
sero		N	PALI:se’ro
serradura		noun	Samson p188 [unknown/low]
server			Samson p652 [unknown/low]
serveza		noun	Samson p188 [unknown/low]
servisio		noun	Samson p652 [unknown/low]
serya			PALI:seryaq
sese		N	PALI:se’se
sesenta		noun	Samson p653 [unknown/low]
sesyu		N	PALI:se’syu
setenta		noun	Samson p653 [unknown/low]
sexo		noun	Samson p653 [unknown/low]
sexolohia		noun	Samson p653 [unknown/low]
shoulder			Samson p581 [unknown/low]
sia		adjective	Samson p653 [unknown/low]
siabukut		noun	Samson p653 [unknown/low]
siaho		noun	Samson p654 [unknown/low]
siam		noun	Samson p654 [unknown/low]
siansi		noun	Samson p654 [unknown/low]
siap			Kapampangan-English-Pilipino wordlist p49 [unknown/low]
sias		noun	Samson p654 [unknown/low]
siasat		noun	Samson p654 [dictionary_explicit/high]
sibad		N	PALI:sibad
sibaung		noun	Samson p654 [dictionary_explicit/high]
sibilyans		N	PALI:sibi’lyans
sibug		adjective	Samson p655 [unknown/low]
sibul		N	PALI:si’bul
sibusibu		N	PALI:sibuqsibuq
sibuyas		N	PALI:sibu’yas
siclat		noun	Samson p657 [unknown/low]
siclaud			Samson p657 [dictionary_explicit/high]
sicmat		verb	Samson p657 [dictionary_explicit/high]
sid		noun	Samson p657 [dictionary_explicit/high]
sid-duan		noun	Samson p658 [unknown/low]
sidja			PALI:sidja
siempre		adverb	Samson p658 [unknown/low]
siento		noun	Samson p189 [unknown/low]
sierto		adverb	Samson p189 [unknown/low]
siesta		noun	Samson p658 [unknown/low]
siete		noun	Samson p658 [unknown/low]
siga		N	PALI:sigaq
sigalut		N	PALI:sigalu’t
sigam		noun	Samson p658 [unknown/low]
sigang		N	PALI:siga’ng
sigarettes			Samson p189 [unknown/low]
sigarilio		noun	Samson p189 [unknown/low]
sigarilyo			Mirikitani p956 [unknown/low]
sigarilyu		N	PALI:sigari’lyu
sigasig		N	PALI:sigasig
sige		noun	Samson p659 [unknown/low]
sigiielas			Samson p189 [unknown/low]
sigla		D	PALI:siglaq
siglap		verb	Samson p659 [dictionary_explicit/high]
siglo		noun	Samson p659 [unknown/low]
signus		noun	Samson p659 [unknown/low]
sigo		noun	Samson p659 [dictionary_explicit/high]
sigpo		noun	Samson p659 [unknown/low]
sigua		noun	Samson p659 [dictionary_explicit/high]
siguk		N	PALI:sigu’k
sigundu		D	PALI:sigu’ndu
siguradu		D	PALI:sigura’du
siguru		Q	PALI:sigu’ru
sik-		Number affix, forms ordinals with completed aspect	PALI:sik-
sikad		V	PALI:sikad
sikan		N	PALI:si’kan
sikit		noun-verb	Samson p659 [dictionary_explicit/high]
siklab		V	PALI:siklab
siklaud			PALI:siklaud
siko		N	PALI:si’ko
sikoti		noun	Samson p657 [unknown/low]
sikreta		N	PALI:sikre’ta
siksikan		N	PALI:siksi’kan
siku			Samson p657 [dictionary_explicit/high]
sikuaku		noun	Samson p657 [dictionary_explicit/high]
sikuat		noun	Samson p657 [unknown/low]
sikut			Samson p657 [unknown/low]
sikutsikut		adverb	Samson p657 [dictionary_explicit/high]
sikwaku		V	PALI:sikwa’kuq
sila		verb	Samson p659 [dictionary_explicit/high]
silab		N	PALI:sila’b
silaba		noun	Samson p660 [unknown/low]
silabario		noun	Samson p660 [unknown/low]
silabo		noun	Samson p660 [unknown/low]
silad		noun-verb	Samson p660 [dictionary_explicit/high]
silais		noun	Samson p660 [unknown/low]
silak		N	PALI:si:lak
silam		noun	Samson p660 [unknown/low]
silang		noun	Samson p660 [dictionary_explicit/high]
silao		verb	Samson p660 [dictionary_explicit/high]
silat			Kapampangan-English-Pilipino wordlist p49 [unknown/low]
silbato		noun	Samson p660 [unknown/low]
silbatuan			Samson p660 [unknown/low]
silbi		noun	Samson p660 [unknown/low]
sile			Samson p660 [unknown/low]
sili		N	PALI:si’li
silia		noun	Samson p661 [unknown/low]
siliar			Samson p661 [unknown/low]
silid		noun	Samson p661 [dictionary_explicit/high]
silim		noun	Samson p661 [unknown/low]
siliman		N	PALI:-sili’man
silimsilim			Samson p661 [unknown/low]
silin-suinan		noun	Samson p661 [unknown/low]
silindru			Kapampangan-English-Pilipino wordlist p49 [unknown/low]
siliniador			Samson p661 [unknown/low]
silio			Samson p661 [dictionary_explicit/high]
silip		V	PALI:si’lip
silmac		noun-verb	Samson p661 [dictionary_explicit/high]
silo		V	PALI:silo’
silsil		verb	Samson p661 [dictionary_explicit/high]
silu		noun	Samson p661 [dictionary_explicit/high]
silung		noun	Samson p662 [unknown/low]
silyo			Kapampangan-English-Pilipino wordlist p49 [unknown/low]
sim		N	PALI:sim
sima		verb	Samson p662 [dictionary_explicit/high]
simarron		adjective	Samson p189 [dictionary_explicit/high]
simba			Kapampangan-English-Pilipino wordlist p49 [unknown/low]
simbaba			Samson p662 [unknown/low]
simbalang		adjective	Samson p662 [dictionary_explicit/high]
simboliko		adjective	Samson p662 [unknown/low]
simbolo		noun	Samson p662 [unknown/low]
simborrio			Samson p189 [unknown/low]
simbul		noun	Samson p662 [unknown/low]
simbuyu		noun	Samson p662 [unknown/low]
sime		verb	Samson p662 [unknown/low]
simetria		noun	Samson p662 [unknown/low]
simi		noun	Samson p663 [unknown/low]
simo			Samson p663 [unknown/low]
simpan			Samson p663 [dictionary_explicit/high]
simpatca		V	PALI:si’mpatca’q
simpatia		noun	Samson p663 [unknown/low]
simpatiko		adjective	Samson p663 [unknown/low]
simpli		N	PALI:simpli’
simplifika		verb	Samson p663 [unknown/low]
simpuc		verb	Samson p663 [unknown/low]
simsim		verb	Samson p663 [dictionary_explicit/high]
simulmul		verb	Samson p663 [dictionary_explicit/high]
simut		verb	Samson p663 [dictionary_explicit/high]
simutmut		verb	Samson p663 [dictionary_explicit/high]
simvergenza		adjective	Samson p664 [unknown/low]
sinabud		N	PALI:sina’bud
sinada		N	PALI:-sina’da
sinagoga		noun	Samson p664 [unknown/low]
sinalefa		noun	Samson p664 [unknown/low]
siname		N	PALI:siname’
sinantan		noun	Samson p664 [unknown/low]
sincha		noun	Samson p189 [unknown/low]
sindak		D	PALI:sindak
sindalan		N	PALI:sindala’n
sindi		V	PALI:sindi
sinelas		N	PALI:sine’las
sing			Mirikitani p957 [unknown/low]
singal		V	PALI:singal
singap		V	PALI:singa’p
singil		V	PALI:singil
singit		V	PALI:si’ngit
singkad		adjective	Samson p664 [unknown/low]
singko		verb	Samson p664 [unknown/low]
singku		noun	Samson p664 [unknown/low]
singo		V	PALI:singo’
singsing		N	PALI:singsi’ng
singulo		noun	Samson p189 [unknown/low]
singut		noun	Samson p666 [dictionary_explicit/high]
singutsingut			Samson p666 [dictionary_explicit/high]
sinial			Samson p664 [unknown/low]
sinipete		noun	Samson p664 [dictionary_explicit/high]
sinipit		N	PALI:sinipit
sinkope		noun	Samson p664 [unknown/low]
sinkuenta			Samson p189 [unknown/low]
sinodo		noun	Samson p666 [unknown/low]
sinopsis		noun	Samson p666 [unknown/low]
sinoptiko		adjective	Samson p666 [unknown/low]
sinsa			Samson p666 [unknown/low]
sinsil		N	PALI:sinsi’l
sinsin		noun	Samson p666 [unknown/low]
sinta		N	PALI:sinta
sintac		noun	Samson p666 [dictionary_explicit/high]
sintang		verb	Samson p666 [dictionary_explicit/high]
sintidu		N	PALI:sinti’du
sintoma		noun	Samson p666 [unknown/low]
sintuc		noun	Samson p666 [dictionary_explicit/high]
sintunadu		adjective	Samson p666 [dictionary_explicit/high]
sinturera		noun	Samson p666 [unknown/low]
sinturon		noun	Samson p189 [unknown/low]
sinturun		noun	Samson p666 [unknown/low]
sinulid		N	PALI:sinu’lid
sinup		V	PALI:si’nup
sinuyud		noun (OCR: printed as 'ft.')	Samson p667 [unknown/low]
siolan		noun (OCR: printed as 'ft.')	Samson p667 [unknown/low]
sipa		V	PALI:si’pa
sipac		verb	Samson p667 [unknown/low]
sipag		N	PALI:si’pag
sipat		noun	Samson p667 [dictionary_explicit/high]
siper		N	PALI:siper
sipilyu		N	PALI:sipi’lyu
siping		D./St	PALI:si’ping
sipit		N	PALI:si’pit
sipit-ulang			Samson p668 [unknown/low]
sipsip		V	PALI:sipsip
sipun		V	PALI:siqpun
siput		adjective	Samson p668 [unknown/low]
sira			Samson p668 [dictionary_explicit/high]
sirena		noun	Samson p669 [unknown/low]
siri		adjective	Samson p669 [unknown/low]
sirko		noun	Samson p190 [unknown/low]
sirkulo		noun	Samson p190 [unknown/low]
sirkumsision			Samson p174 [dictionary_explicit/high]
sirup		N	PALI:si’rup
sisante		adjective	Samson p669 [unknown/low]
sisenta			Mirikitani p957 [unknown/low]
sisi		V	PALI:si’si
sisil		noun	Samson p670 [dictionary_explicit/high]
sisilim		V./N	PALI:si’sili’m
sising			Samson p670 [unknown/low]
sisingle		N	PALI:sisingle’
sisip		noun	Samson p670 [unknown/low]
sisne		noun (OCR: printed as 'ft.')	Samson p190 [unknown/low]
sistema		noun	Samson p670 [unknown/low]
sisterna		noun	Samson p190 [unknown/low]
sistersiense		adjective	Samson p190 [unknown/low]
sisti			Samson p670 [unknown/low]
sita			Samson p190 [unknown/low]
sitae			Samson p670 [dictionary_explicit/high]
sitas		noun	Samson p190 [unknown/low]
sitenta			Mirikitani p957 [unknown/low]
sitingpriti		D	PALI:sitingpriti
sitsaru			Samson p670 [unknown/low]
sitseria			Samson p670 [dictionary_explicit/high]
sitsiria			Samson p670 [unknown/low]
sitsirika			Samson p670 [unknown/low]
sitsit		V	PALI:sitsit
situ		N	PALI:si’tuq
situasion		noun	Samson p670 [unknown/low]
siuala		noun	Samson p670 [unknown/low]
siuang		noun	Samson p671 [unknown/low]
siuc		noun	Samson p671 [unknown/low]
siudad		noun	Samson p190 [unknown/low]
siwala			Mirikitani p957 [unknown/low]
siyam			Mirikitani p957 [unknown/low]
siyensi		N	PALI:siyensi
sjbul		noun	Samson p655 [dictionary_explicit/high]
skared		verb	Samson p66 [dictionary_explicit/high]
slnaup			Mirikitani p955 [unknown/low]
smgit		noun	Samson p665 [dictionary_explicit/high]
sobra		Q./N./D	PALI:so’bra
sobre		noun	Samson p671 [unknown/low]
sobre-			Samson p671 [unknown/low]
sobrenatural		adjective	Samson p671 [unknown/low]
sobrepelyiz		noun	Samson p671 [unknown/low]
sobresaliente		adjective	Samson p671 [unknown/low]
sobri		N	PALI:sobri
soga		noun (OCR: printed as 'ft.')	Samson p672 [unknown/low]
sokorro		noun (OCR: printed as 'ft.')	Samson p672 [unknown/low]
solar		noun	Samson p672 [unknown/low]
solda		noun (OCR: printed as 'ft.')	Samson p672 [unknown/low]
soldado		noun (OCR: printed as 'ft.')	Samson p672 [unknown/low]
soldero			Samson p672 [unknown/low]
solemne		adjective	Samson p672 [unknown/low]
solemnidad		noun (OCR: printed as 'ft.')	Samson p672 [unknown/low]
solfeo		noun	Samson p672 [unknown/low]
solido		adjective	Samson p673 [unknown/low]
solisita			Samson p672 [unknown/low]
solisitud			Samson p672 [unknown/low]
solitario		noun	Samson p673 [unknown/low]
solo			Samson p673 [unknown/low]
soltero			Samson p673 [unknown/low]
songgo		N	PALI:so’nggo
soning		N./V	PALI:so’ning
sopan			PALI:sopan
sopas		N	PALI:so’pas
sora		D	PALI:so’raq
sorbeti		N	PALI:sorbe’ti
sosialismo		noun	Samson p671 [unknown/low]
sosialista		noun (OCR: printed as 'ft.')	Samson p672 [unknown/low]
sosiedad		noun (OCR: printed as 'ft.')	Samson p672 [unknown/low]
sosio		noun	Samson p672 [unknown/low]
sosiolohiya		noun (OCR: printed as 'ft.')	Samson p672 [unknown/low]
soso		V	PALI:so’so
spanish			Samson p76 [dictionary_explicit/high]
sparing			Samson p328 [dictionary_explicit/high]
spinster			Samson p673 [dictionary_explicit/high]
spu		Excl	PALI:spuq
strained			Samson p25 [dictionary_explicit/high]
sua		noun	Samson p674 [unknown/low]
sual		verb	Samson p674 [dictionary_explicit/high]
suam		noun	Samson p674 [unknown/low]
suang		noun	Samson p675 [unknown/low]
suapang			Samson p675 [unknown/low]
suat		noun	Samson p675 [dictionary_explicit/high]
suatanghon			Samson p675 [unknown/low]
suatsuat			Samson p675 [unknown/low]
sub		adjective	Samson p675 [dictionary_explicit/high]
suba		noun-verb	Samson p675 [dictionary_explicit/high]
subab-biang		noun	Samson p676 [unknown/low]
subali		adverb	Samson p675 [dictionary_explicit/high]
subasta		noun	Samson p676 [unknown/low]
suberbyu		D	PALI:sube’rbyu
subi		D	PALI:subiq
subidu			Mirikitani p957 [unknown/low]
subli		V	PALI:subli’q
subsub			Samson p677 [unknown/low]
subu		V	PALI:su’buq
subuc		adjective	Samson p677 [dictionary_explicit/high]
subuk		V	PALI:su’buk
subung		verb	Samson p677 [dictionary_explicit/high]
sucdul		noun-verb	Samson p678 [dictionary_explicit/high]
suclab		noun-verb	Samson p678 [dictionary_explicit/high]
suclam		noun	Samson p679 [unknown/low]
suclati			Samson p679 [unknown/low]
sucli		verb	Samson p679 [dictionary_explicit/high]
suclub		noun	Samson p679 [dictionary_explicit/high]
sucmama			Samson p679 [unknown/low]
sud-dia		noun	Samson p680 [unknown/low]
sudlung			Samson p680 [dictionary_explicit/high]
sudsud		N	PALI:sudsu’d
suekos			Samson p681 [unknown/low]
suelas		noun	Samson p681 [unknown/low]
sueldo		noun	Samson p681 [unknown/low]
suelo		noun	Samson p681 [unknown/low]
suelto		adjective	Samson p681 [unknown/low]
suerte		noun	Samson p681 [unknown/low]
sufisiente		adjective	Samson p681 [unknown/low]
suga		noun	Samson p681 [unknown/low]
sugal		N	PALI:su’gal
sugarul			Kapampangan-English-Pilipino wordlist p49 [unknown/low]
sugat		N	PALI:su’gat
suge		verb	Samson p681 [dictionary_explicit/high]
sugi		adjective	Samson p681 [unknown/low]
sugid		verb	Samson p681 [dictionary_explicit/high]
sugigi		verb	Samson p682 [dictionary_explicit/high]
suglung		V	PALI:suglung
sugpu		noun	Samson p682 [unknown/low]
sugu		V	PALI:su’guq
sugud		noun	Samson p682 [unknown/low]
suhul		V	PALI:suhul
sui		adverb	Samson p682 [dictionary_explicit/high]
suic		noun	Samson p683 [unknown/low]
suiki		noun	Samson p683 [unknown/low]
suitic		adjective	Samson p683 [unknown/low]
suka		V	PALI:su’kaq
sukab		N./V	PALI:sukab
sukad		N./V	PALI:su’kad
sukal		N	PALI:su’kal
sukat			Samson p678 [unknown/low]
suki		N	PALI:su’kiq
sukilkil		noun	Samson p683 [dictionary_explicit/high]
sukle		N	PALI:su’kle
sukli		N	PALI:sukliq
suklub		N	PALI:suklub
suko		noun	Samson p679 [dictionary_explicit/high]
suksuk		N	PALI:suksuk
sukub		noun	Samson p680 [dictionary_explicit/high]
sukul		V	PALI:su’kul
sukulm		adjective	Samson p680 [dictionary_explicit/high]
sukung		noun	Samson p680 [dictionary_explicit/high]
sul-liao			Samson p684 [unknown/low]
sula		noun	Samson p683 [unknown/low]
sulac		noun-verb	Samson p683 [unknown/low]
sulacbit		verb	Samson p683 [dictionary_explicit/high]
sulad		noun	Samson p683 [dictionary_explicit/high]
sulagpo		noun-verb	Samson p683 [dictionary_explicit/high]
sulam		noun	Samson p683 [dictionary_explicit/high]
sulambi			Samson p684 [unknown/low]
sulapo		V	PALI:sula’po
sulasi		noun	Samson p684 [unknown/low]
sulat		V	PALI:su’lat
sulbang		noun	Samson p684 [unknown/low]
sulbatana		noun	Samson p684 [unknown/low]
sulbato		N	PALI:sulba’to
sulbatu			Samson p684 [dictionary_explicit/high]
sulduc			Samson p684 [unknown/low]
suldung		noun	Samson p684 [dictionary_explicit/high]
suldung-		V	PALI:suldung-
suldut		N	PALI:suldut
suli		noun	Samson p684 [unknown/low]
suliap		noun-verb	Samson p684 [unknown/low]
sulilap			Samson p684 [unknown/low]
sulip		N	PALI:su’lip
sulit		V	PALI:su’lit
sulmuc		noun-verb	Samson p685 [unknown/low]
sulpitan			Samson p686 [unknown/low]
sulpung		noun	Samson p686 [unknown/low]
sulput		V	PALI:sulput
sulsi			Samson p686 [unknown/low]
sulsul		verb	Samson p686 [unknown/low]
sultador		N	PALI:sultado’r
sultan		noun	Samson p686 [unknown/low]
sultic		noun	Samson p686 [unknown/low]
sulu		N	PALI:sulu’q
suluc		noun	Samson p686 [unknown/low]
sulud		V	PALI:su’lud
sulugi		noun	Samson p687 [dictionary_explicit/high]
suluk		N	PALI:su’luk
sulul		noun	Samson p687 [dictionary_explicit/high]
sulung		V	PALI:sulung
sulungsulung			Samson p687 [unknown/low]
sulut		V	PALI:sulut
sulyap		V	PALI:sulyap
suma		N./V	PALI:su’ma
sumalangkat		adjective	Samson p687 [unknown/low]
sumami		noun	Samson p688 [unknown/low]
sumangid			Samson p688 [unknown/low]
sumbagal		noun	Samson p688 [unknown/low]
sumbakad		noun	Samson p688 [unknown/low]
sumbal		noun	Samson p688 [unknown/low]
sumbat		N	PALI:sumbat
sumbia		noun	Samson p688 [dictionary_explicit/high]
sumbu		N	PALI:su’mbuq
sumbung		V	PALI:sumbung
sumpa		N	PALI:sumpa’q
sumpal		V	PALI:sumpa’l
sumpit			Samson p689 [unknown/low]
sumpung		V	PALI:sumpung
sun		noun-verb	Samson p689 [dictionary_explicit/high]
sunab		noun-verb	Samson p690 [dictionary_explicit/high]
sundalos			Mirikitani p959 [unknown/low]
sundalus		N	PALI:sunda’lus
sundang		noun	Samson p690 [dictionary_explicit/high]
sunde		noun-verb	Samson p690 [unknown/low]
sundesunday			Samson p690 [unknown/low]
sundu		verb	Samson p690 [unknown/low]
sundul		noun	Samson p690 [dictionary_explicit/high]
sundul-		V	PALI:sundul-
sunga		noun-verb	Samson p690 [unknown/low]
sungab			Samson p690 [unknown/low]
sungal		adjective	Samson p690 [dictionary_explicit/high]
sungasung			Samson p690 [unknown/low]
sungasungasung			Samson p690 [unknown/low]
sunggit			PALI:su’nggit
sungi		adjective	Samson p691 [dictionary_explicit/high]
sungingi			Samson p691 [dictionary_explicit/high]
sungit		noun	Samson p691 [unknown/low]
sungka		noun	Samson p690 [unknown/low]
sungkal		verb	Samson p690 [dictionary_explicit/high]
sungkit		N	PALI:su’ngkit
sungko		adjective	Samson p691 [dictionary_explicit/high]
sungsung		D	PALI:sungsung
sungul			Samson p691 [unknown/low]
sunis		noun	Samson p691 [dictionary_explicit/high]
sunlag		V	PALI:sunlag
sunu		V	PALI:sunu’q
supapi		N	PALI:supa’piq
superintendente			Mirikitani p959 [unknown/low]
supil		verb	Samson p693 [dictionary_explicit/high]
supling		N	PALI:supli’ng
supuio			Samson p693 [unknown/low]
suput		N	PALI:su’put
sur		noun	Samson p693 [unknown/low]
sur-gamat		N	PALI:sur-gamat
surac			Samson p693 [unknown/low]
sure		noun	Samson p693 [unknown/low]
sureras		N	PALI:sure’ras
surere		adjective	Samson p693 [unknown/low]
suresure			Samson p693 [unknown/low]
suri		V	PALI:suri
surit		noun	Samson p693 [unknown/low]
susi		N	PALI:su’siq
susing		N	PALI:susi’ng
suspect			Samson p693 [unknown/low]
suspende		verb	Samson p693 [unknown/low]
suspisioso		adjective	Samson p693 [unknown/low]
sustansia		noun	Samson p693 [unknown/low]
sustentu		noun	Samson p694 [unknown/low]
susu		N	PALI:su’su
susub		noun	Samson p694 [dictionary_explicit/high]
susubasta			Samson p676 [dictionary_explicit/high]
susug		verb	Samson p694 [dictionary_explicit/high]
susup		verb	Samson p694 [dictionary_explicit/high]
susut		noun	Samson p694 [unknown/low]
sut		noun-verb	Samson p694 [dictionary_explicit/high]
sutla		noun	Samson p695 [unknown/low]
sutsut		noun	Samson p695 [unknown/low]
suul			Kapampangan-English-Pilipino wordlist p49 [unknown/low]
suya		D	PALI:-su’yaq
suyi		adjective	Samson p695 [dictionary_explicit/high]
suyu		noun	Samson p695 [dictionary_explicit/high]
swam		N	PALI:swam
swastika			Samson p695 [unknown/low]
swekus		N	PALI:swe’kus
swelas		D	PALI:-swelas
sweldu		N	PALI:swe’ldu
swi		D	PALI:swiq
sya		D	PALI:sya
syadu			Mirikitani p959 [unknown/low]
syam		Nu	PALI:syam
syano		N	PALI:sya’no
syapi		N	PALI:sya’piq
syas		D	PALI:-syas
syete-plores		N	PALI:syete-plores
syok		N	PALI:syok
syoki		N	PALI:syo’ki
syoktong		N	PALI:syokto’ng
syopaw		N	PALI:syo’paw
ta		Adjunct	PALI:taq
ta-			PALI:ta-
taal			Kapampangan-English-Pilipino wordlist p50 [unknown/low]
taba		N	PALI:taba’q
tabac		adjective	Samson p697 [dictionary_explicit/high]
tabak			Kapampangan-English-Pilipino wordlist p50 [unknown/low]
tabaku		N	PALI:taba’kuq
tabal		V	PALI:taba’l
tabalu			Kapampangan-English-Pilipino wordlist p50 [unknown/low]
tabang		D	PALI:-ta’bang
tabangongo			Samson p698 [unknown/low]
tabas		noun	Samson p698 [dictionary_explicit/high]
tabernakulo		noun	Samson p698 [unknown/low]
tabi			Samson p698 [unknown/low]
tabig		noun-verb	Samson p698 [unknown/low]
tabii			Samson p698 [dictionary_explicit/high]
tabilo			Samson p698 [unknown/low]
tabing		N	PALI:tabi’ng
tabla		N	PALI:tabla
table			Samson p425 [dictionary_explicit/high]
tableria			Samson p699 [dictionary_explicit/high]
tableta			Samson p699 [unknown/low]
tabrete		noun	Samson p699 [dictionary_explicit/high]
tabsing		noun	Samson p699 [unknown/low]
tabtab		N	PALI:tabtab
tabu		noun	Samson p699 [dictionary_explicit/high]
tabubuc		noun	Samson p699 [unknown/low]
tabug		V	PALI:tabu’g
tabugnus		noun-verb	Samson p699 [unknown/low]
tabulan		adjective	Samson p699 [unknown/low]
tabun		N	PALI:ta’bun
tabungo		noun	Samson p699 [unknown/low]
taburete			Mirikitani p960 [unknown/low]
tabuyuc		noun	Samson p699 [unknown/low]
tabuyuk			Kapampangan-English-Pilipino wordlist p50 [unknown/low]
tacba		noun	Samson p701 [dictionary_explicit/high]
tacde		noun	Samson p701 [dictionary_explicit/high]
tacla		noun	Samson p701 [dictionary_explicit/high]
taclaid			Samson p702 [dictionary_explicit/high]
taclas		transitive verb	Samson p702 [dictionary_explicit/high]
tacman			Samson p702 [dictionary_explicit/high]
tacmit			Samson p702 [dictionary_explicit/high]
tacnaido		interjection	Samson p702 [unknown/low]
tacnip		adjective	Samson p702 [dictionary_explicit/high]
taco		N	PALI:ta’co
tacse		noun	Samson p703 [unknown/low]
tacsiapo		interjection	Samson p703 [unknown/low]
tacsil		adjective	Samson p703 [dictionary_explicit/high]
tactac		transitive verb	Samson p703 [dictionary_explicit/high]
tactika		noun	Samson p703 [unknown/low]
tadtad		V	PALI:tadtad
tafeta		noun	Samson p704 [dictionary_explicit/high]
tag			Samson p175 [dictionary_explicit/high]
tag-gan		noun	Samson p705 [unknown/low]
tag-giang		noun	Samson p705 [unknown/low]
taga		noun	Samson p704 [unknown/low]
taga-			PALI:taga-
tagabawa		noun	Samson p704 [unknown/low]
tagabili		noun	Samson p704 [unknown/low]
tagabulag		N	PALI:tagabu’lag
tagac		noun	Samson p704 [unknown/low]
tagahanga		noun	Samson p704 [unknown/low]
tagailog		noun	Samson p704 [unknown/low]
tagaindu			Samson p704 [dictionary_explicit/high]
tagak		N	PALI:taga’k
tagakaolo		noun	Samson p704 [unknown/low]
tagakogon		noun	Samson p704 [unknown/low]
tagal		V	PALI:taga’l
tagalug		noun	Samson p704 [dictionary_explicit/high]
tagan		V./D./St	PALI:tagan
tagana		adjective	Samson p705 [dictionary_explicit/high]
tagbanwa		noun	Samson p705 [unknown/low]
tagdi		N	PALI:tagdi’q
tage		transitive verb	Samson p705 [dictionary_explicit/high]
taggiangan			Samson p705 [unknown/low]
tagibang		adjective	Samson p705 [unknown/low]
tagibulag		noun	Samson p705 [dictionary_explicit/high]
tagil		transitive verb	Samson p706 [dictionary_explicit/high]
tagilid		D	PALI:tagi’lid
tagilo		adjective	Samson p706 [dictionary_explicit/high]
tagilu		N	PALI:tagilu’
tagimpan		adjective	Samson p706 [dictionary_explicit/high]
tagin			Samson p706 [unknown/low]
taginis		transitive verb	Samson p706 [dictionary_explicit/high]
tagis			Samson p706 [dictionary_explicit/high]
tagkil		noun	Samson p706 [dictionary_explicit/high]
tagking		noun	Samson p706 [unknown/low]
tagku		transitive verb	Samson p705 [dictionary_explicit/high]
taglaus			Samson p707 [unknown/low]
tagle		noun	Samson p706 [dictionary_explicit/high]
taglus		V	PALI:taglu’s
tagnan		N	PALI:tagna’n
tagpi		adjective	Samson p707 [dictionary_explicit/high]
tagpus		adjective	Samson p707 [dictionary_explicit/high]
tagtag		transitive verb	Samson p707 [dictionary_explicit/high]
tagu		N	PALI:tagu’
tagubayan			Samson p707 [unknown/low]
tagube			Samson p707 [unknown/low]
tagulale			Samson p707 [dictionary_explicit/high]
tagulaling		noun	Samson p707 [unknown/low]
tagulele			Samson p708 [dictionary_explicit/high]
taguling		noun	Samson p708 [unknown/low]
tagumpe		N	PALI:tagumpe’
tagun		V	PALI:tagun
taguri		adjective	Samson p708 [dictionary_explicit/high]
tagusgus			Samson p708 [unknown/low]
taguso		transitive verb	Samson p708 [dictionary_explicit/high]
tagustus		noun-verb	Samson p708 [unknown/low]
taguyud		transitive verb	Samson p708 [dictionary_explicit/high]
tagyang		N	PALI:tagya’ng
tahada		N	PALI:tahadaq
tahimik		N	PALI:tahi’mik
tahu			PALI:tahu’
tai			Kapampangan-English-Pilipino wordlist p50 [unknown/low]
taictic		noun	Samson p708 [unknown/low]
taid		verb	Samson p708 [unknown/low]
taiktik			Kapampangan-English-Pilipino wordlist p50 [unknown/low]
tail			Samson p451 [unknown/low]
taila		noun	Samson p709 [dictionary_explicit/high]
taimik			Kapampangan-English-Pilipino wordlist p50 [unknown/low]
taimtim		D./V	PALI:taimtim
taip		transitive verb	Samson p709 [dictionary_explicit/high]
tais		transitive verb	Samson p709 [dictionary_explicit/high]
taiwan			Samson p709 [unknown/low]
taka		adjective	Samson p699 [unknown/low]
takad		transitive verb	Samson p700 [dictionary_explicit/high]
takal		N	PALI:takal
takam		transitive verb	Samson p700 [dictionary_explicit/high]
takamtakam			Samson p700 [unknown/low]
takap		N	PALI:taka’p
takas		V	PALI:takas
takda		N./D	PALI:takda’q
takde		N	PALI:takde’
take		transitive verb	Samson p709 [dictionary_explicit/high]
takid		V	PALI:takid
takiki			Samson p709 [dictionary_explicit/high]
takilia		noun	Samson p709 [unknown/low]
takiliera		noun	Samson p709 [unknown/low]
takilya		N	PALI:taki’lya
takiran			Samson p709 [unknown/low]
takitaki			Samson p709 [unknown/low]
takla			Kapampangan-English-Pilipino wordlist p50 [unknown/low]
taklub			Kapampangan-English-Pilipino wordlist p50 [unknown/low]
takman		V	PALI:takman
taknedamu			PALI:taknedamu
tako		noun	Samson p702 [dictionary_explicit/high]
taku		noun	Samson p703 [unknown/low]
takub		noun	Samson p703 [dictionary_explicit/high]
takuid		adjective	Samson p703 [unknown/low]
takuku		noun	Samson p703 [dictionary_explicit/high]
takung		noun	Samson p703 [unknown/low]
takuri		noun	Samson p703 [unknown/low]
takusa			Samson p710 [unknown/low]
takut		N./V./D	PALI:ta’kut
tal		noun	Samson p710 [unknown/low]
tala		N	PALI:ta’laq
tala-			PALI:tala-
talab		noun	Samson p710 [dictionary_explicit/high]
talaba		noun	Samson p710 [unknown/low]
talabid		transitive verb	Samson p710 [dictionary_explicit/high]
talabis		noun	Samson p710 [unknown/low]
talabu		noun	Samson p710 [dictionary_explicit/high]
talac		noun-verb	Samson p710 [dictionary_explicit/high]
talacsa			Samson p711 [unknown/low]
talactac		transitive verb	Samson p711 [dictionary_explicit/high]
talactalac			Samson p710 [unknown/low]
talad		noun-verb	Samson p711 [dictionary_explicit/high]
taladro		noun	Samson p711 [dictionary_explicit/high]
taladtad		noun	Samson p711 [unknown/low]
talaga		Q./D	PALI:talaga’
talagube		N	PALI:talagube
talaib		noun	Samson p711 [unknown/low]
talakabaldugan			Samson p711 [unknown/low]
talakad		V	PALI:talaka’d
talakitok			Mirikitani p960 [unknown/low]
talakituc		noun	Samson p711 [unknown/low]
talakituk			Kapampangan-English-Pilipino wordlist p51 [unknown/low]
talaksan		N	PALI:talaksa’n
talakup		noun	Samson p711 [unknown/low]
talam		noun-verb	Samson p711 [unknown/low]
talambie			Kapampangan-English-Pilipino wordlist p51 [unknown/low]
talamitam			Kapampangan-English-Pilipino wordlist p51 [unknown/low]
talamitan		adjective	Samson p711 [dictionary_explicit/high]
talampakan		N	PALI:talampa’kan
talampune			Samson p712 [dictionary_explicit/high]
talamtam			Samson p712 [unknown/low]
talamuri			Samson p712 [unknown/low]
talan		V	PALI:talan
talandang		noun-verb	Samson p712 [dictionary_explicit/high]
talandon		noun-verb	Samson p712 [unknown/low]
talang		noun	Samson p713 [unknown/low]
talanga		noun-verb	Samson p713 [dictionary_explicit/high]
talangbie			Kapampangan-English-Pilipino wordlist p51 [unknown/low]
talangka		N	PALI:talangkaq
talangkibi			Samson p713 [unknown/low]
talangpas		noun	Samson p713 [unknown/low]
talangtalang		noun	Samson p713 [unknown/low]
talansic		noun	Samson p713 [dictionary_explicit/high]
talapis		adjective	Samson p713 [dictionary_explicit/high]
talaran		N	PALI:tala’ran
talaru		noun	Samson p713 [dictionary_explicit/high]
talas		noun-verb	Samson p713 [dictionary_explicit/high]
talasa		noun-verb	Samson p713 [unknown/low]
talasawa			Mirikitani p960 [unknown/low]
talastas		D	PALI:talastas
talatag		noun	Samson p714 [dictionary_explicit/high]
talatalabis			Samson p710 [unknown/low]
talatalakad			Samson p711 [unknown/low]
talatalandi			Samson p712 [unknown/low]
talatalangpas			Samson p713 [unknown/low]
talatuki		noun	Samson p714 [unknown/low]
talausuc		noun	Samson p714 [unknown/low]
talba			PALI:talba’
talbug			Samson p714 [unknown/low]
talbus			Samson p714 [unknown/low]
taldac		noun	Samson p714 [unknown/low]
taldaua			Samson p714 [unknown/low]
taldawa		N	PALI:talda’waq
tale		noun	Samson p714 [unknown/low]
talento		noun	Samson p714 [unknown/low]
talete			Samson p714 [dictionary_explicit/high]
tali		V	PALI:tali’q
talibatab		N	PALI:talibatab
talibung			Kapampangan-English-Pilipino wordlist p51 [unknown/low]
talicbong		noun	Samson p716 [unknown/low]
taligis		noun-verb	Samson p716 [unknown/low]
taligtig		noun-verb	Samson p716 [unknown/low]
talik		D	PALI:ta’lik
talikala		noun	Samson p716 [dictionary_explicit/high]
talikul		noun	Samson p716 [unknown/low]
talilis		noun-verb	Samson p716 [dictionary_explicit/high]
talimhaga			Samson p716 [unknown/low]
talimpukan		adjective	Samson p716 [unknown/low]
talimunduk			Kapampangan-English-Pilipino wordlist p51 [unknown/low]
talimusac		noun	Samson p716 [unknown/low]
talimusak			Kapampangan-English-Pilipino wordlist p51 [unknown/low]
talindata		noun-verb	Samson p716 [unknown/low]
talindatu			Kapampangan-English-Pilipino wordlist p51 [unknown/low]
talindiking		N	PALI:talindiking
talindo			Samson p716 [unknown/low]
talinduan		adjective	Samson p716 [unknown/low]
taling		verb	Samson p716 [unknown/low]
talinga		noun	Samson p717 [unknown/low]
talingaga			Kapampangan-English-Pilipino wordlist p51 [unknown/low]
talingtalingan			Samson p717 [unknown/low]
talingting		transitive verb	Samson p717 [dictionary_explicit/high]
talino			Kapampangan-English-Pilipino wordlist p51 [unknown/low]
talip			Kapampangan-English-Pilipino wordlist p51 [unknown/low]
talip-		V	PALI:tali’p-
taliptip			Kapampangan-English-Pilipino wordlist p51 [unknown/low]
taliri		N	PALI:tali’riq
talisain			Kapampangan-English-Pilipino wordlist p51 [unknown/low]
talisud			Kapampangan-English-Pilipino wordlist p51 [unknown/low]
talmgtingan			Samson p717 [dictionary_explicit/high]
talnan			PALI:talnan
talo		noun-verb	Samson p717 [dictionary_explicit/high]
talocbong			Samson p718 [dictionary_explicit/high]
taloti		D	PALI:talo’ti
taloto		noun	Samson p718 [dictionary_explicit/high]
talpac			Samson p718 [unknown/low]
talpakan		N	PALI:talpa’kan
taltal		V	PALI:talta’l
talu		noun	Samson p718 [unknown/low]
talubang		noun	Samson p718 [unknown/low]
talubitbit		adjective	Samson p718 [dictionary_explicit/high]
talubu		verb	Samson p718 [unknown/low]
talucbung			Samson p718 [unknown/low]
taluctuc		noun	Samson p718 [unknown/low]
taludtud		transitive verb	Samson p718 [dictionary_explicit/high]
talugigi			Samson p719 [unknown/low]
talugtug		adjective	Samson p719 [unknown/low]
talukab		N	PALI:taluka’b
talukbung			Kapampangan-English-Pilipino wordlist p51 [unknown/low]
taluki		noun (OCR: printed as 'ft.')	Samson p719 [dictionary_explicit/high]
talukud		noun	Samson p718 [dictionary_explicit/high]
talumpac		noun-verb	Samson p719 [dictionary_explicit/high]
talumpati		noun	Samson p719 [unknown/low]
talumpuc		adjective	Samson p719 [dictionary_explicit/high]
talung		N	PALI:talu’ng
talungku		V./St	PALI:talungku’q
talungtung			Samson p720 [unknown/low]
taluntun		noun-verb	Samson p720 [unknown/low]
talurang		adjective	Samson p720 [dictionary_explicit/high]
taluras			Samson p720 [unknown/low]
talus		noun-verb	Samson p720 [dictionary_explicit/high]
talusad		V	PALI:talu’sad
taluse			Samson p721 [dictionary_explicit/high]
talustus		noun	Samson p721 [unknown/low]
talyasi			Samson p721 [dictionary_explicit/high]
tamac		noun-verb	Samson p721 [dictionary_explicit/high]
tamad		D	PALI:tama’d
tamales			Samson p721 [unknown/low]
tamalis		N	PALI:tama’lis
taman			Samson p722 [unknown/low]
tamarindu		noun	Samson p722 [unknown/low]
tamas-		V	PALI:tamas-
tamasa		adjective	Samson p722 [dictionary_explicit/high]
tamatis		N	PALI:tama’tis
tamayuc		noun-verb	Samson p721 [unknown/low]
tambac		noun	Samson p722 [dictionary_explicit/high]
tambak			Kapampangan-English-Pilipino wordlist p51 [unknown/low]
tambal			Samson p723 [dictionary_explicit/high]
tamban		noun	Samson p723 [unknown/low]
tambang			Kapampangan-English-Pilipino wordlist p51 [unknown/low]
tambaya			Samson p722 [dictionary_explicit/high]
tambayuc		noun	Samson p723 [dictionary_explicit/high]
tambayuk		V./N	PALI:tamba’yuk
tambilala		N	PALI:tambila’laq
tambiluc		noun	Samson p723 [unknown/low]
tambing		adverb	Samson p723 [dictionary_explicit/high]
tambiolo		noun	Samson p723 [unknown/low]
tambis		transitive verb	Samson p723 [dictionary_explicit/high]
tambiyolo			Kapampangan-English-Pilipino wordlist p52 [unknown/low]
tambubung		noun	Samson p724 [unknown/low]
tambuk			Kapampangan-English-Pilipino wordlist p52 [unknown/low]
tambul		noun	Samson p724 [unknown/low]
tambuli		noun	Samson p724 [unknown/low]
tambulug		noun-verb	Samson p724 [dictionary_explicit/high]
tambulung		N	PALI:tambulu’ng
tambun		noun	Samson p724 [dictionary_explicit/high]
tambung		transitive verb	Samson p724 [dictionary_explicit/high]
tamburin		noun	Samson p724 [unknown/low]
tambutsu		noun	Samson p724 [unknown/low]
tambuyuc			Samson p724 [unknown/low]
tami			Samson p724 [unknown/low]
tamilmil			Kapampangan-English-Pilipino wordlist p52 [unknown/low]
tamimi		noun-verb	Samson p724 [dictionary_explicit/high]
tamo		noun	Samson p724 [unknown/low]
tampa		adjective	Samson p725 [unknown/low]
tampac			Samson p725 [unknown/low]
tampal		transitive verb	Samson p725 [dictionary_explicit/high]
tampalac		adjective	Samson p725 [unknown/low]
tampalasan		adjective	Samson p725 [dictionary_explicit/high]
tampaling		noun	Samson p725 [dictionary_explicit/high]
tampaling-		V	PALI:tampaling-
tampayac		noun	Samson p725 [unknown/low]
tampi		noun	Samson p726 [dictionary_explicit/high]
tampiluc		adjective	Samson p726 [unknown/low]
tamping		noun	Samson p726 [unknown/low]
tampiso		noun	Samson p726 [dictionary_explicit/high]
tampius			Samson p726 [unknown/low]
tampuc		noun	Samson p726 [unknown/low]
tampul		noun	Samson p726 [unknown/low]
tampun			Samson p726 [dictionary_explicit/high]
tampus		D	PALI:tampus
tamsfe		verb	Samson p726 [unknown/low]
tamtam		transitive verb	Samson p726 [dictionary_explicit/high]
tamu		Substitute: personal pronoun	PALI:ta’mu
tamual		noun	Samson p727 [dictionary_explicit/high]
tamumu		N	PALI:tamu’mu
tan		noun-verb	Samson p727 [unknown/low]
tan-tarantan		noun	Samson p733 [unknown/low]
tana			Samson p727 [dictionary_explicit/high]
tanac		adjective	Samson p727 [dictionary_explicit/high]
tanam		V	PALI:tanam
tanara		adjective	Samson p728 [dictionary_explicit/high]
tanat		adjective	Samson p728 [unknown/low]
tanda		N	PALI:tanda’q
tandanan		V	PALI:tandanan
tandang		N	PALI:tandang
tandayan		noun	Samson p728 [unknown/low]
tande			Samson p728 [unknown/low]
tandic		transitive verb	Samson p728 [dictionary_explicit/high]
tando			Samson p728 [unknown/low]
tandoc		noun	Samson p728 [dictionary_explicit/high]
tandus		noun	Samson p728 [dictionary_explicit/high]
tang			PALI:tang
tanga		D	PALI:tanga’
tangab		adjective	Samson p729 [dictionary_explicit/high]
tangad		noun-verb	Samson p729 [dictionary_explicit/high]
tangal		transitive verb	Samson p729 [dictionary_explicit/high]
tangantangan		noun	Samson p729 [unknown/low]
tangas			Samson p730 [dictionary_explicit/high]
tangban			Samson p729 [dictionary_explicit/high]
tangdo		transitive verb	Samson p730 [dictionary_explicit/high]
tangga		noun	Samson p729 [unknown/low]
tanggal		V./D	PALI:tangga’l
tanggap		V	PALI:tanggap
tanggi		V	PALI:tanggi’q
tanggilu			Samson p731 [dictionary_explicit/high]
tanggo			Samson p731 [unknown/low]
tangguac			Samson p731 [unknown/low]
tanggul		V	PALI:tanggul
tanghun			Samson p731 [unknown/low]
tangi		adjective	Samson p731 [dictionary_explicit/high]
tangis		noun	Samson p731 [dictionary_explicit/high]
tangka		adjective	Samson p730 [dictionary_explicit/high]
tangkal		noun	Samson p730 [unknown/low]
tangkap		adjective	Samson p730 [dictionary_explicit/high]
tangkas		noun	Samson p730 [unknown/low]
tangke		N	PALI:ta’ngke
tangki		N	PALI:tangki’q
tangkiap		noun	Samson p732 [unknown/low]
tangkil			Samson p732 [dictionary_explicit/high]
tangkilic		noun	Samson p732 [unknown/low]
tangkul		transitive verb	Samson p730 [dictionary_explicit/high]
tanglad			Samson p732 [unknown/low]
tangle		N	PALI:tangle’
tanglon		noun	Samson p732 [unknown/low]
tango		V	PALI:tango’q
tangpus			Samson p733 [dictionary_explicit/high]
tangsu		N	PALI:tangsu’
tangtang		adjective	Samson p733 [dictionary_explicit/high]
tangu		noun	Samson p733 [dictionary_explicit/high]
tangutangu			Samson p733 [unknown/low]
tangwe		noun	Samson p733 [unknown/low]
taniag			Samson p733 [unknown/low]
tanid			Samson p733 [unknown/low]
tanikala		N	PALI:tanika’laq
tanim		noun	Samson p733 [dictionary_explicit/high]
tanling		noun	Samson p733 [dictionary_explicit/high]
tansan		noun	Samson p733 [unknown/low]
tansil		N	PALI:tansil
tantara		noun	Samson p733 [unknown/low]
tantia		noun	Samson p733 [unknown/low]
tantiado		adjective	Samson p733 [unknown/low]
tantu		noun	Samson p734 [dictionary_explicit/high]
tanuc		intransitive verb	Samson p734 [dictionary_explicit/high]
tanud		adjective	Samson p734 [unknown/low]
tanuran			Samson p734 [unknown/low]
tanyang		D	PALI:tanyang
tapa		N	PALI:tapa’q
tapac		adjective	Samson p734 [unknown/low]
tapak		D	PALI:tapa’k
tapal			Samson p734 [dictionary_explicit/high]
tapalodo			Samson p734 [unknown/low]
tapang		D	PALI:ta’pang
tapangku		N	PALI:tapa’ngku
tapas		adjective	Samson p735 [unknown/low]
tapat		adjective	Samson p735 [dictionary_explicit/high]
tapayan		N	PALI:tapa’yan
tapete		noun	Samson p735 [unknown/low]
tapias		noun	Samson p735 [unknown/low]
tapictapic			Samson p735 [unknown/low]
tapie		noun	Samson p735 [unknown/low]
tapik			Kapampangan-English-Pilipino wordlist p52 [unknown/low]
tapil		N	PALI:ta’pil
tapis			Samson p735 [dictionary_explicit/high]
tapiseria		noun	Samson p735 [dictionary_explicit/high]
tapitapi		noun	Samson p736 [unknown/low]
tapius		adjective	Samson p736 [dictionary_explicit/high]
tapuc		transitive verb	Samson p736 [dictionary_explicit/high]
tapuk			Kapampangan-English-Pilipino wordlist p52 [unknown/low]
tapun		N	PALI:tapun
tapung		noun	Samson p736 [dictionary_explicit/high]
tapus		transitive verb	Samson p736 [dictionary_explicit/high]
taqu			PALI:ta’qu
tara		Excl	PALI:tara’
tarac		noun	Samson p736 [dictionary_explicit/high]
taram		D	PALI:tara’m
taramindu			Kapampangan-English-Pilipino wordlist p52 [unknown/low]
taranati			Samson p737 [unknown/low]
taranta		D	PALI:tara’nta
tarantadu		adjective	Samson p737 [unknown/low]
tarantela			Samson p737 [unknown/low]
tarat		N	PALI:tara’t
taratara		noun	Samson p737 [unknown/low]
taratus			Samson p737 [unknown/low]
tarenten			Samson p737 [unknown/low]
tarheta		noun	Samson p737 [unknown/low]
tari		N	PALI:ta’riq
taric		noun	Samson p738 [dictionary_explicit/high]
tarifa		noun	Samson p738 [unknown/low]
tarik			Kapampangan-English-Pilipino wordlist p53 [unknown/low]
tarlac		noun	Samson p738 [unknown/low]
tarling			Samson p738 [unknown/low]
tartanilia		noun	Samson p738 [unknown/low]
tartar			Samson p738 [unknown/low]
tartaro		noun	Samson p738 [unknown/low]
taru		N./V	PALI:taru’q
taruc			Samson p738 [dictionary_explicit/high]
taruk		V	PALI:taru’k
tarundung		N	PALI:tarundung
tarus			Samson p738 [unknown/low]
tas		D	PALI:tas
tasa		N	PALI:ta’sa
tasac		noun	Samson p739 [dictionary_explicit/high]
tasaday		noun	Samson p739 [unknown/low]
tasador		noun	Samson p739 [unknown/low]
tasadu			Samson p739 [unknown/low]
tasan		V	PALI:tasa’n
tasic		noun	Samson p739 [unknown/low]
tastas			Kapampangan-English-Pilipino wordlist p53 [unknown/low]
tata		N	PALI:ta’ta
tatac		transitive verb	Samson p739 [dictionary_explicit/high]
tatad		noun	Samson p739 [unknown/low]
tatag		transitive verb	Samson p739 [dictionary_explicit/high]
tatak			Kapampangan-English-Pilipino wordlist p53 [unknown/low]
tatal			Samson p740 [dictionary_explicit/high]
tatang		noun	Samson p740 [unknown/low]
tatap		V	PALI:tata’p
tatasic			Samson p739 [dictionary_explicit/high]
tatdptatdp			Samson p740 [unknown/low]
tatio		noun	Samson p740 [unknown/low]
tatsa			Samson p740 [unknown/low]
tatsu			Samson p740 [unknown/low]
tatu		noun	Samson p740 [dictionary_explicit/high]
tatyo			Kapampangan-English-Pilipino wordlist p53 [unknown/low]
tau		transitive verb	Samson p740 [dictionary_explicit/high]
tauac			Samson p740 [dictionary_explicit/high]
tauad		noun	Samson p740 [dictionary_explicit/high]
tauag		noun	Samson p741 [dictionary_explicit/high]
tauas		noun	Samson p741 [unknown/low]
taue		adjective	Samson p741 [dictionary_explicit/high]
tauge		noun	Samson p741 [dictionary_explicit/high]
taui		noun-verb	Samson p741 [unknown/low]
tauid			Samson p741 [dictionary_explicit/high]
tauil		noun-verb	Samson p742 [unknown/low]
tauing			Samson p742 [unknown/low]
tauit			Samson p742 [unknown/low]
taul			Samson p742 [dictionary_explicit/high]
tauli		D	PALI:tauli’q
taung		noun	Samson p742 [dictionary_explicit/high]
tauo		noun	Samson p742 [dictionary_explicit/high]
taus		adjective	Samson p742 [dictionary_explicit/high]
tausug		noun	Samson p743 [unknown/low]
taute		adverb	Samson p743 [dictionary_explicit/high]
taverna		noun	Samson p743 [unknown/low]
tawad		N	PALI:ta’wad
taya		N	PALI:ta’ya
tayac		noun	Samson p743 [dictionary_explicit/high]
tayad		noun-verb	Samson p743 [dictionary_explicit/high]
tayag		transitive verb	Samson p743 [dictionary_explicit/high]
tayakad		noun	Samson p743 [unknown/low]
tayang		noun	Samson p743 [unknown/low]
tayas			Samson p743 [dictionary_explicit/high]
tayi		manahiq, ma:nahiq, menahiq	PALI:tayi’q
tayo			Samson p743 [dictionary_explicit/high]
tayu			Samson p743 [dictionary_explicit/high]
tayum		noun	Samson p743 [dictionary_explicit/high]
te		pronoun	Samson p744 [unknown/low]
teatro		noun	Samson p744 [unknown/low]
tebac			Samson p697 [dictionary_explicit/high]
teclado		noun	Samson p744 [unknown/low]
tecnika		noun	Samson p744 [unknown/low]
tecniko		noun	Samson p744 [unknown/low]
tecnolohia		noun	Samson p744 [unknown/low]
tegauan			Samson p744 [unknown/low]
tegawan		N	PALI:tega’wan
teka		noun	Samson p744 [unknown/low]
tekas			Kapampangan-English-Pilipino wordlist p53 [unknown/low]
teklada			Kapampangan-English-Pilipino wordlist p53 [unknown/low]
teknikal		D	PALI:teknikal
tekwad			Kapampangan-English-Pilipino wordlist p53 [unknown/low]
tekwan			Kapampangan-English-Pilipino wordlist p53 [unknown/low]
tela		N	PALI:te’la
telabanua		noun	Samson p744 [unknown/low]
telabanwa		N	PALI:telaba’nwa
telabastagan		N	PALI:telabastagan
telabulan		N	PALI:telabulan
telakaba			Samson p744 [unknown/low]
telapayung		adjective	Samson p744 [unknown/low]
telasukli		N	PALI:telasukli
telataung-		N	PALI:telata’ung-
telaturung		adjective	Samson p744 [unknown/low]
telebabad		noun	Samson p744 [unknown/low]
telefono		noun	Samson p744 [unknown/low]
telegra		noun	Samson p744 [unknown/low]
telegrafo		noun	Samson p744 [unknown/low]
telegrama		noun	Samson p744 [unknown/low]
telekwad		D./V	PALI:telekwad
teleponista			Mirikitani p962 [unknown/low]
teleskopio		noun	Samson p744 [unknown/low]
telon		noun	Samson p744 [unknown/low]
telonero		noun	Samson p744 [unknown/low]
teltel			Samson p744 [unknown/low]
tema		noun	Samson p744 [unknown/low]
tembong			Samson p744 [unknown/low]
temperamental		adjective	Samson p745 [unknown/low]
temperamento		noun	Samson p745 [unknown/low]
temperatura		noun	Samson p745 [unknown/low]
templanza		noun	Samson p745 [unknown/low]
templete		noun	Samson p745 [unknown/low]
templo		noun	Samson p745 [unknown/low]
temyong		N	PALI:te’myong
tenggan		N	PALI:te’nggan
tengkwad			PALI:tengkwad
teniente			Samson p745 [unknown/low]
tentebonete		adverb	Samson p745 [unknown/low]
teologo		noun	Samson p745 [unknown/low]
teolohiko		adjective	Samson p745 [unknown/low]
teolohiya		noun	Samson p745 [unknown/low]
teoretiko		adjective	Samson p746 [unknown/low]
teoria		noun	Samson p746 [unknown/low]
tepangan		noun	Samson p746 [unknown/low]
terac		noun	Samson p746 [unknown/low]
terak		V	PALI:tera’k
terku		noun	Samson p746 [unknown/low]
termino		noun	Samson p746 [unknown/low]
terno		noun	Samson p746 [unknown/low]
ternu		D	PALI:te’rnu
terrible		adjective	Samson p746 [unknown/low]
territorio		noun	Samson p746 [unknown/low]
terror		noun	Samson p746 [unknown/low]
terrorismo		noun	Samson p746 [unknown/low]
terrorista		noun	Samson p746 [unknown/low]
tersera		adjective	Samson p746 [unknown/low]
tersia		noun	Samson p746 [unknown/low]
tersiaria			Samson p746 [unknown/low]
tersio		noun	Samson p746 [unknown/low]
tersiopelo		noun	Samson p746 [unknown/low]
tesauro		noun	Samson p746 [unknown/low]
tesorero		noun	Samson p747 [unknown/low]
tesoro		noun	Samson p746 [unknown/low]
testamento		noun	Samson p747 [unknown/low]
testamentu			Kapampangan-English-Pilipino wordlist p53 [unknown/low]
testar		verb	Samson p747 [unknown/low]
testify			Samson p747 [unknown/low]
testigo		noun	Samson p747 [unknown/low]
testigu			Kapampangan-English-Pilipino wordlist p53 [unknown/low]
testikulo		noun	Samson p747 [unknown/low]
testimonio			Samson p747 [unknown/low]
testimony			Samson p747 [unknown/low]
testimonyo			Kapampangan-English-Pilipino wordlist p53 [unknown/low]
tete		N	PALI:te’te
tetengkuad			Samson p747 [unknown/low]
tetrarka		noun	Samson p747 [unknown/low]
tetsing			Samson p747 [unknown/low]
teybal		V	PALI:te’ybal
thicket			Samson p685 [dictionary_explicit/high]
thing		noun-verb	Samson p123 [dictionary_explicit/high]
throat		noun-verb	Samson p658 [dictionary_explicit/high]
ti			Samson p747 [unknown/low]
tia			Samson p747 [unknown/low]
tiaya			Samson p747 [unknown/low]
tiba		V	PALI:tiba’q
tibaba		noun	Samson p747 [dictionary_explicit/high]
tibabayat		adjective	Samson p747 [unknown/low]
tibac		adjective	Samson p747 [unknown/low]
tibag		D	PALI:tiba’g
tibaktibak		D	PALI:tibaktibak
tibatib		noun (OCR: printed as 'ft.')	Samson p748 [unknown/low]
tibe		D	PALI:-ti’be
tibi		noun (OCR: printed as 'ft.')	Samson p748 [unknown/low]
tibis		noun (OCR: printed as 'ft.')	Samson p748 [unknown/low]
tibsukan			Samson p748 [dictionary_explicit/high]
tibu		noun	Samson p748 [dictionary_explicit/high]
tibubus		adjective	Samson p748 [unknown/low]
tibuc		noun (OCR: printed as 'ft.')	Samson p748 [unknown/low]
tibuctibuc		noun (OCR: printed as 'ft.')	Samson p748 [unknown/low]
tibuebue		noun	Samson p748 [dictionary_explicit/high]
tibul		noun-verb	Samson p748 [dictionary_explicit/high]
tibulus		noun	Samson p749 [unknown/low]
tibuwan		N	PALI:tibuwan
tic-kuad		noun-verb	Samson p749 [unknown/low]
tic-kuas		adjective	Samson p749 [unknown/low]
ticbalang			Samson p749 [unknown/low]
ticdas		noun (OCR: printed as 'ft.')	Samson p749 [dictionary_explicit/high]
ticdi		noun	Samson p749 [unknown/low]
ticdo		noun-verb	Samson p749 [dictionary_explicit/high]
tickuadtickuad			Samson p749 [unknown/low]
ticlis		noun (OCR: printed as 'ft.')	Samson p749 [unknown/low]
ticmus		adjective	Samson p749 [dictionary_explicit/high]
tictic		noun	Samson p750 [dictionary_explicit/high]
tidtad		noun	Samson p750 [unknown/low]
tidua		adverb	Samson p750 [unknown/low]
tiduatidua		adverb	Samson p750 [unknown/low]
tidwa			Kapampangan-English-Pilipino wordlist p54 [unknown/low]
tiempo		noun	Samson p750 [unknown/low]
tiesa		noun	Samson p751 [dictionary_explicit/high]
tigab		noun	Samson p751 [unknown/low]
tigagal		transitive verb	Samson p751 [dictionary_explicit/high]
tigang		transitive verb	Samson p751 [dictionary_explicit/high]
tigbalang		noun	Samson p751 [unknown/low]
tigealo		noun	Samson p751 [unknown/low]
tigho		noun	Samson p751 [unknown/low]
tigim		V	PALI:tigim
tigis		noun	Samson p751 [dictionary_explicit/high]
tigit		noun	Samson p751 [dictionary_explicit/high]
tigoto		transitive verb	Samson p751 [dictionary_explicit/high]
tigpas		adjective	Samson p752 [dictionary_explicit/high]
tigpastigpas			Samson p752 [unknown/low]
tigpo			Samson p752 [unknown/low]
tigre		noun	Samson p752 [unknown/low]
tigsa		N	PALI:ti’gsaq
tigtig		V	PALI:tigtig
tiheras		noun	Samson p752 [dictionary_explicit/high]
tika		noun	Samson p749 [dictionary_explicit/high]
tikab			Samson p749 [unknown/low]
tikad		noun-verb	Samson p749 [dictionary_explicit/high]
tikal		D./V./St	PALI:tikal
tikantikan			Samson p749 [unknown/low]
tikas		noun	Samson p749 [unknown/low]
tikatic		noun-verb	Samson p749 [unknown/low]
tikbalang		N	PALI:tikbalang
tikdi			Kapampangan-English-Pilipino wordlist p53 [unknown/low]
tikdo			Kapampangan-English-Pilipino wordlist p53 [unknown/low]
tike		noun	Samson p752 [unknown/low]
tiket			Kapampangan-English-Pilipino wordlist p53 [unknown/low]
tikiki			Samson p752 [dictionary_explicit/high]
tikin			Samson p752 [unknown/low]
tikis			Samson p752 [unknown/low]
tikladu			Kapampangan-English-Pilipino wordlist p53 [unknown/low]
tikling			Kapampangan-English-Pilipino wordlist p53 [unknown/low]
tiklis			Kapampangan-English-Pilipino wordlist p53 [unknown/low]
tikmus		N	PALI:tikmu’s
tikoy		noun	Samson p750 [unknown/low]
tikta		N./Q	PALI:tikta’
tiktik			Kapampangan-English-Pilipino wordlist p53 [unknown/low]
tikul		noun-verb	Samson p750 [unknown/low]
tikultikul			Samson p750 [unknown/low]
tikum		transitive verb	Samson p750 [unknown/low]
tikumkum		verb	Samson p750 [unknown/low]
tikungkung		verb	Samson p750 [unknown/low]
tikus		noun	Samson p750 [unknown/low]
tikwas			Kapampangan-English-Pilipino wordlist p54 [unknown/low]
tila		noun-verb	Samson p752 [unknown/low]
tilac		noun-verb	Samson p752 [dictionary_explicit/high]
tilalid			Samson p752 [unknown/low]
tilao		noun	Samson p752 [unknown/low]
tilapia		noun	Samson p752 [unknown/low]
tilaw		V	PALI:tila’w
tilbag		noun	Samson p753 [unknown/low]
tilbug		D./V	PALI:tilbug
tilis		N	PALI:ti’lis
tilmid		transitive verb	Samson p753 [dictionary_explicit/high]
tilo		noun	Samson p753 [unknown/low]
tiltil		V	PALI:tiltil
tilunas		noun	Samson p753 [unknown/low]
tilus		D	PALI:-ti’lus
tily		transitive verb	Samson p753 [dictionary_explicit/high]
tim-mias		noun	Samson p755 [unknown/low]
tima		noun-verb	Samson p753 [dictionary_explicit/high]
timalad		noun	Samson p753 [unknown/low]
timan		V	PALI:timan
timang		adjective	Samson p754 [unknown/low]
timanman		noun	Samson p754 [dictionary_explicit/high]
timatimanman			Samson p754 [dictionary_explicit/high]
timaua		adjective	Samson p754 [dictionary_explicit/high]
timawa			Kapampangan-English-Pilipino wordlist p54 [unknown/low]
timba		N	PALI:timba’q
timbabalac		noun	Samson p754 [unknown/low]
timbabalak		N	PALI:timbaba’lak
timbang		N	PALI:ti’mbang
timbre		noun	Samson p755 [unknown/low]
timbu		N	PALI:timbu’q
timbul			Kapampangan-English-Pilipino wordlist p54 [unknown/low]
timid		V	PALI:timi’d
timil		transitive verb	Samson p755 [dictionary_explicit/high]
timog		noun	Samson p755 [unknown/low]
timoteo			Samson p755 [unknown/low]
timothy			Samson p755 [unknown/low]
timpan			Samson p755 [unknown/low]
timpla			Samson p755 [unknown/low]
timplado			Samson p755 [dictionary_explicit/high]
timpu		V./D./St	PALI:ti’mpuq
timpuk			Kapampangan-English-Pilipino wordlist p54 [unknown/low]
timsim		noun	Samson p755 [dictionary_explicit/high]
timtim		noun	Samson p756 [dictionary_explicit/high]
timu		verb	Samson p756 [unknown/low]
timucmuc			Samson p756 [unknown/low]
timug		N	PALI:timug
timulin		N	PALI:timulin
tin			Samson p756 [dictionary_explicit/high]
tina		adjective	Samson p756 [dictionary_explicit/high]
tinaclub			Samson p756 [unknown/low]
tinalage		N	PALI:tinala’ge
tinangtinapan		D	PALI:tinangtina’pan
tinap		V	PALI:ti’nap
tinape		N	PALI:tina’pe
tinatinang		adverb	Samson p756 [dictionary_explicit/high]
tinda		V	PALI:ti’nda
tindag		noun	Samson p756 [unknown/low]
tindahan			Mirikitani p962 [unknown/low]
tindaragis		noun	Samson p756 [unknown/low]
tindaragul		N	PALI:tindaragul
tindayag		transitive verb	Samson p757 [dictionary_explicit/high]
tindera		noun	Samson p757 [unknown/low]
tindi		noun-verb	Samson p757 [dictionary_explicit/high]
tindig		noun	Samson p757 [dictionary_explicit/high]
tingali		noun	Samson p757 [dictionary_explicit/high]
tingangas			Samson p757 [dictionary_explicit/high]
tingbo		noun	Samson p757 [unknown/low]
tingga		N	PALI:tinggaq
tinggalong		noun	Samson p758 [unknown/low]
tinggaputi		N	PALI:tinggapu’ti
tinggasi		noun	Samson p758 [dictionary_explicit/high]
tinggil		noun	Samson p758 [unknown/low]
tingi		V	PALI:tingiq
tingid		noun	Samson p758 [unknown/low]
tingig		noun	Samson p758 [unknown/low]
tingkad			Samson p757 [unknown/low]
tingkaputi			Kapampangan-English-Pilipino wordlist p54 [unknown/low]
tingkayad		noun-verb	Samson p757 [unknown/low]
tingkis			Samson p758 [dictionary_explicit/high]
tingting		transitive verb	Samson p758 [dictionary_explicit/high]
tinic		noun-verb	Samson p758 [unknown/low]
tinidur			Mirikitani p963 [unknown/low]
tinio		noun	Samson p758 [dictionary_explicit/high]
tinkaputi			Samson p756 [unknown/low]
tino		noun	Samson p759 [dictionary_explicit/high]
tinola		N	PALI:tino’la
tinta		N	PALI:tinta
tinti		adverb	Samson p759 [unknown/low]
tintika			Samson p759 [unknown/low]
tipa		V	PALI:ti’pa
tipa-manic		adverb	Samson p759 [unknown/low]
tipac		noun (OCR: printed as 'ft.')	Samson p759 [unknown/low]
tipak		N	PALI:ti’pak
tipaklung			Kapampangan-English-Pilipino wordlist p54 [unknown/low]
tipas			Samson p760 [unknown/low]
tipia		transitive verb	Samson p760 [dictionary_explicit/high]
tipiad		verb	Samson p760 [unknown/low]
tipid		V	PALI:tipi’d
tipla		V	PALI:ti’plaq
tiplad			Kapampangan-English-Pilipino wordlist p54 [unknown/low]
tipo			Samson p760 [dictionary_explicit/high]
tipu			Samson p760 [dictionary_explicit/high]
tipul		noun	Samson p760 [unknown/low]
tipun		V	PALI:ti’pun
tipus			Samson p760 [unknown/low]
tira		noun	Samson p760 [unknown/low]
tiraban			Samson p760 [unknown/low]
tirad		noun	Samson p761 [unknown/low]
tirada		noun	Samson p761 [unknown/low]
tirador		noun	Samson p761 [dictionary_explicit/high]
tirak			Mirikitani p963 [unknown/low]
tiran			PALI:tiran
tirante		noun	Samson p761 [unknown/low]
tiratira			Samson p761 [unknown/low]
tiric		noun	Samson p761 [dictionary_explicit/high]
tirintas			Samson p761 [unknown/low]
tiris		V	PALI:tiris
tis		V	PALI:tis
tisa		N	PALI:ti’saq
tisuran			Samson p762 [unknown/low]
titi		transitive verb	Samson p762 [dictionary_explicit/high]
titirintas			Samson p761 [dictionary_explicit/high]
titlu		adverb	Samson p762 [unknown/low]
titlu-titlunan			Samson p762 [AI_proposed/medium]
titlutitlu		adverb	Samson p762 [unknown/low]
tito			Samson p762 [unknown/low]
titser			Mirikitani p963 [unknown/low]
titular		adjective	Samson p762 [unknown/low]
titulo		noun (OCR: printed as 'ft.')	Samson p762 [dictionary_explicit/high]
titulu			Kapampangan-English-Pilipino wordlist p54 [unknown/low]
tiuala		adjective	Samson p762 [dictionary_explicit/high]
tiualag		adjective	Samson p762 [dictionary_explicit/high]
tiuase		adjective	Samson p763 [dictionary_explicit/high]
tiueue		transitive verb	Samson p763 [dictionary_explicit/high]
tiyan			PALI:tiya’n
tiyobibo		N	PALI:tiyobi’bo
tiyupan			Kapampangan-English-Pilipino wordlist p54 [unknown/low]
to		pronoun	Samson p763 [unknown/low]
tobias			Samson p763 [unknown/low]
todas			Samson p763 [unknown/low]
todo		adjective	Samson p763 [unknown/low]
todosan			Samson p763 [dictionary_explicit/high]
todu			Kapampangan-English-Pilipino wordlist p54 [unknown/low]
todusan			Samson p763 [unknown/low]
tofu			Samson p763 [unknown/low]
toga		noun	Samson p763 [unknown/low]
toge			Kapampangan-English-Pilipino wordlist p54 [unknown/low]
toka		noun	Samson p763 [unknown/low]
tokador		noun	Samson p763 [unknown/low]
tokang		noun	Samson p763 [unknown/low]
tokaya			Samson p763 [dictionary_explicit/high]
tokua			Samson p763 [dictionary_explicit/high]
tokung			Kapampangan-English-Pilipino wordlist p54 [unknown/low]
tokwa			Kapampangan-English-Pilipino wordlist p54 [unknown/low]
tokyo			Mirikitani p963 [unknown/low]
tolda		noun	Samson p763 [dictionary_explicit/high]
tolo			Samson p764 [dictionary_explicit/high]
tomate		noun	Samson p764 [unknown/low]
tomba			Samson p764 [unknown/low]
tombalevanta		noun	Samson p764 [unknown/low]
tombatomba			Samson p764 [dictionary_explicit/high]
tomismo		noun	Samson p764 [unknown/low]
tomo		noun	Samson p764 [unknown/low]
tomoposesion		noun	Samson p764 [dictionary_explicit/high]
tompiang		noun	Samson p764 [dictionary_explicit/high]
tonelada		noun	Samson p764 [unknown/low]
tong		N	PALI:tong
tono		N	PALI:to’no
tonto		noun	Samson p765 [unknown/low]
tool			Samson p140 [dictionary_explicit/high]
topografiya		noun	Samson p765 [unknown/low]
topotopo			Samson p765 [dictionary_explicit/high]
torda			Samson p765 [unknown/low]
toreador		noun	Samson p765 [unknown/low]
toreo		noun	Samson p765 [unknown/low]
torero		noun	Samson p765 [dictionary_explicit/high]
torilio		noun	Samson p765 [dictionary_explicit/high]
tormento		noun	Samson p765 [unknown/low]
torneo		noun	Samson p765 [unknown/low]
tornilio		noun	Samson p765 [unknown/low]
tornilyo		N	PALI:torni’lyo
torno		D	PALI:to’rno
toro		noun	Samson p765 [unknown/low]
torotot			Samson p765 [unknown/low]
torpe			Samson p765 [unknown/low]
torre		noun	Samson p765 [unknown/low]
torrero		noun	Samson p765 [unknown/low]
torsido		noun	Samson p765 [dictionary_explicit/high]
torta		noun	Samson p765 [unknown/low]
tortilia		noun	Samson p765 [unknown/low]
tortoise			Samson p549 [dictionary_explicit/high]
torusan			Samson p765 [dictionary_explicit/high]
tosino		noun	Samson p763 [unknown/low]
tosu		adjective	Samson p766 [unknown/low]
toto		transitive verb	Samson p766 [dictionary_explicit/high]
towards			Samson p493 [dictionary_explicit/high]
town			Samson p83 [dictionary_explicit/high]
toyo			Mirikitani p963 [unknown/low]
toyu			Samson p766 [dictionary_explicit/high]
tractora		noun	Samson p766 [unknown/low]
tradision		noun	Samson p766 [unknown/low]
tranformasion		noun	Samson p767 [unknown/low]
trangka			Samson p766 [unknown/low]
trangkasu		N	PALI:trangka’su
trankazo		noun	Samson p766 [dictionary_explicit/high]
transacsion		noun	Samson p766 [unknown/low]
transfigurasion		noun	Samson p766 [unknown/low]
transforma			Samson p767 [unknown/low]
transision		noun	Samson p767 [unknown/low]
transitivo			Samson p767 [unknown/low]
translasion		noun	Samson p767 [unknown/low]
transleyt		V	PALI:transleyt
transmission			Samson p766 [unknown/low]
transparente			Samson p767 [unknown/low]
transportasion		noun	Samson p767 [unknown/low]
transporte		noun	Samson p767 [unknown/low]
transubstansiasion		noun	Samson p767 [unknown/low]
trapichero		noun	Samson p767 [dictionary_explicit/high]
trapik		N	PALI:tra’pik
tratado		noun	Samson p767 [unknown/low]
trato			Samson p767 [unknown/low]
tratu			Kapampangan-English-Pilipino wordlist p55 [unknown/low]
tratus		N	PALI:tratus
traverse			Samson p767 [unknown/low]
travesanio		noun	Samson p767 [unknown/low]
traviesa		noun	Samson p767 [unknown/low]
traysikal		N	PALI:tra’ysikal
treatment			Samson p315 [dictionary_explicit/high]
treinta			Samson p767 [unknown/low]
tren		noun	Samson p767 [unknown/low]
trenta			Mirikitani p963 [unknown/low]
trentay			Mirikitani p963 [unknown/low]
trento		noun	Samson p767 [unknown/low]
tres			Samson p768 [unknown/low]
trese			Samson p767 [unknown/low]
tresientos			Samson p767 [unknown/low]
treskantos		N	PALI:treskantos
trianggulo		N	PALI:trianggulo
tribu		noun (OCR: printed as 'ft.')	Samson p768 [unknown/low]
tribuna		noun (OCR: printed as 'ft.')	Samson p768 [unknown/low]
tribunal		noun (OCR: printed as 'ft.')	Samson p768 [unknown/low]
tribuno		noun (OCR: printed as 'ft.')	Samson p768 [unknown/low]
tribuson		noun (OCR: printed as 'ft.')	Samson p768 [unknown/low]
tridentino		adjective	Samson p768 [unknown/low]
triduo		noun (OCR: printed as 'ft.')	Samson p768 [dictionary_explicit/high]
trigo		noun (OCR: printed as 'ft.')	Samson p768 [unknown/low]
trinchera		noun (OCR: printed as 'ft.')	Samson p768 [unknown/low]
trincherahan			Samson p768 [unknown/low]
trinidad		noun (OCR: printed as 'ft.')	Samson p768 [unknown/low]
trintas			Samson p768 [unknown/low]
triple		adjective	Samson p768 [unknown/low]
triplikado		adjective	Samson p768 [unknown/low]
tripulante		noun (OCR: printed as 'ft.')	Samson p768 [unknown/low]
trisiun			Samson p768 [dictionary_explicit/high]
trombon		noun	Samson p769 [unknown/low]
trompa		noun	Samson p769 [unknown/low]
trompeta		noun	Samson p769 [unknown/low]
trompo		noun	Samson p769 [unknown/low]
trono		noun	Samson p769 [unknown/low]
tropa		noun	Samson p769 [unknown/low]
tropeo		noun	Samson p769 [unknown/low]
tropik		N	PALI:tro’pik
tropikal			Samson p769 [unknown/low]
tropiko		noun	Samson p769 [unknown/low]
trote		noun	Samson p769 [unknown/low]
trozo			Samson p769 [unknown/low]
truncheon			Samson p113 [dictionary_explicit/high]
ts-			Samson p769 [unknown/low]
tsa		noun	Samson p769 [dictionary_explicit/high]
tsamba			Samson p770 [dictionary_explicit/high]
tsesa			Kapampangan-English-Pilipino wordlist p55 [unknown/low]
tsiku			Kapampangan-English-Pilipino wordlist p55 [unknown/low]
tsokolate			Mirikitani p963 [unknown/low]
tsuklati			Kapampangan-English-Pilipino wordlist p55 [unknown/low]
tu			Mirikitani p922 [unknown/low]
tua		N	PALI:tua’
tuad		noun	Samson p770 [dictionary_explicit/high]
tuag		transitive verb	Samson p770 [dictionary_explicit/high]
tuaka		noun	Samson p770 [unknown/low]
tual		noun-verb	Samson p771 [unknown/low]
tualia			Samson p771 [unknown/low]
tualya			Mirikitani p963 [unknown/low]
tuang		noun-verb	Samson p771 [unknown/low]
tuangtuang			Samson p771 [unknown/low]
tuaric		noun-verb	Samson p771 [unknown/low]
tuas		noun-verb	Samson p771 [dictionary_explicit/high]
tuastuasan			Samson p771 [unknown/low]
tuati		noun-verb	Samson p771 [dictionary_explicit/high]
tuba		N	PALI:tuba’q
tubab		adjective	Samson p771 [dictionary_explicit/high]
tubal		transitive verb	Samson p771 [dictionary_explicit/high]
tubas			Samson p771 [unknown/low]
tubatub		adjective	Samson p771 [dictionary_explicit/high]
tubbiad		noun	Samson p771 [unknown/low]
tubebe			Samson p772 [unknown/low]
tubero		noun	Samson p772 [unknown/low]
tubig			Samson p772 [unknown/low]
tubo		N	PALI:tu’bo
tubu		V	PALI:tu’buq
tubud		N	PALI:tubu’d
tubung		noun	Samson p773 [dictionary_explicit/high]
tuburan			Samson p773 [unknown/low]
tuclap		adjective	Samson p773 [unknown/low]
tuclip		noun	Samson p774 [dictionary_explicit/high]
tuclu		noun-verb	Samson p774 [dictionary_explicit/high]
tuclung		noun	Samson p774 [unknown/low]
tucmi		adjective	Samson p774 [unknown/low]
tucnang		noun-verb	Samson p774 [dictionary_explicit/high]
tucnangtucnang			Samson p774 [dictionary_explicit/high]
tucsu		noun	Samson p774 [dictionary_explicit/high]
tuctuc		noun	Samson p774 [dictionary_explicit/high]
tud		V./St./D	PALI:tud
tudlung		noun	Samson p776 [dictionary_explicit/high]
tudtud		D./V	PALI:tudtud
tuelas			Samson p776 [dictionary_explicit/high]
tuerka		noun	Samson p776 [unknown/low]
tug		noun	Samson p776 [unknown/low]
tugac		noun	Samson p776 [unknown/low]
tugagas		noun-verb	Samson p776 [unknown/low]
tugak		N	PALI:tuga’k
tugapis		transitive verb	Samson p776 [dictionary_explicit/high]
tugas		transitive verb	Samson p776 [dictionary_explicit/high]
tuge		intransitive verb	Samson p776 [dictionary_explicit/high]
tugi		noun	Samson p777 [unknown/low]
tugis			Samson p777 [unknown/low]
tuglung		V	PALI:tuglung
tugma		adjective	Samson p777 [dictionary_explicit/high]
tugo		adjective	Samson p777 [unknown/low]
tugpa		noun	Samson p777 [dictionary_explicit/high]
tugtug		V	PALI:tugtug
tugun		noun-verb	Samson p777 [unknown/low]
tugut		transitive verb	Samson p777 [dictionary_explicit/high]
tuiag		noun-verb	Samson p777 [dictionary_explicit/high]
tuitui		noun (OCR: printed as 'ft.')	Samson p778 [unknown/low]
tuka		transitive verb	Samson p773 [dictionary_explicit/high]
tukal		noun	Samson p773 [dictionary_explicit/high]
tukayu		N	PALI:tuka’yu
tuki		V	PALI:tuki
tukil		N	PALI:tu’kil
tukiltukil		adjective	Samson p778 [dictionary_explicit/high]
tukituki			Samson p778 [unknown/low]
tuklas		V	PALI:tuklas
tuklip		V	PALI:tuklip
tuklu		St./D./V	PALI:tuklu’q
tuknang		V	PALI:tuknang
tuksu		V	PALI:tuksu’
tuktuk		N	PALI:tuktuk
tuku		noun	Samson p775 [unknown/low]
tukud		N	PALI:tukud
tukud-banua		noun (OCR: printed as 'ft.')	Samson p775 [unknown/low]
tukul		noun-verb	Samson p775 [unknown/low]
tukultukul			Samson p775 [unknown/low]
tukung		noun (OCR: printed as 'ft.')	Samson p775 [unknown/low]
tukup		transitive verb	Samson p775 [dictionary_explicit/high]
tukupan-		N	PALI:tuku’pan-
tukuraneran			Samson p775 [unknown/low]
tul		N	PALI:tul
tula		N	PALI:tu’laq
tulabut		noun-verb	Samson p778 [unknown/low]
tulac		transitive verb	Samson p778 [dictionary_explicit/high]
tulacbut		noun-verb	Samson p779 [unknown/low]
tulad		noun-verb	Samson p779 [dictionary_explicit/high]
tulak		V	PALI:tu’lak
tulala			Samson p778 [unknown/low]
tulandung			Samson p779 [unknown/low]
tulang		N	PALI:tula’ng
tulao		adjective	Samson p779 [dictionary_explicit/high]
tulapis			Samson p779 [unknown/low]
tularac		noun-verb	Samson p779 [unknown/low]
tulari		noun	Samson p779 [unknown/low]
tulas		noun-verb	Samson p779 [dictionary_explicit/high]
tulasuc		noun-verb	Samson p780 [unknown/low]
tulatuc		noun	Samson p780 [unknown/low]
tulatud		noun	Samson p780 [dictionary_explicit/high]
tulatulacbut			Samson p779 [unknown/low]
tulatulari			Samson p779 [unknown/low]
tulauc		noun	Samson p780 [dictionary_explicit/high]
tulauk		V	PALI:tulau’k
tuldu		V	PALI:tulduq
tuli		N	PALI:tuliq
tuliapis		adjective	Samson p780 [unknown/low]
tulicsa		transitive verb	Samson p780 [dictionary_explicit/high]
tulid		adjective	Samson p780 [dictionary_explicit/high]
tulin		D	PALI:-tulin
tuling		D	PALI:tuling
tulingtuling		adverb	Samson p781 [unknown/low]
tuliran			Samson p781 [dictionary_explicit/high]
tuliru		D	PALI:tuli’ru
tulisan		noun	Samson p781 [unknown/low]
tulsic		transitive verb	Samson p781 [dictionary_explicit/high]
tultul		transitive verb	Samson p782 [dictionary_explicit/high]
tulu		noun	Samson p782 [dictionary_explicit/high]
tuluapis			Samson p782 [unknown/low]
tuluc		transitive verb	Samson p782 [dictionary_explicit/high]
tulud		N	PALI:tu’lud
tulug		noun	Samson p782 [dictionary_explicit/high]
tuluk		N	PALI:tulu’k
tulukab		N	PALI:tulukab
tulukaba			Samson p782 [unknown/low]
tulukambmg		adjective	Samson p782 [unknown/low]
tulung		transitive verb	Samson p783 [dictionary_explicit/high]
tulung-kaba		N	PALI:tu’lung-kaba’q
tulungkaba			Samson p783 [unknown/low]
tuluntulun			Samson p783 [unknown/low]
tulus		D	PALI:tu’lus
tulustulus			Samson p783 [dictionary_explicit/high]
tulut		transitive verb	Samson p783 [dictionary_explicit/high]
tumayla		N	PALI:tuma’yla
tumba		noun	Samson p783 [unknown/low]
tumbaga		noun	Samson p783 [unknown/low]
tumbalas		transitive verb	Samson p783 [dictionary_explicit/high]
tumbalic		transitive verb	Samson p784 [dictionary_explicit/high]
tumbas			Samson p784 [unknown/low]
tumbeling		noun-verb	Samson p784 [unknown/low]
tumbetumbeling			Samson p784 [unknown/low]
tumble			Samson p784 [unknown/low]
tumbuc		transitive verb	Samson p784 [dictionary_explicit/high]
tumbuk		N	PALI:tumbuk
tumbultail		adjective	Samson p784 [unknown/low]
tumbung		noun	Samson p784 [unknown/low]
tumor		noun	Samson p784 [unknown/low]
tumpac		transitive verb	Samson p784 [dictionary_explicit/high]
tumpak		D	PALI:tu’mpak
tumpaling			Samson p785 [dictionary_explicit/high]
tumpang		transitive verb	Samson p785 [dictionary_explicit/high]
tumpiac		noun	Samson p785 [dictionary_explicit/high]
tun		V	PALI:tun
tuna		adjective	Samson p785 [unknown/low]
tunao		adjective	Samson p785 [dictionary_explicit/high]
tunda		transitive verb	Samson p785 [dictionary_explicit/high]
tundu		D	PALI:tundu’q
tundun		N	PALI:tundu’n
tune		D	PALI:tu’ne
tung			PALI:tung
tunga		noun	Samson p785 [unknown/low]
tunganga		adjective	Samson p785 [unknown/low]
tungangu			Samson p785 [unknown/low]
tungdu		noun	Samson p786 [dictionary_explicit/high]
tungga		transitive verb	Samson p786 [dictionary_explicit/high]
tunggac		transitive verb	Samson p786 [dictionary_explicit/high]
tunggal		adverb	Samson p787 [dictionary_explicit/high]
tunggal-		N./D./Q	PALI:tunggal-
tunggari		noun-verb	Samson p787 [dictionary_explicit/high]
tungge		transitive verb	Samson p786 [dictionary_explicit/high]
tunggo		adjective	Samson p787 [dictionary_explicit/high]
tungi		noun	Samson p787 [dictionary_explicit/high]
tungku		N	PALI:tungkuq
tungkul		Prep	PALI:tu’ngkul
tungkus		adjective	Samson p786 [dictionary_explicit/high]
tungla		adjective	Samson p787 [dictionary_explicit/high]
tunglu			Samson p787 [dictionary_explicit/high]
tungo		noun	Samson p787 [unknown/low]
tungtung			Samson p787 [dictionary_explicit/high]
tungu			Samson p787 [unknown/low]
tungul			Samson p787 [dictionary_explicit/high]
tunlac		noun	Samson p788 [unknown/low]
tuntun		adjective	Samson p788 [dictionary_explicit/high]
tuntun-		V	PALI:tuntun-
tunud		D	PALI:-tunu’d
tupa		noun	Samson p788 [unknown/low]
tupad		V	PALI:tu’pad
tupag		noun	Samson p789 [unknown/low]
turan		V./D./St	PALI:turan
turbina		noun	Samson p789 [unknown/low]
turete		noun	Samson p789 [unknown/low]
turil		N	PALI:turi’l
turing		V	PALI:turi’ng
turismo		noun	Samson p790 [unknown/low]
turista		noun	Samson p790 [unknown/low]
turka		noun	Samson p789 [unknown/low]
turno		noun	Samson p790 [unknown/low]
turo		noun	Samson p790 [dictionary_explicit/high]
turu		V	PALI:turuq
tustus		V	PALI:tustu’s
tusuk		V	PALI:tusu’k
tutu		noun	Samson p790 [dictionary_explicit/high]
tutub		noun	Samson p791 [dictionary_explicit/high]
tutuc			Samson p791 [dictionary_explicit/high]
tutuk		V./D./St	PALI:tutuk
tutul		V	PALI:tu’tul
tutum			Samson p790 [dictionary_explicit/high]
tutung		transitive verb	Samson p791 [dictionary_explicit/high]
tutup		noun	Samson p791 [dictionary_explicit/high]
tutus		adjective	Samson p791 [dictionary_explicit/high]
tuung		noun	Samson p792 [unknown/low]
tuwa			PALI:tuwa’
tuya		V	PALI:tuya’q
tuyag			Samson p792 [unknown/low]
tuyu		D./V	PALI:tuyu’q
tyune		N	PALI:tyu’ne
tyuntyunan		N	PALI:tyuntyunan
ualis			Kapampangan-English-Pilipino wordlist p55 [unknown/low]
uang		adjective	Samson p348 [dictionary_explicit/high]
uaun			Mirikitani p910 [unknown/low]
ubas		N	PALI:u’bas
ubat		N	PALI:uba’t
ubi		N	PALI:ubi
ubingan		N	PALI:ubi’ngan
ubu		V	PALI:ubu’
ubub			Samson p794 [unknown/low]
ubud			Samson p794 [dictionary_explicit/high]
ubug		N	PALI:u’bug
ucdu		noun	Samson p794 [unknown/low]
uclub			Samson p794 [unknown/low]
udas		N	PALI:u’das
uga		N	PALI:u’gaq
ugali		N	PALI:uga’liq
ugas			Samson p794 [unknown/low]
ugat		N	PALI:u’gat
ugit		N	PALI:ugit
ugnay-			PALI:ugnay-
ugne			Samson p794 [unknown/low]
ugse		V	PALI:ugse’
ugtu		N	PALI:ugtu
ugtunaldo			Mga Salita sa Iba't Ibang Dayalekto p1 [unknown/low]
ugug		transitive verb	Samson p795 [dictionary_explicit/high]
ugun		noun	Samson p795 [dictionary_explicit/high]
ugus		transitive verb	Samson p795 [dictionary_explicit/high]
ugut		transitive verb	Samson p795 [dictionary_explicit/high]
ui			Samson p348 [dictionary_explicit/high]
uiab			Samson p795 [unknown/low]
uias			Samson p795 [dictionary_explicit/high]
uiat			Samson p795 [dictionary_explicit/high]
uido			Samson p796 [unknown/low]
ukil		adjective	Samson p804 [dictionary_explicit/high]
ukit			Samson p796 [unknown/low]
uktubre		N	PALI:uktu’bre
ukuc		noun	Samson p794 [dictionary_explicit/high]
ukul		noun	Samson p794 [dictionary_explicit/high]
ukum		noun	Samson p794 [dictionary_explicit/high]
ukus		adjective	Samson p794 [unknown/low]
ukyat			PALI:-ukyat
ula		V	PALI:u’la
ulabe			Samson p796 [unknown/low]
ulac		transitive verb	Samson p796 [dictionary_explicit/high]
ulad		N	PALI:u’lad
uladulad		noun	Samson p796 [unknown/low]
ulam		N	PALI:u’lam
ulang			Kapampangan-English-Pilipino wordlist p55 [unknown/low]
ulap		N	PALI:u’lap
ulas			Kapampangan-English-Pilipino wordlist p55 [unknown/low]
ulay		noun	Samson p796 [dictionary_explicit/high]
ulbuc		noun	Samson p797 [unknown/low]
uldug		N	PALI:uldu’g
uli		V	PALI:uliq
ulikba			Kapampangan-English-Pilipino wordlist p55 [unknown/low]
ulilya			Kapampangan-English-Pilipino wordlist p55 [unknown/low]
ulinanita			Samson p797 [dictionary_explicit/high]
uling		N	PALI:u’ling
ulip		transitive verb	Samson p797 [dictionary_explicit/high]
uliran		N	PALI:uliran
ulit		V	PALI:u’lit
ulma			Samson p798 [unknown/low]
ulnan		N	PALI:ulnan
ulobyas		N	PALI:ulobyas
ulsera		noun	Samson p797 [unknown/low]
ultimo			Samson p798 [unknown/low]
ultramarino			Samson p798 [unknown/low]
ulu		N	PALI:u’lu
uluc		adjective	Samson p798 [dictionary_explicit/high]
ulug			Samson p798 [dictionary_explicit/high]
ulul		noun	Samson p798 [dictionary_explicit/high]
ulus		transitive verb	Samson p798 [dictionary_explicit/high]
ulut		transitive verb	Samson p798 [dictionary_explicit/high]
ulyo		N	PALI:u’lyo
uma		V	PALI:uma
umal		D	PALI:uma’l
umang		adjective	Samson p799 [dictionary_explicit/high]
umbong		adjective	Samson p799 [dictionary_explicit/high]
ume		adverb	Samson p799 [unknown/low]
umis		noun	Samson p799 [dictionary_explicit/high]
umpisa			Samson p800 [dictionary_explicit/high]
umpisahan			Samson p800 [unknown/low]
umpukan		N	PALI:umpu’kan
umuc		noun	Samson p800 [unknown/low]
umum		adjective	Samson p800 [unknown/low]
umumuc			Samson p800 [unknown/low]
una		noun-verb	Samson p800 [dictionary_explicit/high]
unanu			Samson p800 [unknown/low]
unda			Samson p800 [unknown/low]
undali		transitive verb	Samson p800 [dictionary_explicit/high]
undap		noun	Samson p800 [unknown/low]
undue		adjective	Samson p800 [unknown/low]
undul		transitive verb	Samson p800 [dictionary_explicit/high]
une		adjective	Samson p801 [dictionary_explicit/high]
ungria		noun	Samson p801 [unknown/low]
unibersidad			Mirikitani p966 [unknown/low]
unifikasion		noun	Samson p801 [unknown/low]
uniforme			Samson p801 [unknown/low]
uniko			Samson p801 [unknown/low]
unikornio		noun	Samson p801 [unknown/low]
unisiclo		noun	Samson p801 [unknown/low]
universal		adjective	Samson p801 [unknown/low]
universidad		noun	Samson p802 [unknown/low]
universo		noun	Samson p802 [unknown/low]
unlad		intransitive verb	Samson p802 [dictionary_explicit/high]
unleashed			Samson p140 [dictionary_explicit/high]
unmethodikal			Samson p362 [dictionary_explicit/high]
uno			Samson p802 [dictionary_explicit/high]
unsion		noun	Samson p800 [unknown/low]
unte		transitive verb	Samson p802 [dictionary_explicit/high]
untun		noun	Samson p802 [unknown/low]
unun		transitive verb	Samson p802 [dictionary_explicit/high]
unus			Samson p802 [unknown/low]
unyab		transitive verb	Samson p802 [dictionary_explicit/high]
unyabyan		V	PALI:unyabyan
unyat		V	PALI:unyat
unyu		N	PALI:u’nyu
upa		N	PALI:u’pa
upac		noun	Samson p803 [dictionary_explicit/high]
upaya		noun	Samson p803 [unknown/low]
uple		noun	Samson p803 [dictionary_explicit/high]
upung			Samson p803 [dictionary_explicit/high]
uran			Kapampangan-English-Pilipino wordlist p55 [unknown/low]
uray			Samson p804 [dictionary_explicit/high]
urbanidad		noun	Samson p804 [unknown/low]
uri		N	PALI:u’riq
uria			Samson p804 [unknown/low]
urira			Samson p804 [unknown/low]
uriya		N	PALI:uriya
uru		EXCL	PALI:uru’
urud		N	PALI:uru’d
urung		adjective	Samson p805 [dictionary_explicit/high]
urung-sulung		adjective	Samson p805 [AI_proposed/medium]
usa		N	PALI:usa
usad			Kapampangan-English-Pilipino wordlist p55 [unknown/low]
usang		noun	Samson p805 [dictionary_explicit/high]
usbung		N	PALI:u’sbung
usdungan		noun	Samson p805 [unknown/low]
usi		noun-verb	Samson p805 [unknown/low]
usig		V	PALI:usig
usisa		noun	Samson p806 [dictionary_explicit/high]
usisero			Samson p806 [unknown/low]
usta		noun	Samson p806 [dictionary_explicit/high]
ustu		D	PALI:ustu’
ustuang		noun	Samson p806 [unknown/low]
ustung		adverb	Samson p806 [dictionary_explicit/high]
usu		N	PALI:usu’q
usuc		noun	Samson p806 [dictionary_explicit/high]
usug			Samson p806 [unknown/low]
usuk			Kapampangan-English-Pilipino wordlist p55 [unknown/low]
usup		verb	Samson p806 [unknown/low]
usura		noun	Samson p807 [unknown/low]
usurero		noun	Samson p807 [unknown/low]
usurpador			Samson p807 [unknown/low]
usurpasion		noun	Samson p807 [unknown/low]
usus			Kapampangan-English-Pilipino wordlist p55 [unknown/low]
ut			PALI:ut
utaba		noun	Samson p807 [unknown/low]
utac		noun	Samson p807 [dictionary_explicit/high]
utak		N	PALI:u’tak
utal		adjective	Samson p807 [unknown/low]
utang		N	PALI:u’tang
utap		noun	Samson p807 [dictionary_explicit/high]
utas		adjective	Samson p807 [unknown/low]
ute		transitive verb	Samson p808 [dictionary_explicit/high]
utero		noun	Samson p808 [unknown/low]
utic		noun	Samson p808 [unknown/low]
util		adjective	Samson p808 [unknown/low]
utsabas			Samson p808 [unknown/low]
utu			Samson p808 [unknown/low]
utuc		transitive verb	Samson p808 [dictionary_explicit/high]
utus		noun	Samson p808 [dictionary_explicit/high]
utut		transitive verb	Samson p808 [dictionary_explicit/high]
uug		noun	Samson p808 [unknown/low]
uvas		noun	Samson p808 [unknown/low]
uwa		noun	Samson p808 [unknown/low]
uwad			Samson p808 [dictionary_explicit/high]
uwang			Samson p809 [dictionary_explicit/high]
uwis			Kapampangan-English-Pilipino wordlist p55 [unknown/low]
uyab			PALI:u’yab
uyat		N	PALI:u’yat
uyung			Kapampangan-English-Pilipino wordlist p55 [unknown/low]
vandalismo		noun	Samson p812 [unknown/low]
vanguardia		noun	Samson p812 [unknown/low]
vanidad		noun	Samson p812 [unknown/low]
vanidoso		adjective	Samson p812 [unknown/low]
vapor		noun	Samson p812 [unknown/low]
vara		noun	Samson p812 [unknown/low]
variasion		noun	Samson p812 [unknown/low]
varon		noun	Samson p812 [unknown/low]
vasectomiya		noun	Samson p812 [unknown/low]
vatikano		noun	Samson p812 [unknown/low]
vehikulo		noun	Samson p812 [unknown/low]
veinte		noun	Samson p812 [unknown/low]
velada		noun	Samson p812 [unknown/low]
velar		verb	Samson p812 [unknown/low]
velasion		noun	Samson p812 [unknown/low]
velo		noun	Samson p812 [unknown/low]
verbo		noun	Samson p813 [unknown/low]
verified			Samson p814 [unknown/low]
verifikasion			Samson p814 [unknown/low]
versikulo		noun	Samson p814 [unknown/low]
verso		noun	Samson p814 [unknown/low]
verzo		noun	Samson p814 [dictionary_explicit/high]
vestibulo		noun	Samson p814 [unknown/low]
veterano		noun	Samson p814 [unknown/low]
veterinario		noun	Samson p814 [unknown/low]
vez		noun	Samson p814 [dictionary_explicit/high]
viacrusis			Samson p814 [unknown/low]
vianda		noun	Samson p814 [unknown/low]
viatiko		noun	Samson p814 [unknown/low]
victima		noun	Samson p815 [unknown/low]
victimized			Samson p815 [unknown/low]
victoria		noun	Samson p815 [unknown/low]
vida		noun	Samson p815 [unknown/low]
viernes		noun	Samson p815 [unknown/low]
vihilansia			Samson p815 [unknown/low]
vihilia			Samson p815 [unknown/low]
vikario		noun	Samson p815 [unknown/low]
vindikasion		noun	Samson p815 [unknown/low]
vinkulo		noun	Samson p815 [unknown/low]
violensia		noun	Samson p815 [unknown/low]
violente		adjective	Samson p815 [unknown/low]
violeta		noun	Samson p815 [unknown/low]
violinista		noun	Samson p815 [unknown/low]
violon		noun	Samson p815 [unknown/low]
virgen		noun	Samson p815 [dictionary_explicit/high]
virginal			Samson p815 [unknown/low]
virginidad		noun	Samson p816 [unknown/low]
virtud		noun	Samson p816 [unknown/low]
vise-presidente		noun	Samson p815 [unknown/low]
visegerente		noun	Samson p815 [unknown/low]
visionaria		noun	Samson p816 [unknown/low]
visita		noun	Samson p816 [unknown/low]
vivisita			Samson p816 [unknown/low]
vodavil			Samson p817 [unknown/low]
voise			Samson p542 [dictionary_explicit/high]
vokadura		noun	Samson p817 [unknown/low]
vokahsa		verb	Samson p817 [unknown/low]
vokal		noun	Samson p817 [unknown/low]
vokasion		noun	Samson p817 [unknown/low]
vokatibo		adjective	Samson p817 [unknown/low]
volante		adjective	Samson p817 [unknown/low]
volta		noun	Samson p817 [unknown/low]
voltahe		noun	Samson p817 [unknown/low]
voltimetro		noun	Samson p817 [unknown/low]
volumen		noun	Samson p817 [unknown/low]
voluntad		noun	Samson p817 [unknown/low]
voluntario		noun	Samson p817 [unknown/low]
voluptuosa		adjective	Samson p817 [unknown/low]
vosiferation		noun	Samson p817 [unknown/low]
voto		noun	Samson p817 [unknown/low]
voz		noun	Samson p818 [unknown/low]
vuelo		noun	Samson p818 [unknown/low]
vuelta		noun	Samson p818 [unknown/low]
vueltahan			Samson p818 [unknown/low]
vulgaridad		noun	Samson p818 [unknown/low]
vulgarismo		noun	Samson p818 [unknown/low]
vulgata			Samson p818 [unknown/low]
vulkan		noun	Samson p818 [dictionary_explicit/high]
vulnerable		adjective	Samson p818 [dictionary_explicit/high]
wa			PALI:wa
waga			Samson p820 [unknown/low]
waganwagan			Samson p820 [unknown/low]
wagas		D	PALI:wagas
wagni			Samson p820 [unknown/low]
wagwag		N	PALI:wagwag
wakas		N	PALI:wakas
wake			Kapampangan-English-Pilipino wordlist p56 [unknown/low]
wala		V	PALI:walaq
walac		transitive verb	Samson p820 [dictionary_explicit/high]
wale		noun-verb	Samson p820 [dictionary_explicit/high]
wali		N	PALI:wa’li
waling-waling		noun	Samson p820 [unknown/low]
walis			Samson p820 [unknown/low]
walu			PALI:walu’
waly			Mirikitani p967 [unknown/low]
wanan		N	PALI:wa’nan
waning		N	PALI:wani’ng
wapin			PALI:wapin
wari		part	SEED-FUNC
warn		noun-verb	Samson p821 [dictionary_explicit/high]
was-suas		transitive verb	Samson p821 [unknown/low]
wasac		transitive verb	Samson p821 [dictionary_explicit/high]
wasag		noun-verb	Samson p821 [unknown/low]
wasang		noun-verb	Samson p821 [unknown/low]
wasiwas		noun	Samson p821 [dictionary_explicit/high]
watiwat		N	PALI:wati’wat
wawa		N	PALI:wawaq
way			Samson p113 [unknown/low]
webis		N	PALI:we’bis
welding-		V	PALI:welding-
welter			Mirikitani p967 [unknown/low]
weltres			Mirikitani p967 [unknown/low]
wes		N	PALI:wes
weting		N	PALI:we’ting
wild			Samson p414 [unknown/low]
wisdamtit		N	PALI:wisdamtit
wissuasan			Samson p822 [dictionary_explicit/high]
wok		noun	Samson p822 [unknown/low]
words			Samson p813 [unknown/low]
xi		noun	Samson p823 [dictionary_explicit/high]
y		ala-y-salol ‘no pants’	PALI:-y
ya			PALI:ya
yabatig			Mirikitani p967 [unknown/low]
yabyan			PALI:-yabyan
yaga		D	PALI:-yaga
yakap			PALI:-yakap
yantuk		N	PALI:ya’ntuk
yap		D	PALI:-yap
yapin			Mirikitani p968 [unknown/low]
yapsa		V	PALI:yapsa
yapus			PALI:-yapus
yari		V	PALI:ya’riq
yata		see taq, ataq	PALI:ya’ta
yatab		noun	Samson p828 [dictionary_explicit/high]
yatiat		transitive verb	Samson p828 [dictionary_explicit/high]
yato			Samson p828 [unknown/low]
yatu		N	PALI:ya’tuq
yauad			Samson p828 [unknown/low]
yawa		D	PALI:ya’wa
yawad			PALI:ya’wad
yawig			PALI:yawi’g
yayaua			Samson p828 [dictionary_explicit/high]
yayo			Samson p828 [unknown/low]
ye		Substitute: pontmanteau	PALI:ye
yema		noun	Samson p828 [unknown/low]
yemuk		D	PALI:-yemu’k
yeru		N	PALI:ye’ru
yeta			PALI:ye:ta
yilo		D./V./St	PALI:-yilo
yo			Samson p828 [unknown/low]
yocyoc			Samson p829 [dictionary_explicit/high]
yu			PALI:yu
yubing			Samson p829 [unknown/low]
yubu		D	PALI:-yubu
yubyub		transitive verb	Samson p829 [dictionary_explicit/high]
yuku			Mirikitani p968 [unknown/low]
yumu		N./D	PALI:-yumu
yuyu		verb	Samson p830 [dictionary_explicit/high]
yuyubyub			Samson p829 [dictionary_explicit/high]
yuyut		D	PALI:-yuyut
