variant	canonical	note	source
abluc	amlug	original dictionary spelling	merged from candidate lexicon
ablás	ablas	original dictionary spelling	merged from candidate lexicon
aborciun	aborsiun	original dictionary spelling	merged from candidate lexicon
abrelata	abrilata	original dictionary spelling	merged from candidate lexicon
abreviación	abreviasion	original dictionary spelling	merged from candidate lexicon
abricete	abrisete	original dictionary spelling	merged from candidate lexicon
abrisiete	abrisete	original dictionary spelling	merged from candidate lexicon
absolución	absolusion	original dictionary spelling	merged from candidate lexicon
abstinencia	abstinensia	original dictionary spelling	merged from candidate lexicon
absî	absi	original dictionary spelling	merged from candidate lexicon
aburidu	aburido	original dictionary spelling	merged from candidate lexicon
abú	abu	original dictionary spelling	merged from candidate lexicon
acacia	akasia	original dictionary spelling	merged from candidate lexicon
academia	akademia	original dictionary spelling	merged from candidate lexicon
academic	akademic	original dictionary spelling	merged from candidate lexicon
acal	akal	original dictionary spelling	merged from candidate lexicon
acala	akala	original dictionary spelling	merged from candidate lexicon
acanacan	akanakan	original dictionary spelling	merged from candidate lexicon
acapulco	akapulko	original dictionary spelling	merged from candidate lexicon
acay	akay	original dictionary spelling	merged from candidate lexicon
acayulco	akayulko	original dictionary spelling	merged from candidate lexicon
acbe	akay	original dictionary spelling	merged from candidate lexicon
accidente	acsidente	original dictionary spelling	merged from candidate lexicon
aceite	aseite	original dictionary spelling	merged from candidate lexicon
acerado	aserado	original dictionary spelling	merged from candidate lexicon
acero	asero	original dictionary spelling	merged from candidate lexicon
achara	atsara	original dictionary spelling	merged from candidate lexicon
achuete	atsuiti	original dictionary spelling	merged from candidate lexicon
acibar	asibar	original dictionary spelling	merged from candidate lexicon
acido	asido	original dictionary spelling	merged from candidate lexicon
aclamación	aclamasion	original dictionary spelling	merged from candidate lexicon
aclis	ac-clis	original dictionary spelling	merged from candidate lexicon
acmus	agmus	original dictionary spelling	merged from candidate lexicon
acolito	akolito	original dictionary spelling	merged from candidate lexicon
acpâ	acpa	original dictionary spelling	merged from candidate lexicon
acsibal	asibar	original dictionary spelling	merged from candidate lexicon
acsidenti	acsidente	original dictionary spelling	merged from candidate lexicon
acsing	atsing	original dictionary spelling	merged from candidate lexicon
actangan	actang	original dictionary spelling	merged from candidate lexicon
actu	acto	original dictionary spelling	merged from candidate lexicon
actung	actug	original dictionary spelling	merged from candidate lexicon
acu	aku	original dictionary spelling	merged from candidate lexicon
acua	akua	original dictionary spelling	merged from candidate lexicon
acut	akut	original dictionary spelling	merged from candidate lexicon
acû	aku	original dictionary spelling	merged from candidate lexicon
adete	aseite	original dictionary spelling	merged from candidate lexicon
adiós	adios	original dictionary spelling	merged from candidate lexicon
administración	administrasion	original dictionary spelling	merged from candidate lexicon
adolescente	adolessente	original dictionary spelling	merged from candidate lexicon
adoración	adorasion	original dictionary spelling	merged from candidate lexicon
aeta	reta	original dictionary spelling	merged from candidate lexicon
afectu	afecto	original dictionary spelling	merged from candidate lexicon
afición	afision	original dictionary spelling	merged from candidate lexicon
africa	afrika	original dictionary spelling	merged from candidate lexicon
africano	afrikano	original dictionary spelling	merged from candidate lexicon
afritada	fritada	original dictionary spelling	merged from candidate lexicon
agcas	agkas	original dictionary spelling	merged from candidate lexicon
agcat	agkat	original dictionary spelling	merged from candidate lexicon
agmus	acmus	original dictionary spelling	merged from candidate lexicon
agricultor	agrikultor	original dictionary spelling	merged from candidate lexicon
agricultura	agrikultura	original dictionary spelling	merged from candidate lexicon
agtaca	agtaka	original dictionary spelling	merged from candidate lexicon
agtâ	agta	original dictionary spelling	merged from candidate lexicon
aguacil	aguasil	original dictionary spelling	merged from candidate lexicon
aguho	agusu	original dictionary spelling	merged from candidate lexicon
al-luâ	al-lua	original dictionary spelling	merged from candidate lexicon
ala	wala	original dictionary spelling	merged from candidate lexicon
alac-alacan	alac-alakan	original dictionary spelling	merged from candidate lexicon
alacac	alakac	original dictionary spelling	merged from candidate lexicon
alacran	alacdan	original dictionary spelling	merged from candidate lexicon
alanğanin	alanganin	original dictionary spelling	merged from candidate lexicon
alanğatdu	alangatdu	original dictionary spelling	merged from candidate lexicon
alanğe	alange	original dictionary spelling	merged from candidate lexicon
alatá	alata	original dictionary spelling	merged from candidate lexicon
alatâ	alata	original dictionary spelling	merged from candidate lexicon
alauâ	alaua	original dictionary spelling	merged from candidate lexicon
alcaldeza	alkaldeza	original dictionary spelling	merged from candidate lexicon
alcaldi	alkaldi	original dictionary spelling	merged from candidate lexicon
alcancia	alkansia	original dictionary spelling	merged from candidate lexicon
alcohol	alkohol	original dictionary spelling	merged from candidate lexicon
alcontado	alkontado	original dictionary spelling	merged from candidate lexicon
alcus	alkus	original dictionary spelling	merged from candidate lexicon
alea	ale	original dictionary spelling	merged from candidate lexicon
alef	aleph	original dictionary spelling	merged from candidate lexicon
alegación	alegasion	original dictionary spelling	merged from candidate lexicon
alegoría	alegoria	original dictionary spelling	merged from candidate lexicon
alejandría	alejandria	original dictionary spelling	merged from candidate lexicon
alelluia	alelyuia	original dictionary spelling	merged from candidate lexicon
alemán	aleman	original dictionary spelling	merged from candidate lexicon
alguasil	aguasil	original dictionary spelling	merged from candidate lexicon
alicabû	alikabu	original dictionary spelling	merged from candidate lexicon
aligagá	aligaga	original dictionary spelling	merged from candidate lexicon
alikabuc	alikabu	original dictionary spelling	merged from candidate lexicon
alimango	alimasag	original dictionary spelling	merged from candidate lexicon
alimanğauan	alimangauan	original dictionary spelling	merged from candidate lexicon
alimpunğatan	alimpungatan	original dictionary spelling	merged from candidate lexicon
alinlanğan	alinlangan	original dictionary spelling	merged from candidate lexicon
alinğing	alinging	original dictionary spelling	merged from candidate lexicon
alinğit	alingit	original dictionary spelling	merged from candidate lexicon
alinğonğo	alingongo	original dictionary spelling	merged from candidate lexicon
alinğonğong	alingongong	original dictionary spelling	merged from candidate lexicon
alipsusû	alipsusu	original dictionary spelling	merged from candidate lexicon
aliuâ	aliua	original dictionary spelling	merged from candidate lexicon
aliwaq	aliwa	PALI orthography / attested surface form	annotated
aliwá	aliwa	original dictionary spelling	merged from candidate lexicon
alkalde	alkaldi	original dictionary spelling	merged from candidate lexicon
all	aly	original dictionary spelling	merged from candidate lexicon
almaciga	almasiga	original dictionary spelling	merged from candidate lexicon
almacén	almasen	original dictionary spelling	merged from candidate lexicon
almasan	almohasan	original dictionary spelling	merged from candidate lexicon
almiris	almirez	original dictionary spelling	merged from candidate lexicon
almonan	almon	original dictionary spelling	merged from candidate lexicon
almusalan	almusal	original dictionary spelling	merged from candidate lexicon
along	pucnat	original dictionary spelling	merged from candidate lexicon
alpaca	alpaka	original dictionary spelling	merged from candidate lexicon
alua	al-lua	original dictionary spelling	merged from candidate lexicon
ambanğan	ambangan	original dictionary spelling	merged from candidate lexicon
ambiciun	ambisiun	original dictionary spelling	merged from candidate lexicon
ambrocio	ambrosio	original dictionary spelling	merged from candidate lexicon
ambuanğan	ambuangan	original dictionary spelling	merged from candidate lexicon
ambulancia	ambulansia	original dictionary spelling	merged from candidate lexicon
ambulá	ambula	original dictionary spelling	merged from candidate lexicon
ambuq	ambu	PALI orthography / attested surface form	annotated
ambá	amba	original dictionary spelling	merged from candidate lexicon
ambî	ambi	original dictionary spelling	merged from candidate lexicon
americana	amerikana	original dictionary spelling	merged from candidate lexicon
americanu	amerikanu	original dictionary spelling	merged from candidate lexicon
amo	amu	original dictionary spelling	merged from candidate lexicon
amorseco	amorseko	original dictionary spelling	merged from candidate lexicon
ampón	ampon	original dictionary spelling	merged from candidate lexicon
ampû	ampu	original dictionary spelling	merged from candidate lexicon
amung	among	original dictionary spelling	merged from candidate lexicon
amû	amu	original dictionary spelling	merged from candidate lexicon
anatis	atis	original dictionary spelling	merged from candidate lexicon
anaw	ano	original dictionary spelling	merged from candidate lexicon
ancla	ankora	original dictionary spelling	merged from candidate lexicon
ancora	ankora	original dictionary spelling	merged from candidate lexicon
andarul	andador	original dictionary spelling	merged from candidate lexicon
anejo	anyeho	original dictionary spelling	merged from candidate lexicon
ang-gî	ang-gi	original dictionary spelling	merged from candidate lexicon
angbe	ambe	original dictionary spelling	merged from candidate lexicon
angcac	angkac	original dictionary spelling	merged from candidate lexicon
angcas	angkas	original dictionary spelling	merged from candidate lexicon
angcat	angkat	original dictionary spelling	merged from candidate lexicon
angcup	angkup	original dictionary spelling	merged from candidate lexicon
anghel	angel	original dictionary spelling	merged from candidate lexicon
aniayâ	aniaya	original dictionary spelling	merged from candidate lexicon
aniu	anyu	original dictionary spelling	merged from candidate lexicon
antalâ	antala	original dictionary spelling	merged from candidate lexicon
antartico	antartiko	original dictionary spelling	merged from candidate lexicon
antemano	antimano	original dictionary spelling	merged from candidate lexicon
anticipo	antisipo	original dictionary spelling	merged from candidate lexicon
antigu	antiguo	original dictionary spelling	merged from candidate lexicon
antique	antike	original dictionary spelling	merged from candidate lexicon
antiséptico	antiseptiko	original dictionary spelling	merged from candidate lexicon
anunas	anonas	original dictionary spelling	merged from candidate lexicon
anyayâ	anyaya	original dictionary spelling	merged from candidate lexicon
anís	anis	original dictionary spelling	merged from candidate lexicon
anónima	anonima	original dictionary spelling	merged from candidate lexicon
anğut	angut	original dictionary spelling	merged from candidate lexicon
ap-piâ	ap-pia	original dictionary spelling	merged from candidate lexicon
apalyaq	apalya	PALI orthography / attested surface form	annotated
apalyá	apalya	original dictionary spelling	merged from candidate lexicon
aparadul	aparador	original dictionary spelling	merged from candidate lexicon
aparición	aparision	original dictionary spelling	merged from candidate lexicon
apog	ampog	original dictionary spelling	merged from candidate lexicon
aprobación	aprobasion	original dictionary spelling	merged from candidate lexicon
aprobetsa	aprovecha	original dictionary spelling	merged from candidate lexicon
apsá	apsa	original dictionary spelling	merged from candidate lexicon
apá	apa	original dictionary spelling	merged from candidate lexicon
apâ	apa	original dictionary spelling	merged from candidate lexicon
apéndice	apendise	original dictionary spelling	merged from candidate lexicon
arancel	aransel	original dictionary spelling	merged from candidate lexicon
arangcada	arangkada	original dictionary spelling	merged from candidate lexicon
arangcadahan	arangkadahan	original dictionary spelling	merged from candidate lexicon
araña	arana	original dictionary spelling	merged from candidate lexicon
arbul	albul	original dictionary spelling	merged from candidate lexicon
arcanghel	arkanghel	original dictionary spelling	merged from candidate lexicon
arcángel	arkangel	original dictionary spelling	merged from candidate lexicon
areca	areka	original dictionary spelling	merged from candidate lexicon
arkanghel	arkangel	original dictionary spelling	merged from candidate lexicon
arkidiocesis	arkidiosesis	original dictionary spelling	merged from candidate lexicon
armirul	almirul	original dictionary spelling	merged from candidate lexicon
arpa	harpa	original dictionary spelling	merged from candidate lexicon
artico	artiko	original dictionary spelling	merged from candidate lexicon
articulo	artikulo	original dictionary spelling	merged from candidate lexicon
artificial	artifisial	original dictionary spelling	merged from candidate lexicon
arán	aran	original dictionary spelling	merged from candidate lexicon
asa-asá	asa-asa	original dictionary spelling	merged from candidate lexicon
aserado	serado	original dictionary spelling	merged from candidate lexicon
asia	ac-cla	original dictionary spelling	merged from candidate lexicon
asnğa	asnga	original dictionary spelling	merged from candidate lexicon
asnğo	asngo	original dictionary spelling	merged from candidate lexicon
asociación	asosiasion	original dictionary spelling	merged from candidate lexicon
aspâ	aspa	original dictionary spelling	merged from candidate lexicon
astaca	astaka	original dictionary spelling	merged from candidate lexicon
asterisco	asterisko	original dictionary spelling	merged from candidate lexicon
astrólogo	astrologo	original dictionary spelling	merged from candidate lexicon
astrónomo	astronomo	original dictionary spelling	merged from candidate lexicon
asucal	asukal	original dictionary spelling	merged from candidate lexicon
asuncion	asunsion	original dictionary spelling	merged from candidate lexicon
asû	asu	original dictionary spelling	merged from candidate lexicon
atdû	atdu	original dictionary spelling	merged from candidate lexicon
atenciun	atensiun	original dictionary spelling	merged from candidate lexicon
ateo	ateista	original dictionary spelling	merged from candidate lexicon
ateísmo	ateismo	original dictionary spelling	merged from candidate lexicon
ateísta	ateista	original dictionary spelling	merged from candidate lexicon
atin	tin	original dictionary spelling	merged from candidate lexicon
atlántico	atlantiko	original dictionary spelling	merged from candidate lexicon
atlética	atletika	original dictionary spelling	merged from candidate lexicon
atnğa	atnga	original dictionary spelling	merged from candidate lexicon
atomico	atomiko	original dictionary spelling	merged from candidate lexicon
atracción	atracsion	original dictionary spelling	merged from candidate lexicon
atsaca	atsaka	original dictionary spelling	merged from candidate lexicon
atsara	achara	original dictionary spelling	merged from candidate lexicon
atî	ati	original dictionary spelling	merged from candidate lexicon
automático	automatiko	original dictionary spelling	merged from candidate lexicon
avocado	avokado	original dictionary spelling	merged from candidate lexicon
ayi	ay	original dictionary spelling	merged from candidate lexicon
ayunğin	ayungin	original dictionary spelling	merged from candidate lexicon
ayâ	aya	original dictionary spelling	merged from candidate lexicon
azucena	azusena	original dictionary spelling	merged from candidate lexicon
azukal	asukal	original dictionary spelling	merged from candidate lexicon
año	ano	original dictionary spelling	merged from candidate lexicon
babâ	baba	original dictionary spelling	merged from candidate lexicon
bacabaca	bakabaka	original dictionary spelling	merged from candidate lexicon
bacal	bakal	original dictionary spelling	merged from candidate lexicon
bacalo	bakalo	original dictionary spelling	merged from candidate lexicon
bacam	bakam	original dictionary spelling	merged from candidate lexicon
bacas	bakas	original dictionary spelling	merged from candidate lexicon
bacay	bakay	original dictionary spelling	merged from candidate lexicon
baccue	backue	original dictionary spelling	merged from candidate lexicon
bacásbacás	bakasbakas	original dictionary spelling	merged from candidate lexicon
bacía	basia	original dictionary spelling	merged from candidate lexicon
badana	bandana	original dictionary spelling	merged from candidate lexicon
bag-guâ	bag-gua	original dictionary spelling	merged from candidate lexicon
bagcus	bagkus	original dictionary spelling	merged from candidate lexicon
baguc-bagucan	baguc-bagukan	original dictionary spelling	merged from candidate lexicon
bague	bage	original dictionary spelling	merged from candidate lexicon
baguâ	bagua	original dictionary spelling	merged from candidate lexicon
bahu	baho	original dictionary spelling	merged from candidate lexicon
bakicung	bakikung	original dictionary spelling	merged from candidate lexicon
bakiâ	bakia	original dictionary spelling	merged from candidate lexicon
balabá	balaba	original dictionary spelling	merged from candidate lexicon
balacang	balakang	original dictionary spelling	merged from candidate lexicon
balais	balauis	original dictionary spelling	merged from candidate lexicon
balancari	balankari	original dictionary spelling	merged from candidate lexicon
balance	balanse	original dictionary spelling	merged from candidate lexicon
balangcad	balangkad	original dictionary spelling	merged from candidate lexicon
balangcas	balangkas	original dictionary spelling	merged from candidate lexicon
balangcat	balangkat	original dictionary spelling	merged from candidate lexicon
balangkinitan	balingkinitan	original dictionary spelling	merged from candidate lexicon
balantacan	balantakan	original dictionary spelling	merged from candidate lexicon
balanği	balangi	original dictionary spelling	merged from candidate lexicon
balanğinği	balangingi	original dictionary spelling	merged from candidate lexicon
balanğubang	balangubang	original dictionary spelling	merged from candidate lexicon
balağa	balaga	original dictionary spelling	merged from candidate lexicon
balağamas	balagamas	original dictionary spelling	merged from candidate lexicon
balbacua	balbakua	original dictionary spelling	merged from candidate lexicon
baliarina	balierina	original dictionary spelling	merged from candidate lexicon
balic-cuas	balic-kuas	original dictionary spelling	merged from candidate lexicon
balic-cuit	balic-kuit	original dictionary spelling	merged from candidate lexicon
balicascas	balikaskas	original dictionary spelling	merged from candidate lexicon
balicat	balikat	original dictionary spelling	merged from candidate lexicon
balicubac	balikubac	original dictionary spelling	merged from candidate lexicon
balicucu	balikuku	original dictionary spelling	merged from candidate lexicon
balicuitan	balikuitan	original dictionary spelling	merged from candidate lexicon
balicungcung	balikungkung	original dictionary spelling	merged from candidate lexicon
balicutsa	balikutsa	original dictionary spelling	merged from candidate lexicon
baligat	balikat	original dictionary spelling	merged from candidate lexicon
balikucha	balikutsa	original dictionary spelling	merged from candidate lexicon
balilâ	balila	original dictionary spelling	merged from candidate lexicon
balimbinğan	balimbingan	original dictionary spelling	merged from candidate lexicon
balisasâ	balisasa	original dictionary spelling	merged from candidate lexicon
balisoso	balisaso	original dictionary spelling	merged from candidate lexicon
balisubas	balasubas	original dictionary spelling	merged from candidate lexicon
balisusû	balisusu	original dictionary spelling	merged from candidate lexicon
balitcayû	balitkayu	original dictionary spelling	merged from candidate lexicon
balruit	balic-kuit	original dictionary spelling	merged from candidate lexicon
balugbugan	balimbingan	original dictionary spelling	merged from candidate lexicon
balunğus	balungus	original dictionary spelling	merged from candidate lexicon
baluq	balu	PALI orthography / attested surface form	annotated
baly	bayung	original dictionary spelling	merged from candidate lexicon
balâ	bala	original dictionary spelling	merged from candidate lexicon
balî	bali	original dictionary spelling	merged from candidate lexicon
balû	balu	original dictionary spelling	merged from candidate lexicon
banacal	banakal	original dictionary spelling	merged from candidate lexicon
banca-banca	banka-banka	original dictionary spelling	merged from candidate lexicon
bancal	bankal	original dictionary spelling	merged from candidate lexicon
banco	banko	original dictionary spelling	merged from candidate lexicon
bandehadu	bandeha	original dictionary spelling	merged from candidate lexicon
bandila	bandera	original dictionary spelling	merged from candidate lexicon
bangcac	bangkac	original dictionary spelling	merged from candidate lexicon
bangcala	bangkala	original dictionary spelling	merged from candidate lexicon
bangcat	bangkat	original dictionary spelling	merged from candidate lexicon
bangco	bangko	original dictionary spelling	merged from candidate lexicon
bangcu	bangku	original dictionary spelling	merged from candidate lexicon
bangcuang	bangkuang	original dictionary spelling	merged from candidate lexicon
bangcud	bangkud	original dictionary spelling	merged from candidate lexicon
bangculala	bangkulala	original dictionary spelling	merged from candidate lexicon
bangculung	bangkulung	original dictionary spelling	merged from candidate lexicon
bangcuro	bangkuro	original dictionary spelling	merged from candidate lexicon
bangcâ	bangka	original dictionary spelling	merged from candidate lexicon
bangkal	bankal	original dictionary spelling	merged from candidate lexicon
bangko	banko	original dictionary spelling	merged from candidate lexicon
bangli	banli	original dictionary spelling	merged from candidate lexicon
bangs	banas	original dictionary spelling	merged from candidate lexicon
bangso	banso	original dictionary spelling	merged from candidate lexicon
baninuyû	baninuyu	original dictionary spelling	merged from candidate lexicon
bankete	bangketi	original dictionary spelling	merged from candidate lexicon
bano	banio	original dictionary spelling	merged from candidate lexicon
bansali	bangsali	original dictionary spelling	merged from candidate lexicon
bantalâ	bantala	original dictionary spelling	merged from candidate lexicon
banticul	bantikul	original dictionary spelling	merged from candidate lexicon
bantut	bangtut	original dictionary spelling	merged from candidate lexicon
banus	banos	original dictionary spelling	merged from candidate lexicon
banâ	bana	original dictionary spelling	merged from candidate lexicon
banğit	bangit	original dictionary spelling	merged from candidate lexicon
banğo	bango	original dictionary spelling	merged from candidate lexicon
banğun	bangun	original dictionary spelling	merged from candidate lexicon
banğunğut	bangungut	original dictionary spelling	merged from candidate lexicon
banğus	bangus	original dictionary spelling	merged from candidate lexicon
bapû	bapu	original dictionary spelling	merged from candidate lexicon
barac	barag	original dictionary spelling	merged from candidate lexicon
baracu	baraku	original dictionary spelling	merged from candidate lexicon
baradap	barada	original dictionary spelling	merged from candidate lexicon
barandillas	barandilyas	original dictionary spelling	merged from candidate lexicon
baraquiliu	barakiliu	original dictionary spelling	merged from candidate lexicon
barcada	barkada	original dictionary spelling	merged from candidate lexicon
barco	barko	original dictionary spelling	merged from candidate lexicon
bascal	baskal	original dictionary spelling	merged from candidate lexicon
baseball	basebaly	original dictionary spelling	merged from candidate lexicon
basi	base	original dictionary spelling	merged from candidate lexicon
basâ	basa	original dictionary spelling	merged from candidate lexicon
bat	bayi	original dictionary spelling	merged from candidate lexicon
batanglauâ	batanglaua	original dictionary spelling	merged from candidate lexicon
baticuling	batikuling	original dictionary spelling	merged from candidate lexicon
batió	batio	original dictionary spelling	merged from candidate lexicon
batsui	bachoy	original dictionary spelling	merged from candidate lexicon
batulalanğan	batulalangan	original dictionary spelling	merged from candidate lexicon
batutâ	batuta	original dictionary spelling	merged from candidate lexicon
batâ	bata	original dictionary spelling	merged from candidate lexicon
batû	batu	original dictionary spelling	merged from candidate lexicon
bau	bauo	original dictionary spelling	merged from candidate lexicon
bauâ	baua	original dictionary spelling	merged from candidate lexicon
bauî	baui	original dictionary spelling	merged from candidate lexicon
bayucyuc	bayukiuc	original dictionary spelling	merged from candidate lexicon
bañaba	banaba	original dictionary spelling	merged from candidate lexicon
bañas	banas	original dictionary spelling	merged from candidate lexicon
baños	banos	original dictionary spelling	merged from candidate lexicon
becut	bekut	original dictionary spelling	merged from candidate lexicon
belecua	belekua	original dictionary spelling	merged from candidate lexicon
bendición	bendision	original dictionary spelling	merged from candidate lexicon
beneficio	benefisio	original dictionary spelling	merged from candidate lexicon
biabas	bayabas	original dictionary spelling	merged from candidate lexicon
biacus	biakus	original dictionary spelling	merged from candidate lexicon
bibmgca	bibmgka	original dictionary spelling	merged from candidate lexicon
bic-cual	bic-kual	original dictionary spelling	merged from candidate lexicon
bical	bikal	original dictionary spelling	merged from candidate lexicon
bican	bikan	original dictionary spelling	merged from candidate lexicon
bicang	bikang	original dictionary spelling	merged from candidate lexicon
bicas-bicas	bikas-bikas	original dictionary spelling	merged from candidate lexicon
bichobkho	bitsubitsu	original dictionary spelling	merged from candidate lexicon
bichuelas	bitsuelas	original dictionary spelling	merged from candidate lexicon
bicicleta	bisicleta	original dictionary spelling	merged from candidate lexicon
bico	biko	original dictionary spelling	merged from candidate lexicon
bicol	bikol	original dictionary spelling	merged from candidate lexicon
bicus	bikus	original dictionary spelling	merged from candidate lexicon
bigâ	biga	original dictionary spelling	merged from candidate lexicon
binticuhul	bintikuhul	original dictionary spelling	merged from candidate lexicon
bire	biray	original dictionary spelling	merged from candidate lexicon
biredol	birador	original dictionary spelling	merged from candidate lexicon
biscocho	biskocho	original dictionary spelling	merged from candidate lexicon
bisero	biseru	original dictionary spelling	merged from candidate lexicon
biskotsu	biskocho	original dictionary spelling	merged from candidate lexicon
bisuguq	bisugu	PALI orthography / attested surface form	annotated
bisâ	bisa	original dictionary spelling	merged from candidate lexicon
bitaug	bitaog	original dictionary spelling	merged from candidate lexicon
bite	bitay	original dictionary spelling	merged from candidate lexicon
bituca	bituka	original dictionary spelling	merged from candidate lexicon
bitunğul	bitungul	original dictionary spelling	merged from candidate lexicon
biâ	bia	original dictionary spelling	merged from candidate lexicon
blancu	blanku	original dictionary spelling	merged from candidate lexicon
bocaypato	bokaypato	original dictionary spelling	merged from candidate lexicon
botica	botika	original dictionary spelling	merged from candidate lexicon
boticario	botikario	original dictionary spelling	merged from candidate lexicon
brocha	brotsa	original dictionary spelling	merged from candidate lexicon
bubû	bubu	original dictionary spelling	merged from candidate lexicon
bucaca	bukaka	original dictionary spelling	merged from candidate lexicon
bucadcad	bukadkad	original dictionary spelling	merged from candidate lexicon
bucal	bukal	original dictionary spelling	merged from candidate lexicon
bucalcal	bukalkal	original dictionary spelling	merged from candidate lexicon
bucang	bukang	original dictionary spelling	merged from candidate lexicon
bucas	bukas	original dictionary spelling	merged from candidate lexicon
bucayû	bukayu	original dictionary spelling	merged from candidate lexicon
bucbucan	bucbukan	original dictionary spelling	merged from candidate lexicon
bucut	bukut	original dictionary spelling	merged from candidate lexicon
budbud	bubud	original dictionary spelling	merged from candidate lexicon
bugaq	buga	PALI orthography / attested surface form	annotated
bugka	bugha	original dictionary spelling	merged from candidate lexicon
bugâ	buga	original dictionary spelling	merged from candidate lexicon
bulacus	bulakus	original dictionary spelling	merged from candidate lexicon
bulagtâ	bulagta	original dictionary spelling	merged from candidate lexicon
bulalaco	bulalako	original dictionary spelling	merged from candidate lexicon
bulanğisnğis	bulangisngis	original dictionary spelling	merged from candidate lexicon
bulio	buyo	original dictionary spelling	merged from candidate lexicon
bulldog	bulydog	original dictionary spelling	merged from candidate lexicon
bulâ	bula	original dictionary spelling	merged from candidate lexicon
bulû	bulu	original dictionary spelling	merged from candidate lexicon
bungû	bungu	original dictionary spelling	merged from candidate lexicon
bunsu	bungsu	original dictionary spelling	merged from candidate lexicon
bunsul	bungsul	original dictionary spelling	merged from candidate lexicon
buntun	bungtun	original dictionary spelling	merged from candidate lexicon
bunği	bungi	original dictionary spelling	merged from candidate lexicon
bunğil	bungil	original dictionary spelling	merged from candidate lexicon
bunğit	bungit	original dictionary spelling	merged from candidate lexicon
bunğut	bungut	original dictionary spelling	merged from candidate lexicon
burumburung	borungborung	original dictionary spelling	merged from candidate lexicon
buscaraidul	buskaraidul	original dictionary spelling	merged from candidate lexicon
buscâ	buska	original dictionary spelling	merged from candidate lexicon
buskaraidor	buskaraidul	original dictionary spelling	merged from candidate lexicon
busni	busngi	original dictionary spelling	merged from candidate lexicon
busnği	busngi	original dictionary spelling	merged from candidate lexicon
butabutâ	butabuta	original dictionary spelling	merged from candidate lexicon
butacal	butakal	original dictionary spelling	merged from candidate lexicon
buticas	butikas	original dictionary spelling	merged from candidate lexicon
butit	buttit	original dictionary spelling	merged from candidate lexicon
buyâ	buya	original dictionary spelling	merged from candidate lexicon
buyû	buyu	original dictionary spelling	merged from candidate lexicon
búlug	bulug	original dictionary spelling	merged from candidate lexicon
büklat	buklat	original dictionary spelling	merged from candidate lexicon
ca	ka	original dictionary spelling	merged from candidate lexicon
cab-bius	kab-bius	original dictionary spelling	merged from candidate lexicon
cab-bla	kab-bla	original dictionary spelling	merged from candidate lexicon
cab-bling	kab-bling	original dictionary spelling	merged from candidate lexicon
caba	kaba	original dictionary spelling	merged from candidate lexicon
cabag	kabag	original dictionary spelling	merged from candidate lexicon
cabagcabag	kabagkabag	original dictionary spelling	merged from candidate lexicon
cabal	kabal	original dictionary spelling	merged from candidate lexicon
cabaliariza	kabaliariza	original dictionary spelling	merged from candidate lexicon
caballero	kabalyero	original dictionary spelling	merged from candidate lexicon
cabalsan	kabalsan	original dictionary spelling	merged from candidate lexicon
cabambangan	kabambangan	original dictionary spelling	merged from candidate lexicon
cabang	kabang	original dictionary spelling	merged from candidate lexicon
cabang-caba	kabang-kaba	original dictionary spelling	merged from candidate lexicon
cabasa	kabasa	original dictionary spelling	merged from candidate lexicon
cabasî	kabasi	original dictionary spelling	merged from candidate lexicon
cabat	kabat	original dictionary spelling	merged from candidate lexicon
cabaung	kabaung	original dictionary spelling	merged from candidate lexicon
cabayangnan	kabayangnan	original dictionary spelling	merged from candidate lexicon
cabayian	kabayian	original dictionary spelling	merged from candidate lexicon
cabayu	kabayu	original dictionary spelling	merged from candidate lexicon
cabbyo	kabbyo	original dictionary spelling	merged from candidate lexicon
cabcab	kabkab	original dictionary spelling	merged from candidate lexicon
cabe	kabe	original dictionary spelling	merged from candidate lexicon
cabecera	kabesera	original dictionary spelling	merged from candidate lexicon
cabeltun	kabeltun	original dictionary spelling	merged from candidate lexicon
cabeza	kabeza	original dictionary spelling	merged from candidate lexicon
cabezada	kabezada	original dictionary spelling	merged from candidate lexicon
cabibi	kabibi	original dictionary spelling	merged from candidate lexicon
cabicung	kabikung	original dictionary spelling	merged from candidate lexicon
cabid	kabid	original dictionary spelling	merged from candidate lexicon
cabira	kabira	original dictionary spelling	merged from candidate lexicon
cabisada	kabisada	original dictionary spelling	merged from candidate lexicon
cabla	kabla	original dictionary spelling	merged from candidate lexicon
cablas	kablas	original dictionary spelling	merged from candidate lexicon
cabo	kabo	original dictionary spelling	merged from candidate lexicon
cabu	kabu	original dictionary spelling	merged from candidate lexicon
cabud	kabud	original dictionary spelling	merged from candidate lexicon
cabug	kabug	original dictionary spelling	merged from candidate lexicon
cabus	kabus	original dictionary spelling	merged from candidate lexicon
cabuti	kabuti	original dictionary spelling	merged from candidate lexicon
cabuyo	kabuyo	original dictionary spelling	merged from candidate lexicon
cabâ	kaba	original dictionary spelling	merged from candidate lexicon
cacabiling	kakabiling	original dictionary spelling	merged from candidate lexicon
cacac	kakac	original dictionary spelling	merged from candidate lexicon
cacaricuchâ	kakarikucha	original dictionary spelling	merged from candidate lexicon
cacas	kakas	original dictionary spelling	merged from candidate lexicon
cachumba	kachumba	original dictionary spelling	merged from candidate lexicon
caco	kako	original dictionary spelling	merged from candidate lexicon
cacu	kaku	original dictionary spelling	merged from candidate lexicon
cacâ	kaka	original dictionary spelling	merged from candidate lexicon
cadcad	kadkad	original dictionary spelling	merged from candidate lexicon
cadena	kadena	original dictionary spelling	merged from candidate lexicon
cadete	kadete	original dictionary spelling	merged from candidate lexicon
cadiut	kadiut	original dictionary spelling	merged from candidate lexicon
cafe	kafe	original dictionary spelling	merged from candidate lexicon
cago	kago	original dictionary spelling	merged from candidate lexicon
caha	kaha	original dictionary spelling	merged from candidate lexicon
cahun	kahun	original dictionary spelling	merged from candidate lexicon
caibat	kaibat	original dictionary spelling	merged from candidate lexicon
caidkid	kaidkid	original dictionary spelling	merged from candidate lexicon
caikid	kaikid	original dictionary spelling	merged from candidate lexicon
caili	kaili	original dictionary spelling	merged from candidate lexicon
cainğin	kaingin	original dictionary spelling	merged from candidate lexicon
cait	kait	original dictionary spelling	merged from candidate lexicon
cal-luas	kal-luas	original dictionary spelling	merged from candidate lexicon
cala	kala	original dictionary spelling	merged from candidate lexicon
calabag	kalabag	original dictionary spelling	merged from candidate lexicon
calabcab	kalabkab	original dictionary spelling	merged from candidate lexicon
calabit	kalabit	original dictionary spelling	merged from candidate lexicon
calaboa	kalaboa	original dictionary spelling	merged from candidate lexicon
calabucab	kalabukab	original dictionary spelling	merged from candidate lexicon
calacal	kalakal	original dictionary spelling	merged from candidate lexicon
calacati	kalakati	original dictionary spelling	merged from candidate lexicon
calacsing	kalacsing	original dictionary spelling	merged from candidate lexicon
calacuti	kalakuti	original dictionary spelling	merged from candidate lexicon
calacâ	kalaka	original dictionary spelling	merged from candidate lexicon
calad-dua	kalad-dua	original dictionary spelling	merged from candidate lexicon
caladcad	kaladkad	original dictionary spelling	merged from candidate lexicon
calangcang	kalangkang	original dictionary spelling	merged from candidate lexicon
calangdasal	kalangdasal	original dictionary spelling	merged from candidate lexicon
calansag	kalansag	original dictionary spelling	merged from candidate lexicon
calansing	kalansing	original dictionary spelling	merged from candidate lexicon
calantas	kalantas	original dictionary spelling	merged from candidate lexicon
calantipe	kalantipe	original dictionary spelling	merged from candidate lexicon
calantug	kalantug	original dictionary spelling	merged from candidate lexicon
calanğan	kalangan	original dictionary spelling	merged from candidate lexicon
calao	kalao	original dictionary spelling	merged from candidate lexicon
calap	kalap	original dictionary spelling	merged from candidate lexicon
calapayan	kalapayan	original dictionary spelling	merged from candidate lexicon
calapiniera	kalapiniera	original dictionary spelling	merged from candidate lexicon
calapio	kalapio	original dictionary spelling	merged from candidate lexicon
calaputput	kalaputput	original dictionary spelling	merged from candidate lexicon
calaro	kalaro	original dictionary spelling	merged from candidate lexicon
calaru	kalaru	original dictionary spelling	merged from candidate lexicon
calasag	kalasag	original dictionary spelling	merged from candidate lexicon
calascas	kalaskas	original dictionary spelling	merged from candidate lexicon
calat	kalat	original dictionary spelling	merged from candidate lexicon
calatcat	kalatkat	original dictionary spelling	merged from candidate lexicon
calatung	kalatung	original dictionary spelling	merged from candidate lexicon
calauang	kalauang	original dictionary spelling	merged from candidate lexicon
calauat	kalauat	original dictionary spelling	merged from candidate lexicon
calauit	kalauit	original dictionary spelling	merged from candidate lexicon
calbag	kalbag	original dictionary spelling	merged from candidate lexicon
calbhan	kalbhan	original dictionary spelling	merged from candidate lexicon
calbit	kalbit	original dictionary spelling	merged from candidate lexicon
calbo	kalbo	original dictionary spelling	merged from candidate lexicon
calbuan	kalbuan	original dictionary spelling	merged from candidate lexicon
calburu	kalburu	original dictionary spelling	merged from candidate lexicon
calbutit	kalbutit	original dictionary spelling	merged from candidate lexicon
calcal	kalkal	original dictionary spelling	merged from candidate lexicon
calcedonia	kalsedonia	original dictionary spelling	merged from candidate lexicon
calcedqn	kalsedqn	original dictionary spelling	merged from candidate lexicon
calcula	kalkula	original dictionary spelling	merged from candidate lexicon
calculador	kalkulador	original dictionary spelling	merged from candidate lexicon
calculo	kalkulo	original dictionary spelling	merged from candidate lexicon
caldera	kaldera	original dictionary spelling	merged from candidate lexicon
caldereta	kaldereta	original dictionary spelling	merged from candidate lexicon
caldero	kaldero	original dictionary spelling	merged from candidate lexicon
caleldo	kaleldo	original dictionary spelling	merged from candidate lexicon
calendario	kalendario	original dictionary spelling	merged from candidate lexicon
calesa	kalesa	original dictionary spelling	merged from candidate lexicon
cali	kali	original dictionary spelling	merged from candidate lexicon
calicam	kalikam	original dictionary spelling	merged from candidate lexicon
calicasuc	kalikasuc	original dictionary spelling	merged from candidate lexicon
calicat	kalikat	original dictionary spelling	merged from candidate lexicon
calicubac	kalikubac	original dictionary spelling	merged from candidate lexicon
calidad	kalidad	original dictionary spelling	merged from candidate lexicon
caligag	kaligag	original dictionary spelling	merged from candidate lexicon
caligkig	kaligkig	original dictionary spelling	merged from candidate lexicon
caliki	kaliki	original dictionary spelling	merged from candidate lexicon
calilinğo	kalilingo	original dictionary spelling	merged from candidate lexicon
calilip	kalilip	original dictionary spelling	merged from candidate lexicon
calimayo	kalimayo	original dictionary spelling	merged from candidate lexicon
calinangan	kalinangan	original dictionary spelling	merged from candidate lexicon
caling	kaling	original dictionary spelling	merged from candidate lexicon
calingking	kalingking	original dictionary spelling	merged from candidate lexicon
calinğad	kalingad	original dictionary spelling	merged from candidate lexicon
calinğuan	kalinguan	original dictionary spelling	merged from candidate lexicon
calios	kalios	original dictionary spelling	merged from candidate lexicon
calis	kalis	original dictionary spelling	merged from candidate lexicon
calise	kalise	original dictionary spelling	merged from candidate lexicon
calisin	kalisin	original dictionary spelling	merged from candidate lexicon
calisip	kalisip	original dictionary spelling	merged from candidate lexicon
caliskis	kaliskis	original dictionary spelling	merged from candidate lexicon
calit	kalit	original dictionary spelling	merged from candidate lexicon
caliu	kaliu	original dictionary spelling	merged from candidate lexicon
caliuete	kaliuete	original dictionary spelling	merged from candidate lexicon
calius	kalius	original dictionary spelling	merged from candidate lexicon
calke	kalke	original dictionary spelling	merged from candidate lexicon
calucub	kalukub	original dictionary spelling	merged from candidate lexicon
calucû	kaluku	original dictionary spelling	merged from candidate lexicon
calug	kalug	original dictionary spelling	merged from candidate lexicon
calugcug	kalugkug	original dictionary spelling	merged from candidate lexicon
calulu	kalulu	original dictionary spelling	merged from candidate lexicon
calumpang	kalumpang	original dictionary spelling	merged from candidate lexicon
calumpit	kalumpit	original dictionary spelling	merged from candidate lexicon
calung	kalung	original dictionary spelling	merged from candidate lexicon
calupcup	kalupkup	original dictionary spelling	merged from candidate lexicon
calus	kalus	original dictionary spelling	merged from candidate lexicon
caluscus	kaluskus	original dictionary spelling	merged from candidate lexicon
calut	kalut	original dictionary spelling	merged from candidate lexicon
calutcut	kalutkut	original dictionary spelling	merged from candidate lexicon
calvario	kalvario	original dictionary spelling	merged from candidate lexicon
calye	kalye	original dictionary spelling	merged from candidate lexicon
cama	kama	original dictionary spelling	merged from candidate lexicon
camacama	kamakama	original dictionary spelling	merged from candidate lexicon
camaganac	kamaganac	original dictionary spelling	merged from candidate lexicon
camagi	kamagi	original dictionary spelling	merged from candidate lexicon
camalig	kamalig	original dictionary spelling	merged from candidate lexicon
camamalu	kamamalu	original dictionary spelling	merged from candidate lexicon
camamaru	kamamaru	original dictionary spelling	merged from candidate lexicon
camandag	kamandag	original dictionary spelling	merged from candidate lexicon
camang	kamang	original dictionary spelling	merged from candidate lexicon
camang-nğian	kamang-ngian	original dictionary spelling	merged from candidate lexicon
camangiang	kamangiang	original dictionary spelling	merged from candidate lexicon
camansa	kamansa	original dictionary spelling	merged from candidate lexicon
camansi	kamansi	original dictionary spelling	merged from candidate lexicon
camantigi	kamantigi	original dictionary spelling	merged from candidate lexicon
camaru	kamaru	original dictionary spelling	merged from candidate lexicon
camarín	kamarin	original dictionary spelling	merged from candidate lexicon
camas	kamas	original dictionary spelling	merged from candidate lexicon
camasa	kamasa	original dictionary spelling	merged from candidate lexicon
camaso	kamaso	original dictionary spelling	merged from candidate lexicon
camatayan	kamatayan	original dictionary spelling	merged from candidate lexicon
camatis	kamatis	original dictionary spelling	merged from candidate lexicon
camatsilis	kamatsilis	original dictionary spelling	merged from candidate lexicon
camatutuanan	kamatutuanan	original dictionary spelling	merged from candidate lexicon
camau	kamau	original dictionary spelling	merged from candidate lexicon
camayangnan	kamayangnan	original dictionary spelling	merged from candidate lexicon
camayanğan	kamayangan	original dictionary spelling	merged from candidate lexicon
cambal	kambal	original dictionary spelling	merged from candidate lexicon
cambang	kambang	original dictionary spelling	merged from candidate lexicon
cambe	kambe	original dictionary spelling	merged from candidate lexicon
cambil	kambil	original dictionary spelling	merged from candidate lexicon
cambing	kambing	original dictionary spelling	merged from candidate lexicon
cambio	kambio	original dictionary spelling	merged from candidate lexicon
cambubulag	kambubulag	original dictionary spelling	merged from candidate lexicon
cambusâ	kambusa	original dictionary spelling	merged from candidate lexicon
camcam	kamkam	original dictionary spelling	merged from candidate lexicon
cami	kami	original dictionary spelling	merged from candidate lexicon
camia	kamia	original dictionary spelling	merged from candidate lexicon
camias	kamias	original dictionary spelling	merged from candidate lexicon
camineru	kamineru	original dictionary spelling	merged from candidate lexicon
caministilan	kaministilan	original dictionary spelling	merged from candidate lexicon
camino	kamino	original dictionary spelling	merged from candidate lexicon
camisa	kamisa	original dictionary spelling	merged from candidate lexicon
camisadentru	kamisadentru	original dictionary spelling	merged from candidate lexicon
camisatsma	kamisatsma	original dictionary spelling	merged from candidate lexicon
camiseta	kamiseta	original dictionary spelling	merged from candidate lexicon
camisola	kamisola	original dictionary spelling	merged from candidate lexicon
camisun	kamisun	original dictionary spelling	merged from candidate lexicon
camit	kamit	original dictionary spelling	merged from candidate lexicon
camonuan	kamonuan	original dictionary spelling	merged from candidate lexicon
campana	kampana	original dictionary spelling	merged from candidate lexicon
campanario	kampanario	original dictionary spelling	merged from candidate lexicon
campanero	kampanero	original dictionary spelling	merged from candidate lexicon
campania	kampania	original dictionary spelling	merged from candidate lexicon
campanilia	kampanilia	original dictionary spelling	merged from candidate lexicon
campeonato	kampeonato	original dictionary spelling	merged from candidate lexicon
campeón	kampeon	original dictionary spelling	merged from candidate lexicon
campi	kampi	original dictionary spelling	merged from candidate lexicon
campil	kampil	original dictionary spelling	merged from candidate lexicon
campit	kampit	original dictionary spelling	merged from candidate lexicon
campo	kampo	original dictionary spelling	merged from candidate lexicon
campul	kampul	original dictionary spelling	merged from candidate lexicon
campuput	kampuput	original dictionary spelling	merged from candidate lexicon
campus	kampus	original dictionary spelling	merged from candidate lexicon
campû	kampu	original dictionary spelling	merged from candidate lexicon
camtan	kamtan	original dictionary spelling	merged from candidate lexicon
camulalu	kamulalu	original dictionary spelling	merged from candidate lexicon
camuning	kamuning	original dictionary spelling	merged from candidate lexicon
camuti	kamuti	original dictionary spelling	merged from candidate lexicon
can	kan	original dictionary spelling	merged from candidate lexicon
cana	kana	original dictionary spelling	merged from candidate lexicon
canal	kanal	original dictionary spelling	merged from candidate lexicon
canangga	kanangga	original dictionary spelling	merged from candidate lexicon
canario	kanario	original dictionary spelling	merged from candidate lexicon
canas	kanas	original dictionary spelling	merged from candidate lexicon
canaul	kanaul	original dictionary spelling	merged from candidate lexicon
canda	kanda	original dictionary spelling	merged from candidate lexicon
candaba	kandaba	original dictionary spelling	merged from candidate lexicon
candado	kandado	original dictionary spelling	merged from candidate lexicon
candelaria	kandelaria	original dictionary spelling	merged from candidate lexicon
candidato	kandidato	original dictionary spelling	merged from candidate lexicon
candidatura	kandidatura	original dictionary spelling	merged from candidate lexicon
candila	kandila	original dictionary spelling	merged from candidate lexicon
candles	kandles	original dictionary spelling	merged from candidate lexicon
candlestick	kandlestick	original dictionary spelling	merged from candidate lexicon
candulî	kanduli	original dictionary spelling	merged from candidate lexicon
candung	kandung	original dictionary spelling	merged from candidate lexicon
candunğanğû	kandungangu	original dictionary spelling	merged from candidate lexicon
canduru	kanduru	original dictionary spelling	merged from candidate lexicon
candut	kandut	original dictionary spelling	merged from candidate lexicon
cangcang	kangkang	original dictionary spelling	merged from candidate lexicon
cangcung	kangkung	original dictionary spelling	merged from candidate lexicon
canghe	kanghe	original dictionary spelling	merged from candidate lexicon
cania-cania	kania-kania	original dictionary spelling	merged from candidate lexicon
canian	kanian	original dictionary spelling	merged from candidate lexicon
canimi	kanimi	original dictionary spelling	merged from candidate lexicon
canini	kanini	original dictionary spelling	merged from candidate lexicon
canita	kanita	original dictionary spelling	merged from candidate lexicon
caniti	kaniti	original dictionary spelling	merged from candidate lexicon
canlalamat	kanlalamat	original dictionary spelling	merged from candidate lexicon
canlang	kanlang	original dictionary spelling	merged from candidate lexicon
canlung	kanlung	original dictionary spelling	merged from candidate lexicon
canso	kanso	original dictionary spelling	merged from candidate lexicon
cansung	kansung	original dictionary spelling	merged from candidate lexicon
canta	kanta	original dictionary spelling	merged from candidate lexicon
cantada	kantada	original dictionary spelling	merged from candidate lexicon
cantero	kantero	original dictionary spelling	merged from candidate lexicon
cantidad	kantidad	original dictionary spelling	merged from candidate lexicon
cantilia	kantilia	original dictionary spelling	merged from candidate lexicon
canto	kanto	original dictionary spelling	merged from candidate lexicon
cantor	kantor	original dictionary spelling	merged from candidate lexicon
canturis	kanturis	original dictionary spelling	merged from candidate lexicon
cantutan	kantutan	original dictionary spelling	merged from candidate lexicon
canu	kanu	original dictionary spelling	merged from candidate lexicon
canuari	kanuari	original dictionary spelling	merged from candidate lexicon
canugtug	kanugtug	original dictionary spelling	merged from candidate lexicon
canunugac	kanunugac	original dictionary spelling	merged from candidate lexicon
capa	kapa	original dictionary spelling	merged from candidate lexicon
capac	kapac	original dictionary spelling	merged from candidate lexicon
capacidad	kapasidad	original dictionary spelling	merged from candidate lexicon
capad	kapad	original dictionary spelling	merged from candidate lexicon
capahamacan	kapahamakan	original dictionary spelling	merged from candidate lexicon
capal	kapal	original dictionary spelling	merged from candidate lexicon
capalanğan	kapalangan	original dictionary spelling	merged from candidate lexicon
capamahalan	kapamahalan	original dictionary spelling	merged from candidate lexicon
capamilatan	kapamilatan	original dictionary spelling	merged from candidate lexicon
capampanğan	kapampangan	original dictionary spelling	merged from candidate lexicon
capamu	kapamu	original dictionary spelling	merged from candidate lexicon
capapacanan	kapapakanan	original dictionary spelling	merged from candidate lexicon
capat	kapat	original dictionary spelling	merged from candidate lexicon
capatad	kapatad	original dictionary spelling	merged from candidate lexicon
capatas	kapatas	original dictionary spelling	merged from candidate lexicon
capcap	kapkap	original dictionary spelling	merged from candidate lexicon
cape	kape	original dictionary spelling	merged from candidate lexicon
capilan	kapilan	original dictionary spelling	merged from candidate lexicon
capilia	kapilia	original dictionary spelling	merged from candidate lexicon
capilinia	kapilinia	original dictionary spelling	merged from candidate lexicon
capin	kapin	original dictionary spelling	merged from candidate lexicon
capiroza	kapiroza	original dictionary spelling	merged from candidate lexicon
capisi	kapisi	original dictionary spelling	merged from candidate lexicon
capit	kapit	original dictionary spelling	merged from candidate lexicon
capital	kapital	original dictionary spelling	merged from candidate lexicon
capitalismo	kapitalismo	original dictionary spelling	merged from candidate lexicon
capitan	kapitan	original dictionary spelling	merged from candidate lexicon
capitna	kapitna	original dictionary spelling	merged from candidate lexicon
capitolio	kapitolio	original dictionary spelling	merged from candidate lexicon
capitulo	kapitulo	original dictionary spelling	merged from candidate lexicon
capsa	kapsa	original dictionary spelling	merged from candidate lexicon
capuchino	kapuchino	original dictionary spelling	merged from candidate lexicon
capucho	kapucho	original dictionary spelling	merged from candidate lexicon
capul	kapul	original dictionary spelling	merged from candidate lexicon
capuluan	kapuluan	original dictionary spelling	merged from candidate lexicon
capun	kapun	original dictionary spelling	merged from candidate lexicon
carrera	karrera	original dictionary spelling	merged from candidate lexicon
carreta	karreta	original dictionary spelling	merged from candidate lexicon
carrete	karrete	original dictionary spelling	merged from candidate lexicon
carretela	karretela	original dictionary spelling	merged from candidate lexicon
carretilia	karretilia	original dictionary spelling	merged from candidate lexicon
carretón	karreton	original dictionary spelling	merged from candidate lexicon
cart	kart	original dictionary spelling	merged from candidate lexicon
carta	karta	original dictionary spelling	merged from candidate lexicon
cartel	kartel	original dictionary spelling	merged from candidate lexicon
cartelon	kartelon	original dictionary spelling	merged from candidate lexicon
cartero	kartero	original dictionary spelling	merged from candidate lexicon
cartilia	kartilia	original dictionary spelling	merged from candidate lexicon
carton	karton	original dictionary spelling	merged from candidate lexicon
cartuho	kartuho	original dictionary spelling	merged from candidate lexicon
cartulina	kartulina	original dictionary spelling	merged from candidate lexicon
cartógrafo	kartografo	original dictionary spelling	merged from candidate lexicon
caruahe	karuahe	original dictionary spelling	merged from candidate lexicon
carug	karug	original dictionary spelling	merged from candidate lexicon
carurunğan	karurungan	original dictionary spelling	merged from candidate lexicon
carurú	karuru	original dictionary spelling	merged from candidate lexicon
casa	kasa	original dictionary spelling	merged from candidate lexicon
casacasa	kasakasa	original dictionary spelling	merged from candidate lexicon
casador	kasador	original dictionary spelling	merged from candidate lexicon
casafuego	kasafuego	original dictionary spelling	merged from candidate lexicon
casag	kasag	original dictionary spelling	merged from candidate lexicon
casal	kasal	original dictionary spelling	merged from candidate lexicon
casalesean	kasalesean	original dictionary spelling	merged from candidate lexicon
casasaga	kasasaga	original dictionary spelling	merged from candidate lexicon
casasamba	kasasamba	original dictionary spelling	merged from candidate lexicon
casat	kasat	original dictionary spelling	merged from candidate lexicon
cascas	kaskas	original dictionary spelling	merged from candidate lexicon
cascasero	kaskasero	original dictionary spelling	merged from candidate lexicon
case	kase	original dictionary spelling	merged from candidate lexicon
casera	kasera	original dictionary spelling	merged from candidate lexicon
casi	kasi	original dictionary spelling	merged from candidate lexicon
casili	kasili	original dictionary spelling	merged from candidate lexicon
casilias	kasilias	original dictionary spelling	merged from candidate lexicon
casim	kasim	original dictionary spelling	merged from candidate lexicon
casing	kasing	original dictionary spelling	merged from candidate lexicon
casiu	kasiu	original dictionary spelling	merged from candidate lexicon
caslamwawa	kaslamwawa	original dictionary spelling	merged from candidate lexicon
caso	kaso	original dictionary spelling	merged from candidate lexicon
casta	kasta	original dictionary spelling	merged from candidate lexicon
castanias	kastanias	original dictionary spelling	merged from candidate lexicon
castanieta	kastanieta	original dictionary spelling	merged from candidate lexicon
castanio	kastanio	original dictionary spelling	merged from candidate lexicon
castidad	kastidad	original dictionary spelling	merged from candidate lexicon
castigado	kastigado	original dictionary spelling	merged from candidate lexicon
castigo	kastigo	original dictionary spelling	merged from candidate lexicon
castila	kastila	original dictionary spelling	merged from candidate lexicon
castilio	kastilio	original dictionary spelling	merged from candidate lexicon
castille	kastilye	original dictionary spelling	merged from candidate lexicon
castuli	kastuli	original dictionary spelling	merged from candidate lexicon
castulî	kastuli	original dictionary spelling	merged from candidate lexicon
casuba	kasuba	original dictionary spelling	merged from candidate lexicon
casulatan	kasulatan	original dictionary spelling	merged from candidate lexicon
casulia	kasulia	original dictionary spelling	merged from candidate lexicon
casumangid	kasumangid	original dictionary spelling	merged from candidate lexicon
casunduan	kasunduan	original dictionary spelling	merged from candidate lexicon
catacata	katakata	original dictionary spelling	merged from candidate lexicon
catag	katag	original dictionary spelling	merged from candidate lexicon
catalauran	katalauran	original dictionary spelling	merged from candidate lexicon
catalogo	katalogo	original dictionary spelling	merged from candidate lexicon
catam	katam	original dictionary spelling	merged from candidate lexicon
catang	katang	original dictionary spelling	merged from candidate lexicon
catat	katat	original dictionary spelling	merged from candidate lexicon
catau	katau	original dictionary spelling	merged from candidate lexicon
cataya	kataya	original dictionary spelling	merged from candidate lexicon
catcat	katkat	original dictionary spelling	merged from candidate lexicon
cate	kate	original dictionary spelling	merged from candidate lexicon
catecismo	katesismo	original dictionary spelling	merged from candidate lexicon
catecúmeno	katekumeno	original dictionary spelling	merged from candidate lexicon
catedral	katedral	original dictionary spelling	merged from candidate lexicon
catedrático	katedratiko	original dictionary spelling	merged from candidate lexicon
catekesis	katekesis	original dictionary spelling	merged from candidate lexicon
catekista	katekista	original dictionary spelling	merged from candidate lexicon
caterva	katerva	original dictionary spelling	merged from candidate lexicon
cati	kati	original dictionary spelling	merged from candidate lexicon
catiban	katiban	original dictionary spelling	merged from candidate lexicon
caticat	katikat	original dictionary spelling	merged from candidate lexicon
caticut	katikut	original dictionary spelling	merged from candidate lexicon
catig	katig	original dictionary spelling	merged from candidate lexicon
catiki	katiki	original dictionary spelling	merged from candidate lexicon
catilpu	katilpu	original dictionary spelling	merged from candidate lexicon
catiuala	katiuala	original dictionary spelling	merged from candidate lexicon
catli	katli	original dictionary spelling	merged from candidate lexicon
catmon	katmon	original dictionary spelling	merged from candidate lexicon
catoldan	katoldan	original dictionary spelling	merged from candidate lexicon
catorce	katorse	original dictionary spelling	merged from candidate lexicon
catre	katre	original dictionary spelling	merged from candidate lexicon
catsa	katsa	original dictionary spelling	merged from candidate lexicon
catsâ	katsa	original dictionary spelling	merged from candidate lexicon
catu	katu	original dictionary spelling	merged from candidate lexicon
catuc	katuc	original dictionary spelling	merged from candidate lexicon
catug	katug	original dictionary spelling	merged from candidate lexicon
catulunan	katulunan	original dictionary spelling	merged from candidate lexicon
catung	katung	original dictionary spelling	merged from candidate lexicon
cature	kature	original dictionary spelling	merged from candidate lexicon
catus	katus	original dictionary spelling	merged from candidate lexicon
catut	katut	original dictionary spelling	merged from candidate lexicon
catutu	katutu	original dictionary spelling	merged from candidate lexicon
catuyanğan	katuyangan	original dictionary spelling	merged from candidate lexicon
católico	katoliko	original dictionary spelling	merged from candidate lexicon
catón	katon	original dictionary spelling	merged from candidate lexicon
cau	kau	original dictionary spelling	merged from candidate lexicon
caua	kaua	original dictionary spelling	merged from candidate lexicon
cauad	kauad	original dictionary spelling	merged from candidate lexicon
caual	kaual	original dictionary spelling	merged from candidate lexicon
cauala	kauala	original dictionary spelling	merged from candidate lexicon
cauat	kauat	original dictionary spelling	merged from candidate lexicon
cauatasan	kauatasan	original dictionary spelling	merged from candidate lexicon
caue	kaue	original dictionary spelling	merged from candidate lexicon
cauig	kauig	original dictionary spelling	merged from candidate lexicon
cauil	kauil	original dictionary spelling	merged from candidate lexicon
cauing	kauing	original dictionary spelling	merged from candidate lexicon
cauit	kauit	original dictionary spelling	merged from candidate lexicon
caul	kaul	original dictionary spelling	merged from candidate lexicon
cauliflower	kauliflower	original dictionary spelling	merged from candidate lexicon
caung	kaung	original dictionary spelling	merged from candidate lexicon
caya	kaya	original dictionary spelling	merged from candidate lexicon
cayas	kayas	original dictionary spelling	merged from candidate lexicon
cayat	kayat	original dictionary spelling	merged from candidate lexicon
cayi	kayi	original dictionary spelling	merged from candidate lexicon
cayucut	kayukut	original dictionary spelling	merged from candidate lexicon
cayud	kayud	original dictionary spelling	merged from candidate lexicon
cayungcung	kayungkung	original dictionary spelling	merged from candidate lexicon
celador	selador	original dictionary spelling	merged from candidate lexicon
celebración	selebrasion	original dictionary spelling	merged from candidate lexicon
celebrante	selebrante	original dictionary spelling	merged from candidate lexicon
celuibadya	seluibadya	original dictionary spelling	merged from candidate lexicon
cementerio	sementerio	original dictionary spelling	merged from candidate lexicon
cemiento	semiento	original dictionary spelling	merged from candidate lexicon
centena	sentena	original dictionary spelling	merged from candidate lexicon
centinela	sentinela	original dictionary spelling	merged from candidate lexicon
central	sentral	original dictionary spelling	merged from candidate lexicon
centro	sentro	original dictionary spelling	merged from candidate lexicon
centuria	senturia	original dictionary spelling	merged from candidate lexicon
centurion	senturion	original dictionary spelling	merged from candidate lexicon
centímetro	sentimetro	original dictionary spelling	merged from candidate lexicon
ceracates	serakates	original dictionary spelling	merged from candidate lexicon
cerado	serado	original dictionary spelling	merged from candidate lexicon
cere-ceremonias	sere-seremonias	original dictionary spelling	merged from candidate lexicon
ceremonia	seremonia	original dictionary spelling	merged from candidate lexicon
cereza	sereza	original dictionary spelling	merged from candidate lexicon
cerradura	serradura	original dictionary spelling	merged from candidate lexicon
cerveza	serveza	original dictionary spelling	merged from candidate lexicon
cerámico	seramiko	original dictionary spelling	merged from candidate lexicon
chaiote	sayote	original dictionary spelling	merged from candidate lexicon
chata	achata	original dictionary spelling	merged from candidate lexicon
chayóte	chayote	original dictionary spelling	merged from candidate lexicon
chicherías	chicherias	original dictionary spelling	merged from candidate lexicon
chico	chiko	original dictionary spelling	merged from candidate lexicon
chiesa	tiesa	original dictionary spelling	merged from candidate lexicon
chiko	siku	original dictionary spelling	merged from candidate lexicon
chucherías	chucherias	original dictionary spelling	merged from candidate lexicon
chupe	sipat	original dictionary spelling	merged from candidate lexicon
chupón	chupon	original dictionary spelling	merged from candidate lexicon
chícharo	chicharo	original dictionary spelling	merged from candidate lexicon
ciento	siento	original dictionary spelling	merged from candidate lexicon
cierto	sierto	original dictionary spelling	merged from candidate lexicon
cigarettes	sigarettes	original dictionary spelling	merged from candidate lexicon
cigarilio	sigarilio	original dictionary spelling	merged from candidate lexicon
cigiielas	sigiielas	original dictionary spelling	merged from candidate lexicon
cimarron	simarron	original dictionary spelling	merged from candidate lexicon
cimborrio	simborrio	original dictionary spelling	merged from candidate lexicon
cincha	sincha	original dictionary spelling	merged from candidate lexicon
cincuenta	sinkuenta	original dictionary spelling	merged from candidate lexicon
cingulo	singulo	original dictionary spelling	merged from candidate lexicon
cinturón	sinturon	original dictionary spelling	merged from candidate lexicon
circo	sirko	original dictionary spelling	merged from candidate lexicon
circulo	sirkulo	original dictionary spelling	merged from candidate lexicon
circumcision	sirkumsision	original dictionary spelling	merged from candidate lexicon
cisne	sisne	original dictionary spelling	merged from candidate lexicon
cistercience	sistersiense	original dictionary spelling	merged from candidate lexicon
cisterna	sisterna	original dictionary spelling	merged from candidate lexicon
cita	sita	original dictionary spelling	merged from candidate lexicon
citas	sitas	original dictionary spelling	merged from candidate lexicon
ciudad	siudad	original dictionary spelling	merged from candidate lexicon
clasifica	clasifika	original dictionary spelling	merged from candidate lexicon
classification	classifikation	original dictionary spelling	merged from candidate lexicon
clericalismo	clerikalismo	original dictionary spelling	merged from candidate lexicon
clérigo	clerigo	original dictionary spelling	merged from candidate lexicon
clínica	clinika	original dictionary spelling	merged from candidate lexicon
coadjutor	koadjutor	original dictionary spelling	merged from candidate lexicon
coagulado	koagulado	original dictionary spelling	merged from candidate lexicon
coalición	koalision	original dictionary spelling	merged from candidate lexicon
cobeta	kobeta	original dictionary spelling	merged from candidate lexicon
cobra	kobra	original dictionary spelling	merged from candidate lexicon
cobrador	kobrador	original dictionary spelling	merged from candidate lexicon
cobung-cobung	kobung-kobung	original dictionary spelling	merged from candidate lexicon
cocac	kokac	original dictionary spelling	merged from candidate lexicon
coche	koche	original dictionary spelling	merged from candidate lexicon
cochero	kochero	original dictionary spelling	merged from candidate lexicon
cocho	kocho	original dictionary spelling	merged from candidate lexicon
cocido	kosido	original dictionary spelling	merged from candidate lexicon
cocina	kosina	original dictionary spelling	merged from candidate lexicon
cocinero	kosinero	original dictionary spelling	merged from candidate lexicon
cocinilia	kosinilia	original dictionary spelling	merged from candidate lexicon
coco	koko	original dictionary spelling	merged from candidate lexicon
cococ	kokoc	original dictionary spelling	merged from candidate lexicon
cocoto	kokoto	original dictionary spelling	merged from candidate lexicon
codice	kodise	original dictionary spelling	merged from candidate lexicon
codico	kodiko	original dictionary spelling	merged from candidate lexicon
codigo	kodigo	original dictionary spelling	merged from candidate lexicon
cola	kola	original dictionary spelling	merged from candidate lexicon
colación	kolasion	original dictionary spelling	merged from candidate lexicon
colección	kolecsion	original dictionary spelling	merged from candidate lexicon
colecta	kolecta	original dictionary spelling	merged from candidate lexicon
colectivo	kolectivo	original dictionary spelling	merged from candidate lexicon
colehial	kolehial	original dictionary spelling	merged from candidate lexicon
colehio	kolehio	original dictionary spelling	merged from candidate lexicon
colera	kolera	original dictionary spelling	merged from candidate lexicon
coliseo	koliseo	original dictionary spelling	merged from candidate lexicon
colitis	kolitis	original dictionary spelling	merged from candidate lexicon
colon	kolon	original dictionary spelling	merged from candidate lexicon
colonia	kolonia	original dictionary spelling	merged from candidate lexicon
colonialismo	kolonialismo	original dictionary spelling	merged from candidate lexicon
colonista	kolonista	original dictionary spelling	merged from candidate lexicon
colonización	kolonizasion	original dictionary spelling	merged from candidate lexicon
colonizing	kolonizing	original dictionary spelling	merged from candidate lexicon
coloquintida	kolokintida	original dictionary spelling	merged from candidate lexicon
color	kolor	original dictionary spelling	merged from candidate lexicon
colored	kolored	original dictionary spelling	merged from candidate lexicon
colorum	kolorum	original dictionary spelling	merged from candidate lexicon
colérico	koleriko	original dictionary spelling	merged from candidate lexicon
coma	koma	original dictionary spelling	merged from candidate lexicon
comadre	komadre	original dictionary spelling	merged from candidate lexicon
comadrona	komadrona	original dictionary spelling	merged from candidate lexicon
comandante	komandante	original dictionary spelling	merged from candidate lexicon
comang	komang	original dictionary spelling	merged from candidate lexicon
comanggi	komanggi	original dictionary spelling	merged from candidate lexicon
combinación	kombinasion	original dictionary spelling	merged from candidate lexicon
comedia	komedia	original dictionary spelling	merged from candidate lexicon
comedor	komedor	original dictionary spelling	merged from candidate lexicon
comentario	komentario	original dictionary spelling	merged from candidate lexicon
comerciante	komersiante	original dictionary spelling	merged from candidate lexicon
commerce	kommerse	original dictionary spelling	merged from candidate lexicon
como	komo	original dictionary spelling	merged from candidate lexicon
comodon	komodon	original dictionary spelling	merged from candidate lexicon
compadre	kompadre	original dictionary spelling	merged from candidate lexicon
companiero	kompaniero	original dictionary spelling	merged from candidate lexicon
compara	kompara	original dictionary spelling	merged from candidate lexicon
comparación	komparasion	original dictionary spelling	merged from candidate lexicon
compañía	kompania	original dictionary spelling	merged from candidate lexicon
competencia	kompetensia	original dictionary spelling	merged from candidate lexicon
competetivo	kompetetivo	original dictionary spelling	merged from candidate lexicon
complemento	komplemento	original dictionary spelling	merged from candidate lexicon
completo	kompleto	original dictionary spelling	merged from candidate lexicon
completorio	kompletorio	original dictionary spelling	merged from candidate lexicon
complicación	komplikasion	original dictionary spelling	merged from candidate lexicon
composición	komposision	original dictionary spelling	merged from candidate lexicon
compositor	kompositor	original dictionary spelling	merged from candidate lexicon
comprobación	komprobasion	original dictionary spelling	merged from candidate lexicon
comprobante	komprobante	original dictionary spelling	merged from candidate lexicon
comprometido	komprometido	original dictionary spelling	merged from candidate lexicon
compromiso	kompromiso	original dictionary spelling	merged from candidate lexicon
computación	komputasion	original dictionary spelling	merged from candidate lexicon
compás	kompas	original dictionary spelling	merged from candidate lexicon
comulgatorio	komulgatorio	original dictionary spelling	merged from candidate lexicon
comunicación	komunikasion	original dictionary spelling	merged from candidate lexicon
comunidad	komunidad	original dictionary spelling	merged from candidate lexicon
comunismo	komunismo	original dictionary spelling	merged from candidate lexicon
comunista	komunista	original dictionary spelling	merged from candidate lexicon
comunión	komunion	original dictionary spelling	merged from candidate lexicon
comusta	komusta	original dictionary spelling	merged from candidate lexicon
comustahan	komustahan	original dictionary spelling	merged from candidate lexicon
común	komun	original dictionary spelling	merged from candidate lexicon
conbien	konbien	original dictionary spelling	merged from candidate lexicon
concehal	konsehal	original dictionary spelling	merged from candidate lexicon
conceho	konseho	original dictionary spelling	merged from candidate lexicon
concentración	konsentrasion	original dictionary spelling	merged from candidate lexicon
concertina	konsertina	original dictionary spelling	merged from candidate lexicon
concha	koncha	original dictionary spelling	merged from candidate lexicon
conciencia	konsiensia	original dictionary spelling	merged from candidate lexicon
concierto	konsierto	original dictionary spelling	merged from candidate lexicon
concilio	konsilio	original dictionary spelling	merged from candidate lexicon
conclusion	konclusion	original dictionary spelling	merged from candidate lexicon
concreto	koncreto	original dictionary spelling	merged from candidate lexicon
conde	konde	original dictionary spelling	merged from candidate lexicon
condemn	kondemn	original dictionary spelling	merged from candidate lexicon
condena	kondena	original dictionary spelling	merged from candidate lexicon
condesa	kondesa	original dictionary spelling	merged from candidate lexicon
condición	kondision	original dictionary spelling	merged from candidate lexicon
conditions	konditions	original dictionary spelling	merged from candidate lexicon
conductor	konductor	original dictionary spelling	merged from candidate lexicon
conductress	konductress	original dictionary spelling	merged from candidate lexicon
coneccion	konecsion	original dictionary spelling	merged from candidate lexicon
coneho	koneho	original dictionary spelling	merged from candidate lexicon
conferencia	konferensia	original dictionary spelling	merged from candidate lexicon
confesión	konfesion	original dictionary spelling	merged from candidate lexicon
confesor	konfesor	original dictionary spelling	merged from candidate lexicon
confianza	konfianza	original dictionary spelling	merged from candidate lexicon
confidencia	konfidensia	original dictionary spelling	merged from candidate lexicon
confidencial	konfidensial	original dictionary spelling	merged from candidate lexicon
confisca	konfiska	original dictionary spelling	merged from candidate lexicon
confiscatedorseizedthus	konfiskatedorseizedthus	original dictionary spelling	merged from candidate lexicon
conforme	konforme	original dictionary spelling	merged from candidate lexicon
cong	kong	original dictionary spelling	merged from candidate lexicon
congregación	kongregasion	original dictionary spelling	merged from candidate lexicon
congresista	kongresista	original dictionary spelling	merged from candidate lexicon
congreso	kongreso	original dictionary spelling	merged from candidate lexicon
conquer	konker	original dictionary spelling	merged from candidate lexicon
conquista	konkista	original dictionary spelling	merged from candidate lexicon
conquistador	konkistador	original dictionary spelling	merged from candidate lexicon
consagra	konsagra	original dictionary spelling	merged from candidate lexicon
consagraban	konsagraban	original dictionary spelling	merged from candidate lexicon
consagración	konsagrasion	original dictionary spelling	merged from candidate lexicon
consecrated	konsecrated	original dictionary spelling	merged from candidate lexicon
consecuencia	konsekuensia	original dictionary spelling	merged from candidate lexicon
consente	konsente	original dictionary spelling	merged from candidate lexicon
conservación	konservasion	original dictionary spelling	merged from candidate lexicon
considera	konsidera	original dictionary spelling	merged from candidate lexicon
consideración	konsiderasion	original dictionary spelling	merged from candidate lexicon
consideration	konsideration	original dictionary spelling	merged from candidate lexicon
consintidor	konsintidor	original dictionary spelling	merged from candidate lexicon
consonance	konsonanse	original dictionary spelling	merged from candidate lexicon
consonante	konsonante	original dictionary spelling	merged from candidate lexicon
consorte	konsorte	original dictionary spelling	merged from candidate lexicon
conspiración	konspirasion	original dictionary spelling	merged from candidate lexicon
constablario	konstablario	original dictionary spelling	merged from candidate lexicon
constante	konstante	original dictionary spelling	merged from candidate lexicon
constitución	konstitusion	original dictionary spelling	merged from candidate lexicon
construcción	konstrucsion	original dictionary spelling	merged from candidate lexicon
consuelo	konsuelo	original dictionary spelling	merged from candidate lexicon
consul	konsul	original dictionary spelling	merged from candidate lexicon
consulta	konsulta	original dictionary spelling	merged from candidate lexicon
consultation	konsultation	original dictionary spelling	merged from candidate lexicon
consulting	konsulting	original dictionary spelling	merged from candidate lexicon
consumición	konsumision	original dictionary spelling	merged from candidate lexicon
contacan	kontakan	original dictionary spelling	merged from candidate lexicon
contact	kontact	original dictionary spelling	merged from candidate lexicon
contador	kontador	original dictionary spelling	merged from candidate lexicon
contang	kontang	original dictionary spelling	merged from candidate lexicon
contemplación	kontemplasion	original dictionary spelling	merged from candidate lexicon
contemplativo	kontemplativo	original dictionary spelling	merged from candidate lexicon
contentelio	kontentelio	original dictionary spelling	merged from candidate lexicon
contention	kontention	original dictionary spelling	merged from candidate lexicon
contentious	kontentious	original dictionary spelling	merged from candidate lexicon
contento	kontento	original dictionary spelling	merged from candidate lexicon
continencia	kontinensia	original dictionary spelling	merged from candidate lexicon
continente	kontinente	original dictionary spelling	merged from candidate lexicon
conting	konting	original dictionary spelling	merged from candidate lexicon
contra	kontra	original dictionary spelling	merged from candidate lexicon
contrabando	kontrabando	original dictionary spelling	merged from candidate lexicon
contrario	kontrario	original dictionary spelling	merged from candidate lexicon
contrasenias	kontrasenias	original dictionary spelling	merged from candidate lexicon
contrata	kontrata	original dictionary spelling	merged from candidate lexicon
contratista	kontratista	original dictionary spelling	merged from candidate lexicon
contribución	kontribusion	original dictionary spelling	merged from candidate lexicon
contribution	kontribution	original dictionary spelling	merged from candidate lexicon
controlado	kontrolado	original dictionary spelling	merged from candidate lexicon
controversia	kontroversia	original dictionary spelling	merged from candidate lexicon
conu	konu	original dictionary spelling	merged from candidate lexicon
convención	konvension	original dictionary spelling	merged from candidate lexicon
conveniencia	konveniensia	original dictionary spelling	merged from candidate lexicon
convento	konvento	original dictionary spelling	merged from candidate lexicon
conversion	konversion	original dictionary spelling	merged from candidate lexicon
converte	konverte	original dictionary spelling	merged from candidate lexicon
convicción	konvicsion	original dictionary spelling	merged from candidate lexicon
convince	konvinse	original dictionary spelling	merged from candidate lexicon
convinced	konvinsed	original dictionary spelling	merged from candidate lexicon
cooperación	kooperasion	original dictionary spelling	merged from candidate lexicon
cooperativa	kooperativa	original dictionary spelling	merged from candidate lexicon
coordinación	koordinasion	original dictionary spelling	merged from candidate lexicon
copa	kopa	original dictionary spelling	merged from candidate lexicon
copas	kopas	original dictionary spelling	merged from candidate lexicon
copia	kopia	original dictionary spelling	merged from candidate lexicon
copla	kopla	original dictionary spelling	merged from candidate lexicon
copo	kopo	original dictionary spelling	merged from candidate lexicon
corales	korales	original dictionary spelling	merged from candidate lexicon
correccional	korrecsional	original dictionary spelling	merged from candidate lexicon
corrección	korrecsion	original dictionary spelling	merged from candidate lexicon
correo	korreo	original dictionary spelling	merged from candidate lexicon
corrida	korrida	original dictionary spelling	merged from candidate lexicon
corrido	korrido	original dictionary spelling	merged from candidate lexicon
corriente	korriente	original dictionary spelling	merged from candidate lexicon
corsunada	korsunada	original dictionary spelling	merged from candidate lexicon
cortapluma	kortapluma	original dictionary spelling	merged from candidate lexicon
cortavista	kortavista	original dictionary spelling	merged from candidate lexicon
corte	korte	original dictionary spelling	merged from candidate lexicon
cortesiya	kortesiya	original dictionary spelling	merged from candidate lexicon
corteza	korteza	original dictionary spelling	merged from candidate lexicon
cortina	kortina	original dictionary spelling	merged from candidate lexicon
corto	korto	original dictionary spelling	merged from candidate lexicon
cosiang	kosiang	original dictionary spelling	merged from candidate lexicon
cosmética	kosmetika	original dictionary spelling	merged from candidate lexicon
costa	kosta	original dictionary spelling	merged from candidate lexicon
costado	kostado	original dictionary spelling	merged from candidate lexicon
costas	kostas	original dictionary spelling	merged from candidate lexicon
costilian	kostilian	original dictionary spelling	merged from candidate lexicon
costilias	kostilias	original dictionary spelling	merged from candidate lexicon
costumbre	kostumbre	original dictionary spelling	merged from candidate lexicon
costura	kostura	original dictionary spelling	merged from candidate lexicon
cotablan	kotablan	original dictionary spelling	merged from candidate lexicon
cote	kote	original dictionary spelling	merged from candidate lexicon
coteho	koteho	original dictionary spelling	merged from candidate lexicon
coto	koto	original dictionary spelling	merged from candidate lexicon
cotung	kotung	original dictionary spelling	merged from candidate lexicon
coya	koya	original dictionary spelling	merged from candidate lexicon
credencial	credensial	original dictionary spelling	merged from candidate lexicon
cremación	cremasion	original dictionary spelling	merged from candidate lexicon
criticismo	critisismo	original dictionary spelling	merged from candidate lexicon
critico	critiko	original dictionary spelling	merged from candidate lexicon
crucifiho	crusifiho	original dictionary spelling	merged from candidate lexicon
crucifixion	crusifixion	original dictionary spelling	merged from candidate lexicon
cruz	kurus	original dictionary spelling	merged from candidate lexicon
crédito	credito	original dictionary spelling	merged from candidate lexicon
cu	ku	original dictionary spelling	merged from candidate lexicon
cua	kua	original dictionary spelling	merged from candidate lexicon
cuacu	kuaku	original dictionary spelling	merged from candidate lexicon
cuadra	kuadra	original dictionary spelling	merged from candidate lexicon
cuadro	kuadro	original dictionary spelling	merged from candidate lexicon
cuaho	kuaho	original dictionary spelling	merged from candidate lexicon
cuaki	kuaki	original dictionary spelling	merged from candidate lexicon
cuala	kuala	original dictionary spelling	merged from candidate lexicon
cualta	kualta	original dictionary spelling	merged from candidate lexicon
cuarenta	kuarenta	original dictionary spelling	merged from candidate lexicon
cuaresma	kuaresma	original dictionary spelling	merged from candidate lexicon
cuartel	kuartel	original dictionary spelling	merged from candidate lexicon
cuarto	kuarto	original dictionary spelling	merged from candidate lexicon
cuatro	kuatro	original dictionary spelling	merged from candidate lexicon
cuba	kuba	original dictionary spelling	merged from candidate lexicon
cubacub	kubakub	original dictionary spelling	merged from candidate lexicon
cubao	kubao	original dictionary spelling	merged from candidate lexicon
cubo	kubo	original dictionary spelling	merged from candidate lexicon
cubrecama	kubrekama	original dictionary spelling	merged from candidate lexicon
cubu	kubu	original dictionary spelling	merged from candidate lexicon
cubug	kubug	original dictionary spelling	merged from candidate lexicon
cubul	kubul	original dictionary spelling	merged from candidate lexicon
cubut	kubut	original dictionary spelling	merged from candidate lexicon
cubâ	kuba	original dictionary spelling	merged from candidate lexicon
cubó	kubo	original dictionary spelling	merged from candidate lexicon
cuchara	kuchara	original dictionary spelling	merged from candidate lexicon
cucharita	kucharita	original dictionary spelling	merged from candidate lexicon
cucharon	kucharon	original dictionary spelling	merged from candidate lexicon
cuchetes	kuchetes	original dictionary spelling	merged from candidate lexicon
cuchflio	kuchflio	original dictionary spelling	merged from candidate lexicon
cuchmta	kuchmta	original dictionary spelling	merged from candidate lexicon
cuchon	kuchon	original dictionary spelling	merged from candidate lexicon
cucu	kuku	original dictionary spelling	merged from candidate lexicon
cucuc	kukuc	original dictionary spelling	merged from candidate lexicon
cucul	kukul	original dictionary spelling	merged from candidate lexicon
cucung	kukung	original dictionary spelling	merged from candidate lexicon
cudcud	kudkud	original dictionary spelling	merged from candidate lexicon
cudcuran	kudkuran	original dictionary spelling	merged from candidate lexicon
cudiapi	kudiapi	original dictionary spelling	merged from candidate lexicon
cudta	kudta	original dictionary spelling	merged from candidate lexicon
cuenta	kuenta	original dictionary spelling	merged from candidate lexicon
cuentu	kuentu	original dictionary spelling	merged from candidate lexicon
cuhing	kuhing	original dictionary spelling	merged from candidate lexicon
cula	kula	original dictionary spelling	merged from candidate lexicon
culabe	kulabe	original dictionary spelling	merged from candidate lexicon
culabit	kulabit	original dictionary spelling	merged from candidate lexicon
culacling	kulacling	original dictionary spelling	merged from candidate lexicon
culagat	kulagat	original dictionary spelling	merged from candidate lexicon
culaing	kulaing	original dictionary spelling	merged from candidate lexicon
culait	kulait	original dictionary spelling	merged from candidate lexicon
culalâ	kulala	original dictionary spelling	merged from candidate lexicon
culam	kulam	original dictionary spelling	merged from candidate lexicon
culamut	kulamut	original dictionary spelling	merged from candidate lexicon
culang	kulang	original dictionary spelling	merged from candidate lexicon
culangut	kulangut	original dictionary spelling	merged from candidate lexicon
culantro	kulantro	original dictionary spelling	merged from candidate lexicon
culap	kulap	original dictionary spelling	merged from candidate lexicon
culapad	kulapad	original dictionary spelling	merged from candidate lexicon
culapdan	kulapdan	original dictionary spelling	merged from candidate lexicon
culapsing	kulapsing	original dictionary spelling	merged from candidate lexicon
culapu	kulapu	original dictionary spelling	merged from candidate lexicon
culaput	kulaput	original dictionary spelling	merged from candidate lexicon
culas	kulas	original dictionary spelling	merged from candidate lexicon
culasa	kulasa	original dictionary spelling	merged from candidate lexicon
culasim	kulasim	original dictionary spelling	merged from candidate lexicon
culasio	kulasio	original dictionary spelling	merged from candidate lexicon
culat	kulat	original dictionary spelling	merged from candidate lexicon
culate	kulate	original dictionary spelling	merged from candidate lexicon
culatic	kulatic	original dictionary spelling	merged from candidate lexicon
culatirit	kulatirit	original dictionary spelling	merged from candidate lexicon
culauit	kulauit	original dictionary spelling	merged from candidate lexicon
culayadiang	kulayadiang	original dictionary spelling	merged from candidate lexicon
culayu	kulayu	original dictionary spelling	merged from candidate lexicon
culcul	kulkul	original dictionary spelling	merged from candidate lexicon
culdap	kuldap	original dictionary spelling	merged from candidate lexicon
cule	kule	original dictionary spelling	merged from candidate lexicon
culebra	kulebra	original dictionary spelling	merged from candidate lexicon
culenat	kulenat	original dictionary spelling	merged from candidate lexicon
culeta	kuleta	original dictionary spelling	merged from candidate lexicon
culi	kuli	original dictionary spelling	merged from candidate lexicon
culiac	kuliac	original dictionary spelling	merged from candidate lexicon
culiat	kuliat	original dictionary spelling	merged from candidate lexicon
culiauan	kuliauan	original dictionary spelling	merged from candidate lexicon
culiglig	kuliglig	original dictionary spelling	merged from candidate lexicon
culilmg	kulilmg	original dictionary spelling	merged from candidate lexicon
culimagmag	kulimagmag	original dictionary spelling	merged from candidate lexicon
culimlim	kulimlim	original dictionary spelling	merged from candidate lexicon
culiniayan	kuliniayan	original dictionary spelling	merged from candidate lexicon
culio	kulio	original dictionary spelling	merged from candidate lexicon
culipat	kulipat	original dictionary spelling	merged from candidate lexicon
culipatpat	kulipatpat	original dictionary spelling	merged from candidate lexicon
culisac	kulisac	original dictionary spelling	merged from candidate lexicon
culisap	kulisap	original dictionary spelling	merged from candidate lexicon
culit	kulit	original dictionary spelling	merged from candidate lexicon
culiut	kuliut	original dictionary spelling	merged from candidate lexicon
culsu	kulsu	original dictionary spelling	merged from candidate lexicon
culta	kulta	original dictionary spelling	merged from candidate lexicon
cultf	kultf	original dictionary spelling	merged from candidate lexicon
cultu	kultu	original dictionary spelling	merged from candidate lexicon
cultura	kultura	original dictionary spelling	merged from candidate lexicon
culub	kulub	original dictionary spelling	merged from candidate lexicon
culubasa	kulubasa	original dictionary spelling	merged from candidate lexicon
culubung	kulubung	original dictionary spelling	merged from candidate lexicon
culubut	kulubut	original dictionary spelling	merged from candidate lexicon
culucati	kulukati	original dictionary spelling	merged from candidate lexicon
culug	kulug	original dictionary spelling	merged from candidate lexicon
culul	kulul	original dictionary spelling	merged from candidate lexicon
culumbu	kulumbu	original dictionary spelling	merged from candidate lexicon
culumpis	kulumpis	original dictionary spelling	merged from candidate lexicon
culung	kulung	original dictionary spelling	merged from candidate lexicon
culuparî	kulupari	original dictionary spelling	merged from candidate lexicon
culuping	kuluping	original dictionary spelling	merged from candidate lexicon
culurun	kulurun	original dictionary spelling	merged from candidate lexicon
culut	kulut	original dictionary spelling	merged from candidate lexicon
culutculutan	kulutkulutan	original dictionary spelling	merged from candidate lexicon
culutun	kulutun	original dictionary spelling	merged from candidate lexicon
culutung	kulutung	original dictionary spelling	merged from candidate lexicon
culuung	kuluung	original dictionary spelling	merged from candidate lexicon
cumad	kumad	original dictionary spelling	merged from candidate lexicon
cumag	kumag	original dictionary spelling	merged from candidate lexicon
cumbad	kumbad	original dictionary spelling	merged from candidate lexicon
cumbintu	kumbintu	original dictionary spelling	merged from candidate lexicon
cumcum	kumkum	original dictionary spelling	merged from candidate lexicon
cundu	kundu	original dictionary spelling	merged from candidate lexicon
cundul	kundul	original dictionary spelling	merged from candidate lexicon
cungcung	kungkung	original dictionary spelling	merged from candidate lexicon
cunial	kunial	original dictionary spelling	merged from candidate lexicon
cunlauit	kunlauit	original dictionary spelling	merged from candidate lexicon
cunlut	kunlut	original dictionary spelling	merged from candidate lexicon
cunsi	kunsi	original dictionary spelling	merged from candidate lexicon
cuntang	kuntang	original dictionary spelling	merged from candidate lexicon
cunut	kunut	original dictionary spelling	merged from candidate lexicon
cunû	kunu	original dictionary spelling	merged from candidate lexicon
cupac	kupac	original dictionary spelling	merged from candidate lexicon
cupad	kupad	original dictionary spelling	merged from candidate lexicon
cupal	kupal	original dictionary spelling	merged from candidate lexicon
cupang	kupang	original dictionary spelling	merged from candidate lexicon
cupas	kupas	original dictionary spelling	merged from candidate lexicon
cupcup	kupkup	original dictionary spelling	merged from candidate lexicon
cupit	kupit	original dictionary spelling	merged from candidate lexicon
cupiti	kupiti	original dictionary spelling	merged from candidate lexicon
cupiâ	kupia	original dictionary spelling	merged from candidate lexicon
cupola	kupola	original dictionary spelling	merged from candidate lexicon
cupâ	kupa	original dictionary spelling	merged from candidate lexicon
cupón	kupon	original dictionary spelling	merged from candidate lexicon
cura	kura	original dictionary spelling	merged from candidate lexicon
curacul	kurakul	original dictionary spelling	merged from candidate lexicon
curacurâ	kurakura	original dictionary spelling	merged from candidate lexicon
curag	kurag	original dictionary spelling	merged from candidate lexicon
curam	kuram	original dictionary spelling	merged from candidate lexicon
curap	kurap	original dictionary spelling	merged from candidate lexicon
curat	kurat	original dictionary spelling	merged from candidate lexicon
curiliu	kuriliu	original dictionary spelling	merged from candidate lexicon
curiput	kuriput	original dictionary spelling	merged from candidate lexicon
curiru	kuriru	original dictionary spelling	merged from candidate lexicon
curo	kuro	original dictionary spelling	merged from candidate lexicon
curso	kurso	original dictionary spelling	merged from candidate lexicon
curuc	kuruc	original dictionary spelling	merged from candidate lexicon
curucutuc	kurukutuc	original dictionary spelling	merged from candidate lexicon
curug	kurug	original dictionary spelling	merged from candidate lexicon
curul	kurul	original dictionary spelling	merged from candidate lexicon
curung	kurung	original dictionary spelling	merged from candidate lexicon
curus	kurus	original dictionary spelling	merged from candidate lexicon
curut	kurut	original dictionary spelling	merged from candidate lexicon
cusa	kusa	original dictionary spelling	merged from candidate lexicon
cusad	kusad	original dictionary spelling	merged from candidate lexicon
cuscus	kuskus	original dictionary spelling	merged from candidate lexicon
cuscusbalunğus	kuskusbalungus	original dictionary spelling	merged from candidate lexicon
cusim	kusim	original dictionary spelling	merged from candidate lexicon
cusing	kusing	original dictionary spelling	merged from candidate lexicon
cusintirul	kusintirul	original dictionary spelling	merged from candidate lexicon
cusisap	kusisap	original dictionary spelling	merged from candidate lexicon
custion	kustion	original dictionary spelling	merged from candidate lexicon
cusug	kusug	original dictionary spelling	merged from candidate lexicon
cusut	kusut	original dictionary spelling	merged from candidate lexicon
cutang	kutang	original dictionary spelling	merged from candidate lexicon
cutap	kutap	original dictionary spelling	merged from candidate lexicon
cutcut	kutkut	original dictionary spelling	merged from candidate lexicon
cute	kute	original dictionary spelling	merged from candidate lexicon
cuti	kuti	original dictionary spelling	merged from candidate lexicon
cutil	kutil	original dictionary spelling	merged from candidate lexicon
cuting	kuting	original dictionary spelling	merged from candidate lexicon
cutis	kutis	original dictionary spelling	merged from candidate lexicon
cutit	kutit	original dictionary spelling	merged from candidate lexicon
cutitung	kutitung	original dictionary spelling	merged from candidate lexicon
cuto	kuto	original dictionary spelling	merged from candidate lexicon
cutsintâ	kutsinta	original dictionary spelling	merged from candidate lexicon
cutu	kutu	original dictionary spelling	merged from candidate lexicon
cutub	kutub	original dictionary spelling	merged from candidate lexicon
cutud	kutud	original dictionary spelling	merged from candidate lexicon
cutâ	kuta	original dictionary spelling	merged from candidate lexicon
cuy	kuy	original dictionary spelling	merged from candidate lexicon
cuyacuya	kuyakuya	original dictionary spelling	merged from candidate lexicon
cuyad	kuyad	original dictionary spelling	merged from candidate lexicon
cuyam	kuyam	original dictionary spelling	merged from candidate lexicon
cuyo	kuyo	original dictionary spelling	merged from candidate lexicon
cuyug	kuyug	original dictionary spelling	merged from candidate lexicon
cuyâ	kuya	original dictionary spelling	merged from candidate lexicon
cáliz	kaliz	original dictionary spelling	merged from candidate lexicon
cáng	kang	original dictionary spelling	merged from candidate lexicon
cátam	katam	original dictionary spelling	merged from candidate lexicon
cédula	sedula	original dictionary spelling	merged from candidate lexicon
céntimo	sentimo	original dictionary spelling	merged from candidate lexicon
cónting	konting	original dictionary spelling	merged from candidate lexicon
cû	ku	original dictionary spelling	merged from candidate lexicon
cülus	kulus	original dictionary spelling	merged from candidate lexicon
da	ra	original dictionary spelling	merged from candidate lexicon
dacal	dakal	original dictionary spelling	merged from candidate lexicon
dacap	dakap	original dictionary spelling	merged from candidate lexicon
dacati	dakati	original dictionary spelling	merged from candidate lexicon
dación	dasion	original dictionary spelling	merged from candidate lexicon
daclat	lacdat	original dictionary spelling	merged from candidate lexicon
dacurac	dakurac	original dictionary spelling	merged from candidate lexicon
dacut	dakut	original dictionary spelling	merged from candidate lexicon
dago	dagao	original dictionary spelling	merged from candidate lexicon
dagsaq	dagsa	PALI orthography / attested surface form	annotated
dagusgus	dagus	original dictionary spelling	merged from candidate lexicon
dailan	dahilan	original dictionary spelling	merged from candidate lexicon
dalampû	dalampu	original dictionary spelling	merged from candidate lexicon
dalauâ	dalaua	original dictionary spelling	merged from candidate lexicon
dalaû	dalau	original dictionary spelling	merged from candidate lexicon
dalağa	dalaga	original dictionary spelling	merged from candidate lexicon
dalede	dalere	original dictionary spelling	merged from candidate lexicon
dalican	dalikan	original dictionary spelling	merged from candidate lexicon
dalicat	dalikat	original dictionary spelling	merged from candidate lexicon
daliuauat	daliauat	original dictionary spelling	merged from candidate lexicon
dalmática	dalmatika	original dictionary spelling	merged from candidate lexicon
dalumdum	dulum	original dictionary spelling	merged from candidate lexicon
dalâ	dala	original dictionary spelling	merged from candidate lexicon
dalî	dali	original dictionary spelling	merged from candidate lexicon
damajuana	damahuana	original dictionary spelling	merged from candidate lexicon
damalî	damali	original dictionary spelling	merged from candidate lexicon
dambanâ	dambana	original dictionary spelling	merged from candidate lexicon
damucû	damuku	original dictionary spelling	merged from candidate lexicon
damutac	damusac	original dictionary spelling	merged from candidate lexicon
dangalan	dangal	original dictionary spelling	merged from candidate lexicon
dangca	dangka	original dictionary spelling	merged from candidate lexicon
dangcal	dangkal	original dictionary spelling	merged from candidate lexicon
dangcanğo	dangkango	original dictionary spelling	merged from candidate lexicon
dangco	dangko	original dictionary spelling	merged from candidate lexicon
dangpâ	dangpa	original dictionary spelling	merged from candidate lexicon
dantic	dantit	original dictionary spelling	merged from candidate lexicon
danğal	dangal	original dictionary spelling	merged from candidate lexicon
danğat	dangat	original dictionary spelling	merged from candidate lexicon
danğin	dangin	original dictionary spelling	merged from candidate lexicon
dapuc	datuc	original dictionary spelling	merged from candidate lexicon
darapusa	dadapusa	original dictionary spelling	merged from candidate lexicon
dará	dara	original dictionary spelling	merged from candidate lexicon
dascul	daskul	original dictionary spelling	merged from candidate lexicon
datû	datu	original dictionary spelling	merged from candidate lexicon
dauac	daual	original dictionary spelling	merged from candidate lexicon
dayucut	dayukut	original dictionary spelling	merged from candidate lexicon
dayâ	daya	original dictionary spelling	merged from candidate lexicon
daû	dau	original dictionary spelling	merged from candidate lexicon
de	re	original dictionary spelling	merged from candidate lexicon
debatí	debati	original dictionary spelling	merged from candidate lexicon
decada	dekada	original dictionary spelling	merged from candidate lexicon
decano	dekano	original dictionary spelling	merged from candidate lexicon
decenario	desenario	original dictionary spelling	merged from candidate lexicon
decente	desente	original dictionary spelling	merged from candidate lexicon
decidedly	desidedly	original dictionary spelling	merged from candidate lexicon
decidido	desidido	original dictionary spelling	merged from candidate lexicon
deciembre	desiembre	original dictionary spelling	merged from candidate lexicon
decision	desision	original dictionary spelling	merged from candidate lexicon
declaración	declarasion	original dictionary spelling	merged from candidate lexicon
decálogo	dekalogo	original dictionary spelling	merged from candidate lexicon
dedecoraciunan	dedekorasiunan	original dictionary spelling	merged from candidate lexicon
dedi	dede	original dictionary spelling	merged from candidate lexicon
dedicación	dedikasion	original dictionary spelling	merged from candidate lexicon
dedicado	dedikado	original dictionary spelling	merged from candidate lexicon
dedicar	dedikar	original dictionary spelling	merged from candidate lexicon
delegación	delegasion	original dictionary spelling	merged from candidate lexicon
delicadeza	delikadeza	original dictionary spelling	merged from candidate lexicon
delincuente	delinkuente	original dictionary spelling	merged from candidate lexicon
delinquency	delinkency	original dictionary spelling	merged from candidate lexicon
democracia	democrasia	original dictionary spelling	merged from candidate lexicon
demolición	demolision	original dictionary spelling	merged from candidate lexicon
demonio	damoho	original dictionary spelling	merged from candidate lexicon
demócrata	democrata	original dictionary spelling	merged from candidate lexicon
den	ren	original dictionary spelling	merged from candidate lexicon
deni	reni	original dictionary spelling	merged from candidate lexicon
depascua	depaskua	original dictionary spelling	merged from candidate lexicon
derang	darang	original dictionary spelling	merged from candidate lexicon
descarte	deskarte	original dictionary spelling	merged from candidate lexicon
descenso	dessenso	original dictionary spelling	merged from candidate lexicon
desesperación	desesperasion	original dictionary spelling	merged from candidate lexicon
desgracia	desgrasia	original dictionary spelling	merged from candidate lexicon
desgraciada	desgrasiada	original dictionary spelling	merged from candidate lexicon
desgraciado	desgrasiado	original dictionary spelling	merged from candidate lexicon
destinasion	destino	original dictionary spelling	merged from candidate lexicon
deti	reti	original dictionary spelling	merged from candidate lexicon
devocionario	devosionario	original dictionary spelling	merged from candidate lexicon
devoción	devosion	original dictionary spelling	merged from candidate lexicon
di	ri	original dictionary spelling	merged from candidate lexicon
diaconesa	diakonesa	original dictionary spelling	merged from candidate lexicon
diakonisa	diakonesa	original dictionary spelling	merged from candidate lexicon
diami	dayami	original dictionary spelling	merged from candidate lexicon
dicat	dikat	original dictionary spelling	merged from candidate lexicon
diccionario	dicsionario	original dictionary spelling	merged from candidate lexicon
dicción	dicsion	original dictionary spelling	merged from candidate lexicon
diciembre	disiembre	original dictionary spelling	merged from candidate lexicon
dico	diko	original dictionary spelling	merged from candidate lexicon
dicut	dikut	original dictionary spelling	merged from candidate lexicon
diecinueve	diesinueve	original dictionary spelling	merged from candidate lexicon
dieciocho	diesiocho	original dictionary spelling	merged from candidate lexicon
dieciseis	diesiseis	original dictionary spelling	merged from candidate lexicon
diecisiete	diesisiete	original dictionary spelling	merged from candidate lexicon
diferencia	diferensia	original dictionary spelling	merged from candidate lexicon
dilambaca	dilambaka	original dictionary spelling	merged from candidate lexicon
dilantera	delantera	original dictionary spelling	merged from candidate lexicon
dilihencia	dilihensia	original dictionary spelling	merged from candidate lexicon
diluvio	deluvio	original dictionary spelling	merged from candidate lexicon
dilâ	dila	original dictionary spelling	merged from candidate lexicon
dilû	dilu	original dictionary spelling	merged from candidate lexicon
dimisión	dimision	original dictionary spelling	merged from candidate lexicon
dinalan	lub	original dictionary spelling	merged from candidate lexicon
dinamarca	dinamarka	original dictionary spelling	merged from candidate lexicon
dinat	dukat	original dictionary spelling	merged from candidate lexicon
ding	ring	original dictionary spelling	merged from candidate lexicon
dingdinğali	dingdingali	original dictionary spelling	merged from candidate lexicon
diocesano	diosesano	original dictionary spelling	merged from candidate lexicon
diparan	liparan	original dictionary spelling	merged from candidate lexicon
diplomacia	diplomasia	original dictionary spelling	merged from candidate lexicon
diplomático	diplomatiko	original dictionary spelling	merged from candidate lexicon
dirección	direcsion	original dictionary spelling	merged from candidate lexicon
diretsa	derecha	original dictionary spelling	merged from candidate lexicon
diretsu	derecho	original dictionary spelling	merged from candidate lexicon
dirihi	dirihir	original dictionary spelling	merged from candidate lexicon
diris	dilis	original dictionary spelling	merged from candidate lexicon
dirî	diri	original dictionary spelling	merged from candidate lexicon
discarga	diskarga	original dictionary spelling	merged from candidate lexicon
discargo	diskargo	original dictionary spelling	merged from candidate lexicon
disciminacion	dissiminasion	original dictionary spelling	merged from candidate lexicon
disciplina	dissiplina	original dictionary spelling	merged from candidate lexicon
disciplined	dissiplined	original dictionary spelling	merged from candidate lexicon
discipulus	dissipulus	original dictionary spelling	merged from candidate lexicon
discontento	diskontento	original dictionary spelling	merged from candidate lexicon
discurso	diskurso	original dictionary spelling	merged from candidate lexicon
disenti	desente	original dictionary spelling	merged from candidate lexicon
disertación	disertasion	original dictionary spelling	merged from candidate lexicon
disforma	deforma	original dictionary spelling	merged from candidate lexicon
dishoras	deshoras	original dictionary spelling	merged from candidate lexicon
disidencia	disidensia	original dictionary spelling	merged from candidate lexicon
diskarte	deskarte	original dictionary spelling	merged from candidate lexicon
dispensación	dispensasion	original dictionary spelling	merged from candidate lexicon
disposiciunan	disposisiunan	original dictionary spelling	merged from candidate lexicon
disposición	disposision	original dictionary spelling	merged from candidate lexicon
dispû	dispu	original dictionary spelling	merged from candidate lexicon
dissipulo	dissipulus	original dictionary spelling	merged from candidate lexicon
distancia	distansia	original dictionary spelling	merged from candidate lexicon
distiliador	distorniliador	original dictionary spelling	merged from candidate lexicon
distrungcado	distrungkado	original dictionary spelling	merged from candidate lexicon
dit-tâ	dit-ta	original dictionary spelling	merged from candidate lexicon
divorcio	divorsio	original dictionary spelling	merged from candidate lexicon
divusiun	devosion	original dictionary spelling	merged from candidate lexicon
diácono	diakono	original dictionary spelling	merged from candidate lexicon
diámetro	diametro	original dictionary spelling	merged from candidate lexicon
diócesis	diosesis	original dictionary spelling	merged from candidate lexicon
do	ro	original dictionary spelling	merged from candidate lexicon
doce	dose	original dictionary spelling	merged from candidate lexicon
docena	dosena	original dictionary spelling	merged from candidate lexicon
documentado	dokumentado	original dictionary spelling	merged from candidate lexicon
documento	dokumento	original dictionary spelling	merged from candidate lexicon
dominicano	dominikano	original dictionary spelling	merged from candidate lexicon
donabis	dionabis	original dictionary spelling	merged from candidate lexicon
donación	donasion	original dictionary spelling	merged from candidate lexicon
doncelia	donselia	original dictionary spelling	merged from candidate lexicon
dramaturgo	dramatista	original dictionary spelling	merged from candidate lexicon
ducal	dukal	original dictionary spelling	merged from candidate lexicon
ducat	dukat	original dictionary spelling	merged from candidate lexicon
ducul	dukul	original dictionary spelling	merged from candidate lexicon
ducut	dukut	original dictionary spelling	merged from candidate lexicon
ducû	duku	original dictionary spelling	merged from candidate lexicon
dugo	rugu	original dictionary spelling	merged from candidate lexicon
dukul	dukal	original dictionary spelling	merged from candidate lexicon
dulecat	dulekat	original dictionary spelling	merged from candidate lexicon
duling	dulekat	original dictionary spelling	merged from candidate lexicon
dulinğas	dulingas	original dictionary spelling	merged from candidate lexicon
duláng	dulang	original dictionary spelling	merged from candidate lexicon
dumara	dara	original dictionary spelling	merged from candidate lexicon
dunğan	dungan	original dictionary spelling	merged from candidate lexicon
dunğis	dungis	original dictionary spelling	merged from candidate lexicon
dunğo	dungo	original dictionary spelling	merged from candidate lexicon
dunğus	dungus	original dictionary spelling	merged from candidate lexicon
dunğut	dungut	original dictionary spelling	merged from candidate lexicon
dunğû	dungu	original dictionary spelling	merged from candidate lexicon
dupical	dupikal	original dictionary spelling	merged from candidate lexicon
duplica	duplika	original dictionary spelling	merged from candidate lexicon
duruc	ruruc	original dictionary spelling	merged from candidate lexicon
duruplican	duruplikan	original dictionary spelling	merged from candidate lexicon
eata	eyata	original dictionary spelling	merged from candidate lexicon
edición	edision	original dictionary spelling	merged from candidate lexicon
educación	edukasion	original dictionary spelling	merged from candidate lexicon
educado	edukado	original dictionary spelling	merged from candidate lexicon
eficiencia	efisiensia	original dictionary spelling	merged from candidate lexicon
eficiente	efisiente	original dictionary spelling	merged from candidate lexicon
eh	punishment	original dictionary spelling	merged from candidate lexicon
ehecucion	ehekusion	original dictionary spelling	merged from candidate lexicon
ehecutivo	ehekutivo	original dictionary spelling	merged from candidate lexicon
ehercicio	ehersisio	original dictionary spelling	merged from candidate lexicon
ehipto	egipto	original dictionary spelling	merged from candidate lexicon
elaboración	elaborasion	original dictionary spelling	merged from candidate lexicon
elección	elecsion	original dictionary spelling	merged from candidate lexicon
electricidad	electrisidad	original dictionary spelling	merged from candidate lexicon
electrónica	electronika	original dictionary spelling	merged from candidate lexicon
elegancia	elegansia	original dictionary spelling	merged from candidate lexicon
elementaría	elementaria	original dictionary spelling	merged from candidate lexicon
eliminación	eliminasion	original dictionary spelling	merged from candidate lexicon
elocución	elokusion	original dictionary spelling	merged from candidate lexicon
elocuente	elokuente	original dictionary spelling	merged from candidate lexicon
elástico	elastiko	original dictionary spelling	merged from candidate lexicon
embarcación	embarkasion	original dictionary spelling	merged from candidate lexicon
emocion	emosion	original dictionary spelling	merged from candidate lexicon
encahe	enkahe	original dictionary spelling	merged from candidate lexicon
encantado	enkantado	original dictionary spelling	merged from candidate lexicon
encantador	enkantador	original dictionary spelling	merged from candidate lexicon
encanto	enkanto	original dictionary spelling	merged from candidate lexicon
encargado	enkargado	original dictionary spelling	merged from candidate lexicon
encargo	enkargo	original dictionary spelling	merged from candidate lexicon
encarna	enkarna	original dictionary spelling	merged from candidate lexicon
encarnación	enkarnasion	original dictionary spelling	merged from candidate lexicon
encuentro	enkuentro	original dictionary spelling	merged from candidate lexicon
entonces	entonses	original dictionary spelling	merged from candidate lexicon
epifaniya	epifania	original dictionary spelling	merged from candidate lexicon
epiléptico	epileptiko	original dictionary spelling	merged from candidate lexicon
episcopado	episkopado	original dictionary spelling	merged from candidate lexicon
episcopal	episkopal	original dictionary spelling	merged from candidate lexicon
erección	erecsion	original dictionary spelling	merged from candidate lexicon
ersisio	ehersisio	original dictionary spelling	merged from candidate lexicon
escabeche	eskabeche	original dictionary spelling	merged from candidate lexicon
escala	eskala	original dictionary spelling	merged from candidate lexicon
escalado	eskalado	original dictionary spelling	merged from candidate lexicon
escalera	eskalera	original dictionary spelling	merged from candidate lexicon
escalon	eskalon	original dictionary spelling	merged from candidate lexicon
escalón	eskalon	original dictionary spelling	merged from candidate lexicon
escaparate	eskaparate	original dictionary spelling	merged from candidate lexicon
escapulario	eskapulario	original dictionary spelling	merged from candidate lexicon
escarlata	eskarlata	original dictionary spelling	merged from candidate lexicon
escayola	eskayola	original dictionary spelling	merged from candidate lexicon
escoba	eskoba	original dictionary spelling	merged from candidate lexicon
escolta	eskolta	original dictionary spelling	merged from candidate lexicon
escombro	eskombro	original dictionary spelling	merged from candidate lexicon
escomulgado	eskomulgado	original dictionary spelling	merged from candidate lexicon
escopeta	eskopeta	original dictionary spelling	merged from candidate lexicon
escorpión	eskorpion	original dictionary spelling	merged from candidate lexicon
escosia	eskosia	original dictionary spelling	merged from candidate lexicon
escotada	eskotada	original dictionary spelling	merged from candidate lexicon
escrúpulo	escrupulo	original dictionary spelling	merged from candidate lexicon
escuadrón	eskuadron	original dictionary spelling	merged from candidate lexicon
escudero	eskudero	original dictionary spelling	merged from candidate lexicon
escudo	eskudo	original dictionary spelling	merged from candidate lexicon
escuela	eskuela	original dictionary spelling	merged from candidate lexicon
escultor	eskultor	original dictionary spelling	merged from candidate lexicon
escultura	eskultura	original dictionary spelling	merged from candidate lexicon
escándalo	eskandalo	original dictionary spelling	merged from candidate lexicon
esencia	esensia	original dictionary spelling	merged from candidate lexicon
especial	espesial	original dictionary spelling	merged from candidate lexicon
especialidad	espesialidad	original dictionary spelling	merged from candidate lexicon
especialista	espesialista	original dictionary spelling	merged from candidate lexicon
especialmente	espesialmente	original dictionary spelling	merged from candidate lexicon
especie	espesie	original dictionary spelling	merged from candidate lexicon
espíritu	espiritu	original dictionary spelling	merged from candidate lexicon
estación	estasion	original dictionary spelling	merged from candidate lexicon
estangco	estangko	original dictionary spelling	merged from candidate lexicon
estratehiya	estratehia	original dictionary spelling	merged from candidate lexicon
estrella	estrelya	original dictionary spelling	merged from candidate lexicon
estúpido	estupido	original dictionary spelling	merged from candidate lexicon
etica	etika	original dictionary spelling	merged from candidate lexicon
etiquette	etikette	original dictionary spelling	merged from candidate lexicon
eucaristico	eukaristiko	original dictionary spelling	merged from candidate lexicon
eucaristía	eukaristia	original dictionary spelling	merged from candidate lexicon
eucharistico	eucharistiko	original dictionary spelling	merged from candidate lexicon
eukaristiya	eukaristia	original dictionary spelling	merged from candidate lexicon
examen	examin	original dictionary spelling	merged from candidate lexicon
examinacion	examinasion	original dictionary spelling	merged from candidate lexicon
excelencia	exselensia	original dictionary spelling	merged from candidate lexicon
excelente	exselente	original dictionary spelling	merged from candidate lexicon
exclamación	exclamasion	original dictionary spelling	merged from candidate lexicon
explotación	explotasion	original dictionary spelling	merged from candidate lexicon
extradición	extradision	original dictionary spelling	merged from candidate lexicon
extremaunción	extremaunsion	original dictionary spelling	merged from candidate lexicon
extrenauncion	extrenaunsion	original dictionary spelling	merged from candidate lexicon
eyatâ	eyata	original dictionary spelling	merged from candidate lexicon
facción	facsion	original dictionary spelling	merged from candidate lexicon
falconeria	falkoneria	original dictionary spelling	merged from candidate lexicon
falsifica	falsifika	original dictionary spelling	merged from candidate lexicon
falsificación	falsifikasion	original dictionary spelling	merged from candidate lexicon
falsificado	falsifikado	original dictionary spelling	merged from candidate lexicon
fanaticismo	fanatisismo	original dictionary spelling	merged from candidate lexicon
fantástico	fantastiko	original dictionary spelling	merged from candidate lexicon
fanático	fanatiko	original dictionary spelling	merged from candidate lexicon
farasku	frasko	original dictionary spelling	merged from candidate lexicon
fascículo	fassikulo	original dictionary spelling	merged from candidate lexicon
fatig	fatiga	original dictionary spelling	merged from candidate lexicon
fecundo	fekundo	original dictionary spelling	merged from candidate lexicon
federación	federasion	original dictionary spelling	merged from candidate lexicon
felicidad	felisidad	original dictionary spelling	merged from candidate lexicon
felicitación	felisitasion	original dictionary spelling	merged from candidate lexicon
fen	mange	original dictionary spelling	merged from candidate lexicon
fenómeno	fenomeno	original dictionary spelling	merged from candidate lexicon
fermentación	fermentasion	original dictionary spelling	merged from candidate lexicon
ferrocaril	ferrokaril	original dictionary spelling	merged from candidate lexicon
fiasco	fiasko	original dictionary spelling	merged from candidate lexicon
ficticioso	fictisioso	original dictionary spelling	merged from candidate lexicon
fiduciario	fidusiario	original dictionary spelling	merged from candidate lexicon
figurín	figurin	original dictionary spelling	merged from candidate lexicon
filmi	firme	original dictionary spelling	merged from candidate lexicon
filosófico	filosofiko	original dictionary spelling	merged from candidate lexicon
financia	finansia	original dictionary spelling	merged from candidate lexicon
financiero	finansiero	original dictionary spelling	merged from candidate lexicon
finlandés	finlandes	original dictionary spelling	merged from candidate lexicon
flamenco	flamenko	original dictionary spelling	merged from candidate lexicon
flatulencia	flatulensia	original dictionary spelling	merged from candidate lexicon
folleto	folyeto	original dictionary spelling	merged from candidate lexicon
fonético	fonetiko	original dictionary spelling	merged from candidate lexicon
fonógrafo	fonografo	original dictionary spelling	merged from candidate lexicon
fornicación	fornikasion	original dictionary spelling	merged from candidate lexicon
fornication	fornikation	original dictionary spelling	merged from candidate lexicon
fortaleza	fortitud	original dictionary spelling	merged from candidate lexicon
fortificación	fortifikasion	original dictionary spelling	merged from candidate lexicon
fotocopia	fotokopia	original dictionary spelling	merged from candidate lexicon
fotográfico	fotografiko	original dictionary spelling	merged from candidate lexicon
fotógrafo	fotografo	original dictionary spelling	merged from candidate lexicon
franca	franka	original dictionary spelling	merged from candidate lexicon
frances	franses	original dictionary spelling	merged from candidate lexicon
francia	fransia	original dictionary spelling	merged from candidate lexicon
franciscano	fransiskano	original dictionary spelling	merged from candidate lexicon
frankisa	frankisia	original dictionary spelling	merged from candidate lexicon
frasco	frasko	original dictionary spelling	merged from candidate lexicon
fratricidio	fratrisidio	original dictionary spelling	merged from candidate lexicon
frecuente	frekuente	original dictionary spelling	merged from candidate lexicon
fresco	fresko	original dictionary spelling	merged from candidate lexicon
fricción	fricsion	original dictionary spelling	merged from candidate lexicon
fuerzado	forzado	original dictionary spelling	merged from candidate lexicon
fumigación	fumigasion	original dictionary spelling	merged from candidate lexicon
funda	punda	original dictionary spelling	merged from candidate lexicon
fénix	fenix	original dictionary spelling	merged from candidate lexicon
fértil	fertil	original dictionary spelling	merged from candidate lexicon
gagu	gaguti	original dictionary spelling	merged from candidate lexicon
gaindu	tagaindu	original dictionary spelling	merged from candidate lexicon
galadgád	galadgad	original dictionary spelling	merged from candidate lexicon
galanggáng	galanggang	original dictionary spelling	merged from candidate lexicon
galeón	galeon	original dictionary spelling	merged from candidate lexicon
galigatsu	galigatus	original dictionary spelling	merged from candidate lexicon
galigu	galugu	original dictionary spelling	merged from candidate lexicon
galingaldo	ganingaldo	original dictionary spelling	merged from candidate lexicon
galágála	galagala	original dictionary spelling	merged from candidate lexicon
galâ	gala	original dictionary spelling	merged from candidate lexicon
galû	galu	original dictionary spelling	merged from candidate lexicon
gampâ	gampa	original dictionary spelling	merged from candidate lexicon
gamugamu	gamogamo	original dictionary spelling	merged from candidate lexicon
gana	ganansia	original dictionary spelling	merged from candidate lexicon
ganaca	ganaka	original dictionary spelling	merged from candidate lexicon
ganacâ	ganaka	original dictionary spelling	merged from candidate lexicon
ganancia	ganansia	original dictionary spelling	merged from candidate lexicon
ganansia	gana	original dictionary spelling	merged from candidate lexicon
ganchilyo	gansuiu	original dictionary spelling	merged from candidate lexicon
gansal	gangsal	original dictionary spelling	merged from candidate lexicon
gansu	gancho	original dictionary spelling	merged from candidate lexicon
gansüiu	gansuiu	original dictionary spelling	merged from candidate lexicon
gapî	gapi	original dictionary spelling	merged from candidate lexicon
garapiniera	kalapiniera	original dictionary spelling	merged from candidate lexicon
gareta	karreta	original dictionary spelling	merged from candidate lexicon
garrafón	garrafon	original dictionary spelling	merged from candidate lexicon
gatlâ	gatla	original dictionary spelling	merged from candidate lexicon
gatpanápun	gatpanapun	original dictionary spelling	merged from candidate lexicon
gatû	gatu	original dictionary spelling	merged from candidate lexicon
gauâ	gaua	original dictionary spelling	merged from candidate lexicon
gauî	gaui	original dictionary spelling	merged from candidate lexicon
gayagâ	gayaga	original dictionary spelling	merged from candidate lexicon
gaza	gasa	original dictionary spelling	merged from candidate lexicon
gañid	ganid	original dictionary spelling	merged from candidate lexicon
gina	giua	original dictionary spelling	merged from candidate lexicon
gipû	gipu	original dictionary spelling	merged from candidate lexicon
girî	giri	original dictionary spelling	merged from candidate lexicon
gisâ	gisa	original dictionary spelling	merged from candidate lexicon
gitatâ	gitata	original dictionary spelling	merged from candidate lexicon
gjsi	gisi	original dictionary spelling	merged from candidate lexicon
glaucoma	glaukoma	original dictionary spelling	merged from candidate lexicon
gobernadorcilio	gobernadorsilio	original dictionary spelling	merged from candidate lexicon
gracia	grasia	original dictionary spelling	merged from candidate lexicon
gracioso	grasioso	original dictionary spelling	merged from candidate lexicon
graduación	graduasion	original dictionary spelling	merged from candidate lexicon
gramática	gramatika	original dictionary spelling	merged from candidate lexicon
grecia	gresia	original dictionary spelling	merged from candidate lexicon
groceriya	groseriya	original dictionary spelling	merged from candidate lexicon
gulunggulunğan	gulunggulungan	original dictionary spelling	merged from candidate lexicon
gulâ	gula	original dictionary spelling	merged from candidate lexicon
gunlut	kunlut	original dictionary spelling	merged from candidate lexicon
gunâ	guna	original dictionary spelling	merged from candidate lexicon
gupû	gupu	original dictionary spelling	merged from candidate lexicon
gurgurias	gulguria	original dictionary spelling	merged from candidate lexicon
gut	gusut	original dictionary spelling	merged from candidate lexicon
gálá	gala	original dictionary spelling	merged from candidate lexicon
hamaca	hamaka	original dictionary spelling	merged from candidate lexicon
harmonica	harmonika	original dictionary spelling	merged from candidate lexicon
harmonía	harmonia	original dictionary spelling	merged from candidate lexicon
harpa	alpa	original dictionary spelling	merged from candidate lexicon
hawaii	hawai	original dictionary spelling	merged from candidate lexicon
he	ge	original dictionary spelling	merged from candidate lexicon
head	pun	original dictionary spelling	merged from candidate lexicon
helado	hilado	original dictionary spelling	merged from candidate lexicon
henufleccion	henuflecsion	original dictionary spelling	merged from candidate lexicon
herehe	erehe	original dictionary spelling	merged from candidate lexicon
herehia	erehia	original dictionary spelling	merged from candidate lexicon
herencia	herensia	original dictionary spelling	merged from candidate lexicon
hermafroditico	hermafroditiko	original dictionary spelling	merged from candidate lexicon
hermitanio	ermitanio	original dictionary spelling	merged from candidate lexicon
heroico	heroiko	original dictionary spelling	merged from candidate lexicon
heroísmo	heroismo	original dictionary spelling	merged from candidate lexicon
heráldica	heraldika	original dictionary spelling	merged from candidate lexicon
heráldico	heraldiko	original dictionary spelling	merged from candidate lexicon
hidráulico	hidrauliko	original dictionary spelling	merged from candidate lexicon
hieroghfico	hieroghfiko	original dictionary spelling	merged from candidate lexicon
higante	higanti	original dictionary spelling	merged from candidate lexicon
hinebra	hiniebra	original dictionary spelling	merged from candidate lexicon
hipopótamo	hipopotamo	original dictionary spelling	merged from candidate lexicon
hipoteca	hipoteka	original dictionary spelling	merged from candidate lexicon
hipócrita	hipocrita	original dictionary spelling	merged from candidate lexicon
hipódromo	hipodromo	original dictionary spelling	merged from candidate lexicon
hipótesis	hipotesis	original dictionary spelling	merged from candidate lexicon
histérico	histeriko	original dictionary spelling	merged from candidate lexicon
histórico	historiko	original dictionary spelling	merged from candidate lexicon
hitu	itu	original dictionary spelling	merged from candidate lexicon
hiyas	iyas	original dictionary spelling	merged from candidate lexicon
homicidio	homisidio	original dictionary spelling	merged from candidate lexicon
hopiâ	hopia	original dictionary spelling	merged from candidate lexicon
horticultura	hortikultura	original dictionary spelling	merged from candidate lexicon
hospicio	hospisio	original dictionary spelling	merged from candidate lexicon
husticia	hustisia	original dictionary spelling	merged from candidate lexicon
husticiero	hustisiero	original dictionary spelling	merged from candidate lexicon
hustificacion	hustifikasion	original dictionary spelling	merged from candidate lexicon
huwad	huad	original dictionary spelling	merged from candidate lexicon
hwe	hueh	original dictionary spelling	merged from candidate lexicon
iconio	ikonio	original dictionary spelling	merged from candidate lexicon
iconoclasta	ikonoclasta	original dictionary spelling	merged from candidate lexicon
iconografiya	ikonografiya	original dictionary spelling	merged from candidate lexicon
icum	ikum	original dictionary spelling	merged from candidate lexicon
igû	igu	original dictionary spelling	merged from candidate lexicon
ilohico	ilohiko	original dictionary spelling	merged from candidate lexicon
ilonğot	ilongot	original dictionary spelling	merged from candidate lexicon
ilucanu	ilukanu	original dictionary spelling	merged from candidate lexicon
iluminación	iluminasion	original dictionary spelling	merged from candidate lexicon
ilusión	ilusion	original dictionary spelling	merged from candidate lexicon
ilustración	ilustrasion	original dictionary spelling	merged from candidate lexicon
ilícito	ilisito	original dictionary spelling	merged from candidate lexicon
ilû	ilu	original dictionary spelling	merged from candidate lexicon
imahinacion	imahinasion	original dictionary spelling	merged from candidate lexicon
imbalâ	imbala	original dictionary spelling	merged from candidate lexicon
imburnal	embornal	original dictionary spelling	merged from candidate lexicon
imfiernus	infiernos	original dictionary spelling	merged from candidate lexicon
impatso	empacho	original dictionary spelling	merged from candidate lexicon
impû	impu	original dictionary spelling	merged from candidate lexicon
imâ	ima	original dictionary spelling	merged from candidate lexicon
imû	imu	original dictionary spelling	merged from candidate lexicon
in	tauo	original dictionary spelling	merged from candidate lexicon
inakit	pag-inakit	original dictionary spelling	merged from candidate lexicon
incensario	insensario	original dictionary spelling	merged from candidate lexicon
incensero	insensero	original dictionary spelling	merged from candidate lexicon
incentivo	insentivo	original dictionary spelling	merged from candidate lexicon
incesto	insesto	original dictionary spelling	merged from candidate lexicon
incidental	insidental	original dictionary spelling	merged from candidate lexicon
incidente	insidente	original dictionary spelling	merged from candidate lexicon
incienso	insienso	original dictionary spelling	merged from candidate lexicon
inclinación	inclinasion	original dictionary spelling	merged from candidate lexicon
incompetente	inkompetente	original dictionary spelling	merged from candidate lexicon
incomunicado	inkomunikado	original dictionary spelling	merged from candidate lexicon
incongruous	inkongruous	original dictionary spelling	merged from candidate lexicon
inconsistente	inkonsistente	original dictionary spelling	merged from candidate lexicon
incorporación	inkorporasion	original dictionary spelling	merged from candidate lexicon
incurable	inkurable	original dictionary spelling	merged from candidate lexicon
indat	dat	original dictionary spelling	merged from candidate lexicon
indoso	endorso	original dictionary spelling	merged from candidate lexicon
indulhencia	indulhensia	original dictionary spelling	merged from candidate lexicon
indâ	inda	original dictionary spelling	merged from candidate lexicon
indû	indu	original dictionary spelling	merged from candidate lexicon
infallible	infalyible	original dictionary spelling	merged from candidate lexicon
infancia	infansia	original dictionary spelling	merged from candidate lexicon
infanticidio	infantisidio	original dictionary spelling	merged from candidate lexicon
influencia	influensia	original dictionary spelling	merged from candidate lexicon
inia	inya	original dictionary spelling	merged from candidate lexicon
instance	instanse	original dictionary spelling	merged from candidate lexicon
insulacion	insulasion	original dictionary spelling	merged from candidate lexicon
insurance	insuranse	original dictionary spelling	merged from candidate lexicon
insurrección	insurrecsion	original dictionary spelling	merged from candidate lexicon
intanen	antanen	original dictionary spelling	merged from candidate lexicon
integración	integrasion	original dictionary spelling	merged from candidate lexicon
invención	invension	original dictionary spelling	merged from candidate lexicon
investigación	investigasion	original dictionary spelling	merged from candidate lexicon
inâ	ina	original dictionary spelling	merged from candidate lexicon
iq	i	PALI orthography / attested surface form	annotated
irracional	irrasional	original dictionary spelling	merged from candidate lexicon
irí	iri	original dictionary spelling	merged from candidate lexicon
isic	inchic	original dictionary spelling	merged from candidate lexicon
iskwalaq	iskwala	PALI orthography / attested surface form	annotated
istibador	estividor	original dictionary spelling	merged from candidate lexicon
istorbo	distorbo	original dictionary spelling	merged from candidate lexicon
istung	ustung	original dictionary spelling	merged from candidate lexicon
it	lub	original dictionary spelling	merged from candidate lexicon
italica	italika	original dictionary spelling	merged from candidate lexicon
ito	itu	original dictionary spelling	merged from candidate lexicon
itâ	ita	original dictionary spelling	merged from candidate lexicon
iuâ	iua	original dictionary spelling	merged from candidate lexicon
iuî	iui	original dictionary spelling	merged from candidate lexicon
iwi	iui	original dictionary spelling	merged from candidate lexicon
iyi	imi	original dictionary spelling	merged from candidate lexicon
iyî	iyi	original dictionary spelling	merged from candidate lexicon
jhs	ihs	original dictionary spelling	merged from candidate lexicon
josué	josue	original dictionary spelling	merged from candidate lexicon
jurisdicción	jurisdicsion	original dictionary spelling	merged from candidate lexicon
kabalasan	kabalsan	original dictionary spelling	merged from candidate lexicon
kabig	kabid	original dictionary spelling	merged from candidate lexicon
kacorse	kakorse	original dictionary spelling	merged from candidate lexicon
kakut	kayukut	original dictionary spelling	merged from candidate lexicon
kalabadu	galabadu	original dictionary spelling	merged from candidate lexicon
kalabaza	kulubasa	original dictionary spelling	merged from candidate lexicon
kalakatiq	kalakati	PALI orthography / attested surface form	annotated
kalangalang	alang-alang	original dictionary spelling	merged from candidate lexicon
kalaraman	laram	original dictionary spelling	merged from candidate lexicon
kaleuc	galeuc	original dictionary spelling	merged from candidate lexicon
kalikubac	balikubac	original dictionary spelling	merged from candidate lexicon
kalilua	liliua	original dictionary spelling	merged from candidate lexicon
kalvo	kalbo	original dictionary spelling	merged from candidate lexicon
kamamalu	kamulalu	original dictionary spelling	merged from candidate lexicon
kamaru	kamamaru	original dictionary spelling	merged from candidate lexicon
kampanadiu	kampanario	original dictionary spelling	merged from candidate lexicon
kampapalo	antipalo	original dictionary spelling	merged from candidate lexicon
kampare	kompadre	original dictionary spelling	merged from candidate lexicon
kanadá	kanada	original dictionary spelling	merged from candidate lexicon
kanaku	kaku	original dictionary spelling	merged from candidate lexicon
kandaru	kandado	original dictionary spelling	merged from candidate lexicon
kanita	keta	original dictionary spelling	merged from candidate lexicon
kannas	kanas	original dictionary spelling	merged from candidate lexicon
kaong	kaung	original dictionary spelling	merged from candidate lexicon
kapamu	kapa	original dictionary spelling	merged from candidate lexicon
kapelaniya	kapilinia	original dictionary spelling	merged from candidate lexicon
kapitnaq	kapitna	PALI orthography / attested surface form	annotated
karambola	treatment	original dictionary spelling	merged from candidate lexicon
karera	karrera	original dictionary spelling	merged from candidate lexicon
kareta	gareta	original dictionary spelling	merged from candidate lexicon
karete	karrete	original dictionary spelling	merged from candidate lexicon
kareton	garitun	original dictionary spelling	merged from candidate lexicon
karitilia	karretilia	original dictionary spelling	merged from candidate lexicon
karitun	karreton	original dictionary spelling	merged from candidate lexicon
karkula	kalkula	original dictionary spelling	merged from candidate lexicon
karosa	garosa	original dictionary spelling	merged from candidate lexicon
kartilia	kantilia	original dictionary spelling	merged from candidate lexicon
kartolina	kartulina	original dictionary spelling	merged from candidate lexicon
karuagan	duac	original dictionary spelling	merged from candidate lexicon
kasabuat	sabuat	original dictionary spelling	merged from candidate lexicon
kasasaga	saga	original dictionary spelling	merged from candidate lexicon
kasu	kaso	original dictionary spelling	merged from candidate lexicon
katarikan	taric	original dictionary spelling	merged from candidate lexicon
katimbangan	timbang	original dictionary spelling	merged from candidate lexicon
katinauan	tino	original dictionary spelling	merged from candidate lexicon
katingkisan	tingkis	original dictionary spelling	merged from candidate lexicon
katri	katre	original dictionary spelling	merged from candidate lexicon
katuc	katug	original dictionary spelling	merged from candidate lexicon
katuliran	katalauran	original dictionary spelling	merged from candidate lexicon
katuray	kature	original dictionary spelling	merged from candidate lexicon
kayat	kinis	original dictionary spelling	merged from candidate lexicon
kayumanggi	komanggi	original dictionary spelling	merged from candidate lexicon
kazador	kasador	original dictionary spelling	merged from candidate lexicon
ke	me	original dictionary spelling	merged from candidate lexicon
kecao	kekao	original dictionary spelling	merged from candidate lexicon
kecata	kekata	original dictionary spelling	merged from candidate lexicon
kecatamu	kekatamu	original dictionary spelling	merged from candidate lexicon
kecayicayi	kekayikayi	original dictionary spelling	merged from candidate lexicon
kecayu	kekayu	original dictionary spelling	merged from candidate lexicon
kecong	kekong	original dictionary spelling	merged from candidate lexicon
kekaikai	kekayikayi	original dictionary spelling	merged from candidate lexicon
kekaming	kekeng	original dictionary spelling	merged from candidate lexicon
kelambatan	keluatan	original dictionary spelling	merged from candidate lexicon
keluâ	kelua	original dictionary spelling	merged from candidate lexicon
kemica	kemika	original dictionary spelling	merged from candidate lexicon
kemico	kemiko	original dictionary spelling	merged from candidate lexicon
kending	kinding	original dictionary spelling	merged from candidate lexicon
kenu	kanimi	original dictionary spelling	merged from candidate lexicon
kesiö	kesio	original dictionary spelling	merged from candidate lexicon
keso	kezo	original dictionary spelling	merged from candidate lexicon
kesâ	kesa	original dictionary spelling	merged from candidate lexicon
keuanğan	keuangan	original dictionary spelling	merged from candidate lexicon
kiac	iyac	original dictionary spelling	merged from candidate lexicon
kiccuan	kickuan	original dictionary spelling	merged from candidate lexicon
kika	kitang	original dictionary spelling	merged from candidate lexicon
kilain	kilauin	original dictionary spelling	merged from candidate lexicon
kilómetro	kilometro	original dictionary spelling	merged from candidate lexicon
kimi	kimil	original dictionary spelling	merged from candidate lexicon
kimiku	kemiko	original dictionary spelling	merged from candidate lexicon
kinacapatid	kinakapatid	original dictionary spelling	merged from candidate lexicon
kinaking	kinakin	original dictionary spelling	merged from candidate lexicon
kince	kinse	original dictionary spelling	merged from candidate lexicon
kincenas	kinsenas	original dictionary spelling	merged from candidate lexicon
kinse	kinsi	original dictionary spelling	merged from candidate lexicon
kiosco	kiosko	original dictionary spelling	merged from candidate lexicon
kirat	kilit	original dictionary spelling	merged from candidate lexicon
kisâ	kisa	original dictionary spelling	merged from candidate lexicon
kiwâ	kiwa	original dictionary spelling	merged from candidate lexicon
kobradul	kobrador	original dictionary spelling	merged from candidate lexicon
koku	koko	original dictionary spelling	merged from candidate lexicon
koli	kauliflower	original dictionary spelling	merged from candidate lexicon
komferensia	konferensia	original dictionary spelling	merged from candidate lexicon
kongcreto	koncreto	original dictionary spelling	merged from candidate lexicon
kongkista	konkista	original dictionary spelling	merged from candidate lexicon
kontrato	kontrata	original dictionary spelling	merged from candidate lexicon
konvento	kumbintu	original dictionary spelling	merged from candidate lexicon
koran	quran	original dictionary spelling	merged from candidate lexicon
krmika	kemika	original dictionary spelling	merged from candidate lexicon
kuaku	sikuaku	original dictionary spelling	merged from candidate lexicon
kulait	kulauit	original dictionary spelling	merged from candidate lexicon
kuliac	guliac	original dictionary spelling	merged from candidate lexicon
kulimadmad	kulimagmag	original dictionary spelling	merged from candidate lexicon
kulitis	kolitis	original dictionary spelling	merged from candidate lexicon
kulorum	kolorum	original dictionary spelling	merged from candidate lexicon
kulureti	kolored	original dictionary spelling	merged from candidate lexicon
kumare	komadre	original dictionary spelling	merged from candidate lexicon
kumfiansa	konfianza	original dictionary spelling	merged from candidate lexicon
kumidia	komedia	original dictionary spelling	merged from candidate lexicon
kuran	kuram	original dictionary spelling	merged from candidate lexicon
kuri	kuli	original dictionary spelling	merged from candidate lexicon
kursu	kurso	original dictionary spelling	merged from candidate lexicon
kusinti	konsente	original dictionary spelling	merged from candidate lexicon
kusuelo	konsuelo	original dictionary spelling	merged from candidate lexicon
kutsun	kuchon	original dictionary spelling	merged from candidate lexicon
kwakuq	kwaku	PALI orthography / attested surface form	annotated
kwaq	kwa	PALI orthography / attested surface form	annotated
kàbà	kaba	original dictionary spelling	merged from candidate lexicon
küt	kut	original dictionary spelling	merged from candidate lexicon
labanğat	labangat	original dictionary spelling	merged from candidate lexicon
labno	lapno	original dictionary spelling	merged from candidate lexicon
labuyû	labuyu	original dictionary spelling	merged from candidate lexicon
labî	labi	original dictionary spelling	merged from candidate lexicon
laca	laka	original dictionary spelling	merged from candidate lexicon
lacad	lakad	original dictionary spelling	merged from candidate lexicon
lacal	lakal	original dictionary spelling	merged from candidate lexicon
lacam	lakam	original dictionary spelling	merged from candidate lexicon
lacambini	lakambini	original dictionary spelling	merged from candidate lexicon
lacandola	lakandola	original dictionary spelling	merged from candidate lexicon
lacap	lakap	original dictionary spelling	merged from candidate lexicon
lacaranan	lakaranan	original dictionary spelling	merged from candidate lexicon
lacas	lakas	original dictionary spelling	merged from candidate lexicon
lacat	lakat	original dictionary spelling	merged from candidate lexicon
laco	lako	original dictionary spelling	merged from candidate lexicon
lacuas	lakuas	original dictionary spelling	merged from candidate lexicon
lacuatsa	lakuatsa	original dictionary spelling	merged from candidate lexicon
lacusut	lakusut	original dictionary spelling	merged from candidate lexicon
lacâ	laka	original dictionary spelling	merged from candidate lexicon
lacû	laku	original dictionary spelling	merged from candidate lexicon
laganğan	lagangan	original dictionary spelling	merged from candidate lexicon
lagaq	laga	PALI orthography / attested surface form	annotated
lagañas	laganas	original dictionary spelling	merged from candidate lexicon
lagâ	laga	original dictionary spelling	merged from candidate lexicon
lait	lauit	original dictionary spelling	merged from candidate lexicon
lakandula	lakandola	original dictionary spelling	merged from candidate lexicon
lalabul	lura	original dictionary spelling	merged from candidate lexicon
lalû	lalu	original dictionary spelling	merged from candidate lexicon
lambay	lambe	original dictionary spelling	merged from candidate lexicon
lamod	lamud	original dictionary spelling	merged from candidate lexicon
lampacan	lampakan	original dictionary spelling	merged from candidate lexicon
lampe	lampay	original dictionary spelling	merged from candidate lexicon
lamucuc	lamukuc	original dictionary spelling	merged from candidate lexicon
lamukut	lamukuc	original dictionary spelling	merged from candidate lexicon
lamû	lamu	original dictionary spelling	merged from candidate lexicon
lanceta	lanseta	original dictionary spelling	merged from candidate lexicon
langsi	lansi	original dictionary spelling	merged from candidate lexicon
lansî	lansi	original dictionary spelling	merged from candidate lexicon
lantaca	lantaka	original dictionary spelling	merged from candidate lexicon
lapsû	lapsu	original dictionary spelling	merged from candidate lexicon
lapélapé	lapelape	original dictionary spelling	merged from candidate lexicon
lapî	lapi	original dictionary spelling	merged from candidate lexicon
laranğan	larangan	original dictionary spelling	merged from candidate lexicon
largavista	lorgavista	original dictionary spelling	merged from candidate lexicon
laruq	laru	PALI orthography / attested surface form	annotated
lasetas	lanseta	original dictionary spelling	merged from candidate lexicon
lasunâ	lasuna	original dictionary spelling	merged from candidate lexicon
lasâ	lasa	original dictionary spelling	merged from candidate lexicon
lasî	lasi	original dictionary spelling	merged from candidate lexicon
lasû	lasu	original dictionary spelling	merged from candidate lexicon
laticu	latiku	original dictionary spelling	merged from candidate lexicon
latí	lati	original dictionary spelling	merged from candidate lexicon
lauc	laug	original dictionary spelling	merged from candidate lexicon
laug	lauc	original dictionary spelling	merged from candidate lexicon
lecheconhielo	lechekonhielo	original dictionary spelling	merged from candidate lexicon
lehislacion	lehislasion	original dictionary spelling	merged from candidate lexicon
lelanğan	lelangan	original dictionary spelling	merged from candidate lexicon
lengguahi	lengguahe	original dictionary spelling	merged from candidate lexicon
leprosuan	leproso	original dictionary spelling	merged from candidate lexicon
letania	litania	original dictionary spelling	merged from candidate lexicon
letian	lati	original dictionary spelling	merged from candidate lexicon
libacan	libakan	original dictionary spelling	merged from candidate lexicon
libango	bango	original dictionary spelling	merged from candidate lexicon
libanğo	libango	original dictionary spelling	merged from candidate lexicon
liberación	liberasion	original dictionary spelling	merged from candidate lexicon
libî	libi	original dictionary spelling	merged from candidate lexicon
licauc	likauc	original dictionary spelling	merged from candidate lexicon
licencia	lisensia	original dictionary spelling	merged from candidate lexicon
licensiadu	lisensiadu	original dictionary spelling	merged from candidate lexicon
licentiate	lisentiate	original dictionary spelling	merged from candidate lexicon
ligaq	liga	PALI orthography / attested surface form	annotated
ligâ	liga	original dictionary spelling	merged from candidate lexicon
lilu	lilo	original dictionary spelling	merged from candidate lexicon
limbuad	table	original dictionary spelling	merged from candidate lexicon
lindu	lindo	original dictionary spelling	merged from candidate lexicon
lingco	lingko	original dictionary spelling	merged from candidate lexicon
lingcud	lingkud	original dictionary spelling	merged from candidate lexicon
linggasu	ling-gaso	original dictionary spelling	merged from candidate lexicon
lininggasû	lininggasu	original dictionary spelling	merged from candidate lexicon
lininğus	liningus	original dictionary spelling	merged from candidate lexicon
linğal	lingal	original dictionary spelling	merged from candidate lexicon
linğao	lingao	original dictionary spelling	merged from candidate lexicon
linğap	lingap	original dictionary spelling	merged from candidate lexicon
linğapnğap	lingapngap	original dictionary spelling	merged from candidate lexicon
linğasnğas	lingasngas	original dictionary spelling	merged from candidate lexicon
linğat	lingat	original dictionary spelling	merged from candidate lexicon
lipugdung	lipogdung	original dictionary spelling	merged from candidate lexicon
lipunğa	lipunga	original dictionary spelling	merged from candidate lexicon
lirico	liriko	original dictionary spelling	merged from candidate lexicon
lirika	liriko	original dictionary spelling	merged from candidate lexicon
lissiâ	lissia	original dictionary spelling	merged from candidate lexicon
lisû	lisu	original dictionary spelling	merged from candidate lexicon
litsugas	lechugas	original dictionary spelling	merged from candidate lexicon
liturhica	liturhika	original dictionary spelling	merged from candidate lexicon
liturhiya	liturhia	original dictionary spelling	merged from candidate lexicon
locion	losion	original dictionary spelling	merged from candidate lexicon
loco	loko	original dictionary spelling	merged from candidate lexicon
lolocuan	lolokuan	original dictionary spelling	merged from candidate lexicon
looban	loban	original dictionary spelling	merged from candidate lexicon
lotería	loteria	original dictionary spelling	merged from candidate lexicon
loti	lote	original dictionary spelling	merged from candidate lexicon
lualuâ	lualua	original dictionary spelling	merged from candidate lexicon
lualî	luali	original dictionary spelling	merged from candidate lexicon
lucena	lusena	original dictionary spelling	merged from candidate lexicon
lucero	lusero	original dictionary spelling	merged from candidate lexicon
luces	luses	original dictionary spelling	merged from candidate lexicon
lucia	lusia	original dictionary spelling	merged from candidate lexicon
lucifer	lusifer	original dictionary spelling	merged from candidate lexicon
lucub	lukub	original dictionary spelling	merged from candidate lexicon
lucung	lukung	original dictionary spelling	merged from candidate lexicon
lucup	lukup	original dictionary spelling	merged from candidate lexicon
lucut	lukut	original dictionary spelling	merged from candidate lexicon
ludase	lundase	original dictionary spelling	merged from candidate lexicon
lugmuc	lugmoc	original dictionary spelling	merged from candidate lexicon
lugmâ	lugma	original dictionary spelling	merged from candidate lexicon
lugo	lugaw	original dictionary spelling	merged from candidate lexicon
lugâ	luga	original dictionary spelling	merged from candidate lexicon
lugû	lugu	original dictionary spelling	merged from candidate lexicon
lulû	lulu	original dictionary spelling	merged from candidate lexicon
lumpauî	lumpaui	original dictionary spelling	merged from candidate lexicon
lumpia	limpia	original dictionary spelling	merged from candidate lexicon
luneto	luneta	original dictionary spelling	merged from candidate lexicon
lungcut	lungkut	original dictionary spelling	merged from candidate lexicon
lungga	lunggi	original dictionary spelling	merged from candidate lexicon
lunggâ	lungga	original dictionary spelling	merged from candidate lexicon
lunggî	lunggi	original dictionary spelling	merged from candidate lexicon
lupacaya	lupakaya	original dictionary spelling	merged from candidate lexicon
lurâ	lura	original dictionary spelling	merged from candidate lexicon
lusis	luses	original dictionary spelling	merged from candidate lexicon
lutiria	loteria	original dictionary spelling	merged from candidate lexicon
lutî	luti	original dictionary spelling	merged from candidate lexicon
macabeo	makabeo	original dictionary spelling	merged from candidate lexicon
macabuhe	makabuhe	original dictionary spelling	merged from candidate lexicon
maceta	maseta	original dictionary spelling	merged from candidate lexicon
macetas	masetas	original dictionary spelling	merged from candidate lexicon
macetera	masetera	original dictionary spelling	merged from candidate lexicon
madrecaco	madrekako	original dictionary spelling	merged from candidate lexicon
maglibutllbut	maglibutlybut	original dictionary spelling	merged from candidate lexicon
magnificat	magnifikat	original dictionary spelling	merged from candidate lexicon
magtatabacu	magtatabaku	original dictionary spelling	merged from candidate lexicon
mahuanghuang	mahuehue	original dictionary spelling	merged from candidate lexicon
makisulut	lukup	original dictionary spelling	merged from candidate lexicon
malacañan	malakanan	original dictionary spelling	merged from candidate lexicon
malakaniang	malakanan	original dictionary spelling	merged from candidate lexicon
malaquias	malakias	original dictionary spelling	merged from candidate lexicon
maldición	maldision	original dictionary spelling	merged from candidate lexicon
maletín	maletin	original dictionary spelling	merged from candidate lexicon
maliasâ	maliasa	original dictionary spelling	merged from candidate lexicon
malicia	malisia	original dictionary spelling	merged from candidate lexicon
malicioso	malisioso	original dictionary spelling	merged from candidate lexicon
maliciousness	malisiousness	original dictionary spelling	merged from candidate lexicon
malî	mali	original dictionary spelling	merged from candidate lexicon
mananğituntun	manangituntun	original dictionary spelling	merged from candidate lexicon
mandurucut	mandurukut	original dictionary spelling	merged from candidate lexicon
mangcuc	mangkuc	original dictionary spelling	merged from candidate lexicon
maniampucaki	maniampukaki	original dictionary spelling	merged from candidate lexicon
manicurista	manikurista	original dictionary spelling	merged from candidate lexicon
maninğaya	maningaya	original dictionary spelling	merged from candidate lexicon
manteküia	mantekuia	original dictionary spelling	merged from candidate lexicon
manî	mani	original dictionary spelling	merged from candidate lexicon
mapapasma	asbu	original dictionary spelling	merged from candidate lexicon
marca	marka	original dictionary spelling	merged from candidate lexicon
mariacafra	mariakafra	original dictionary spelling	merged from candidate lexicon
marihuana	marijuana	original dictionary spelling	merged from candidate lexicon
mariscal	mariskal	original dictionary spelling	merged from candidate lexicon
martinico	martiniko	original dictionary spelling	merged from candidate lexicon
marucat	marukat	original dictionary spelling	merged from candidate lexicon
marítima	maritima	original dictionary spelling	merged from candidate lexicon
masakit	kuyakuya	original dictionary spelling	merged from candidate lexicon
masasap	sapsap	original dictionary spelling	merged from candidate lexicon
masâ	masa	original dictionary spelling	merged from candidate lexicon
mataco	matako	original dictionary spelling	merged from candidate lexicon
matamatâ	matamata	original dictionary spelling	merged from candidate lexicon
matamvaca	matamvaka	original dictionary spelling	merged from candidate lexicon
matemática	matematika	original dictionary spelling	merged from candidate lexicon
matemático	matematiko	original dictionary spelling	merged from candidate lexicon
matenacan	matenakan	original dictionary spelling	merged from candidate lexicon
materialistico	materialistiko	original dictionary spelling	merged from candidate lexicon
matipunû	matipunu	original dictionary spelling	merged from candidate lexicon
matraca	matraka	original dictionary spelling	merged from candidate lexicon
matribus	matiribus	original dictionary spelling	merged from candidate lexicon
matricidio	matrisidio	original dictionary spelling	merged from candidate lexicon
matricula	matrikula	original dictionary spelling	merged from candidate lexicon
matusalén	matusalen	original dictionary spelling	merged from candidate lexicon
mayacayan	mayakayan	original dictionary spelling	merged from candidate lexicon
mayúscula	mayuskula	original dictionary spelling	merged from candidate lexicon
mecad	mekad	original dictionary spelling	merged from candidate lexicon
mecanicu	mekaniku	original dictionary spelling	merged from candidate lexicon
mecanismu	mekanismu	original dictionary spelling	merged from candidate lexicon
mediacania	mediakania	original dictionary spelling	merged from candidate lexicon
medicación	medikasion	original dictionary spelling	merged from candidate lexicon
medical	medikal	original dictionary spelling	merged from candidate lexicon
medicina	medisina	original dictionary spelling	merged from candidate lexicon
medico	mediko	original dictionary spelling	merged from candidate lexicon
medico-legal	mediko-legal	original dictionary spelling	merged from candidate lexicon
meditación	meditasion	original dictionary spelling	merged from candidate lexicon
mehicano	mehikano	original dictionary spelling	merged from candidate lexicon
mehico	mehiko	original dictionary spelling	merged from candidate lexicon
mehikano	mexikano	original dictionary spelling	merged from candidate lexicon
melancolía	melankolia	original dictionary spelling	merged from candidate lexicon
melocotón	melokoton	original dictionary spelling	merged from candidate lexicon
melódico	melodiko	original dictionary spelling	merged from candidate lexicon
menudencia	menudensia	original dictionary spelling	merged from candidate lexicon
mercader	merkader	original dictionary spelling	merged from candidate lexicon
mercado	merkado	original dictionary spelling	merged from candidate lexicon
mercancia	merkansia	original dictionary spelling	merged from candidate lexicon
merced	mersed	original dictionary spelling	merged from candidate lexicon
mercenario	mersenario	original dictionary spelling	merged from candidate lexicon
mercurio	merkurio	original dictionary spelling	merged from candidate lexicon
mercurochrome	merkurochrome	original dictionary spelling	merged from candidate lexicon
merienda-cena	merienda-sena	original dictionary spelling	merged from candidate lexicon
metafísica	metafisika	original dictionary spelling	merged from candidate lexicon
metallurgic	metalyurgic	original dictionary spelling	merged from candidate lexicon
metálico	metaliko	original dictionary spelling	merged from candidate lexicon
meum	meung	original dictionary spelling	merged from candidate lexicon
mexicano	mexikano	original dictionary spelling	merged from candidate lexicon
mexico	mexiko	original dictionary spelling	merged from candidate lexicon
mi	malabinutil	original dictionary spelling	merged from candidate lexicon
mica	mika	original dictionary spelling	merged from candidate lexicon
microscope	microskope	original dictionary spelling	merged from candidate lexicon
microscopio	microskopio	original dictionary spelling	merged from candidate lexicon
micrófono	microfono	original dictionary spelling	merged from candidate lexicon
milenio	milanio	original dictionary spelling	merged from candidate lexicon
milímetro	milimetro	original dictionary spelling	merged from candidate lexicon
mimiyi	mimi	original dictionary spelling	merged from candidate lexicon
mine	tokaya	original dictionary spelling	merged from candidate lexicon
ministil	kaministilan	original dictionary spelling	merged from candidate lexicon
miraguyu	daguyo	original dictionary spelling	merged from candidate lexicon
misericordia	miserikordia	original dictionary spelling	merged from candidate lexicon
misna	asna	original dictionary spelling	merged from candidate lexicon
misticismo	mistisismo	original dictionary spelling	merged from candidate lexicon
mitla	banaba	original dictionary spelling	merged from candidate lexicon
mitsu	bidsu	original dictionary spelling	merged from candidate lexicon
mitán	mitan	original dictionary spelling	merged from candidate lexicon
mlallwa	mlalywa	original dictionary spelling	merged from candidate lexicon
moisés	moises	original dictionary spelling	merged from candidate lexicon
monarca	monarka	original dictionary spelling	merged from candidate lexicon
monarchical	monarchikal	original dictionary spelling	merged from candidate lexicon
monarkica	monarkika	original dictionary spelling	merged from candidate lexicon
monarkiya	monarkia	original dictionary spelling	merged from candidate lexicon
monasteriu	monasterio	original dictionary spelling	merged from candidate lexicon
monasticu	monastiku	original dictionary spelling	merged from candidate lexicon
monhecilio	monhesilio	original dictionary spelling	merged from candidate lexicon
monica	monika	original dictionary spelling	merged from candidate lexicon
mono	monu	original dictionary spelling	merged from candidate lexicon
monsenor	monsignor	original dictionary spelling	merged from candidate lexicon
morcon	morkon	original dictionary spelling	merged from candidate lexicon
morgue	morge	original dictionary spelling	merged from candidate lexicon
mosaico	mosaiko	original dictionary spelling	merged from candidate lexicon
moscatel	moskatel	original dictionary spelling	merged from candidate lexicon
mosicus	mosikus	original dictionary spelling	merged from candidate lexicon
mozarabico	mozarabiko	original dictionary spelling	merged from candidate lexicon
mozárabe	mozarabe	original dictionary spelling	merged from candidate lexicon
mulalâ	mulala	original dictionary spelling	merged from candidate lexicon
munianğit	muniangit	original dictionary spelling	merged from candidate lexicon
municala	munikala	original dictionary spelling	merged from candidate lexicon
municipal	munisipal	original dictionary spelling	merged from candidate lexicon
municipalidad	munisipalidad	original dictionary spelling	merged from candidate lexicon
municipio	munisipio	original dictionary spelling	merged from candidate lexicon
muq	mu	PALI orthography / attested surface form	annotated
musicu	musiku	original dictionary spelling	merged from candidate lexicon
musketero	mosketero	original dictionary spelling	merged from candidate lexicon
muskiteru	moskitero	original dictionary spelling	merged from candidate lexicon
mutun	moton	original dictionary spelling	merged from candidate lexicon
mutyâ	mutya	original dictionary spelling	merged from candidate lexicon
mutâ	muta	original dictionary spelling	merged from candidate lexicon
muía	muia	original dictionary spelling	merged from candidate lexicon
mwaq	mwa	PALI orthography / attested surface form	annotated
mártir	martir	original dictionary spelling	merged from candidate lexicon
mérito	merito	original dictionary spelling	merged from candidate lexicon
música	musika	original dictionary spelling	merged from candidate lexicon
mürit	murit	original dictionary spelling	merged from candidate lexicon
nabenği	nabengi	original dictionary spelling	merged from candidate lexicon
nacadua	nakadua	original dictionary spelling	merged from candidate lexicon
naco	nako	original dictionary spelling	merged from candidate lexicon
namû	namu	original dictionary spelling	merged from candidate lexicon
nanaq	nana	PALI orthography / attested surface form	annotated
nanán	nanan	original dictionary spelling	merged from candidate lexicon
nanâ	nana	original dictionary spelling	merged from candidate lexicon
napusabenği	napusabengi	original dictionary spelling	merged from candidate lexicon
narcótico	narkotiko	original dictionary spelling	merged from candidate lexicon
nasaq	nasa	PALI orthography / attested surface form	annotated
nasâ	nasa	original dictionary spelling	merged from candidate lexicon
nauâ	naua	original dictionary spelling	merged from candidate lexicon
negación	negasion	original dictionary spelling	merged from candidate lexicon
negociante	negosiante	original dictionary spelling	merged from candidate lexicon
negocio	negosio	original dictionary spelling	merged from candidate lexicon
nene	neni	original dictionary spelling	merged from candidate lexicon
nerón	neron	original dictionary spelling	merged from candidate lexicon
nga	xi	original dictionary spelling	merged from candidate lexicon
ngi	iyi	original dictionary spelling	merged from candidate lexicon
ngicngican	ngicngikan	original dictionary spelling	merged from candidate lexicon
niaung	ngeung	original dictionary spelling	merged from candidate lexicon
nicotina	nikotina	original dictionary spelling	merged from candidate lexicon
niño	nino	original dictionary spelling	merged from candidate lexicon
nobli	noble	original dictionary spelling	merged from candidate lexicon
novicia	novisia	original dictionary spelling	merged from candidate lexicon
noviciada	novisiada	original dictionary spelling	merged from candidate lexicon
nucan	nukan	original dictionary spelling	merged from candidate lexicon
nucarin	nukarin	original dictionary spelling	merged from candidate lexicon
nunciatura	nunsiatura	original dictionary spelling	merged from candidate lexicon
nuncio	nunsio	original dictionary spelling	merged from candidate lexicon
nupcial	nupsial	original dictionary spelling	merged from candidate lexicon
nüne	nune	original dictionary spelling	merged from candidate lexicon
nğabnğab	ngabngab	original dictionary spelling	merged from candidate lexicon
nğacnğac	ngacngac	original dictionary spelling	merged from candidate lexicon
nğali	ngali	original dictionary spelling	merged from candidate lexicon
nğalnğal	ngalngal	original dictionary spelling	merged from candidate lexicon
nğan	ngan	original dictionary spelling	merged from candidate lexicon
nğanğa	nganga	original dictionary spelling	merged from candidate lexicon
nğeni	ngeni	original dictionary spelling	merged from candidate lexicon
nğenğa	ngenga	original dictionary spelling	merged from candidate lexicon
nğeta	ngeta	original dictionary spelling	merged from candidate lexicon
nğeti	ngeti	original dictionary spelling	merged from candidate lexicon
nğeuc	ngeuc	original dictionary spelling	merged from candidate lexicon
nğeung	ngeung	original dictionary spelling	merged from candidate lexicon
nğhnğh	nghngh	original dictionary spelling	merged from candidate lexicon
nğicnğic	ngicngic	original dictionary spelling	merged from candidate lexicon
nğilnğil	ngilngil	original dictionary spelling	merged from candidate lexicon
nğinilnğil	nginilngil	original dictionary spelling	merged from candidate lexicon
nğisi	ngisi	original dictionary spelling	merged from candidate lexicon
nğumisi	ngumisi	original dictionary spelling	merged from candidate lexicon
nğunğudngud	ngungudngud	original dictionary spelling	merged from candidate lexicon
obligación	obligasion	original dictionary spelling	merged from candidate lexicon
occupation	ockupation	original dictionary spelling	merged from candidate lexicon
ocoy	okoy	original dictionary spelling	merged from candidate lexicon
ocupa	okupa	original dictionary spelling	merged from candidate lexicon
ocupación	okupasion	original dictionary spelling	merged from candidate lexicon
ocupado	okupado	original dictionary spelling	merged from candidate lexicon
office	offise	original dictionary spelling	merged from candidate lexicon
oficial	ofisial	original dictionary spelling	merged from candidate lexicon
oficina	ofisina	original dictionary spelling	merged from candidate lexicon
oficio	ofisio	original dictionary spelling	merged from candidate lexicon
once	onse	original dictionary spelling	merged from candidate lexicon
operación	operasion	original dictionary spelling	merged from candidate lexicon
oposición	oposision	original dictionary spelling	merged from candidate lexicon
optico	optiko	original dictionary spelling	merged from candidate lexicon
opû	opu	original dictionary spelling	merged from candidate lexicon
oraciun	orasiun	original dictionary spelling	merged from candidate lexicon
orden	ordin	original dictionary spelling	merged from candidate lexicon
ordenación	ordenasion	original dictionary spelling	merged from candidate lexicon
organización	organizasion	original dictionary spelling	merged from candidate lexicon
orkestra	orkesta	original dictionary spelling	merged from candidate lexicon
oros	orus	original dictionary spelling	merged from candidate lexicon
ortopédico	ortopediko	original dictionary spelling	merged from candidate lexicon
oráculo	orakulo	original dictionary spelling	merged from candidate lexicon
orígenes	origenes	original dictionary spelling	merged from candidate lexicon
ostraciado	ostrasiado	original dictionary spelling	merged from candidate lexicon
osu	oso	original dictionary spelling	merged from candidate lexicon
otoridad	autoridad	original dictionary spelling	merged from candidate lexicon
p	balit-tio	original dictionary spelling	merged from candidate lexicon
pabatcal	pabatkal	original dictionary spelling	merged from candidate lexicon
paca-	paka-	original dictionary spelling	merged from candidate lexicon
pacabistan	pakabistan	original dictionary spelling	merged from candidate lexicon
pacabug	pakabug	original dictionary spelling	merged from candidate lexicon
pacacac	pakakac	original dictionary spelling	merged from candidate lexicon
pacacalulu	pakakalulu	original dictionary spelling	merged from candidate lexicon
pacal	pakal	original dictionary spelling	merged from candidate lexicon
pacalugcug	pakalugkug	original dictionary spelling	merged from candidate lexicon
pacalulu	pakalulu	original dictionary spelling	merged from candidate lexicon
pacamal	pakamal	original dictionary spelling	merged from candidate lexicon
pacang	pakang	original dictionary spelling	merged from candidate lexicon
pacasaut	pakasaut	original dictionary spelling	merged from candidate lexicon
pacasingcasing	pakasingkasing	original dictionary spelling	merged from candidate lexicon
pacat	pakat	original dictionary spelling	merged from candidate lexicon
pacayungcung	pakayungkung	original dictionary spelling	merged from candidate lexicon
paciencia	pasiensia	original dictionary spelling	merged from candidate lexicon
paciente	pasiente	original dictionary spelling	merged from candidate lexicon
pacifico	pasifiko	original dictionary spelling	merged from candidate lexicon
pacli	pucli	original dictionary spelling	merged from candidate lexicon
pacuis	pakuis	original dictionary spelling	merged from candidate lexicon
pacundanğan	pakundangan	original dictionary spelling	merged from candidate lexicon
pacupac	pakupac	original dictionary spelling	merged from candidate lexicon
pacut	pakut	original dictionary spelling	merged from candidate lexicon
pacâ	paka	original dictionary spelling	merged from candidate lexicon
pacû	paku	original dictionary spelling	merged from candidate lexicon
pagcal	pagkal	original dictionary spelling	merged from candidate lexicon
pagpagalâ	pagpagala	original dictionary spelling	merged from candidate lexicon
pahayag	hayag	original dictionary spelling	merged from candidate lexicon
pailili	tingali	original dictionary spelling	merged from candidate lexicon
paindu	pindu	original dictionary spelling	merged from candidate lexicon
pakú	paku	original dictionary spelling	merged from candidate lexicon
palabul	palapul	original dictionary spelling	merged from candidate lexicon
palacio	palasio	original dictionary spelling	merged from candidate lexicon
palacul	palakul	original dictionary spelling	merged from candidate lexicon
palanacan	palanakan	original dictionary spelling	merged from candidate lexicon
palanca	palanka	original dictionary spelling	merged from candidate lexicon
palantic	paltic	original dictionary spelling	merged from candidate lexicon
palanğapang	palangapang	original dictionary spelling	merged from candidate lexicon
palapâ	palapa	original dictionary spelling	merged from candidate lexicon
palarâ	palara	original dictionary spelling	merged from candidate lexicon
palcaya	palkaya	original dictionary spelling	merged from candidate lexicon
palco	palko	original dictionary spelling	merged from candidate lexicon
palcuisan	palkuisan	original dictionary spelling	merged from candidate lexicon
palkuis	pakuis	original dictionary spelling	merged from candidate lexicon
pallsan	palysan	original dictionary spelling	merged from candidate lexicon
palocebo	palosebo	original dictionary spelling	merged from candidate lexicon
palsunero	personero	original dictionary spelling	merged from candidate lexicon
paltuc-paltucan	paltuc-paltukan	original dictionary spelling	merged from candidate lexicon
paltucus	paltukus	original dictionary spelling	merged from candidate lexicon
paluca	paluka	original dictionary spelling	merged from candidate lexicon
palungpalunğan	palungpalungan	original dictionary spelling	merged from candidate lexicon
palupaluq	palupalu	PALI orthography / attested surface form	annotated
palâ	pala	original dictionary spelling	merged from candidate lexicon
palí	pali	original dictionary spelling	merged from candidate lexicon
pamacat	pamakat	original dictionary spelling	merged from candidate lexicon
pamanaco	pamanako	original dictionary spelling	merged from candidate lexicon
pamandilig	dilig	original dictionary spelling	merged from candidate lexicon
pamangatmuq	pamangatmu	PALI orthography / attested surface form	annotated
pamanggamas	gamas	original dictionary spelling	merged from candidate lexicon
pamanğolo	pamangolo	original dictionary spelling	merged from candidate lexicon
pamarug	barug	original dictionary spelling	merged from candidate lexicon
pamekat	pamakat	original dictionary spelling	merged from candidate lexicon
pampan	panpan	original dictionary spelling	merged from candidate lexicon
pamugâ	pamuga	original dictionary spelling	merged from candidate lexicon
pamusniq	pamusni	PALI orthography / attested surface form	annotated
panangab	tangab	original dictionary spelling	merged from candidate lexicon
panara	empanada	original dictionary spelling	merged from candidate lexicon
pancit-pancitan	pansit-pansitan	original dictionary spelling	merged from candidate lexicon
panciteria	pansiteria	original dictionary spelling	merged from candidate lexicon
pandacaki	pandakaki	original dictionary spelling	merged from candidate lexicon
pangcat	pangkat	original dictionary spelling	merged from candidate lexicon
pangcat-diwa	pangkat-diwa	original dictionary spelling	merged from candidate lexicon
pangcualan	pangkualan	original dictionary spelling	merged from candidate lexicon
pangcul	pangkul	original dictionary spelling	merged from candidate lexicon
panguluq	pangulu	PALI orthography / attested surface form	annotated
pangut	pakut	original dictionary spelling	merged from candidate lexicon
panica	panika	original dictionary spelling	merged from candidate lexicon
panigû	panigu	original dictionary spelling	merged from candidate lexicon
paniqui	paniki	original dictionary spelling	merged from candidate lexicon
panlamanglamang	panlang	original dictionary spelling	merged from candidate lexicon
panotsa	pinocha	original dictionary spelling	merged from candidate lexicon
panulu	ulu	original dictionary spelling	merged from candidate lexicon
panğapandig	pangapandig	original dictionary spelling	merged from candidate lexicon
panğulû	pangulu	original dictionary spelling	merged from candidate lexicon
panğunac	pangunac	original dictionary spelling	merged from candidate lexicon
panğusap	pangusap	original dictionary spelling	merged from candidate lexicon
panğut	pangut	original dictionary spelling	merged from candidate lexicon
panğuâ	pangua	original dictionary spelling	merged from candidate lexicon
papai	pai	original dictionary spelling	merged from candidate lexicon
papang	papa	original dictionary spelling	merged from candidate lexicon
papitnaq	papitna	PALI orthography / attested surface form	annotated
papá	papa	original dictionary spelling	merged from candidate lexicon
paratacan	paratakan	original dictionary spelling	merged from candidate lexicon
parayâ	paraya	original dictionary spelling	merged from candidate lexicon
parcela	parsela	original dictionary spelling	merged from candidate lexicon
parisucat	parisukat	original dictionary spelling	merged from candidate lexicon
paritan	paritaan	original dictionary spelling	merged from candidate lexicon
parolis	palaris	original dictionary spelling	merged from candidate lexicon
particiun	partisiun	original dictionary spelling	merged from candidate lexicon
parul	parol	original dictionary spelling	merged from candidate lexicon
pasacali	pasakali	original dictionary spelling	merged from candidate lexicon
pasacalye	pasakalye	original dictionary spelling	merged from candidate lexicon
pasacan	pasakan	original dictionary spelling	merged from candidate lexicon
pasall	pasaly	original dictionary spelling	merged from candidate lexicon
pasikutsikut	sikutsikut	original dictionary spelling	merged from candidate lexicon
pasá	pasa	original dictionary spelling	merged from candidate lexicon
pasâ	pasa	original dictionary spelling	merged from candidate lexicon
pasû	pasu	original dictionary spelling	merged from candidate lexicon
patabá	pataba	original dictionary spelling	merged from candidate lexicon
patacaran	patakaran	original dictionary spelling	merged from candidate lexicon
patcu	patku	original dictionary spelling	merged from candidate lexicon
patigâ	patiga	original dictionary spelling	merged from candidate lexicon
patintica	patintika	original dictionary spelling	merged from candidate lexicon
patinğapun	patingapun	original dictionary spelling	merged from candidate lexicon
patinğurû	patinguru	original dictionary spelling	merged from candidate lexicon
patlaue	patlaway	original dictionary spelling	merged from candidate lexicon
patoc	patuc	original dictionary spelling	merged from candidate lexicon
patriarca	patriarka	original dictionary spelling	merged from candidate lexicon
patrística	patristika	original dictionary spelling	merged from candidate lexicon
patukud	talukud	original dictionary spelling	merged from candidate lexicon
patúcpatúc	patucpatuc	original dictionary spelling	merged from candidate lexicon
pauâ	paua	original dictionary spelling	merged from candidate lexicon
payacpac	tortoise	original dictionary spelling	merged from candidate lexicon
payul	payu	original dictionary spelling	merged from candidate lexicon
payungpayunğan	payungpayungan	original dictionary spelling	merged from candidate lexicon
paû	pau	original dictionary spelling	merged from candidate lexicon
peca	peka	original dictionary spelling	merged from candidate lexicon
pecas	pekas	original dictionary spelling	merged from candidate lexicon
pecat	pekat	original dictionary spelling	merged from candidate lexicon
peeca	peeka	original dictionary spelling	merged from candidate lexicon
pelam	palam	original dictionary spelling	merged from candidate lexicon
pelicula	pelikula	original dictionary spelling	merged from candidate lexicon
penikula	pelikula	original dictionary spelling	merged from candidate lexicon
peniman	timan	original dictionary spelling	merged from candidate lexicon
pentecostés	pentekostes	original dictionary spelling	merged from candidate lexicon
penğanac	penganac	original dictionary spelling	merged from candidate lexicon
penğari	pengari	original dictionary spelling	merged from candidate lexicon
perdayâ	perdaya	original dictionary spelling	merged from candidate lexicon
peregrinación	peregrinasion	original dictionary spelling	merged from candidate lexicon
perhuicio	perhuisio	original dictionary spelling	merged from candidate lexicon
periódico	periodiko	original dictionary spelling	merged from candidate lexicon
persecución	persekusion	original dictionary spelling	merged from candidate lexicon
pestilence	pestilense	original dictionary spelling	merged from candidate lexicon
pesâ	pesa	original dictionary spelling	merged from candidate lexicon
peticiun	petisiun	original dictionary spelling	merged from candidate lexicon
picha	pitsa	original dictionary spelling	merged from candidate lexicon
picontra	pikontra	original dictionary spelling	merged from candidate lexicon
picu	piku	original dictionary spelling	merged from candidate lexicon
pigâ	piga	original dictionary spelling	merged from candidate lexicon
pihican	pihikan	original dictionary spelling	merged from candidate lexicon
pills	pilys	original dictionary spelling	merged from candidate lexicon
pimpin	pinpin	original dictionary spelling	merged from candidate lexicon
pindó	pindo	original dictionary spelling	merged from candidate lexicon
pindû	pindu	original dictionary spelling	merged from candidate lexicon
pingco	pingko	original dictionary spelling	merged from candidate lexicon
pingcuc	pingkuc	original dictionary spelling	merged from candidate lexicon
pinggâ	pingga	original dictionary spelling	merged from candidate lexicon
pinsü	pinsu	original dictionary spelling	merged from candidate lexicon
pintacasi	pintakasi	original dictionary spelling	merged from candidate lexicon
pinğaspinğas	pingaspingas	original dictionary spelling	merged from candidate lexicon
pipindon	pindauan	original dictionary spelling	merged from candidate lexicon
pipiq	pipi	PALI orthography / attested surface form	annotated
pipisali	papasali	original dictionary spelling	merged from candidate lexicon
pipí	pipi	original dictionary spelling	merged from candidate lexicon
pirait	piraya	original dictionary spelling	merged from candidate lexicon
pirayâ	piraya	original dictionary spelling	merged from candidate lexicon
pisnği	pisngi	original dictionary spelling	merged from candidate lexicon
pisuq	pisu	PALI orthography / attested surface form	annotated
pisî	pisi	original dictionary spelling	merged from candidate lexicon
pitaca	pitaka	original dictionary spelling	merged from candidate lexicon
pitnğa	pitnga	original dictionary spelling	merged from candidate lexicon
pitsu	pecho	original dictionary spelling	merged from candidate lexicon
pitá	pita	original dictionary spelling	merged from candidate lexicon
pitú	pitu	original dictionary spelling	merged from candidate lexicon
piun	peon	original dictionary spelling	merged from candidate lexicon
placa	plaka	original dictionary spelling	merged from candidate lexicon
plantación	plantasion	original dictionary spelling	merged from candidate lexicon
plantsa	plancha	original dictionary spelling	merged from candidate lexicon
platica	platika	original dictionary spelling	merged from candidate lexicon
plebiscito	plebissito	original dictionary spelling	merged from candidate lexicon
po	pu	original dictionary spelling	merged from candidate lexicon
población	poblasion	original dictionary spelling	merged from candidate lexicon
policía	polisia	original dictionary spelling	merged from candidate lexicon
politico	politiko	original dictionary spelling	merged from candidate lexicon
política	politika	original dictionary spelling	merged from candidate lexicon
pompiang	tompiang	original dictionary spelling	merged from candidate lexicon
porcelana	porselana	original dictionary spelling	merged from candidate lexicon
porciento	porsiento	original dictionary spelling	merged from candidate lexicon
posición	posision	original dictionary spelling	merged from candidate lexicon
precinto	presinto	original dictionary spelling	merged from candidate lexicon
precio	presio	original dictionary spelling	merged from candidate lexicon
precisu	presisu	original dictionary spelling	merged from candidate lexicon
preparación	preparasion	original dictionary spelling	merged from candidate lexicon
presentación	presentasion	original dictionary spelling	merged from candidate lexicon
preño	preno	original dictionary spelling	merged from candidate lexicon
princesa	prinsesa	original dictionary spelling	merged from candidate lexicon
principal	prinsipal	original dictionary spelling	merged from candidate lexicon
principe	prinsipe	original dictionary spelling	merged from candidate lexicon
principio	prinsipio	original dictionary spelling	merged from candidate lexicon
procesión	prosesion	original dictionary spelling	merged from candidate lexicon
proclamación	proclamasion	original dictionary spelling	merged from candidate lexicon
produced	prodused	original dictionary spelling	merged from candidate lexicon
profesión	profesion	original dictionary spelling	merged from candidate lexicon
propagación	propagasion	original dictionary spelling	merged from candidate lexicon
prosecución	prosekusion	original dictionary spelling	merged from candidate lexicon
protección	protecsion	original dictionary spelling	merged from candidate lexicon
providencia	providensia	original dictionary spelling	merged from candidate lexicon
provinces	provinses	original dictionary spelling	merged from candidate lexicon
provincia	provinsia	original dictionary spelling	merged from candidate lexicon
provinciano	provinsiano	original dictionary spelling	merged from candidate lexicon
prusisyun	prosesion	original dictionary spelling	merged from candidate lexicon
publicación	publikasion	original dictionary spelling	merged from candidate lexicon
publicano	publikano	original dictionary spelling	merged from candidate lexicon
publication	publikation	original dictionary spelling	merged from candidate lexicon
publico	publiko	original dictionary spelling	merged from candidate lexicon
pucat	pukat	original dictionary spelling	merged from candidate lexicon
puclî	pucli	original dictionary spelling	merged from candidate lexicon
pucul	pukul	original dictionary spelling	merged from candidate lexicon
pucut	pukut	original dictionary spelling	merged from candidate lexicon
puedi	puede	original dictionary spelling	merged from candidate lexicon
puerca	puerka	original dictionary spelling	merged from candidate lexicon
pugcul	pugkul	original dictionary spelling	merged from candidate lexicon
pukang	bukang	original dictionary spelling	merged from candidate lexicon
pulandit	naked	original dictionary spelling	merged from candidate lexicon
pulayî	pulayi	original dictionary spelling	merged from candidate lexicon
pulicat	pulikat	original dictionary spelling	merged from candidate lexicon
pulis	polisia	original dictionary spelling	merged from candidate lexicon
pulkeru	polkero	original dictionary spelling	merged from candidate lexicon
pulo	pulao	original dictionary spelling	merged from candidate lexicon
pulvera	polvera	original dictionary spelling	merged from candidate lexicon
pulút	pulut	original dictionary spelling	merged from candidate lexicon
pungca	pungka	original dictionary spelling	merged from candidate lexicon
pungcul	pungkul	original dictionary spelling	merged from candidate lexicon
punía	punia	original dictionary spelling	merged from candidate lexicon
punías	punias	original dictionary spelling	merged from candidate lexicon
punğapul	pungapul	original dictionary spelling	merged from candidate lexicon
punğul	pungul	original dictionary spelling	merged from candidate lexicon
punğus	pungus	original dictionary spelling	merged from candidate lexicon
punğut	pungut	original dictionary spelling	merged from candidate lexicon
pupucan	pupukan	original dictionary spelling	merged from candidate lexicon
pupud	pudpud	original dictionary spelling	merged from candidate lexicon
pusio	pusiao	original dictionary spelling	merged from candidate lexicon
pusisyun	posision	original dictionary spelling	merged from candidate lexicon
pusâ	pusa	original dictionary spelling	merged from candidate lexicon
pusû	pusu	original dictionary spelling	merged from candidate lexicon
putiokan	pukiutan	original dictionary spelling	merged from candidate lexicon
putiucan	putiukan	original dictionary spelling	merged from candidate lexicon
putlâ	putla	original dictionary spelling	merged from candidate lexicon
puto	putao	original dictionary spelling	merged from candidate lexicon
putusecu	putuseku	original dictionary spelling	merged from candidate lexicon
putî	puti	original dictionary spelling	merged from candidate lexicon
páku	paku	original dictionary spelling	merged from candidate lexicon
páli	pali	original dictionary spelling	merged from candidate lexicon
párroco	parroko	original dictionary spelling	merged from candidate lexicon
pása	pasa	original dictionary spelling	merged from candidate lexicon
pâ	pa	original dictionary spelling	merged from candidate lexicon
pítu	pitu	original dictionary spelling	merged from candidate lexicon
púlut	pulut	original dictionary spelling	merged from candidate lexicon
quezo	kezo	original dictionary spelling	merged from candidate lexicon
quidnunc	kidnunc	original dictionary spelling	merged from candidate lexicon
quijote	kijote	original dictionary spelling	merged from candidate lexicon
quinario	kinario	original dictionary spelling	merged from candidate lexicon
quinina	kinina	original dictionary spelling	merged from candidate lexicon
quirungut	kirungut	original dictionary spelling	merged from candidate lexicon
radiación	radiasion	original dictionary spelling	merged from candidate lexicon
radon	dasion	original dictionary spelling	merged from candidate lexicon
ranggo	raneo	original dictionary spelling	merged from candidate lexicon
rayuma	reuma	original dictionary spelling	merged from candidate lexicon
razón	razon	original dictionary spelling	merged from candidate lexicon
reacción	reacsion	original dictionary spelling	merged from candidate lexicon
recado	rekado	original dictionary spelling	merged from candidate lexicon
recargo	rekargo	original dictionary spelling	merged from candidate lexicon
recepcionista	resepsionista	original dictionary spelling	merged from candidate lexicon
receta	reseta	original dictionary spelling	merged from candidate lexicon
recetario	resetario	original dictionary spelling	merged from candidate lexicon
recibario	resibario	original dictionary spelling	merged from candidate lexicon
recibo	resibo	original dictionary spelling	merged from candidate lexicon
recipiente	resipiente	original dictionary spelling	merged from candidate lexicon
recolección	rekolecsion	original dictionary spelling	merged from candidate lexicon
recoleto	rekoleto	original dictionary spelling	merged from candidate lexicon
recomenda	rekomenda	original dictionary spelling	merged from candidate lexicon
recomendación	rekomendasion	original dictionary spelling	merged from candidate lexicon
reconciliación	rekonsiliasion	original dictionary spelling	merged from candidate lexicon
recorrida	rekorrida	original dictionary spelling	merged from candidate lexicon
rectificación	rectifikasion	original dictionary spelling	merged from candidate lexicon
rectángulo	rectangulo	original dictionary spelling	merged from candidate lexicon
recuerdo	rekuerdo	original dictionary spelling	merged from candidate lexicon
recurso	rekurso	original dictionary spelling	merged from candidate lexicon
reduplicación	reduplikasion	original dictionary spelling	merged from candidate lexicon
reelecccion	reeleccsion	original dictionary spelling	merged from candidate lexicon
referencia	referensia	original dictionary spelling	merged from candidate lexicon
reformación	reformasion	original dictionary spelling	merged from candidate lexicon
refresco	refresko	original dictionary spelling	merged from candidate lexicon
regulación	regulasion	original dictionary spelling	merged from candidate lexicon
rehabilitación	rehabilitasion	original dictionary spelling	merged from candidate lexicon
rekisicion	rekisision	original dictionary spelling	merged from candidate lexicon
relación	relasion	original dictionary spelling	merged from candidate lexicon
remuneración	remunerasion	original dictionary spelling	merged from candidate lexicon
renovación	renovasion	original dictionary spelling	merged from candidate lexicon
reorganización	reorganizasion	original dictionary spelling	merged from candidate lexicon
reparación	reparasion	original dictionary spelling	merged from candidate lexicon
representación	representasion	original dictionary spelling	merged from candidate lexicon
reproducción	reproducsion	original dictionary spelling	merged from candidate lexicon
republicacion	republikasion	original dictionary spelling	merged from candidate lexicon
republicano	republikano	original dictionary spelling	merged from candidate lexicon
reputación	reputasion	original dictionary spelling	merged from candidate lexicon
república	republika	original dictionary spelling	merged from candidate lexicon
reservación	reservasion	original dictionary spelling	merged from candidate lexicon
residencia	residensia	original dictionary spelling	merged from candidate lexicon
resignación	resignasion	original dictionary spelling	merged from candidate lexicon
resistencia	resistensia	original dictionary spelling	merged from candidate lexicon
resolución	resolusion	original dictionary spelling	merged from candidate lexicon
respecto	respeto	original dictionary spelling	merged from candidate lexicon
respiración	respirasion	original dictionary spelling	merged from candidate lexicon
restitución	restitusion	original dictionary spelling	merged from candidate lexicon
resureccion	resurecsion	original dictionary spelling	merged from candidate lexicon
resuscitation	resussitation	original dictionary spelling	merged from candidate lexicon
retorica	retorika	original dictionary spelling	merged from candidate lexicon
retracción	retracsion	original dictionary spelling	merged from candidate lexicon
reverence	reverense	original dictionary spelling	merged from candidate lexicon
reverencia	reverensia	original dictionary spelling	merged from candidate lexicon
revoca	revoka	original dictionary spelling	merged from candidate lexicon
revolucionario	revolusionario	original dictionary spelling	merged from candidate lexicon
revolución	revolusion	original dictionary spelling	merged from candidate lexicon
rienda	renda	original dictionary spelling	merged from candidate lexicon
rifle	rifli	original dictionary spelling	merged from candidate lexicon
rmğal	rmgal	original dictionary spelling	merged from candidate lexicon
rodüio	roduio	original dictionary spelling	merged from candidate lexicon
roleta	ruleta	original dictionary spelling	merged from candidate lexicon
roll	roly	original dictionary spelling	merged from candidate lexicon
romance	romanse	original dictionary spelling	merged from candidate lexicon
romántico	romantiko	original dictionary spelling	merged from candidate lexicon
rondilio	roduio	original dictionary spelling	merged from candidate lexicon
roscas	roskas	original dictionary spelling	merged from candidate lexicon
rugu	dugu	original dictionary spelling	merged from candidate lexicon
rápido	rapido	original dictionary spelling	merged from candidate lexicon
sa	sang	original dictionary spelling	merged from candidate lexicon
sabis	sabes	original dictionary spelling	merged from candidate lexicon
sablaq	sabla	PALI orthography / attested surface form	annotated
sabungsabunğan	sabungsabungan	original dictionary spelling	merged from candidate lexicon
sabunğul	sabungul	original dictionary spelling	merged from candidate lexicon
sabunğut	sabungut	original dictionary spelling	merged from candidate lexicon
sabâ	saba	original dictionary spelling	merged from candidate lexicon
sabî	sabi	original dictionary spelling	merged from candidate lexicon
sac-cuil	sac-kuil	original dictionary spelling	merged from candidate lexicon
saca	saka	original dictionary spelling	merged from candidate lexicon
sacab	sakab	original dictionary spelling	merged from candidate lexicon
sacada	sakada	original dictionary spelling	merged from candidate lexicon
sacag	sakag	original dictionary spelling	merged from candidate lexicon
sacahan	sakahan	original dictionary spelling	merged from candidate lexicon
sacal	sakal	original dictionary spelling	merged from candidate lexicon
sacali	sakali	original dictionary spelling	merged from candidate lexicon
sacang	sakang	original dictionary spelling	merged from candidate lexicon
sacarina	sakarina	original dictionary spelling	merged from candidate lexicon
sacat	sakat	original dictionary spelling	merged from candidate lexicon
sacate	sakate	original dictionary spelling	merged from candidate lexicon
sacerdote	saserdote	original dictionary spelling	merged from candidate lexicon
sacie	sasie	original dictionary spelling	merged from candidate lexicon
sacio	sasio	original dictionary spelling	merged from candidate lexicon
sacobi	sakobi	original dictionary spelling	merged from candidate lexicon
sacotian	sakotian	original dictionary spelling	merged from candidate lexicon
sacrificio	sacrifisio	original dictionary spelling	merged from candidate lexicon
sacristía	sacristia	original dictionary spelling	merged from candidate lexicon
sacu	saku	original dictionary spelling	merged from candidate lexicon
sacub	sakub	original dictionary spelling	merged from candidate lexicon
sacubli	sakubli	original dictionary spelling	merged from candidate lexicon
sacuil	sakuil	original dictionary spelling	merged from candidate lexicon
sacul	sakul	original dictionary spelling	merged from candidate lexicon
sacuna	sakuna	original dictionary spelling	merged from candidate lexicon
sacung	sakung	original dictionary spelling	merged from candidate lexicon
sacup	sakup	original dictionary spelling	merged from candidate lexicon
sacurut	sakurut	original dictionary spelling	merged from candidate lexicon
sacóte	sakote	original dictionary spelling	merged from candidate lexicon
saganâ	sagana	original dictionary spelling	merged from candidate lexicon
sagasâ	sagasa	original dictionary spelling	merged from candidate lexicon
saguâ	sagua	original dictionary spelling	merged from candidate lexicon
sagâ	saga	original dictionary spelling	merged from candidate lexicon
sakafuego	kasafuego	original dictionary spelling	merged from candidate lexicon
sako	saku	original dictionary spelling	merged from candidate lexicon
saksiq	saksi	PALI orthography / attested surface form	annotated
sakunaq	sakuna	PALI orthography / attested surface form	annotated
sala	salas	original dictionary spelling	merged from candidate lexicon
salacab	salakab	original dictionary spelling	merged from candidate lexicon
salacata	salakata	original dictionary spelling	merged from candidate lexicon
salacup	salakup	original dictionary spelling	merged from candidate lexicon
salacut	salakut	original dictionary spelling	merged from candidate lexicon
salada	ensalada	original dictionary spelling	merged from candidate lexicon
saladu	salado	original dictionary spelling	merged from candidate lexicon
salamanca	salamanka	original dictionary spelling	merged from candidate lexicon
salamangca	salamangka	original dictionary spelling	merged from candidate lexicon
salampad	salampat	original dictionary spelling	merged from candidate lexicon
salampune	talampune	original dictionary spelling	merged from candidate lexicon
salantâ	salanta	original dictionary spelling	merged from candidate lexicon
salanğat	salangat	original dictionary spelling	merged from candidate lexicon
salanği	salangi	original dictionary spelling	merged from candidate lexicon
salele	salale	original dictionary spelling	merged from candidate lexicon
salibad	salimbad	original dictionary spelling	merged from candidate lexicon
salicadcad	salikadkad	original dictionary spelling	merged from candidate lexicon
salicangcang	salikangkang	original dictionary spelling	merged from candidate lexicon
salicap	salikap	original dictionary spelling	merged from candidate lexicon
salicasuc	salikasuc	original dictionary spelling	merged from candidate lexicon
salicungcung	salikungkung	original dictionary spelling	merged from candidate lexicon
salicut	salikut	original dictionary spelling	merged from candidate lexicon
salimbe	salimbay	original dictionary spelling	merged from candidate lexicon
salimpapo	salipapo	original dictionary spelling	merged from candidate lexicon
salimucu	salimuku	original dictionary spelling	merged from candidate lexicon
salingcu	salingku	original dictionary spelling	merged from candidate lexicon
salingku	salindu	original dictionary spelling	merged from candidate lexicon
salisiq	salisi	PALI orthography / attested surface form	annotated
salkata	salakata	original dictionary spelling	merged from candidate lexicon
salu	salo	original dictionary spelling	merged from candidate lexicon
salubung	sagana	original dictionary spelling	merged from candidate lexicon
salucab	salukab	original dictionary spelling	merged from candidate lexicon
salucut	salukut	original dictionary spelling	merged from candidate lexicon
salunğa	salunga	original dictionary spelling	merged from candidate lexicon
salunğat	salungat	original dictionary spelling	merged from candidate lexicon
salvación	salvasion	original dictionary spelling	merged from candidate lexicon
salâ	sala	original dictionary spelling	merged from candidate lexicon
samantala	samanta	original dictionary spelling	merged from candidate lexicon
samaq	sama	PALI orthography / attested surface form	annotated
sambong	sambung	original dictionary spelling	merged from candidate lexicon
samulâ	samula	original dictionary spelling	merged from candidate lexicon
samâ	sama	original dictionary spelling	merged from candidate lexicon
sana	sadia	original dictionary spelling	merged from candidate lexicon
sandanâ	sandana	original dictionary spelling	merged from candidate lexicon
sandataq	sandata	PALI orthography / attested surface form	annotated
sanducut	sandukut	original dictionary spelling	merged from candidate lexicon
sangcal	sangkal	original dictionary spelling	merged from candidate lexicon
sangcan	sangkan	original dictionary spelling	merged from candidate lexicon
sangcap	sangkap	original dictionary spelling	merged from candidate lexicon
sangcapsangcap	sangkapsangkap	original dictionary spelling	merged from candidate lexicon
sangcayo	sangkayo	original dictionary spelling	merged from candidate lexicon
sangcut	sangkut	original dictionary spelling	merged from candidate lexicon
sangcut-sangcut	sangkut-sangkut	original dictionary spelling	merged from candidate lexicon
sangcutsa	sangkutsa	original dictionary spelling	merged from candidate lexicon
sangdî	sangdi	original dictionary spelling	merged from candidate lexicon
santo	san	original dictionary spelling	merged from candidate lexicon
santísimo	santisimo	original dictionary spelling	merged from candidate lexicon
sanğa	sanga	original dictionary spelling	merged from candidate lexicon
sanğab	sangab	original dictionary spelling	merged from candidate lexicon
sanğag	sangag	original dictionary spelling	merged from candidate lexicon
sanğal	sangal	original dictionary spelling	merged from candidate lexicon
sanğalnğal	sangalngal	original dictionary spelling	merged from candidate lexicon
sanğanğa	sanganga	original dictionary spelling	merged from candidate lexicon
sanğap	sangap	original dictionary spelling	merged from candidate lexicon
sanğat	sangat	original dictionary spelling	merged from candidate lexicon
sanği	sangi	original dictionary spelling	merged from candidate lexicon
sanğil	sangil	original dictionary spelling	merged from candidate lexicon
sanğiota	sangiota	original dictionary spelling	merged from candidate lexicon
sanğit	sangit	original dictionary spelling	merged from candidate lexicon
sanğut	sangut	original dictionary spelling	merged from candidate lexicon
sapacat	sapakat	original dictionary spelling	merged from candidate lexicon
sapalâ	sapala	original dictionary spelling	merged from candidate lexicon
sapatyâ	sapatya	original dictionary spelling	merged from candidate lexicon
sapinğil	sapingil	original dictionary spelling	merged from candidate lexicon
saplid	saplit	original dictionary spelling	merged from candidate lexicon
sapo	sapao	original dictionary spelling	merged from candidate lexicon
sapula	sapuli	original dictionary spelling	merged from candidate lexicon
sapulaq	sapula	PALI orthography / attested surface form	annotated
sapuâ	sapua	original dictionary spelling	merged from candidate lexicon
sapâ	sapa	original dictionary spelling	merged from candidate lexicon
saq	sa	PALI orthography / attested surface form	annotated
sarsa	salsa	original dictionary spelling	merged from candidate lexicon
sasacote	sasakote	original dictionary spelling	merged from candidate lexicon
sastrería	sastreria	original dictionary spelling	merged from candidate lexicon
sasâ	sasa	original dictionary spelling	merged from candidate lexicon
saua	sawa	original dictionary spelling	merged from candidate lexicon
saue	sauay	original dictionary spelling	merged from candidate lexicon
saup	sap	original dictionary spelling	merged from candidate lexicon
sauâ	saua	original dictionary spelling	merged from candidate lexicon
saying	daya	original dictionary spelling	merged from candidate lexicon
sayu	tayu	original dictionary spelling	merged from candidate lexicon
sayû	sayu	original dictionary spelling	merged from candidate lexicon
scared	skared	original dictionary spelling	merged from candidate lexicon
secâ	seka	original dictionary spelling	merged from candidate lexicon
sencilio	sensilio	original dictionary spelling	merged from candidate lexicon
sentencia	sentensia	original dictionary spelling	merged from candidate lexicon
separación	separasion	original dictionary spelling	merged from candidate lexicon
servicio	servisio	original dictionary spelling	merged from candidate lexicon
servises	insentivo	original dictionary spelling	merged from candidate lexicon
seryaq	serya	PALI orthography / attested surface form	annotated
señor	senor	original dictionary spelling	merged from candidate lexicon
señora	senora	original dictionary spelling	merged from candidate lexicon
señorita	senorita	original dictionary spelling	merged from candidate lexicon
señorito	senorito	original dictionary spelling	merged from candidate lexicon
siabucut	siabukut	original dictionary spelling	merged from candidate lexicon
sibug	sipun	original dictionary spelling	merged from candidate lexicon
sibuko	sapang	original dictionary spelling	merged from candidate lexicon
sibuqsibuq	sibusibu	PALI orthography / attested surface form	annotated
sico	siko	original dictionary spelling	merged from candidate lexicon
sicoti	sikoti	original dictionary spelling	merged from candidate lexicon
sicu	siku	original dictionary spelling	merged from candidate lexicon
sicuacu	sikuaku	original dictionary spelling	merged from candidate lexicon
sicuat	sikuat	original dictionary spelling	merged from candidate lexicon
sicut	sikut	original dictionary spelling	merged from candidate lexicon
sicutsicut	sikutsikut	original dictionary spelling	merged from candidate lexicon
sigaq	siga	PALI orthography / attested surface form	annotated
sige	ayo	original dictionary spelling	merged from candidate lexicon
sigida	segido	original dictionary spelling	merged from candidate lexicon
siglaq	sigla	PALI orthography / attested surface form	annotated
sigue	sige	original dictionary spelling	merged from candidate lexicon
siguradu	segurado	original dictionary spelling	merged from candidate lexicon
siguru	seguro	original dictionary spelling	merged from candidate lexicon
siko	siku	original dictionary spelling	merged from candidate lexicon
siku	siko	original dictionary spelling	merged from candidate lexicon
sikuaku	kuaku	original dictionary spelling	merged from candidate lexicon
silbato	sulbatu	original dictionary spelling	merged from candidate lexicon
silin-süinan	silin-suinan	original dictionary spelling	merged from candidate lexicon
silo	silao	original dictionary spelling	merged from candidate lexicon
silâ	sila	original dictionary spelling	merged from candidate lexicon
silî	sili	original dictionary spelling	merged from candidate lexicon
simarun	simarron	original dictionary spelling	merged from candidate lexicon
simbabâ	simbaba	original dictionary spelling	merged from candidate lexicon
simbólico	simboliko	original dictionary spelling	merged from candidate lexicon
simetría	simetria	original dictionary spelling	merged from candidate lexicon
siminia	chiminea	original dictionary spelling	merged from candidate lexicon
simpatía	simpatia	original dictionary spelling	merged from candidate lexicon
simplifica	simplifika	original dictionary spelling	merged from candidate lexicon
simpático	simpatiko	original dictionary spelling	merged from candidate lexicon
simsim	timsim	original dictionary spelling	merged from candidate lexicon
simverguenza	simvergenza	original dictionary spelling	merged from candidate lexicon
simî	simi	original dictionary spelling	merged from candidate lexicon
sincope	sinkope	original dictionary spelling	merged from candidate lexicon
singcad	singkad	original dictionary spelling	merged from candidate lexicon
singco	singko	original dictionary spelling	merged from candidate lexicon
singcu	singku	original dictionary spelling	merged from candidate lexicon
singkit	kilit	original dictionary spelling	merged from candidate lexicon
singo	sigo	original dictionary spelling	merged from candidate lexicon
sintonado	sintunadu	original dictionary spelling	merged from candidate lexicon
sinóptico	sinoptiko	original dictionary spelling	merged from candidate lexicon
sinğutsinğut	singutsingut	original dictionary spelling	merged from candidate lexicon
sinğût	singut	original dictionary spelling	merged from candidate lexicon
siqpun	sipun	PALI orthography / attested surface form	annotated
sirâ	sira	original dictionary spelling	merged from candidate lexicon
sirî	siri	original dictionary spelling	merged from candidate lexicon
sisî	sisi	original dictionary spelling	merged from candidate lexicon
sita	sitae	original dictionary spelling	merged from candidate lexicon
sitsaro	chicharo	original dictionary spelling	merged from candidate lexicon
sitsiria	sitseria	original dictionary spelling	merged from candidate lexicon
sitsirica	sitsirika	original dictionary spelling	merged from candidate lexicon
situación	situasion	original dictionary spelling	merged from candidate lexicon
smang	sauang	original dictionary spelling	merged from candidate lexicon
smğit	smgit	original dictionary spelling	merged from candidate lexicon
sobrepelliz	sobrepelyiz	original dictionary spelling	merged from candidate lexicon
socialismo	sosialismo	original dictionary spelling	merged from candidate lexicon
socialista	sosialista	original dictionary spelling	merged from candidate lexicon
sociedad	sosiedad	original dictionary spelling	merged from candidate lexicon
socio	sosio	original dictionary spelling	merged from candidate lexicon
sociolohiya	sosiolohiya	original dictionary spelling	merged from candidate lexicon
socorro	sokorro	original dictionary spelling	merged from candidate lexicon
solicita	solisita	original dictionary spelling	merged from candidate lexicon
solicitud	solisitud	original dictionary spelling	merged from candidate lexicon
solusun	salunsun	original dictionary spelling	merged from candidate lexicon
sosio	spinster	original dictionary spelling	merged from candidate lexicon
spuq	spu	PALI orthography / attested surface form	annotated
subiq	subi	PALI orthography / attested surface form	annotated
subâ	suba	original dictionary spelling	merged from candidate lexicon
subû	subu	original dictionary spelling	merged from candidate lexicon
suca	suka	original dictionary spelling	merged from candidate lexicon
sucab	sukab	original dictionary spelling	merged from candidate lexicon
sucad	sukad	original dictionary spelling	merged from candidate lexicon
sucal	sukal	original dictionary spelling	merged from candidate lexicon
sucat	sukat	original dictionary spelling	merged from candidate lexicon
suco	suko	original dictionary spelling	merged from candidate lexicon
sucub	sukub	original dictionary spelling	merged from candidate lexicon
suculm	sukulm	original dictionary spelling	merged from candidate lexicon
sucung	sukung	original dictionary spelling	merged from candidate lexicon
suecos	suekos	original dictionary spelling	merged from candidate lexicon
suficiente	sufisiente	original dictionary spelling	merged from candidate lexicon
suglung	sudlung	original dictionary spelling	merged from candidate lexicon
sugâ	suga	original dictionary spelling	merged from candidate lexicon
sugû	sugu	original dictionary spelling	merged from candidate lexicon
sukliq	sukli	PALI orthography / attested surface form	annotated
suku	suko	original dictionary spelling	merged from candidate lexicon
sukul	sukulm	original dictionary spelling	merged from candidate lexicon
sulâ	sula	original dictionary spelling	merged from candidate lexicon
sulúngsulúng	sulungsulung	original dictionary spelling	merged from candidate lexicon
sumalangcat	sumalangkat	original dictionary spelling	merged from candidate lexicon
sumamî	sumami	original dictionary spelling	merged from candidate lexicon
sumanğid	sumangid	original dictionary spelling	merged from candidate lexicon
sumbacad	sumbakad	original dictionary spelling	merged from candidate lexicon
sumpâ	sumpa	original dictionary spelling	merged from candidate lexicon
sumâ	suma	original dictionary spelling	merged from candidate lexicon
sungab	sunab	original dictionary spelling	merged from candidate lexicon
sungcal	sungkal	original dictionary spelling	merged from candidate lexicon
sungco	sungko	original dictionary spelling	merged from candidate lexicon
sungcâ	sungka	original dictionary spelling	merged from candidate lexicon
sungingi	sungi	original dictionary spelling	merged from candidate lexicon
sunğab	sungab	original dictionary spelling	merged from candidate lexicon
sunğal	sungal	original dictionary spelling	merged from candidate lexicon
sunğasung	sungasung	original dictionary spelling	merged from candidate lexicon
sunğasunğasung	sungasungasung	original dictionary spelling	merged from candidate lexicon
sunği	sungi	original dictionary spelling	merged from candidate lexicon
sunğinği	sungingi	original dictionary spelling	merged from candidate lexicon
sunğit	sungit	original dictionary spelling	merged from candidate lexicon
sunğul	sungul	original dictionary spelling	merged from candidate lexicon
supüio	supuio	original dictionary spelling	merged from candidate lexicon
suspicioso	suspisioso	original dictionary spelling	merged from candidate lexicon
sustancia	sustansia	original dictionary spelling	merged from candidate lexicon
susî	susi	original dictionary spelling	merged from candidate lexicon
suyâ	suya	original dictionary spelling	merged from candidate lexicon
suâ	sua	original dictionary spelling	merged from candidate lexicon
swiq	swi	PALI orthography / attested surface form	annotated
sínodo	sinodo	original dictionary spelling	merged from candidate lexicon
síntoma	sintoma	original dictionary spelling	merged from candidate lexicon
sürere	surere	original dictionary spelling	merged from candidate lexicon
tabanğonğo	tabangongo	original dictionary spelling	merged from candidate lexicon
tabernáculo	tabernakulo	original dictionary spelling	merged from candidate lexicon
tablirya	tableria	original dictionary spelling	merged from candidate lexicon
tabuan	tabu	original dictionary spelling	merged from candidate lexicon
tabunğo	tabungo	original dictionary spelling	merged from candidate lexicon
taburete	tabrete	original dictionary spelling	merged from candidate lexicon
tabî	tabi	original dictionary spelling	merged from candidate lexicon
taca	taka	original dictionary spelling	merged from candidate lexicon
tacad	takad	original dictionary spelling	merged from candidate lexicon
tacal	takal	original dictionary spelling	merged from candidate lexicon
tacam	takam	original dictionary spelling	merged from candidate lexicon
tacamtacam	takamtakam	original dictionary spelling	merged from candidate lexicon
tacap	takap	original dictionary spelling	merged from candidate lexicon
tacas	takas	original dictionary spelling	merged from candidate lexicon
tacbâ	tacba	original dictionary spelling	merged from candidate lexicon
taclayud	taclaid	original dictionary spelling	merged from candidate lexicon
taco	tako	original dictionary spelling	merged from candidate lexicon
tactica	tactika	original dictionary spelling	merged from candidate lexicon
tacu	taku	original dictionary spelling	merged from candidate lexicon
tacub	takub	original dictionary spelling	merged from candidate lexicon
tacucu	takuku	original dictionary spelling	merged from candidate lexicon
tacuid	takuid	original dictionary spelling	merged from candidate lexicon
tacung	takung	original dictionary spelling	merged from candidate lexicon
tacuri	takuri	original dictionary spelling	merged from candidate lexicon
tacut	takut	original dictionary spelling	merged from candidate lexicon
taeda	tukal	original dictionary spelling	merged from candidate lexicon
tafetan	tafeta	original dictionary spelling	merged from candidate lexicon
tagahanğa	tagahanga	original dictionary spelling	merged from candidate lexicon
tagalog	tagalug	original dictionary spelling	merged from candidate lexicon
tagcû	tagku	original dictionary spelling	merged from candidate lexicon
taglaus	taglus	original dictionary spelling	merged from candidate lexicon
tagpî	tagpi	original dictionary spelling	merged from candidate lexicon
tagulaling	tagulale	original dictionary spelling	merged from candidate lexicon
tagurî	taguri	original dictionary spelling	merged from candidate lexicon
tahadaq	tahada	PALI orthography / attested surface form	annotated
tahung	taung	original dictionary spelling	merged from candidate lexicon
takiki	tikiki	original dictionary spelling	merged from candidate lexicon
talacabaldugan	talakabaldugan	original dictionary spelling	merged from candidate lexicon
talacad	talakad	original dictionary spelling	merged from candidate lexicon
talacup	talakup	original dictionary spelling	merged from candidate lexicon
talad	tilac	original dictionary spelling	merged from candidate lexicon
talagá	talaga	original dictionary spelling	merged from candidate lexicon
talamitam	talamitan	original dictionary spelling	merged from candidate lexicon
talampacan	talampakan	original dictionary spelling	merged from candidate lexicon
talamsic	talansic	original dictionary spelling	merged from candidate lexicon
talamurî	talamuri	original dictionary spelling	merged from candidate lexicon
talandi	motorboat	original dictionary spelling	merged from candidate lexicon
talandro	taladro	original dictionary spelling	merged from candidate lexicon
talangcâ	talangka	original dictionary spelling	merged from candidate lexicon
talangkaq	talangka	PALI orthography / attested surface form	annotated
talanğa	talanga	original dictionary spelling	merged from candidate lexicon
talapichero	trapichero	original dictionary spelling	merged from candidate lexicon
talasâ	talasa	original dictionary spelling	merged from candidate lexicon
talatalacad	talatalakad	original dictionary spelling	merged from candidate lexicon
taldauâ	taldaua	original dictionary spelling	merged from candidate lexicon
taliasi	talyasi	original dictionary spelling	merged from candidate lexicon
talicala	talikala	original dictionary spelling	merged from candidate lexicon
talicul	talikul	original dictionary spelling	merged from candidate lexicon
talimhagâ	talimhaga	original dictionary spelling	merged from candidate lexicon
talimpucan	talimpukan	original dictionary spelling	merged from candidate lexicon
talingtalinğan	talingtalingan	original dictionary spelling	merged from candidate lexicon
talinğa	talinga	original dictionary spelling	merged from candidate lexicon
talise	kalise	original dictionary spelling	merged from candidate lexicon
talucab	talukab	original dictionary spelling	merged from candidate lexicon
talucud	talukud	original dictionary spelling	merged from candidate lexicon
talungcu	talungku	original dictionary spelling	merged from candidate lexicon
talusapi	dalusapi	original dictionary spelling	merged from candidate lexicon
talâ	tala	original dictionary spelling	merged from candidate lexicon
talî	tali	original dictionary spelling	merged from candidate lexicon
tambun	tampun	original dictionary spelling	merged from candidate lexicon
tambuyuc	buyuc	original dictionary spelling	merged from candidate lexicon
tamman	tanim	original dictionary spelling	merged from candidate lexicon
tampaling	tumpaling	original dictionary spelling	merged from candidate lexicon
tampâ	tampa	original dictionary spelling	merged from candidate lexicon
tamual	mual	original dictionary spelling	merged from candidate lexicon
tandâ	tanda	original dictionary spelling	merged from candidate lexicon
tangantanğan	tangantangan	original dictionary spelling	merged from candidate lexicon
tangca	tangka	original dictionary spelling	merged from candidate lexicon
tangcal	tangkal	original dictionary spelling	merged from candidate lexicon
tangcap	tangkap	original dictionary spelling	merged from candidate lexicon
tangcas	tangkas	original dictionary spelling	merged from candidate lexicon
tangcul	tangkul	original dictionary spelling	merged from candidate lexicon
tangkî	tangki	original dictionary spelling	merged from candidate lexicon
tanikala	talikala	original dictionary spelling	merged from candidate lexicon
tantû	tantu	original dictionary spelling	merged from candidate lexicon
tanğab	tangab	original dictionary spelling	merged from candidate lexicon
tanğad	tangad	original dictionary spelling	merged from candidate lexicon
tanğal	tangal	original dictionary spelling	merged from candidate lexicon
tanği	tangi	original dictionary spelling	merged from candidate lexicon
tanğis	tangis	original dictionary spelling	merged from candidate lexicon
tanğu	tangu	original dictionary spelling	merged from candidate lexicon
tanğutanğu	tangutangu	original dictionary spelling	merged from candidate lexicon
tapangcu	tapangku	original dictionary spelling	merged from candidate lexicon
tapicería	tapiseria	original dictionary spelling	merged from candidate lexicon
tapon	tapun	original dictionary spelling	merged from candidate lexicon
taq	ta	PALI orthography / attested surface form	annotated
tarling	tanling	original dictionary spelling	merged from candidate lexicon
tasuc	tasac	original dictionary spelling	merged from candidate lexicon
tau	tauo	original dictionary spelling	merged from candidate lexicon
tawge	tauge	original dictionary spelling	merged from candidate lexicon
tayacad	tayakad	original dictionary spelling	merged from candidate lexicon
tayû	tayu	original dictionary spelling	merged from candidate lexicon
tañara	tanara	original dictionary spelling	merged from candidate lexicon
teca	teka	original dictionary spelling	merged from candidate lexicon
teheras	tiheras	original dictionary spelling	merged from candidate lexicon
telacaba	telakaba	original dictionary spelling	merged from candidate lexicon
telescopio	teleskopio	original dictionary spelling	merged from candidate lexicon
telégrafo	telegrafo	original dictionary spelling	merged from candidate lexicon
telón	telon	original dictionary spelling	merged from candidate lexicon
templado	timplado	original dictionary spelling	merged from candidate lexicon
teolohico	teolohiko	original dictionary spelling	merged from candidate lexicon
teorético	teoretiko	original dictionary spelling	merged from candidate lexicon
teoría	teoria	original dictionary spelling	merged from candidate lexicon
tepanğan	tepangan	original dictionary spelling	merged from candidate lexicon
tercera	tersera	original dictionary spelling	merged from candidate lexicon
tercia	tersia	original dictionary spelling	merged from candidate lexicon
terciaria	tersiaria	original dictionary spelling	merged from candidate lexicon
tercio	tersio	original dictionary spelling	merged from candidate lexicon
terciopelo	tersiopelo	original dictionary spelling	merged from candidate lexicon
tercu	terku	original dictionary spelling	merged from candidate lexicon
testículo	testikulo	original dictionary spelling	merged from candidate lexicon
tetengcuad	tetengkuad	original dictionary spelling	merged from candidate lexicon
tetrarca	tetrarka	original dictionary spelling	merged from candidate lexicon
that	balaum	original dictionary spelling	merged from candidate lexicon
the	manimanian	original dictionary spelling	merged from candidate lexicon
this	motorboat	original dictionary spelling	merged from candidate lexicon
those	oyan	original dictionary spelling	merged from candidate lexicon
tiamba	tsamba	original dictionary spelling	merged from candidate lexicon
tiatinang	tinatinang	original dictionary spelling	merged from candidate lexicon
tibabâ	tibaba	original dictionary spelling	merged from candidate lexicon
tibsucan	tibsukan	original dictionary spelling	merged from candidate lexicon
tibubuc	tibuebue	original dictionary spelling	merged from candidate lexicon
tibí	tibi	original dictionary spelling	merged from candidate lexicon
tibû	tibu	original dictionary spelling	merged from candidate lexicon
tic-cuad	tic-kuad	original dictionary spelling	merged from candidate lexicon
tic-cuas	tic-kuas	original dictionary spelling	merged from candidate lexicon
tica	tika	original dictionary spelling	merged from candidate lexicon
ticab	tikab	original dictionary spelling	merged from candidate lexicon
ticad	tikad	original dictionary spelling	merged from candidate lexicon
tical	tikal	original dictionary spelling	merged from candidate lexicon
ticantican	tikantikan	original dictionary spelling	merged from candidate lexicon
ticas	tikas	original dictionary spelling	merged from candidate lexicon
ticatic	tikatic	original dictionary spelling	merged from candidate lexicon
ticcuadticcuad	tickuadtickuad	original dictionary spelling	merged from candidate lexicon
ticoy	tikoy	original dictionary spelling	merged from candidate lexicon
ticul	tikul	original dictionary spelling	merged from candidate lexicon
ticulticul	tikultikul	original dictionary spelling	merged from candidate lexicon
ticum	tikum	original dictionary spelling	merged from candidate lexicon
ticumcum	tikumkum	original dictionary spelling	merged from candidate lexicon
ticungcung	tikungkung	original dictionary spelling	merged from candidate lexicon
ticus	tikus	original dictionary spelling	merged from candidate lexicon
tihuelas	tuelas	original dictionary spelling	merged from candidate lexicon
till	tily	original dictionary spelling	merged from candidate lexicon
tilo	talo	original dictionary spelling	merged from candidate lexicon
timpû	timpu	original dictionary spelling	merged from candidate lexicon
timá	tima	original dictionary spelling	merged from candidate lexicon
tincaputi	tinkaputi	original dictionary spelling	merged from candidate lexicon
tingcad	tingkad	original dictionary spelling	merged from candidate lexicon
tingcayad	tingkayad	original dictionary spelling	merged from candidate lexicon
tinggaq	tingga	PALI orthography / attested surface form	annotated
tinggâ	tingga	original dictionary spelling	merged from candidate lexicon
tingiq	tingi	PALI orthography / attested surface form	annotated
tinticâ	tintika	original dictionary spelling	merged from candidate lexicon
tinâ	tina	original dictionary spelling	merged from candidate lexicon
tinğali	tingali	original dictionary spelling	merged from candidate lexicon
tinğanğas	tingangas	original dictionary spelling	merged from candidate lexicon
tinğid	tingid	original dictionary spelling	merged from candidate lexicon
tinğig	tingig	original dictionary spelling	merged from candidate lexicon
tipo	tipu	original dictionary spelling	merged from candidate lexicon
tipö	tipo	original dictionary spelling	merged from candidate lexicon
tiradol	tirador	original dictionary spelling	merged from candidate lexicon
titî	titi	original dictionary spelling	merged from candidate lexicon
toca	toka	original dictionary spelling	merged from candidate lexicon
tocador	tokador	original dictionary spelling	merged from candidate lexicon
tocang	tokang	original dictionary spelling	merged from candidate lexicon
tocaya	tokaya	original dictionary spelling	merged from candidate lexicon
tocino	tosino	original dictionary spelling	merged from candidate lexicon
tocuâ	tokua	original dictionary spelling	merged from candidate lexicon
todusan	torusan	original dictionary spelling	merged from candidate lexicon
toe	tauac	original dictionary spelling	merged from candidate lexicon
toezvah	tokua	original dictionary spelling	merged from candidate lexicon
tomaposesion	tomoposesion	original dictionary spelling	merged from candidate lexicon
torcido	torsido	original dictionary spelling	merged from candidate lexicon
torda	tolda	original dictionary spelling	merged from candidate lexicon
toreador	torero	original dictionary spelling	merged from candidate lexicon
torelio	torilio	original dictionary spelling	merged from candidate lexicon
torusan	todosan	original dictionary spelling	merged from candidate lexicon
toyo	toyu	original dictionary spelling	merged from candidate lexicon
tradición	tradision	original dictionary spelling	merged from candidate lexicon
traision	trisiun	original dictionary spelling	merged from candidate lexicon
trancazo	trankazo	original dictionary spelling	merged from candidate lexicon
tranformacion	tranformasion	original dictionary spelling	merged from candidate lexicon
trangca	trangka	original dictionary spelling	merged from candidate lexicon
trangkasu	trankazo	original dictionary spelling	merged from candidate lexicon
transacción	transacsion	original dictionary spelling	merged from candidate lexicon
transfiguración	transfigurasion	original dictionary spelling	merged from candidate lexicon
transición	transision	original dictionary spelling	merged from candidate lexicon
translación	translasion	original dictionary spelling	merged from candidate lexicon
transportación	transportasion	original dictionary spelling	merged from candidate lexicon
transubstanciacion	transubstansiasion	original dictionary spelling	merged from candidate lexicon
trece	trese	original dictionary spelling	merged from candidate lexicon
trecientos	tresientos	original dictionary spelling	merged from candidate lexicon
tridiu	triduo	original dictionary spelling	merged from candidate lexicon
triplicado	triplikado	original dictionary spelling	merged from candidate lexicon
tropical	tropikal	original dictionary spelling	merged from candidate lexicon
tropico	tropiko	original dictionary spelling	merged from candidate lexicon
tsaa	tsa	original dictionary spelling	merged from candidate lexicon
tsâ	tsa	original dictionary spelling	merged from candidate lexicon
tuaca	tuaka	original dictionary spelling	merged from candidate lexicon
tuatî	tuati	original dictionary spelling	merged from candidate lexicon
tubad	tubab	original dictionary spelling	merged from candidate lexicon
tubutub	tubatub	original dictionary spelling	merged from candidate lexicon
tubâ	tuba	original dictionary spelling	merged from candidate lexicon
tubû	tubu	original dictionary spelling	merged from candidate lexicon
tuca	tuka	original dictionary spelling	merged from candidate lexicon
tucal	tukal	original dictionary spelling	merged from candidate lexicon
tuclû	tuclu	original dictionary spelling	merged from candidate lexicon
tucu	tuku	original dictionary spelling	merged from candidate lexicon
tucud	tukud	original dictionary spelling	merged from candidate lexicon
tucud-banua	tukud-banua	original dictionary spelling	merged from candidate lexicon
tucul	tukul	original dictionary spelling	merged from candidate lexicon
tucung	tukung	original dictionary spelling	merged from candidate lexicon
tucup	tukup	original dictionary spelling	merged from candidate lexicon
tucuraneran	tukuraneran	original dictionary spelling	merged from candidate lexicon
tucúltucúl	tukultukul	original dictionary spelling	merged from candidate lexicon
tuerca	tuerka	original dictionary spelling	merged from candidate lexicon
tugî	tugi	original dictionary spelling	merged from candidate lexicon
tuki	tukiltukil	original dictionary spelling	merged from candidate lexicon
tukul	pukul	original dictionary spelling	merged from candidate lexicon
tukîtukî	tukituki	original dictionary spelling	merged from candidate lexicon
tulalâ	tulala	original dictionary spelling	merged from candidate lexicon
tulduq	tuldu	PALI orthography / attested surface form	annotated
tuldü	tuldu	original dictionary spelling	merged from candidate lexicon
tuliq	tuli	PALI orthography / attested surface form	annotated
tulo	tulao	original dictionary spelling	merged from candidate lexicon
tulu	tolo	original dictionary spelling	merged from candidate lexicon
tulucaba	tulukaba	original dictionary spelling	merged from candidate lexicon
tulucambmg	tulukambmg	original dictionary spelling	merged from candidate lexicon
tulungcaba	tulungkaba	original dictionary spelling	merged from candidate lexicon
tulâ	tula	original dictionary spelling	merged from candidate lexicon
tulü	tulu	original dictionary spelling	merged from candidate lexicon
tundu	tungdu	original dictionary spelling	merged from candidate lexicon
tungcu	tungku	original dictionary spelling	merged from candidate lexicon
tungcul	tungkul	original dictionary spelling	merged from candidate lexicon
tungcus	tungkus	original dictionary spelling	merged from candidate lexicon
tungkuq	tungku	PALI orthography / attested surface form	annotated
tuno	tunao	original dictionary spelling	merged from candidate lexicon
tunğanğa	tunganga	original dictionary spelling	merged from candidate lexicon
tunğanğu	tungangu	original dictionary spelling	merged from candidate lexicon
tunği	tungi	original dictionary spelling	merged from candidate lexicon
tunğu	tungu	original dictionary spelling	merged from candidate lexicon
tunğul	tungul	original dictionary spelling	merged from candidate lexicon
tunğâ	tunga	original dictionary spelling	merged from candidate lexicon
turca	turka	original dictionary spelling	merged from candidate lexicon
turu	turo	original dictionary spelling	merged from candidate lexicon
turuddo	torsido	original dictionary spelling	merged from candidate lexicon
turuq	turu	PALI orthography / attested surface form	annotated
tuyag	tuiag	original dictionary spelling	merged from candidate lexicon
tuyâ	tuya	original dictionary spelling	merged from candidate lexicon
tuyú	tuyu	original dictionary spelling	merged from candidate lexicon
tuğun	tugun	original dictionary spelling	merged from candidate lexicon
tálete	talete	original dictionary spelling	merged from candidate lexicon
táyi	tayi	original dictionary spelling	merged from candidate lexicon
técnica	tecnika	original dictionary spelling	merged from candidate lexicon
técnico	tecniko	original dictionary spelling	merged from candidate lexicon
túmbalas	tumbalas	original dictionary spelling	merged from candidate lexicon
ualu	walu	original dictionary spelling	merged from candidate lexicon
uanan	wanan	original dictionary spelling	merged from candidate lexicon
uang	huang	original dictionary spelling	merged from candidate lexicon
ubub	ubud	original dictionary spelling	merged from candidate lexicon
ucuc	ukuc	original dictionary spelling	merged from candidate lexicon
ucul	ukul	original dictionary spelling	merged from candidate lexicon
ucum	ukum	original dictionary spelling	merged from candidate lexicon
ucus	ukus	original dictionary spelling	merged from candidate lexicon
ulata	hinabla	original dictionary spelling	merged from candidate lexicon
ulcera	ulsera	original dictionary spelling	merged from candidate lexicon
ule	ulay	original dictionary spelling	merged from candidate lexicon
ulilla	ulilya	original dictionary spelling	merged from candidate lexicon
uliq	uli	PALI orthography / attested surface form	annotated
ume	me	original dictionary spelling	merged from candidate lexicon
umi	lime	original dictionary spelling	merged from candidate lexicon
unano	enano	original dictionary spelling	merged from candidate lexicon
unción	unsion	original dictionary spelling	merged from candidate lexicon
uniciclo	unisiclo	original dictionary spelling	merged from candidate lexicon
unicornio	unikornio	original dictionary spelling	merged from candidate lexicon
unificación	unifikasion	original dictionary spelling	merged from candidate lexicon
unmethodical	unmethodikal	original dictionary spelling	merged from candidate lexicon
unu	uno	original dictionary spelling	merged from candidate lexicon
ure	uray	original dictionary spelling	merged from candidate lexicon
usdunğan	usdungan	original dictionary spelling	merged from candidate lexicon
usisâ	usisa	original dictionary spelling	merged from candidate lexicon
usual	anti	original dictionary spelling	merged from candidate lexicon
usurpación	usurpasion	original dictionary spelling	merged from candidate lexicon
utsun	lechon	original dictionary spelling	merged from candidate lexicon
utung	utang	original dictionary spelling	merged from candidate lexicon
uuang	uwang	original dictionary spelling	merged from candidate lexicon
uwang	tuyu	original dictionary spelling	merged from candidate lexicon
uwâ	uwa	original dictionary spelling	merged from candidate lexicon
vapor	bapor	original dictionary spelling	merged from candidate lexicon
variación	variasion	original dictionary spelling	merged from candidate lexicon
varón	varon	original dictionary spelling	merged from candidate lexicon
vaticano	vatikano	original dictionary spelling	merged from candidate lexicon
vehículo	vehikulo	original dictionary spelling	merged from candidate lexicon
velación	velasion	original dictionary spelling	merged from candidate lexicon
verificación	verifikasion	original dictionary spelling	merged from candidate lexicon
versu	verzo	original dictionary spelling	merged from candidate lexicon
versículo	versikulo	original dictionary spelling	merged from candidate lexicon
veses	vez	original dictionary spelling	merged from candidate lexicon
vestíbulo	vestibulo	original dictionary spelling	merged from candidate lexicon
viacrucis	viacrusis	original dictionary spelling	merged from candidate lexicon
viatico	viatiko	original dictionary spelling	merged from candidate lexicon
vicario	vikario	original dictionary spelling	merged from candidate lexicon
vice-presidente	vise-presidente	original dictionary spelling	merged from candidate lexicon
vicegerente	visegerente	original dictionary spelling	merged from candidate lexicon
vihilancia	vihilansia	original dictionary spelling	merged from candidate lexicon
vinculo	vinkulo	original dictionary spelling	merged from candidate lexicon
vindicación	vindikasion	original dictionary spelling	merged from candidate lexicon
violencia	violensia	original dictionary spelling	merged from candidate lexicon
virhen	virgen	original dictionary spelling	merged from candidate lexicon
vocación	vokasion	original dictionary spelling	merged from candidate lexicon
vocadura	vokadura	original dictionary spelling	merged from candidate lexicon
vocahsa	vokahsa	original dictionary spelling	merged from candidate lexicon
vocal	vokal	original dictionary spelling	merged from candidate lexicon
vocatibo	vokatibo	original dictionary spelling	merged from candidate lexicon
vociferation	vosiferation	original dictionary spelling	merged from candidate lexicon
voice	voise	original dictionary spelling	merged from candidate lexicon
volkan	vulkan	original dictionary spelling	merged from candidate lexicon
voltímetro	voltimetro	original dictionary spelling	merged from candidate lexicon
vulcan	vulkan	original dictionary spelling	merged from candidate lexicon
walaq	wala	PALI orthography / attested surface form	annotated
wall	waly	original dictionary spelling	merged from candidate lexicon
wawaq	wawa	PALI orthography / attested surface form	annotated
when	aua	original dictionary spelling	merged from candidate lexicon
yakal	akal	original dictionary spelling	merged from candidate lexicon
yan	iyan	original dictionary spelling	merged from candidate lexicon
yaritali	alitari	original dictionary spelling	merged from candidate lexicon
yatâ	yata	original dictionary spelling	merged from candidate lexicon
yubiub	yubyub	original dictionary spelling	merged from candidate lexicon
yuyû	yuyu	original dictionary spelling	merged from candidate lexicon
zapote	saputi	original dictionary spelling	merged from candidate lexicon
ádiaran	adiaran	original dictionary spelling	merged from candidate lexicon
átomo	atomo	original dictionary spelling	merged from candidate lexicon
âling	aling	original dictionary spelling	merged from candidate lexicon
épica	epika	original dictionary spelling	merged from candidate lexicon
época	epoka	original dictionary spelling	merged from candidate lexicon
ñamas	namas	original dictionary spelling	merged from candidate lexicon
ónice	onise	original dictionary spelling	merged from candidate lexicon
único	uniko	original dictionary spelling	merged from candidate lexicon
útero	utero	original dictionary spelling	merged from candidate lexicon
üang	uang	original dictionary spelling	merged from candidate lexicon
üî	ui	original dictionary spelling	merged from candidate lexicon
