surface,process,silver_gold_guess,plain@6080,plain@8192,plain@16384,morphbpe@6080,morphbpe@8192,morphbpe@16384,penalty-1@6080,penalty-1@8192,penalty-1@16384,penalty-2@6080,penalty-2@8192,penalty-2@16384,penalty-4@6080,penalty-4@8192,penalty-4@16384,penalty-8@6080,penalty-8@8192,penalty-8@16384,stochastic-p4-d0.1@6080,stochastic-p4-d0.1@8192,stochastic-p4-d0.1@16384,stochastic-p4-d0.2@6080,stochastic-p4-d0.2@8192,stochastic-p4-d0.2@16384,unigram-ablation@6080,correct_segmentation,best_version,notes
pabustan,circumfixation,pa+bust+an,pabustan,pabustan,pabustan,pabustan,pabustan,pabustan,pabustan,pabustan,pabustan,pabustan,pabustan,pabustan,pabustan,pabustan,pabustan,pabustan,pabustan,pabustan,pabustan,pabustan,pabustan,pabustan,pabustan,pabustan,pabustan,,,
kapampangan,circumfixation,ka+pampang+an,kapampangan,kapampangan,kapampangan,kapampangan,kapampangan,kapampangan,kapampangan,kapampangan,kapampangan,kapampangan,kapampangan,kapampangan,kapampangan,kapampangan,kapampangan,kapampangan,kapampangan,kapampangan,kapampangan,kapampangan,kapampangan,kapampangan,kapampangan,kapampangan,kapampangan,,,
kapakaluluan,circumfixation,ka+pakalulu+an,kap+akal+uluan,kapakaluluan,kapakaluluan,kap+akal+uluan,kapakaluluan,kapakaluluan,ka+pakal+uluan,kapakaluluan,kapakaluluan,kapa+kalulu+an,kapakaluluan,kapakaluluan,kapa+kalulu+an,kapakaluluan,kapakaluluan,ka+pakalulu+an,kapakaluluan,kapakaluluan,kapa+kalulu+an,kapakaluluan,kapakaluluan,kapa+ka+lulu+an,kapakaluluan,kapakaluluan,ka+pakalulu+an,,,
katuliran,circumfixation,ka+tulir+an,katuliran,katuliran,katuliran,katuliran,katuliran,katuliran,katuliran,katuliran,katuliran,katuliran,katuliran,katuliran,katuliran,katuliran,katuliran,katuliran,katuliran,katuliran,katuliran,katuliran,katuliran,katuliran,katuliran,katuliran,katuliran,,,
kautusan,circumfixation,ka+utus+an,kautusan,kautusan,kautusan,ka+utus+an,ka+utus+an,ka+utus+an,ka+utus+an,ka+utus+an,ka+utus+an,ka+utus+an,ka+utus+an,ka+utus+an,ka+utus+an,ka+utus+an,ka+utus+an,ka+utus+an,ka+utus+an,ka+utus+an,ka+utus+an,ka+utus+an,ka+utus+an,ka+utus+an,ka+utus+an,ka+utus+an,kautusan,,,
panuanan,circumfixation,pa+nuan+an,pan+uanan,pan+uanan,panuanan,pan+uanan,pan+uanan,pan+uanan,pan+uanan,pan+uanan,pan+uanan,pan+uanan,pan+uanan,pan+uanan,pan+uanan,pan+uanan,pan+uanan,panu+anan,panu+anan,panuanan,pan+uan+an,pan+uan+an,pan+uanan,panu+anan,panu+anan,panu+anan,pan+uanan,,,
kapurian,circumfixation,ka+puri+an,kapurian,kapurian,kapurian,kapurian,kapurian,kapurian,kapurian,kapurian,kapurian,kapurian,kapurian,kapurian,kapurian,kapurian,kapurian,kapurian,kapurian,kapurian,kapurian,kapurian,kapurian,kapurian,kapurian,kapurian,kapuri+an,,,
kasalanan,circumfixation,ka+salan+an,kasalanan,kasalanan,kasalanan,kas+alanan,kas+alanan,kas+alanan,kasal+anan,kasal+anan,kasal+anan,kasal+anan,kasal+anan,kasal+anan,kasal+anan,kasal+anan,kasal+anan,kasal+anan,kasal+anan,kasal+anan,kasal+anan,kasal+anan,kasal+anan,kasal+anan,kasal+anan,kasal+anan,kasalanan,,,
pamangan,circumfixation,pa+mang+an,pamangan,pamangan,pamangan,pamangan,pamangan,pamangan,pamangan,pamangan,pamangan,pamangan,pamangan,pamangan,pamangan,pamangan,pamangan,pamangan,pamangan,pamangan,pamangan,pamangan,pamangan,pamangan,pamangan,pamangan,pamangan,,,
kaligtasan,circumfixation,ka+ligtas+an,kaligtasan,kaligtasan,kaligtasan,kal+ig+t+asan,kal+ig+t+asan,kalig+tasan,kal+ig+tas+an,kal+igtas+an,kal+igtas+an,kal+ig+tas+an,kal+igtas+an,kal+igtas+an,kal+ig+tasan,kal+ig+tasan,kalig+tasan,ka+ligtas+an,ka+ligtas+an,ka+ligtas+an,ka+ligtas+an,ka+ligtas+an,ka+ligtas+an,ka+ligtas+an,ka+ligtas+an,ka+ligtas+an,kaligtasan,,,
kamatayan,circumfixation,ka+matay+an,kamatayan,kamatayan,kamatayan,kamatayan,kamatayan,kamatayan,kamatayan,kamatayan,kamatayan,kamatayan,kamatayan,kamatayan,kamatayan,kamatayan,kamatayan,kamatayan,kamatayan,kamatayan,kamatayan,kamatayan,kamatayan,kamatayan,kamatayan,kamatayan,kamatayan,,,
pamamilatan,circumfixation,pa+mamilat+an,pamamilatan,pamamilatan,pamamilatan,pamam+ilatan,pamam+ilatan,pamam+ilatan,pam+am+ilatan,pam+am+ilatan,pam+am+ilatan,pam+am+ilatan,pam+am+ilatan,pam+am+ilatan,pam+am+ilatan,pam+am+ilatan,pam+am+ilatan,pam+am+ilatan,pam+am+ilatan,pam+am+ilatan,pam+am+ilatan,pam+am+ilatan,pam+am+ilatan,pam+ami+lat+an,pam+ami+lat+an,pamami+lat+an,pam+amilatan,,,
kayanakan,circumfixation,ka+yanak+an,kayanakan,kayanakan,kayanakan,kayanakan,kayanakan,kayanakan,kayanakan,kayanakan,kayanakan,kayanakan,kayanakan,kayanakan,kayanakan,kayanakan,kayanakan,kayanakan,kayanakan,kayanakan,kayanakan,kayanakan,kayanakan,kayanakan,kayanakan,kayanakan,kayanakan,,,
kaluguran,circumfixation,ka+lugur+an,kaluguran,kaluguran,kaluguran,kaluguran,kaluguran,kaluguran,kaluguran,kaluguran,kaluguran,kaluguran,kaluguran,kaluguran,kaluguran,kaluguran,kaluguran,kaluguran,kaluguran,kaluguran,kaluguran,kaluguran,kaluguran,kaluguran,kaluguran,kaluguran,kaluguran,,,
katutuan,circumfixation,ka+tutu+an,katutuan,katutuan,katutuan,katut+uan,katut+uan,katut+uan,katut+uan,katut+uan,katut+uan,katut+uan,katut+uan,katut+uan,ka+tutu+an,ka+tutu+an,ka+tutu+an,ka+tutu+an,ka+tutu+an,ka+tutu+an,ka+tutu+an,ka+tutu+an,ka+tutu+an,katu+tu+an,katu+tu+an,katu+tu+an,katutuan,,,
pasbulan,circumfixation,pasbul+an,pas+bulan,pas+bulan,pasbulan,pas+bulan,pas+bulan,pas+bulan,pas+bulan,pas+bulan,pas+bulan,pas+bulan,pas+bulan,pas+bulan,pas+bulan,pas+bulan,pas+bulan,pas+bulan,pas+bulan,pas+bulan,pas+bulan,pas+bulan,pas+bulan,pas+bulan,pas+bulan,pas+bulan,pasbul+an,,,
kabaldugan,circumfixation,ka+baldug+an,kabaldugan,kabaldugan,kabaldugan,ka+baldug+an,ka+baldug+an,ka+baldugan,ka+baldug+an,ka+baldug+an,ka+baldug+an,ka+baldug+an,ka+baldug+an,ka+baldug+an,ka+baldug+an,ka+baldug+an,ka+baldug+an,ka+baldug+an,ka+baldug+an,ka+baldug+an,ka+baldu+gan,ka+baldu+gan,ka+baldu+gan,ka+baldug+an,ka+baldug+an,ka+baldug+an,kabaldugan,,,
kapayapan,circumfixation,ka+payap+an,kapayapan,kapayapan,kapayapan,kapayapan,kapayapan,kapayapan,kapayapan,kapayapan,kapayapan,kapayapan,kapayapan,kapayapan,kapayapan,kapayapan,kapayapan,kapayapan,kapayapan,kapayapan,kapayapan,kapayapan,kapayapan,kapayapan,kapayapan,kapayapan,kapayapan,,,
kasakitan,circumfixation,ka+sakit+an,kasakitan,kasakitan,kasakitan,kas+akit+an,kas+akitan,kas+akitan,kas+akit+an,kas+akit+an,kasakit+an,kas+akit+an,kas+akit+an,kasakit+an,ka+sakit+an,ka+sakit+an,ka+sakit+an,ka+sakit+an,ka+sakit+an,ka+sakit+an,ka+sakit+an,ka+sakit+an,ka+sakit+an,ka+sakit+an,ka+sakit+an,ka+sakit+an,kasakit+an,,,
panintunan,circumfixation,pan+intun+an,panintunan,panintunan,panintunan,pan+int+unan,pan+int+unan,pan+intunan,pan+intun+an,pan+intun+an,pan+intun+an,pan+intun+an,pan+intun+an,pan+intun+an,pan+intun+an,pan+intun+an,pan+intun+an,pan+intun+an,pan+intun+an,pan+intun+an,pan+intun+an,pan+intun+an,pan+intun+an,p+an+intun+an,p+an+intun+an,p+an+intun+an,panintuna+n,,,
palsintan,circumfixation,pa+lsint+an,pal+sintan,palsintan,palsintan,pal+sintan,palsintan,palsintan,pal+sintan,palsintan,palsintan,pal+sintan,palsintan,palsintan,pal+sintan,palsintan,palsintan,palsintan,palsintan,palsintan,pal+sintan,palsintan,palsintan,pals+int+an,palsintan,palsintan,palsintan,,,
kanuanan,circumfixation,ka+nuan+an,kanu+anan,kanu+anan,kanuanan,kan+uanan,kan+uanan,kan+uanan,kan+uanan,kan+uanan,kan+uanan,kan+uanan,kan+uanan,kan+uanan,kan+uanan,kan+uanan,kan+uanan,kan+uan+an,kan+uanan,kan+uanan,kan+uan+an,kan+uan+an,kan+uanan,kanu+anan,kanu+anan,kanu+anan,kan+uanan,,,
katapatan,circumfixation,ka+tapat+an,kat+apatan,katapatan,katapatan,kat+apatan,katapatan,katapatan,kat+apatan,katapatan,katapatan,kat+apatan,katapatan,katapatan,kata+patan,katapatan,katapatan,ka+ta+patan,katapatan,katapatan,kata+pat+an,katapatan,katapatan,kata+pat+an,katapatan,katapatan,katapatan,,,
kawatasan,circumfixation,ka+watas+an,kawat+asan,kawatasan,kawatasan,kawat+asan,kawatasan,kawatasan,kawat+asan,kawatasan,kawatasan,ka+watasan,kawatasan,kawatasan,kawat+asan,kawatasan,kawatasan,kawatasan,kawatasan,kawatasan,kawat+asan,kawatasan,kawatasan,ka+wat+asan,kawatasan,kawatasan,kawatasan,,,
kabiasnan,circumfixation,ka+biasn+an,kabiasnan,kabiasnan,kabiasnan,kabiasnan,kabiasnan,kabiasnan,kabiasnan,kabiasnan,kabiasnan,kabiasnan,kabiasnan,kabiasnan,kabiasnan,kabiasnan,kabiasnan,kabiasnan,kabiasnan,kabiasnan,kabiasnan,kabiasnan,kabiasnan,kabiasnan,kabiasnan,kabiasnan,kabiasnan,,,
panimanman,circumfixation,pani+manman,panimanman,panimanman,panimanman,panimanman,panimanman,panimanman,panimanman,panimanman,panimanman,panimanman,panimanman,panimanman,panimanman,panimanman,panimanman,panimanman,panimanman,panimanman,panimanman,panimanman,panimanman,panimanman,panimanman,panimanman,panimanman,,,
kailangan,circumfixation,ka+ilang+an,kailangan,kailangan,kailangan,kailangan,kailangan,kailangan,kailangan,kailangan,kailangan,kailangan,kailangan,kailangan,kailangan,kailangan,kailangan,kailangan,kailangan,kailangan,kailangan,kailangan,kailangan,kailangan,kailangan,kailangan,kailangan,,,
kaligaligan,circumfixation,ka+ligalig+an,kal+ig+aligan,kal+ig+aligan,kaligaligan,kal+ig+aligan,kal+ig+aligan,kaligaligan,kal+ig+aligan,kal+ig+aligan,kaligaligan,kal+ig+aligan,kal+ig+aligan,kaligaligan,kal+ig+aligan,kal+ig+aligan,kaligaligan,ka+lig+aligan,ka+ligaligan,kaligaligan,ka+lig+aligan,ka+lig+aligan,kaligaligan,ka+lig+aligan,ka+ligaligan,kaligaligan,ka+ligalig+an,,,
kaisipan,circumfixation,ka+isip+an,kaisipan,kaisipan,kaisipan,ka+isip+an,ka+isip+an,ka+isipan,ka+isip+an,ka+isip+an,ka+isip+an,ka+isip+an,ka+isip+an,ka+isip+an,ka+isip+an,ka+isip+an,ka+isip+an,ka+isi+pan,ka+isi+pan,ka+isipan,ka+isi+pan,ka+isi+pan,ka+isipan,ka+isip+an,ka+isip+an,ka+isip+an,kaisipan,,,
kayatulan,circumfixation,ka+yatul+an,kay+atulan,kay+atulan,kayatulan,kay+at+ulan,kayat+ulan,kayatulan,kay+atul+an,kay+atul+an,kayatulan,ka+yat+ulan,ka+yatulan,kayatulan,ka+yatul+an,ka+yatulan,kayatulan,ka+yat+ulan,ka+yatulan,kayatulan,kay+atul+an,kay+atul+an,kayatulan,kay+at+ul+an,kay+at+ul+an,kayatulan,ka+y+atulan,,,
kalalaman,circumfixation,ka+lalam+an,kal+al+aman,kal+al+aman,kalalaman,kal+al+aman,kal+al+aman,kal+al+aman,kal+al+aman,kal+al+aman,kal+al+aman,kal+al+aman,kal+al+aman,kal+al+aman,kal+al+aman,kal+al+aman,kal+al+aman,ka+lala+man,ka+lala+man,ka+lala+man,ka+lala+man,ka+lala+man,ka+lala+man,ka+lala+man,ka+lala+man,ka+lala+man,ka+lalam+an,,,
pakibatan,circumfixation,pakibat+an,pak+ibatan,pak+ibatan,pakibatan,pak+ibatan,pak+ibatan,pak+ibatan,pakibat+an,pakibat+an,pakibat+an,pakibat+an,pakibat+an,pakibat+an,pakibat+an,pakibat+an,pakibat+an,pakibat+an,pakibat+an,pakibat+an,pakibat+an,pakibat+an,pakibat+an,pakibat+an,pakibat+an,pakibat+an,pakibat+an,,,
pagkeran,circumfixation,pa+gker+an,pag+ker+an,pag+ker+an,pagkeran,pag+ker+an,pag+ker+an,pag+ker+an,pag+ker+an,pag+ker+an,pag+ker+an,pag+ker+an,pag+ker+an,pag+ker+an,pag+ker+an,pag+ker+an,pag+ker+an,pag+ker+an,pag+ker+an,pag+ker+an,pag+ker+an,pag+ker+an,pag+ker+an,pag+k+er+an,pag+ker+an,pag+ker+an,pagkera+n,,,
kalibakan,circumfixation,ka+libak+an,kalib+akan,kalib+akan,kalib+akan,kal+ib+akan,kal+ib+akan,kalibakan,kal+ib+akan,kal+ib+akan,kalibakan,kal+ib+akan,kal+ib+akan,kalibakan,k+ali+ba+kan,k+ali+bakan,kalibakan,ka+li+ba+kan,kali+bakan,kalibakan,ka+li+ba+kan,ka+li+bakan,kalibakan,ka+li+ba+kan,kali+ba+kan,kali+ba+kan,ka+li+bak+an,,,
kayarian,circumfixation,ka+yari+an,kayarian,kayarian,kayarian,kayarian,kayarian,kayarian,kayarian,kayarian,kayarian,kayarian,kayarian,kayarian,kayarian,kayarian,kayarian,kayarian,kayarian,kayarian,kayarian,kayarian,kayarian,kayarian,kayarian,kayarian,kayari+an,,,
kagutgutan,circumfixation,ka+gutgut+an,kag+ut+g+utan,kag+ut+g+utan,kagutgutan,kag+ut+g+utan,kag+ut+g+utan,kagutgutan,ka+g+ut+g+utan,kag+ut+g+utan,kagutgutan,kag+ut+g+utan,kag+ut+g+utan,kagutgutan,ka+gut+gut+an,ka+gut+gut+an,kagutgutan,ka+gut+gu+tan,ka+gut+gu+tan,kagutgutan,ka+gut+gu+tan,ka+gut+gu+tan,kagutgutan,ka+gut+gu+tan,ka+gut+gu+tan,kagutgutan,ka+gut+gut+an,,,
kalinguan,circumfixation,ka+lingu+an,kal+inguan,kal+inguan,kalinguan,kaling+uan,kalinguan,kalinguan,kaling+uan,kalinguan,kalinguan,kaling+uan,kalinguan,kalinguan,kaling+uan,kalinguan,kalinguan,ka+linguan,kalinguan,kalinguan,ka+li+ng+uan,kalinguan,kalinguan,ka+li+ng+uan,kali+ng+uan,kalinguan,kalingu+an,,,
kakataskatasan,circumfixation,ka+kataskatas+an,ka+katas+katasan,ka+katas+katasan,kakataskatasan,ka+kat+as+katasan,kakat+as+katasan,kakataskatasan,ka+kat+as+katasan,kakat+as+katasan,kakataskatasan,ka+kat+as+katasan,kakat+as+katasan,kakataskatasan,ka+ka+tas+katasan,ka+kataskatasan,kakataskatasan,ka+ka+tas+ka+tas+an,ka+kataskatasan,kakataskatasan,ka+ka+tas+ka+tas+an,ka+ka+tas+ka+tas+an,kakataskatasan,ka+ka+tas+ka+tasan,ka+ka+tas+ka+tasan,kakataskatasan,k+akataskatasan,,,
kamarinayan,circumfixation,ka+marinay+an,ka+mar+in+ayan,ka+mar+in+ayan,kamarinayan,ka+mar+in+ayan,ka+mar+in+ayan,kamarinayan,ka+mar+in+ayan,ka+mar+inayan,kamarinayan,ka+marin+ayan,ka+marin+ayan,kamarinayan,ka+marin+ayan,ka+marin+ayan,kamarinayan,ka+marin+ayan,ka+marin+ayan,kamarinayan,ka+marin+ayan,ka+marin+ayan,kamarinayan,ka+marin+ayan,ka+marin+ayan,kamarinayan,ka+ma+rin+ayan,,,
kapulungan,circumfixation,ka+pulung+an,kap+ulungan,kap+ulungan,kapulungan,kap+ulungan,kapulungan,kapulungan,kap+ulungan,kapulungan,kapulungan,kap+ulungan,kapulungan,kapulungan,kap+ulung+an,kapulungan,kapulungan,kap+ulung+an,kapulungan,kapulungan,kap+ulung+an,kapulungan,kapulungan,kap+ulungan,kap+ulungan,kapulungan,kapulungan,,,
kayupayan,circumfixation,ka+yupay+an,kayupayan,kayupayan,kayupayan,kayupayan,kayupayan,kayupayan,kayupayan,kayupayan,kayupayan,kayupayan,kayupayan,kayupayan,kayupayan,kayupayan,kayupayan,kayupayan,kayupayan,kayupayan,kayupayan,kayupayan,kayupayan,kayupayan,kayupayan,kayupayan,kayupaya+n,,,
pamintuan,circumfixation,pa+mintu+an,pam+intuan,pam+intuan,pamintuan,pamintuan,pamintuan,pamintuan,pamintuan,pamintuan,pamintuan,pamintuan,pamintuan,pamintuan,pamintuan,pamintuan,pamintuan,pamintuan,pamintuan,pamintuan,pam+intuan,pamintuan,pamintuan,pam+intu+an,pam+intuan,pamintuan,pamintu+an,,,
kapasalamatan,circumfixation,ka+pa+salamat+an,kap+as+alamatan,kapas+alamatan,kapasalamatan,kap+asal+am+atan,kap+asal+am+atan,kapasalamatan,ka+pas+alam+atan,kapas+alam+atan,kapasalamatan,kapa+sal+am+atan,kapa+salam+atan,kapasalamatan,kapa+sal+am+atan,kapa+salam+atan,kapasalamatan,ka+pa+salamat+an,ka+pa+salamat+an,kapasalamatan,kapa+salamat+an,kapa+salamat+an,kapasalamatan,kapa+salamat+an,kapa+salamat+an,kapasalamatan,ka+pasalamat+an,,,
kapupusan,circumfixation,ka+pupus+an,kap+up+usan,kapup+usan,kapupusan,kap+up+usan,kapup+usan,kapupusan,kap+up+usan,kapup+usan,kapupusan,ka+pupus+an,ka+pupus+an,kapupusan,ka+pu+pusan,kapu+pusan,kapupusan,ka+pu+pus+an,ka+pu+pusan,kapupusan,ka+pupus+an,ka+pupus+an,kapupusan,ka+pu+pus+an,kapu+pusan,kapupusan,kapupusan,,,
paimburisan,circumfixation,pa+imburis+an,pa+imb+ur+isan,pa+imb+ur+isan,pa+imburisan,pa+im+bur+isan,pa+im+bur+isan,pa+imburisan,pa+im+bur+isan,pa+im+bur+isan,pa+imburisan,pa+im+bur+isan,pa+im+bur+isan,pa+imburisan,pa+im+bur+isan,pa+im+bur+isan,pa+imburisan,pa+im+bu+ris+an,pa+imbu+ris+an,pa+imburisan,pa+im+bu+ris+an,pa+imbu+ris+an,paimburisan,pa+im+bu+ris+an,pa+imbu+ris+an,paimburisan,paimburis+an,,,
kalungkutan,circumfixation,ka+lungkut+an,kal+ung+kutan,kalung+kutan,kalungkutan,kal+ung+ku+tan,kal+ung+ku+tan,kal+ung+kutan,kal+ung+ku+tan,kal+ung+ku+tan,kal+ung+kutan,kal+ung+ku+tan,kal+ung+ku+tan,kal+ung+kutan,kal+ung+kut+an,kal+ung+kut+an,kal+ung+kut+an,ka+lungkut+an,ka+lungkut+an,ka+lungkut+an,ka+lung+ku+tan,ka+lung+kutan,ka+lung+kutan,ka+lungkut+an,ka+lungkut+an,ka+lungkut+an,ka+lungkut+an,,,
kandungan,circumfixation,ka+ndung+an,kand+ungan,kand+ungan,kandungan,kand+ungan,kand+ungan,kandungan,kan+d+ungan,kan+d+ungan,kandungan,kan+d+ungan,kan+d+ungan,kandungan,kan+dung+an,kan+dung+an,kandungan,kan+dung+an,kan+dung+an,kandungan,kan+dung+an,kan+dung+an,kandungan,k+and+ungan,k+and+ungan,kandungan,kan+dung+an,,,
kabyasnan,circumfixation,ka+byasn+an,kab+yas+nan,kab+yasnan,kabyasnan,kab+yas+nan,kab+yasnan,kabyasnan,kab+yas+nan,kab+yasnan,kabyasnan,kab+yas+nan,kab+yasnan,kabyasnan,kab+yas+nan,kab+yasnan,kabyasnan,kab+yas+nan,kab+yasnan,kabyasnan,ka+b+yas+nan,ka+byasnan,kabyasnan,ka+bya+s+nan,ka+bya+s+nan,kabyasnan,kabyasnan,,,
pakamalan,circumfixation,pa+kamal+an,paka+malan,pakamalan,pakamalan,paka+malan,pakamalan,pakamalan,pakamal+an,pakamalan,pakamalan,pakamal+an,pakamalan,pakamalan,pakamal+an,pakamalan,pakamalan,pakamal+an,pakamalan,pakamalan,paka+mal+an,pakamalan,pakamalan,pakamal+an,pakamalan,pakamalan,paka+malan,,,
parakalan,circumfixation,pa+rakal+an,par+ak+alan,par+ak+alan,par+akalan,par+ak+alan,par+ak+alan,par+akalan,par+ak+alan,par+ak+alan,par+akalan,par+ak+alan,par+ak+alan,par+akalan,pa+rakal+an,pa+rakal+an,pa+rakal+an,pa+rakal+an,pa+rakal+an,pa+rakal+an,pa+rakal+an,pa+rakal+an,pa+rakalan,pa+raka+lan,pa+raka+lan,pa+rakalan,para+ka+lan,,,
kayubuan,circumfixation,ka+yubu+an,kayu+b+uan,kayu+b+uan,kayu+buan,kayu+b+uan,kayu+b+uan,kayu+buan,kayu+b+uan,kayu+b+uan,kayu+buan,kayu+bu+an,kayu+bu+an,kayu+buan,kayu+bu+an,kayu+buan,kayu+buan,kayu+bu+an,kayu+buan,kayu+buan,kayu+bu+an,kayu+buan,kayu+buan,kayu+bu+an,kayu+buan,kayu+buan,kayu+bu+an,,,
kalaraman,circumfixation,ka+laram+an,kal+ar+aman,kal+ar+aman,kalaraman,kal+ar+aman,kal+ar+aman,kalaraman,kal+ar+aman,kal+ar+aman,kalaraman,kal+ar+aman,kal+ar+aman,kalaraman,kal+ar+aman,kal+ar+aman,kalaraman,ka+lar+aman,ka+lar+aman,kalaraman,ka+lar+aman,ka+lar+aman,kalaraman,kala+ram+an,kala+ram+an,kalaraman,ka+laram+an,,,
kapalaran,circumfixation,ka+palar+an,kap+al+aran,kapal+aran,kapal+aran,kapal+aran,kapal+aran,kapal+aran,ka+pal+aran,kapal+aran,kapal+aran,ka+pal+aran,kapal+aran,kapal+aran,ka+pal+aran,ka+pal+aran,kapal+aran,ka+pala+ran,ka+pala+ran,ka+palaran,kapa+la+ran,kapa+la+ran,kapa+la+ran,kapa+la+ran,kapa+la+ran,kapa+laran,ka+pala+ran,,,
kapanayan,circumfixation,ka+panay+an,kapanayan,kapanayan,kapanayan,kapanayan,kapanayan,kapanayan,kapanayan,kapanayan,kapanayan,kapanayan,kapanayan,kapanayan,kapanayan,kapanayan,kapanayan,kapanayan,kapanayan,kapanayan,kapanayan,kapanayan,kapanayan,kapanayan,kapanayan,kapanayan,kapanayan,,,
karalumduman,circumfixation,ka+ralumdum+an,kar+alum+du+man,kar+alum+duman,karalumduman,kar+al+um+du+man,kar+alum+duman,karalumduman,kar+al+um+du+man,kar+alum+duman,karalumduman,kar+al+um+du+man,kar+alum+duman,karalumduman,kar+alum+du+man,kar+alum+duman,karalumduman,kar+al+um+du+man,kar+alum+duman,karalumduman,kar+alum+du+man,kar+alum+duman,karalumduman,ka+ral+umdu+man,ka+ral+umdu+man,karalumduman,kar+alumdum+an,,,
karampatan,circumfixation,ka+rampat+an,karampatan,karampatan,karampatan,karampatan,karampatan,karampatan,karampatan,karampatan,karampatan,karampatan,karampatan,karampatan,karampatan,karampatan,karampatan,karampatan,karampatan,karampatan,karampatan,karampatan,karampatan,karampatan,karampatan,karampatan,karampatan,,,
panamdaman,circumfixation,pa+namdam+an,pan+amdaman,pan+amdaman,panamdaman,pan+amdaman,pan+amdaman,pan+amdaman,pan+amdaman,pan+amdaman,pan+amdaman,pan+amdaman,pan+amdaman,pan+amdaman,pan+amdam+an,pan+amdam+an,pan+amdam+an,pan+amdam+an,pan+amdam+an,pan+amdam+an,pan+am+daman,pan+amdaman,pan+amdaman,p+an+amdam+an,p+an+amdam+an,p+an+amdam+an,panamdaman,,,
kaligayan,circumfixation,ka+ligay+an,kal+igayan,kaligayan,kaligayan,kal+igayan,kaligayan,kaligayan,kal+igayan,kaligayan,kaligayan,kal+igayan,kaligayan,kaligayan,kal+igayan,kaligayan,kaligayan,ka+li+gayan,kaligayan,kaligayan,ka+li+gayan,kaligayan,kaligayan,ka+li+gayan,kaligayan,kaligayan,ka+ligaya+n,,,
kapanamdaman,circumfixation,ka+panamdam+an,kapan+amdaman,kapan+amdaman,kapanamdaman,kapan+amdaman,kapan+amdaman,kapanamdaman,kapan+amdaman,kapan+amdaman,kapanamdaman,kapan+amdaman,kapan+amdaman,kapanamdaman,kapan+amdam+an,kapan+amdam+an,kapanamdaman,kapan+amdam+an,kapan+amdam+an,kapanamdaman,kapan+am+daman,kapan+amdaman,kapanamdaman,kapan+amdam+an,kapan+amdam+an,kapanamdaman,ka+panamdaman,,,
katipunan,circumfixation,ka+tipun+an,kat+ipunan,kat+ipunan,kat+ipunan,kat+ip+unan,kat+ip+unan,kat+ip+unan,kat+ipun+an,kat+ipun+an,kat+ipun+an,kat+ip+unan,kat+ip+unan,kat+ip+unan,ka+tipun+an,ka+tipun+an,ka+tipun+an,ka+tipun+an,ka+tipun+an,ka+tipun+an,ka+tipun+an,ka+tipun+an,ka+tipun+an,ka+tipun+an,ka+tipun+an,ka+tipun+an,ka+tipun+an,,,
kayatinan,circumfixation,ka+yatin+an,kay+atin+an,kay+atin+an,kayatinan,kay+atin+an,kay+atin+an,kayatinan,kay+atin+an,kay+atin+an,kayatinan,kay+atin+an,kay+atin+an,kayatinan,kay+atin+an,kay+atin+an,kayatinan,kay+atin+an,kay+atin+an,kayatinan,kay+atin+an,kay+atin+an,kayatinan,kay+atin+an,kay+atin+an,kayatinan,kaya+tin+an,,,
pagnasan,circumfixation,pa+gnas+an,pag+nasan,pagnasan,pagnasan,pag+nasan,pag+nasan,pag+nasan,pag+nasan,pag+nasan,pag+nasan,pag+nasan,pag+nasan,pag+nasan,pag+nasan,pag+nasan,pag+nasan,pag+nasan,pag+nasan,pag+nasan,pag+nasan,pag+nasan,pag+nasan,pag+nasan,pag+nasan,pag+nasan,pagnasan,,,
kapagnasan,circumfixation,ka+pagnas+an,kapagnasan,kapagnasan,kapagnasan,kapagnasan,kapagnasan,kapagnasan,kapagnasan,kapagnasan,kapagnasan,kapagnasan,kapagnasan,kapagnasan,kapagnasan,kapagnasan,kapagnasan,kapagnasan,kapagnasan,kapagnasan,kapagnasan,kapagnasan,kapagnasan,kapagnasan,kapagnasan,kapagnasan,kapagnasan,,,
kasangkapan,circumfixation,ka+sangkap+an,kasang+kapan,kasangkapan,kasangkapan,kas+ang+kapan,kas+ang+kapan,kas+ang+kapan,kas+ang+kapan,kas+ang+kapan,kas+ang+kapan,ka+sang+kapan,ka+sang+kapan,ka+sang+kapan,ka+sang+kapan,ka+sang+kapan,kasang+kapan,ka+sang+kapan,ka+sang+kapan,ka+sang+kapan,ka+sang+kapan,ka+sang+kapan,ka+sang+kapan,ka+sangkap+an,ka+sangkap+an,ka+sangkap+an,kasangkapan,,,
kabilugan,circumfixation,ka+bilug+an,kabilugan,kabilugan,kabilugan,kabilugan,kabilugan,kabilugan,ka+bilug+an,ka+bilug+an,ka+bilug+an,ka+bilug+an,ka+bilug+an,ka+bilug+an,ka+bilug+an,ka+bilug+an,ka+bilug+an,ka+bilug+an,ka+bilug+an,ka+bilug+an,kabilugan,kabilugan,kabilugan,kabilugan,kabilugan,kabilugan,kabilugan,,,
kalaganapan,circumfixation,ka+laganap+an,kal+agan+apan,kal+agan+apan,kal+agan+apan,kal+agan+apan,kal+agan+apan,kal+agan+apan,kal+agan+apan,kal+agan+apan,kal+agan+apan,kal+agan+apan,kal+agan+apan,kalagan+apan,kala+gan+apan,kala+gan+apan,kalagan+apan,ka+lag+ana+pan,ka+lag+ana+pan,ka+lag+ana+pan,kala+gan+apan,kala+gan+apan,kala+gan+apan,ka+lag+ana+p+an,ka+lag+anap+an,ka+lag+anap+an,ka+la+ganap+an,,,
kapagalan,circumfixation,ka+pagal+an,kapag+alan,kapag+alan,kapagalan,kapag+alan,kapag+alan,kapag+alan,kapag+alan,kapag+alan,kapag+alan,kapag+alan,kapag+alan,kapag+alan,kapag+alan,kapag+alan,kapag+alan,ka+pagal+an,ka+pagal+an,ka+pagal+an,ka+pag+alan,ka+pag+alan,ka+pag+alan,ka+pag+alan,ka+pag+alan,ka+pag+alan,kapag+alan,,,
kapainawan,circumfixation,ka+painaw+an,ka+pain+awan,ka+pain+awan,kapainawan,ka+pa+ina+wan,kapa+inawan,kapainawan,ka+pa+ina+wan,ka+pa+inawan,kapainawan,kapa+ina+wan,kapa+inawan,kapainawan,kapa+in+awan,kapa+inawan,kapainawan,ka+pain+awan,ka+pain+awan,kapainawan,kapa+in+awan,kapa+inawan,kapainawan,kapa+in+awan,kapa+inawan,kapainawan,kapa+inawa+n,,,
pagumasdan,circumfixation,pa+gumasd+an,pag+umas+dan,pag+umasdan,pagumasdan,pag+umas+dan,pag+umasdan,pagumasdan,pag+u+masdan,pag+u+masdan,pagumasdan,pag+u+masdan,pagu+masdan,pagumasdan,pa+gu+masdan,pagu+masdan,pagumasdan,pa+gu+masdan,pa+gumasdan,pagumasdan,pa+gu+mas+dan,pa+gu+masdan,pagumasdan,pa+gu+mas+dan,pa+gu+masdan,pagumasdan,pa+gumasdan,,,
kabilyan,circumfixation,ka+bily+an,kabilyan,kabilyan,kabilyan,kabilyan,kabilyan,kabilyan,kabilyan,kabilyan,kabilyan,kabilyan,kabilyan,kabilyan,kabilyan,kabilyan,kabilyan,kabilyan,kabilyan,kabilyan,kabilyan,kabilyan,kabilyan,kabilyan,kabilyan,kabilyan,kabilyan,,,
kaburian,circumfixation,ka+buri+an,kaburian,kaburian,kaburian,kab+urian,kab+urian,kab+urian,ka+bur+ian,ka+bur+ian,ka+bur+ian,ka+buri+an,ka+buri+an,ka+buri+an,ka+buri+an,ka+buri+an,ka+buri+an,ka+buri+an,ka+buri+an,ka+buri+an,ka+buri+an,ka+buri+an,ka+buri+an,ka+buri+an,ka+buri+an,ka+buri+an,kaburian,,,
kamulangan,circumfixation,ka+mulang+an,kam+ul+angan,kam+ul+angan,kam+ulangan,kam+ul+angan,kam+ul+angan,kam+ul+angan,kam+ul+angan,kam+ul+angan,kam+ul+angan,kam+ul+angan,kam+ul+angan,kam+ul+angan,kam+ulang+an,kam+ulang+an,kam+ulang+an,kam+ul+angan,kam+ul+angan,kam+ul+angan,kam+ul+angan,kam+ul+angan,kam+ul+angan,ka+mu+langan,ka+mu+langan,ka+mu+langan,ka+mu+langan,,,
kapalaluan,circumfixation,ka+palalu+an,kap+alal+uan,kap+alal+uan,kap+alal+uan,kapal+al+uan,kapal+al+uan,kapal+aluan,ka+pal+al+uan,kapal+al+uan,kapal+aluan,ka+pal+al+uan,kapal+al+uan,kapal+aluan,ka+pal+al+uan,ka+pal+al+uan,kapal+aluan,ka+pa+lalu+an,ka+pa+lalu+an,kapa+lalu+an,kapa+lalu+an,kapa+lalu+an,kapa+lalu+an,kapa+lalu+an,kapa+lalu+an,kapa+lalu+an,kapa+lalu+an,,,
kapatagan,circumfixation,ka+patag+an,kapat+agan,kapat+agan,kapatagan,kapat+agan,kapat+agan,kapat+agan,ka+pat+agan,ka+pat+agan,ka+pat+agan,ka+pat+agan,ka+pat+agan,ka+pat+agan,ka+patag+an,ka+patag+an,ka+patag+an,ka+patag+an,ka+patag+an,ka+patag+an,ka+patag+an,ka+patag+an,ka+patag+an,ka+patag+an,ka+patag+an,ka+patag+an,kapata+gan,,,
katungkulan,circumfixation,ka+tungkul+an,kat+ungkulan,katungkulan,katungkulan,kat+ungkul+an,kat+ungkulan,kat+ungkulan,kat+ungkul+an,kat+ungkul+an,kat+ungkul+an,kat+ungkul+an,kat+ungkul+an,kat+ungkul+an,ka+tungkul+an,ka+tungkul+an,ka+tungkul+an,ka+tungkul+an,ka+tungkul+an,ka+tungkul+an,ka+tungkul+an,ka+tungkul+an,ka+tungkul+an,ka+tung+kulan,ka+tung+kulan,ka+tung+kulan,ka+tungkul+an,,,
kawakasan,circumfixation,ka+wakas+an,ka+wa+kasan,kawakasan,kawakasan,ka+wakas+an,ka+wakas+an,ka+wakas+an,ka+wakas+an,ka+wakas+an,ka+wakas+an,ka+wakas+an,ka+wakas+an,ka+wakas+an,ka+wakas+an,ka+wakas+an,ka+wakas+an,ka+wakas+an,ka+wakas+an,ka+wakas+an,ka+wa+kas+an,ka+wakas+an,ka+wakas+an,ka+wa+kas+an,ka+wakas+an,ka+wakas+an,kawaka+san,,,
kayaldawan,circumfixation,ka+yaldaw+an,kay+al+da+wan,kay+alda+wan,kayaldawan,kay+al+da+wan,kay+alda+wan,kayaldawan,kay+al+da+wan,kay+alda+wan,kayaldawan,kay+al+da+wan,kay+alda+wan,kayaldawan,kay+al+da+wan,kay+alda+wan,kayaldawan,kay+al+da+wan,kay+al+da+wan,kayaldawan,kay+alda+wan,kay+alda+wan,kayaldawan,kay+alda+wan,kay+alda+wan,kayaldawan,kayaldawan,,,
kabengian,circumfixation,ka+bengi+an,kab+eng+ian,kab+eng+ian,kabengian,kab+eng+ian,kab+eng+ian,kab+eng+ian,ka+beng+ian,ka+beng+ian,ka+beng+ian,ka+beng+ian,ka+beng+ian,ka+beng+ian,ka+beng+ian,ka+beng+ian,ka+beng+ian,ka+beng+ian,ka+beng+ian,ka+beng+ian,ka+beng+ian,ka+beng+ian,ka+beng+ian,ka+beng+ian,ka+beng+ian,ka+beng+ian,ka+bengi+an,,,
pasiknangan,circumfixation,pa+siknang+an,pas+iknangan,pas+iknangan,pasiknangan,pas+iknangan,pasiknangan,pasiknangan,pas+iknangan,pasiknangan,pasiknangan,pa+sik+nang+an,pasiknangan,pasiknangan,pasi+knangan,pasiknangan,pasiknangan,pasi+knangan,pasiknangan,pasiknangan,pasi+k+nang+an,pasiknangan,pasiknangan,pa+sik+nang+an,pa+sik+nang+an,pasiknangan,pasikna+ngan,,,
sinabi,infixation,s+in+abi,sinabi,sinabi,sinabi,sin+abi,sin+abi,sin+abi,s+in+abi,s+in+abi,s+in+abi,s+in+abi,s+in+abi,s+in+abi,s+in+abi,s+in+abi,s+in+abi,s+in+abi,s+in+abi,s+in+abi,s+in+abi,s+in+abi,s+in+abi,s+in+abi,s+in+abi,s+in+abi,sinabi,,,
binie,infixation,b+in+ie,binie,binie,binie,bin+ie,bin+ie,bin+ie,b+in+ie,b+in+ie,b+in+ie,b+in+ie,b+in+ie,b+in+ie,b+in+ie,b+in+ie,b+in+ie,b+in+ie,b+in+ie,b+in+ie,b+in+ie,b+in+ie,b+in+ie,b+in+ie,b+in+ie,b+in+ie,binie,,,
binili,infixation,b+in+ili,binili,binili,binili,bin+ili,bin+ili,bin+ili,b+in+ili,b+in+ili,b+in+ili,b+in+ili,b+in+ili,b+in+ili,b+in+ili,b+in+ili,b+in+ili,b+in+ili,b+in+ili,b+in+ili,b+in+ili,b+in+ili,b+in+ili,b+in+ili,b+in+ili,b+in+ili,binil+i,,,
dinatang,infixation,d+in+atang,dinatang,dinatang,dinatang,din+atang,din+atang,din+atang,d+in+atang,d+in+atang,d+in+atang,d+in+atang,d+in+atang,d+in+atang,d+in+atang,d+in+atang,d+in+atang,d+in+atang,d+in+atang,d+in+atang,d+in+atang,d+in+atang,d+in+atang,d+in+atang,d+in+atang,d+in+atang,d+inatang,,,
kinua,infixation,k+in+ua,kinua,kinua,kinua,kinua,kinua,kinua,kinua,kinua,kinua,kinua,kinua,kinua,kinua,kinua,kinua,kinua,kinua,kinua,kinua,kinua,kinua,kinua,kinua,kinua,kinua,,,
tinape,infixation,t+in+ape,tinape,tinape,tinape,tinape,tinape,tinape,tinape,tinape,tinape,tinape,tinape,tinape,tinape,tinape,tinape,tinape,tinape,tinape,tinape,tinape,tinape,tinape,tinape,tinape,tinape,,,
sinta,infixation,s+in+ta,sinta,sinta,sinta,sinta,sinta,sinta,sinta,sinta,sinta,sinta,sinta,sinta,sinta,sinta,sinta,sinta,sinta,sinta,sinta,sinta,sinta,sinta,sinta,sinta,sinta,,,
miniabi,infixation,m+in+iabi,mini+abi,miniabi,miniabi,mini+abi,miniabi,miniabi,mini+abi,miniabi,miniabi,mini+abi,miniabi,miniabi,min+iabi,miniabi,miniabi,min+iabi,miniabi,miniabi,min+iabi,miniabi,miniabi,min+iabi,miniabi,miniabi,miniabi,,,
linual,infixation,l+in+ual,linual,linual,linual,l+inu+al,l+inu+al,linu+al,l+inu+al,l+inu+al,linu+al,l+inu+al,l+inu+al,linu+al,l+inu+al,l+inu+al,linu+al,l+in+ual,l+in+ual,l+in+ual,l+in+ual,l+in+ual,l+in+ual,l+inu+al,l+inu+al,l+inu+al,linual,,,
binang,infixation,b+in+ang,binang,binang,binang,binang,binang,binang,binang,binang,binang,binang,binang,binang,binang,binang,binang,binang,binang,binang,binang,binang,binang,binang,binang,binang,binang,,,
dinalan,infixation,d+in+alan,dinalan,dinalan,dinalan,dinalan,dinalan,dinalan,dinalan,dinalan,dinalan,dinalan,dinalan,dinalan,d+in+alan,dinalan,dinalan,d+in+alan,d+in+alan,d+in+alan,d+in+alan,d+in+alan,dinalan,dinalan,dinalan,dinalan,dinalan,,,
tinalakad,infixation,t+in+alakad,tinalakad,tinalakad,tinalakad,tin+alakad,tin+alakad,tin+alakad,t+in+alakad,t+in+alakad,t+in+alakad,t+in+alakad,t+in+alakad,t+in+alakad,t+in+alakad,t+in+alakad,t+in+alakad,t+in+alakad,t+in+alakad,t+in+alakad,t+in+alakad,t+in+alakad,t+in+alakad,t+in+ala+kad,t+in+ala+kad,t+in+ala+kad,tin+alakad,,,
tumula,infixation,t+um+ula,tum+ula,tumula,tumula,tu+mula,tumula,tumula,tumu+la,tumula,tumula,tumu+la,tumula,tumula,tumu+la,tumula,tumula,tumu+la,tumula,tumula,tu+mu+la,tumula,tumula,tu+mu+la,tumula,tumula,tu+mula,,,
dinapat,infixation,d+in+apat,din+apat,dinapat,dinapat,din+apat,din+apat,din+apat,d+in+apat,d+in+apat,d+in+apat,d+in+apat,d+in+apat,d+in+apat,d+in+apat,d+in+apat,d+in+apat,d+in+apat,d+in+apat,d+in+apat,d+in+apat,d+in+apat,d+in+apat,d+in+apat,d+in+apat,d+in+apat,din+apat,,,
minuna,infixation,m+in+una,minuna,minuna,minuna,minuna,minuna,minuna,minuna,minuna,minuna,minuna,minuna,minuna,minuna,minuna,minuna,minuna,minuna,minuna,minuna,minuna,minuna,minuna,minuna,minuna,minuna,,,
linub,infixation,l+in+ub,linub,linub,linub,lin+ub,lin+ub,lin+ub,l+in+ub,l+in+ub,l+in+ub,l+in+ub,l+in+ub,l+in+ub,l+in+ub,l+in+ub,l+in+ub,l+in+ub,l+in+ub,l+in+ub,l+in+ub,l+in+ub,l+in+ub,l+in+ub,l+in+ub,l+in+ub,linub,,,
dininan,infixation,d+in+inan,dininan,dininan,dininan,dininan,dininan,dininan,dininan,dininan,dininan,dininan,dininan,dininan,dininan,dininan,dininan,d+in+in+an,d+in+in+an,dininan,d+in+in+an,dininan,dininan,d+in+in+an,dininan,dininan,dininan,,,
ninumang,infixation,n+in+umang,ninumang,ninumang,ninumang,ninumang,ninumang,ninumang,ninumang,ninumang,ninumang,ninumang,ninumang,ninumang,ninumang,ninumang,ninumang,ninumang,ninumang,ninumang,ninumang,ninumang,ninumang,ninumang,ninumang,ninumang,ninuman+g,,,
ninung,infixation,n+in+ung,n+inung,ninung,ninung,n+inung,n+inung,n+inung,n+inung,n+inung,n+inung,n+in+ung,n+in+ung,n+in+ung,n+in+ung,n+in+ung,n+in+ung,n+in+ung,n+in+ung,n+in+ung,nin+ung,nin+ung,nin+ung,n+in+ung,n+in+ung,n+in+ung,ninu+ng,,,
linigtas,infixation,l+in+igtas,lin+igtas,lin+igtas,linigtas,lin+ig+tas,lin+igtas,lin+igtas,l+in+ig+tas,l+in+igtas,l+in+igtas,l+in+ig+tas,l+in+igtas,l+in+igtas,l+in+ig+tas,l+in+igtas,l+in+igtas,l+in+ig+tas,l+in+igtas,l+in+igtas,l+in+ig+tas,l+in+igtas,l+in+igtas,l+in+igtas,l+in+igtas,l+in+igtas,lin+igtas,,,
sumpa,infixation,s+um+pa,sum+pa,sum+pa,sumpa,sum+pa,sumpa,sumpa,s+umpa,sumpa,sumpa,s+umpa,sumpa,sumpa,s+umpa,sumpa,sumpa,sumpa,sumpa,sumpa,s+umpa,sumpa,sumpa,sum+pa,sumpa,sumpa,sumpa,,,
sinampa,infixation,s+in+ampa,sin+ampa,sin+ampa,sinampa,sin+ampa,sin+ampa,sin+ampa,s+in+ampa,s+in+ampa,s+in+ampa,s+in+ampa,s+in+ampa,s+in+ampa,s+in+ampa,s+in+ampa,s+in+ampa,s+in+am+pa,s+in+ampa,s+in+ampa,s+in+ampa,s+in+ampa,s+in+ampa,s+in+ampa,s+in+ampa,s+in+ampa,s+inampa,,,
kinanua,infixation,k+in+anua,kin+anua,kin+anua,kinanua,k+inan+ua,k+inan+ua,kinanua,k+inan+ua,k+inan+ua,kinanua,k+in+an+ua,k+in+an+ua,kinanua,k+in+anua,k+in+anua,kinanua,k+in+an+ua,k+in+an+ua,kinanua,k+in+an+ua,k+in+an+ua,kinanua,k+in+anua,k+in+anua,kinanua,ki+nanu+a,,,
linapit,infixation,l+in+apit,linapit,linapit,linapit,lin+apit,lin+apit,lin+apit,l+in+apit,l+in+apit,l+in+apit,l+in+apit,l+in+apit,l+in+apit,l+in+apit,l+in+apit,l+in+apit,l+in+apit,l+in+apit,l+in+apit,l+in+apit,l+in+apit,l+in+apit,l+in+apit,l+in+apit,l+in+apit,linap+it,,,
binye,infixation,b+in+ye,bin+ye,binye,binye,bin+ye,bin+ye,bin+ye,b+in+ye,b+in+ye,b+in+ye,b+in+ye,b+in+ye,b+in+ye,b+in+ye,b+in+ye,b+in+ye,b+in+ye,b+in+ye,b+in+ye,b+in+ye,b+in+ye,b+in+ye,b+in+ye,b+in+ye,b+in+ye,bin+ye,,,
linto,infixation,l+in+to,linto,linto,linto,linto,linto,linto,linto,linto,linto,linto,linto,linto,linto,linto,linto,linto,linto,linto,linto,linto,linto,linto,linto,linto,linto,,,
pinili,infixation,p+in+ili,pinili,pinili,pinili,pin+ili,pin+ili,pin+ili,pin+ili,pin+ili,pin+ili,pin+ili,pin+ili,pin+ili,pin+ili,pin+ili,pin+ili,pin+ili,pin+ili,pin+ili,pin+ili,pin+ili,pin+ili,pin+ili,pin+ili,pin+ili,pinili,,,
sintang,infixation,sintang,sin+tang,sintang,sintang,sint+ang,sintang,sintang,sint+ang,sintang,sintang,s+intang,s+intang,sintang,s+intang,sintang,sintang,s+intang,sintang,sintang,s+intang,sintang,sintang,s+intang,s+intang,sintang,sinta+ng,,,
kinuldas,infixation,k+in+uldas,kinul+das,kinul+das,kinuldas,kin+ul+das,kin+uldas,kin+uldas,kin+ul+das,kin+uldas,kin+uldas,k+in+ul+das,k+in+uldas,k+in+uldas,k+in+ul+das,k+in+uldas,k+in+uldas,k+in+ul+das,k+in+uldas,k+in+uldas,k+in+ul+das,k+in+uldas,k+in+uldas,k+in+ul+das,k+in+uldas,k+in+uldas,kin+uldas,,,
lumakad,infixation,l+um+akad,luma+kad,luma+kad,lumakad,lu+maka+d,lu+maka+d,lu+maka+d,lu+maka+d,lu+maka+d,lu+maka+d,lu+maka+d,lu+maka+d,lu+maka+d,lu+maka+d,lu+maka+d,lu+maka+d,lu+maka+d,lu+maka+d,lu+maka+d,lu+maka+d,lu+maka+d,lu+maka+d,lu+maka+d,lu+maka+d,lu+maka+d,luma+kad,,,
sinulat,infixation,s+in+ulat,sinulat,sinulat,sinulat,sin+ulat,sin+ulat,sin+ulat,s+in+ulat,s+in+ulat,s+in+ulat,s+in+ulat,s+in+ulat,s+in+ulat,s+in+ulat,s+in+ulat,s+in+ulat,s+in+ulat,s+in+ulat,s+in+ulat,sinu+lat,sinu+lat,sinu+lat,sinu+lat,sinu+lat,sinu+lat,sinulat,,,
tumakut,infixation,t+um+akut,tum+akut,tum+akut,tum+akut,tum+ak+ut,tum+ak+ut,tum+akut,tu+ma+kut,tu+ma+kut,tu+ma+kut,tu+ma+kut,tu+ma+kut,tu+ma+kut,tu+ma+kut,tu+ma+kut,tu+ma+kut,tu+ma+kut,tu+ma+kut,tuma+kut,tu+ma+kut,tu+ma+kut,tuma+kut,tu+ma+kut,tu+ma+kut,tuma+kut,tum+aku+t,,,
tinakas,infixation,t+in+akas,tin+a+kas,tin+akas,tinakas,t+ina+kas,t+ina+kas,t+ina+kas,t+ina+kas,t+ina+kas,tina+kas,t+ina+kas,t+ina+kas,tina+kas,t+in+akas,t+in+akas,t+in+akas,t+in+a+kas,t+in+akas,t+in+akas,t+in+akas,t+in+akas,t+in+akas,t+in+aka+s,t+in+akas,t+in+akas,ti+na+kas,,,
tinas,infixation,t+in+as,t+inas,t+inas,tinas,tin+as,tin+as,tin+as,t+in+as,t+in+as,t+in+as,t+in+as,t+in+as,t+in+as,t+in+as,t+in+as,t+in+as,t+in+as,t+in+as,t+in+as,t+in+as,t+in+as,t+in+as,t+in+as,t+in+as,t+in+as,tin+as,,,
linawe,infixation,l+in+awe,lin+awe,linawe,linawe,lina+we,linawe,linawe,lina+we,linawe,linawe,lina+we,linawe,linawe,l+inawe,linawe,linawe,l+in+awe,linawe,linawe,l+in+awe,linawe,linawe,l+in+awe,linawe,linawe,linawe,,,
mumunang,infixation,m+um+unang,mumunang,mumunang,mumunang,mumunang,mumunang,mumunang,mumunang,mumunang,mumunang,mumunang,mumunang,mumunang,mumunang,mumunang,mumunang,mumunang,mumunang,mumunang,mumunang,mumunang,mumunang,mumunang,mumunang,mumunang,mumunang,,,
sinugat,infixation,s+in+ugat,sin+ug+at,sin+ugat,sinugat,sin+ug+at,sin+ugat,sin+ugat,s+in+ug+at,s+in+ugat,s+in+ugat,s+in+ug+at,s+in+ugat,s+in+ugat,s+in+ug+at,s+in+ugat,s+in+ugat,s+in+ug+at,s+in+ugat,s+in+ugat,s+in+ug+at,s+in+ugat,s+in+ugat,s+in+ugat,s+in+ugat,s+in+ugat,sin+u+g+at,,,
sinuyu,infixation,s+in+uyu,sinuyu,sinuyu,sinuyu,sinuyu,sinuyu,sinuyu,sinuyu,sinuyu,sinuyu,sinuyu,sinuyu,sinuyu,sinuyu,sinuyu,sinuyu,sinuyu,sinuyu,sinuyu,sinuyu,sinuyu,sinuyu,sinuyu,sinuyu,sinuyu,sinuyu,,,
dinalung,infixation,d+in+alung,din+alung,din+alung,din+alung,din+alung,din+alung,din+alung,d+inal+ung,d+inal+ung,dinal+ung,d+inal+ung,d+inal+ung,d+inal+ung,d+in+alung,d+in+alung,d+in+alung,d+in+alung,d+in+alung,d+in+alung,d+in+alung,d+in+alung,d+in+alung,d+in+alung,d+in+alung,d+in+alung,dinal+ung,,,
dinam,infixation,d+in+am,din+am,din+am,dinam,din+am,din+am,din+am,d+in+am,d+in+am,d+in+am,d+in+am,d+in+am,d+in+am,d+in+am,d+in+am,d+in+am,d+in+am,d+in+am,d+in+am,d+in+am,d+in+am,d+in+am,d+in+am,d+in+am,d+in+am,di+na+m,,,
minaus,infixation,m+in+aus,min+aus,min+aus,minaus,m+inaus,m+inaus,minaus,min+aus,min+aus,minaus,min+aus,min+aus,minaus,min+aus,min+aus,minaus,min+aus,min+aus,minaus,min+aus,min+aus,minaus,min+aus,min+aus,minaus,m+inaus,,,
minunang,infixation,m+in+unang,minunang,minunang,minunang,minunang,minunang,minunang,minunang,minunang,minunang,minunang,minunang,minunang,minunang,minunang,minunang,minunang,minunang,minunang,minunang,minunang,minunang,minunang,minunang,minunang,minuna+ng,,,
sumuyu,infixation,s+um+uyu,su+mu+yu,sumu+yu,sumuyu,su+mu+yu,sumu+yu,sumuyu,su+mu+yu,sumu+yu,sumuyu,su+mu+yu,sumu+yu,sumuyu,su+mu+yu,sumu+yu,sumuyu,su+mu+yu,sumu+yu,sumuyu,su+mu+yu,su+mu+yu,sumuyu,su+mu+yu,sumu+yu,sumuyu,sumuyu,,,
tinuki,infixation,t+in+uki,tinuki,tinuki,tinuki,tin+uki,tin+uki,tin+uki,t+in+uki,t+in+uki,t+in+uki,t+in+uki,t+in+uki,t+in+uki,tinu+ki,tinu+ki,tinu+ki,t+in+uki,t+in+uki,t+in+uki,t+inu+ki,t+inu+ki,t+inu+ki,t+inu+ki,t+inu+ki,t+inu+ki,tinuki,,,
lumapit,infixation,l+um+apit,lum+apit,lumapit,lumapit,lum+apit,lum+apit,lum+apit,lu+ma+pit,luma+pit,luma+pit,lu+ma+pit,luma+pit,luma+pit,lu+ma+pit,luma+pit,luma+pit,lu+ma+pit,lu+ma+pit,luma+pit,lu+ma+pit,lu+ma+pit,luma+pit,lu+ma+pit,luma+pit,luma+pit,luma+pit,,,
minum,infixation,m+in+um,min+um,minum,minum,minum,minum,minum,minum,minum,minum,minum,minum,minum,minum,minum,minum,minum,minum,minum,minum,minum,minum,min+um,minum,minum,minum,,,
singsing,infixation,s+in+gsing,sing+sing,sing+sing,singsing,sing+sing,singsing,singsing,sing+sing,singsing,singsing,sing+sing,singsing,singsing,sing+sing,singsing,singsing,sing+sing,singsing,singsing,si+ng+si+ng,si+ng+si+ng,singsing,si+ng+si+ng,si+ng+si+ng,singsing,singsing,,,
binutil,infixation,b+in+util,bin+ut+il,bin+ut+il,binutil,bin+ut+il,bin+ut+il,bin+util,b+in+ut+il,b+in+ut+il,b+in+util,b+in+ut+il,b+in+ut+il,b+in+util,b+in+ut+il,b+in+ut+il,b+in+util,b+inu+til,b+inu+til,b+inu+til,b+in+ut+il,b+in+ut+il,b+in+util,b+inu+til,b+inu+til,b+inu+til,binutil,,,
kiniak,infixation,k+in+iak,k+ini+ak,k+ini+ak,k+iniak,k+ini+ak,k+ini+ak,k+iniak,k+ini+ak,k+ini+ak,k+iniak,k+ini+ak,k+ini+ak,k+iniak,k+ini+ak,k+ini+ak,k+iniak,k+in+i+ak,k+in+i+ak,kini+ak,k+in+i+ak,k+in+i+ak,k+in+i+ak,k+ini+ak,k+ini+ak,k+iniak,ki+nia+k,,,
minie,infixation,m+in+ie,min+ie,minie,minie,minie,minie,minie,minie,minie,minie,minie,minie,minie,minie,minie,minie,minie,minie,minie,minie,minie,minie,minie,minie,minie,mini+e,,,
minta,infixation,m+in+ta,minta,minta,minta,minta,minta,minta,minta,minta,minta,minta,minta,minta,minta,minta,minta,minta,minta,minta,minta,minta,minta,minta,minta,minta,minta,,,
tinikdo,infixation,t+in+ikdo,tin+ikdo,tin+ikdo,tinikdo,tin+ikdo,tin+ikdo,tin+ikdo,t+in+ikdo,t+in+ikdo,t+in+ikdo,t+in+ik+do,t+in+ikdo,t+in+ikdo,t+in+ik+do,t+in+ikdo,t+in+ikdo,t+in+ik+do,t+in+ikdo,t+in+ikdo,t+in+ik+do,t+in+ikdo,t+in+ikdo,t+in+ik+do,t+in+ik+do,t+in+ikdo,tinikdo,,,
kinagli,infixation,k+in+agli,kin+ag+li,kin+ag+li,kin+agli,kin+ag+li,kin+ag+li,kin+agli,k+inag+li,k+inag+li,k+inag+li,k+inag+li,k+inag+li,k+inag+li,k+in+ag+li,k+in+ag+li,k+inag+li,k+in+ag+li,k+in+ag+li,k+inag+li,k+in+ag+li,k+in+ag+li,k+inag+li,k+in+ag+li,k+in+ag+li,k+inag+li,ki+na+g+li,,,
ninuman,infixation,n+in+uman,ninuman,ninuman,ninuman,ninuman,ninuman,ninuman,ninuman,ninuman,ninuman,ninuman,ninuman,ninuman,ninuman,ninuman,ninuman,ninuman,ninuman,ninuman,ninuman,ninuman,ninuman,ninuman,ninuman,ninuman,ninuman,,,
sinumpa,infixation,s+in+umpa,sin+umpa,sin+umpa,sinumpa,sin+umpa,sin+umpa,sin+umpa,s+in+umpa,s+in+umpa,s+in+umpa,s+in+umpa,s+in+umpa,s+in+umpa,s+in+umpa,s+in+umpa,s+in+umpa,s+in+umpa,s+in+umpa,s+in+umpa,s+in+umpa,s+in+umpa,s+in+umpa,s+in+umpa,s+in+umpa,s+in+umpa,s+inum+pa,,,
linian,infixation,l+in+ian,lin+ian,lin+ian,lin+ian,lin+ian,lin+ian,lin+ian,l+in+ian,l+inian,l+inian,l+in+ian,l+inian,l+inian,l+in+ian,l+inian,l+inian,l+in+ian,l+inian,l+inian,l+in+ian,l+in+ian,l+inian,l+in+ian,l+in+ian,l+inian,lin+ian,,,
pinatubu,infixation,p+in+atubu,pin+at+ubu,pin+at+ubu,pin+at+ubu,pin+at+ubu,pin+at+ubu,pin+at+ubu,pin+at+ubu,pin+at+ubu,pin+at+ubu,pin+at+ubu,pin+at+ubu,pin+at+ubu,pin+atu+bu,pin+atu+bu,pin+atubu,pin+atu+bu,pin+atu+bu,pin+atu+bu,pin+atu+bu,pin+atu+bu,pin+atu+bu,pin+atu+bu,pin+atu+bu,pin+atu+bu,pin+a+tubu,,,
tinuknang,infixation,t+in+uknang,tin+uknang,tin+uknang,tinuknang,tin+uknang,tin+uknang,tin+uknang,t+in+uknang,t+in+uknang,t+in+uknang,t+in+uknang,t+in+uknang,t+in+uknang,t+in+uknang,t+in+uknang,t+in+uknang,t+in+uknang,t+in+uknang,t+in+uknang,t+in+uknang,t+in+uknang,t+in+uknang,t+in+uknang,t+in+uknang,t+in+uknang,tinu+k+nang,,,
sinag,infixation,s+in+ag,sinag,sinag,sinag,sinag,sinag,sinag,sinag,sinag,sinag,sinag,sinag,sinag,s+in+ag,s+in+ag,sinag,s+in+ag,s+in+ag,sinag,s+in+ag,s+in+ag,sinag,s+in+ag,s+in+ag,sinag,sinag,,,
tumakas,infixation,t+um+akas,tu+makas,tu+makas,tu+makas,tu+makas,tu+makas,tu+makas,tu+maka+s,tu+maka+s,tu+makas,tu+maka+s,tu+maka+s,tu+makas,tu+maka+s,tu+maka+s,tu+makas,tu+maka+s,tu+maka+s,tu+makas,tu+maka+s,tu+maka+s,tu+maka+s,tu+maka+s,tu+maka+s,tu+maka+s,tu+maka+s,,,
dinuku,infixation,d+in+uku,d+inu+ku,d+inu+ku,dinu+ku,d+inu+ku,d+inu+ku,dinu+ku,d+inu+ku,d+inu+ku,dinu+ku,d+inu+ku,d+inu+ku,dinu+ku,d+inu+ku,d+inu+ku,dinu+ku,d+inu+ku,d+inu+ku,dinu+ku,d+inu+ku,d+inu+ku,dinu+ku,d+inu+ku,d+inu+ku,dinu+ku,di+nu+ku,,,
minuli,infixation,m+in+uli,min+uli,minuli,minuli,min+uli,min+uli,min+uli,min+uli,min+uli,min+uli,min+uli,min+uli,min+uli,min+uli,min+uli,min+uli,min+uli,min+uli,min+uli,min+uli,min+uli,min+uli,min+uli,min+uli,min+uli,minuli,,,
tinabi,infixation,t+in+abi,tin+abi,tin+abi,tinabi,tin+abi,tin+abi,tinabi,t+in+abi,t+in+abi,t+in+abi,t+in+abi,t+in+abi,t+in+abi,t+in+abi,t+in+abi,t+in+abi,t+in+abi,t+in+abi,t+in+abi,t+in+abi,t+in+abi,t+in+abi,t+in+abi,t+in+abi,t+in+abi,ti+na+bi,,,
dinukit,infixation,d+in+ukit,din+uk+it,din+ukit,dinukit,din+uk+it,din+ukit,din+ukit,d+in+uk+it,d+in+ukit,d+in+ukit,d+in+uk+it,d+in+ukit,d+in+ukit,d+inu+kit,d+inu+kit,dinu+kit,d+inu+kit,d+inu+kit,dinu+kit,d+in+uk+it,d+in+uk+it,d+in+ukit,d+in+uk+it,d+in+uk+it,d+in+ukit,di+nu+kit,,,
linabas,infixation,l+in+abas,lin+abas,lin+abas,linabas,lin+abas,lin+abas,lin+abas,l+in+abas,l+in+abas,l+in+abas,l+in+abas,l+in+abas,l+in+abas,l+in+a+bas,l+in+abas,l+in+abas,l+in+a+bas,l+in+abas,l+in+abas,l+in+a+bas,l+in+abas,l+in+abas,l+in+a+bas,l+in+abas,l+in+abas,linaba+s,,,
linakad,infixation,l+in+akad,lin+a+kad,lina+kad,linakad,lina+kad,lina+kad,lina+kad,lina+kad,lina+kad,lina+kad,lina+kad,lina+kad,lina+kad,l+in+akad,l+in+akad,l+in+akad,l+in+akad,l+in+akad,l+in+akad,l+in+aka+d,l+in+akad,l+in+akad,l+in+akad,l+in+akad,l+in+akad,li+na+kad,,,
linukluk,infixation,l+in+ukluk,lin+ukluk,linukluk,linukluk,lin+ukluk,lin+ukluk,lin+ukluk,l+in+ukluk,l+in+ukluk,l+in+ukluk,l+in+ukluk,l+in+ukluk,l+in+ukluk,l+in+ukluk,l+in+ukluk,l+in+ukluk,l+in+ukluk,l+in+ukluk,l+in+ukluk,l+in+ukluk,l+in+ukluk,l+in+ukluk,l+in+ukluk,l+in+ukluk,l+in+ukluk,lin+ukluk,,,
minic,infixation,m+in+ic,min+ic,min+ic,min+ic,min+ic,min+ic,min+ic,min+ic,min+ic,min+ic,min+ic,min+ic,min+ic,min+ic,min+ic,min+ic,min+ic,min+ic,min+ic,min+ic,min+ic,min+ic,min+ic,min+ic,min+ic,mini+c,,,
minukiat,infixation,m+in+ukiat,min+uki+at,min+ukiat,minukiat,min+uki+at,min+ukiat,minukiat,min+uki+at,min+ukiat,minukiat,min+uki+at,min+ukiat,minukiat,minu+kiat,minu+kiat,minukiat,min+uki+at,min+ukiat,minukiat,min+uki+at,min+uki+at,minukiat,minu+kiat,minu+kiat,minukiat,min+ukiat,,,
tinipa,infixation,t+in+ipa,tin+ipa,tinipa,tinipa,t+ini+pa,t+ini+pa,tini+pa,t+ini+pa,t+ini+pa,tini+pa,t+ini+pa,t+ini+pa,tini+pa,t+ini+pa,t+ini+pa,tini+pa,t+in+ipa,t+in+ipa,t+in+ipa,t+in+ipa,t+in+ipa,t+in+ipa,t+ini+pa,t+ini+pa,t+ini+pa,tini+pa,,,
lingap,infixation,l+in+gap,ling+ap,lingap,lingap,ling+ap,lingap,lingap,ling+ap,lingap,lingap,ling+ap,lingap,lingap,ling+ap,lingap,lingap,ling+ap,lingap,lingap,li+ng+ap,lingap,lingap,li+ng+ap,lingap,lingap,lingap,,,
mingat,infixation,m+in+gat,ming+at,ming+at,mingat,ming+at,mingat,mingat,m+ingat,mingat,mingat,m+ingat,mingat,mingat,m+ingat,mingat,mingat,m+ingat,mingat,mingat,mi+ng+at,mingat,mingat,mi+ng+at,ming+at,mingat,ming+at,,,
siniping,infixation,s+in+iping,sin+iping,sin+iping,sin+iping,sin+ip+ing,sin+ip+ing,sin+iping,s+in+ip+ing,s+inip+ing,s+inip+ing,s+in+ip+ing,s+in+ip+ing,s+in+iping,s+in+ip+ing,s+in+ip+ing,s+in+iping,s+in+i+ping,s+in+i+ping,sini+ping,s+in+i+pi+ng,s+in+i+pi+ng,s+in+ipi+ng,s+ini+pi+ng,sini+pi+ng,sini+pi+ng,s+ini+ping,,,
linipul,infixation,l+in+ipul,lin+ip+ul,lin+ip+ul,lin+ipul,lin+ip+ul,lin+ip+ul,lin+ipul,l+in+ip+ul,l+inip+ul,linip+ul,l+in+ip+ul,l+in+ip+ul,l+inip+ul,l+in+ip+ul,l+in+ip+ul,l+inip+ul,l+in+i+pul,l+in+i+pul,lini+pul,l+in+ip+ul,l+in+ip+ul,l+in+ip+ul,l+in+ip+ul,l+in+ip+ul,l+in+ip+ul,lin+i+pul,,,
sinira,infixation,s+in+ira,sin+ira,sin+ira,sinira,sin+ira,sin+ira,sinira,s+ini+ra,sini+ra,sinira,sini+ra,sini+ra,sinira,s+ini+ra,sini+ra,sinira,s+in+ira,s+in+ira,sinira,s+in+ira,s+in+ira,sinira,s+ini+ra,sini+ra,sinira,s+ini+ra,,,
sumiping,infixation,s+um+iping,sum+iping,sum+iping,sum+iping,su+mi+ping,su+mi+ping,su+mi+ping,su+mi+ping,su+mi+ping,su+mi+ping,su+mi+ping,su+mi+ping,su+mi+ping,su+mi+ping,su+mi+ping,su+mi+ping,su+mi+ping,su+mi+ping,su+mi+ping,su+mi+pi+ng,su+mi+pi+ng,su+mi+pi+ng,su+mi+pi+ng,su+mi+pi+ng,su+mi+pi+ng,su+mi+ping,,,
dumpa,infixation,d+um+pa,dum+pa,dum+pa,dum+pa,dum+pa,dum+pa,dum+pa,d+umpa,d+umpa,d+umpa,d+umpa,d+umpa,d+umpa,d+umpa,d+umpa,d+umpa,dum+pa,dum+pa,dum+pa,dum+pa,dum+pa,dum+pa,dum+pa,dum+pa,dum+pa,du+m+pa,,,
kumabsi,infixation,k+um+absi,ku+mab+si,ku+mab+si,kumab+si,ku+mab+si,ku+mab+si,kumab+si,ku+ma+b+si,kuma+b+si,kuma+b+si,ku+ma+b+si,kuma+b+si,kuma+bsi,ku+ma+b+si,ku+ma+b+si,kuma+bsi,ku+ma+b+si,kuma+b+si,kuma+bsi,ku+ma+b+si,kuma+b+si,kuma+bsi,ku+ma+b+si,ku+ma+b+si,kuma+bsi,ku+m+absi,,,
linaban,infixation,l+in+aban,lin+aban,lin+aban,linaban,lin+aban,lin+aban,lin+aban,l+in+aban,l+in+aban,l+in+aban,l+in+aban,l+in+aban,l+in+aban,l+in+a+ban,l+in+aban,l+in+aban,l+in+a+ban,l+in+aban,l+in+aban,l+in+aban,l+in+aban,l+in+aban,l+in+aban,l+in+aban,l+in+aban,linaba+n,,,
lumbe,infixation,lumbe,lum+be,lum+be,lumbe,lum+be,lum+be,lumbe,l+um+be,l+umbe,lumbe,l+um+be,l+umbe,lumbe,l+um+be,l+umbe,lumbe,lum+be,lum+be,lumbe,lum+be,lum+be,lumbe,lum+be,lum+be,lumbe,lum+be,,,
minyabi,infixation,m+in+yabi,min+ya+bi,min+ya+bi,minya+bi,min+ya+bi,min+ya+bi,minya+bi,min+ya+bi,min+ya+bi,minya+bi,min+ya+bi,min+ya+bi,minya+bi,min+ya+bi,min+ya+bi,minya+bi,min+ya+bi,min+ya+bi,minya+bi,min+ya+bi,min+ya+bi,minya+bi,min+ya+bi,min+ya+bi,min+ya+bi,min+ya+bi,,,
nining,infixation,n+in+ing,n+ining,n+ining,nining,nin+ing,nin+ing,nin+ing,n+ining,n+ining,n+ining,n+ining,n+ining,n+ining,n+ining,n+ining,n+ining,n+ining,n+ining,n+ining,nin+i+ng,nin+i+ng,nin+i+ng,n+ini+ng,n+ini+ng,nini+ng,ni+ning,,,
sumakup,infixation,s+um+akup,sum+akup,sum+akup,sum+akup,sum+akup,sum+akup,sum+akup,su+ma+kup,su+ma+kup,su+ma+kup,su+ma+kup,su+ma+kup,su+ma+kup,su+ma+kup,su+ma+kup,su+ma+kup,su+ma+kup,su+ma+kup,su+ma+kup,su+ma+kup,su+ma+kup,su+ma+kup,su+ma+kup,su+ma+kup,suma+kup,sum+akup,,,
dumalan,infixation,d+um+alan,dum+alan,dum+alan,dumalan,dum+alan,dum+alan,dum+alan,d+um+alan,d+um+alan,d+um+alan,d+um+alan,d+um+alan,d+um+alan,d+um+alan,d+um+alan,d+um+alan,du+mal+an,du+mal+an,du+mal+an,du+mal+an,du+mal+an,du+mal+an,du+mal+an,du+mal+an,du+mal+an,du+malan,,,
kinaul,infixation,k+in+aul,k+ina+ul,k+ina+ul,kinaul,k+ina+ul,k+ina+ul,kina+ul,k+ina+ul,k+ina+ul,kina+ul,k+ina+ul,k+ina+ul,kina+ul,k+in+a+ul,k+in+aul,k+in+aul,k+in+a+ul,k+in+a+ul,k+in+aul,k+in+a+ul,k+in+aul,k+in+aul,k+in+a+ul,k+in+a+ul,k+in+aul,ki+na+ul,,,
maguing,prefixation,mag+uing,maguing,maguing,maguing,maguing,maguing,maguing,maguing,maguing,maguing,maguing,maguing,maguing,maguing,maguing,maguing,maguing,maguing,maguing,maguing,maguing,maguing,maguing,maguing,maguing,maguing,,,
mabilug,prefixation,ma+bilug,mabilug,mabilug,mabilug,mab+ilug,mab+ilug,mab+ilug,ma+bilug,ma+bilug,ma+bilug,ma+bilug,ma+bilug,ma+bilug,ma+bilug,ma+bilug,ma+bilug,ma+bilug,ma+bilug,ma+bilug,ma+bilug,ma+bilug,ma+bilug,ma+bilug,ma+bilug,ma+bilug,mabilu+g,,,
manibat,prefixation,man+ibat,manibat,manibat,manibat,manibat,manibat,manibat,manibat,manibat,manibat,manibat,manibat,manibat,manibat,manibat,manibat,manibat,manibat,manibat,manibat,manibat,manibat,manibat,manibat,manibat,manibat,,,
makanian,prefixation,makanian,makanian,makanian,makanian,makanian,makanian,makanian,makanian,makanian,makanian,makanian,makanian,makanian,makanian,makanian,makanian,makanian,makanian,makanian,makanian,makanian,makanian,makanian,makanian,makanian,makanian,,,
marawak,prefixation,ma+rawak,marawak,marawak,marawak,marawak,marawak,marawak,marawak,marawak,marawak,marawak,marawak,marawak,marawak,marawak,marawak,marawak,marawak,marawak,marawak,marawak,marawak,marawak,marawak,marawak,m+arawak,,,
panaun,prefixation,pa+naun,panaun,panaun,panaun,panaun,panaun,panaun,panaun,panaun,panaun,panaun,panaun,panaun,panaun,panaun,panaun,panaun,panaun,panaun,panaun,panaun,panaun,panaun,panaun,panaun,panaun,,,
matulid,prefixation,ma+tulid,matulid,matulid,matulid,mat+ulid,mat+ulid,mat+ulid,mat+ulid,mat+ulid,mat+ulid,mat+ulid,mat+ulid,mat+ulid,mat+ulid,mat+ulid,mat+ulid,mat+uli+d,mat+uli+d,matulid,mat+uli+d,mat+uli+d,mat+ulid,mat+uli+d,mat+uli+d,mat+uli+d,ma+tulid,,,
maragul,prefixation,ma+ragul,maragul,maragul,maragul,maragul,maragul,maragul,maragul,maragul,maragul,maragul,maragul,maragul,maragul,maragul,maragul,maragul,maragul,maragul,maragul,maragul,maragul,maragul,maragul,maragul,maragul,,,
meguing,prefixation,meg+uing,meguing,meguing,meguing,meguing,meguing,meguing,meguing,meguing,meguing,meguing,meguing,meguing,meguing,meguing,meguing,meguing,meguing,meguing,meguing,meguing,meguing,meguing,meguing,meguing,megu+ing,,,
manatili,prefixation,man+atili,manatili,manatili,manatili,manatili,manatili,manatili,manatili,manatili,manatili,manatili,manatili,manatili,manatili,manatili,manatili,manatili,manatili,manatili,manatili,manatili,manatili,manatili,manatili,manatili,manatili,,,
pasibayu,prefixation,pa+sibayu,pasibayu,pasibayu,pasibayu,pasibayu,pasibayu,pasibayu,pasibayu,pasibayu,pasibayu,pasibayu,pasibayu,pasibayu,pasibayu,pasibayu,pasibayu,pasibayu,pasibayu,pasibayu,pasibayu,pasibayu,pasibayu,pasibayu,pasibayu,pasibayu,pasibayu,,,
marangle,prefixation,ma+rangle,marangle,marangle,marangle,marangle,marangle,marangle,marangle,marangle,marangle,marangle,marangle,marangle,marangle,marangle,marangle,marangle,marangle,marangle,marangle,marangle,marangle,marangle,marangle,marangle,marangle,,,
panalangin,prefixation,pan+alangin,panalangin,panalangin,panalangin,panalangin,panalangin,panalangin,panalangin,panalangin,panalangin,panalangin,panalangin,panalangin,panalangin,panalangin,panalangin,panalangin,panalangin,panalangin,panalangin,panalangin,panalangin,panalangin,panalangin,panalangin,panalangin,,,
makananu,prefixation,maka+nanu,makananu,makananu,makananu,makananu,makananu,makananu,makananu,makananu,makananu,makananu,makananu,makananu,makananu,makananu,makananu,makananu,makananu,makananu,makananu,makananu,makananu,makananu,makananu,makananu,makananu,,,
makanyan,prefixation,ma+kanyan,makanyan,makanyan,makanyan,makanyan,makanyan,makanyan,makanyan,makanyan,makanyan,makanyan,makanyan,makanyan,makanyan,makanyan,makanyan,makanyan,makanyan,makanyan,makanyan,makanyan,makanyan,makanyan,makanyan,makanyan,makanyan,,,
mangatua,prefixation,mang+atua,mang+atua,mangatua,mangatua,mangat+ua,mangatua,mangatua,mangat+ua,mangatua,mangatua,mangat+ua,mangatua,mangatua,mangat+ua,mangatua,mangatua,mangat+ua,mangatua,mangatua,mangat+ua,mangatua,mangatua,mangat+ua,mangatua,mangatua,mangatua,,,
malyari,prefixation,ma+lyari,malyari,malyari,malyari,malyari,malyari,malyari,malyari,malyari,malyari,malyari,malyari,malyari,malyari,malyari,malyari,malyari,malyari,malyari,malyari,malyari,malyari,malyari,malyari,malyari,malyari,,,
pitung,prefixation,pi+tung,pitung,pitung,pitung,pitung,pitung,pitung,pitung,pitung,pitung,pitung,pitung,pitung,pitung,pitung,pitung,pitung,pitung,pitung,pitung,pitung,pitung,pitung,pitung,pitung,pitung,,,
pablasang,prefixation,pa+blasang,pablasang,pablasang,pablasang,pablasang,pablasang,pablasang,pablasang,pablasang,pablasang,pablasang,pablasang,pablasang,pablasang,pablasang,pablasang,pablasang,pablasang,pablasang,pablasang,pablasang,pablasang,pablasang,pablasang,pablasang,pablasa+ng,,,
malyaring,prefixation,ma+lyaring,malyaring,malyaring,malyaring,malyaring,malyaring,malyaring,malyaring,malyaring,malyaring,malyaring,malyaring,malyaring,malyaring,malyaring,malyaring,malyaring,malyaring,malyaring,malyaring,malyaring,malyaring,malyaring,malyaring,malyaring,malyari+ng,,,
maiguit,prefixation,ma+iguit,ma+iguit,maiguit,maiguit,ma+iguit,maiguit,maiguit,ma+iguit,maiguit,maiguit,ma+iguit,maiguit,maiguit,ma+iguit,maiguit,maiguit,ma+iguit,maiguit,maiguit,mai+guit,maiguit,maiguit,ma+iguit,maiguit,maiguit,m+aiguit,,,
magkang,prefixation,mag+kang,mag+kang,magkang,magkang,mag+kang,mag+kang,mag+kang,mag+kang,mag+kang,mag+kang,mag+kang,mag+kang,mag+kang,mag+kang,mag+kang,mag+kang,mag+kang,mag+kang,mag+kang,mag+kang,mag+kang,mag+kang,mag+kang,mag+kang,mag+kang,mag+kang,,,
pasbul,prefixation,pa+sbul,pasbul,pasbul,pasbul,pasbul,pasbul,pasbul,pasbul,pasbul,pasbul,pasbul,pasbul,pasbul,pasbul,pasbul,pasbul,pasbul,pasbul,pasbul,pasbul,pasbul,pasbul,pasbul,pasbul,pasbul,pasbul,,,
maniabi,prefixation,man+iabi,maniabi,maniabi,maniabi,maniabi,maniabi,maniabi,maniabi,maniabi,maniabi,maniabi,maniabi,maniabi,maniabi,maniabi,maniabi,maniabi,maniabi,maniabi,maniabi,maniabi,maniabi,maniabi,maniabi,maniabi,maniabi,,,
pasalamat,prefixation,pa+salamat,pasalamat,pasalamat,pasalamat,pas+al+amat,pas+alamat,pas+alamat,pas+al+amat,pas+alamat,pas+alamat,pa+salamat,pa+salamat,pa+salamat,pa+salamat,pa+salamat,pa+salamat,pa+salamat,pa+salamat,pa+salamat,pa+salamat,pa+salamat,pa+salamat,pa+salamat,pa+salamat,pa+salamat,pasalamat,,,
mangan,prefixation,ma+ngan,mangan,mangan,mangan,mangan,mangan,mangan,mangan,mangan,mangan,mangan,mangan,mangan,mangan,mangan,mangan,mang+an,mangan,mangan,mangan,mangan,mangan,mangan,mangan,mangan,mangan,,,
pagamuamu,prefixation,pa+gamuamu,pag+amu+amu,pag+amuamu,pagamuamu,pag+amu+amu,pag+amuamu,pagamuamu,pag+amu+amu,pag+amuamu,pagamuamu,pag+amu+amu,pag+amuamu,pagamuamu,pag+amu+amu,pag+amuamu,pagamuamu,pag+amu+amu,pag+amuamu,pagamuamu,pag+amu+amu,pag+amu+amu,pagamuamu,pag+amu+amu,pag+amu+amu,pagamuamu,pa+gamuamu,,,
manaya,prefixation,ma+naya,manaya,manaya,manaya,man+aya,man+aya,man+aya,man+aya,man+aya,man+aya,man+aya,man+aya,man+aya,man+aya,man+aya,man+aya,man+aya,man+aya,man+aya,man+aya,man+aya,man+aya,man+aya,man+aya,man+aya,manaya,,,
marayu,prefixation,ma+rayu,marayu,marayu,marayu,marayu,marayu,marayu,marayu,marayu,marayu,marayu,marayu,marayu,marayu,marayu,marayu,marayu,marayu,marayu,marayu,marayu,marayu,marayu,marayu,marayu,marayu,,,
pangane,prefixation,pangane,pangan+e,pangan+e,pangane,pangan+e,pangan+e,pangane,pangan+e,pangan+e,pangane,pangan+e,pangan+e,pangane,pangan+e,pangan+e,pangane,pangan+e,pangan+e,pangane,pangan+e,pangan+e,pangane,pangan+e,pangan+e,pangane,panga+ne,,,
makapagmulala,prefixation,makapag+mulala,makapag+mulala,makapag+mulala,makapagmulala,makapag+mulala,makapag+mulala,makapag+mulala,makapag+mulala,makapag+mulala,makapag+mulala,makapag+mulala,makapag+mulala,makapag+mulala,makapag+mulala,makapag+mulala,makapag+mulala,makapag+mulala,makapag+mulala,makapag+mulala,makapag+mulala,makapag+mulala,makapag+mulala,makapag+mulala,makapag+mulala,makapag+mulala,makapagmulala,,,
malagu,prefixation,ma+lagu,malagu,malagu,malagu,malagu,malagu,malagu,malagu,malagu,malagu,malagu,malagu,malagu,malagu,malagu,malagu,malagu,malagu,malagu,malagu,malagu,malagu,ma+lagu,malagu,malagu,malagu,,,
malugud,prefixation,ma+lugud,malugud,malugud,malugud,mal+ugud,mal+ugud,mal+ugud,mal+ugud,mal+ugud,mal+ugud,mal+ugud,mal+ugud,mal+ugud,mal+ugud,mal+ugud,mal+ugud,mal+ug+ud,mal+ug+ud,mal+ugud,malu+gud,malu+gud,malu+gud,mal+u+gud,mal+u+gud,malu+gud,ma+lugud,,,
manalig,prefixation,man+alig,man+alig,man+alig,manalig,man+alig,man+alig,man+alig,man+alig,man+alig,man+alig,man+alig,man+alig,man+alig,man+alig,man+alig,man+alig,man+alig,man+alig,man+alig,man+alig,man+alig,man+alig,man+alig,man+alig,man+alig,manalig,,,
masikan,prefixation,ma+sikan,masikan,masikan,masikan,masikan,masikan,masikan,masikan,masikan,masikan,masikan,masikan,masikan,masikan,masikan,masikan,masikan,masikan,masikan,masikan,masikan,masikan,masikan,masikan,masikan,masikan,,,
paninap,prefixation,pan+inap,pan+inap,paninap,paninap,paninap,paninap,paninap,paninap,paninap,paninap,paninap,paninap,paninap,paninap,paninap,paninap,paninap,paninap,paninap,paninap,paninap,paninap,paninap,paninap,paninap,paninap,,,
manakit,prefixation,man+akit,manakit,manakit,manakit,manakit,manakit,manakit,manakit,manakit,manakit,manakit,manakit,manakit,manakit,manakit,manakit,manakit,manakit,manakit,manakit,manakit,manakit,manakit,manakit,manakit,manakit,,,
mangaragul,prefixation,mang+aragul,mangaragul,mangaragul,mangaragul,mangaragul,mangaragul,mangaragul,mangaragul,mangaragul,mangaragul,mangaragul,mangaragul,mangaragul,mangaragul,mangaragul,mangaragul,mangaragul,mangaragul,mangaragul,mangaragul,mangaragul,mangaragul,mangaragul,mangaragul,mangaragul,mangaragul,,,
menganak,prefixation,meng+anak,meng+anak,meng+anak,meng+anak,meng+anak,meng+anak,meng+anak,meng+anak,meng+anak,meng+anak,meng+anak,meng+anak,meng+anak,meng+anak,meng+anak,meng+anak,meng+anak,meng+anak,meng+anak,meng+anak,meng+anak,meng+anak,me+ngan+ak,mengan+ak,mengan+ak,meng+anak,,,
makapayan,prefixation,maka+payan,makap+ayan,makap+ayan,makapayan,maka+payan,maka+payan,makapayan,maka+payan,maka+payan,makapayan,maka+payan,maka+payan,makapayan,maka+payan,maka+payan,makapayan,maka+payan,maka+payan,makapayan,maka+payan,maka+payan,makapayan,maka+payan,maka+payan,makapayan,makapa+yan,,,
masanting,prefixation,ma+santing,masanting,masanting,masanting,masanting,masanting,masanting,masanting,masanting,masanting,masanting,masanting,masanting,masanting,masanting,masanting,masanting,masanting,masanting,masanting,masanting,masanting,masanting,masanting,masanting,masanting,,,
magsaya,prefixation,mag+saya,mag+saya,mag+saya,magsaya,mag+saya,magsaya,magsaya,mag+saya,magsaya,magsaya,mag+saya,magsaya,magsaya,mag+sa+ya,magsa+ya,magsaya,mag+sa+ya,magsa+ya,magsaya,mag+sa+ya,mag+sa+ya,magsaya,magsa+ya,magsa+ya,magsaya,mag+saya,,,
manintun,prefixation,man+intun,manintun,manintun,manintun,manintun,manintun,manintun,manintun,manintun,manintun,manintun,manintun,manintun,manintun,manintun,manintun,manintun,manintun,manintun,manintun,manintun,manintun,manintun,manintun,manintun,manintun,,,
parang,prefixation,parang,parang,parang,parang,parang,parang,parang,parang,parang,parang,parang,parang,parang,parang,parang,parang,parang,parang,parang,parang,parang,parang,parang,parang,parang,para+ng,,,
patutu,prefixation,pa+tutu,patutu,patutu,patutu,pat+utu,pat+utu,pat+utu,pat+utu,pat+utu,pat+utu,pat+utu,pat+utu,pat+utu,patu+tu,patu+tu,patutu,pat+utu,pat+utu,pat+utu,pat+utu,pat+utu,pat+utu,pat+utu,pat+utu,pat+utu,patutu,,,
malapit,prefixation,ma+lapit,malapit,malapit,malapit,malapit,malapit,malapit,malapit,malapit,malapit,malapit,malapit,malapit,malapit,malapit,malapit,malapit,malapit,malapit,malapit,malapit,malapit,malapit,malapit,malapit,malapit,,,
maligaya,prefixation,ma+ligaya,mal+igaya,mal+igaya,maligaya,mal+igaya,mal+igaya,maligaya,mal+igaya,mal+igaya,maligaya,mal+igaya,mal+igaya,maligaya,mal+igaya,mal+igaya,maligaya,m+aligaya,m+aligaya,maligaya,mali+gaya,mali+gaya,maligaya,mali+gaya,mali+gaya,maligaya,ma+ligaya,,,
menakit,prefixation,men+akit,menakit,menakit,menakit,menakit,menakit,menakit,menakit,menakit,menakit,menakit,menakit,menakit,menakit,menakit,menakit,menakit,menakit,menakit,menakit,menakit,menakit,menakit,menakit,menakit,menakit,,,
matibe,prefixation,ma+tibe,matibe,matibe,matibe,mat+ibe,mat+ibe,mat+ibe,mat+ibe,mat+ibe,mat+ibe,mat+ibe,mat+ibe,mat+ibe,mat+ib+e,mat+ibe,mat+ibe,mati+be,mati+be,mati+be,mati+be,mati+be,mati+be,m+ati+be,m+ati+be,mati+be,matibe,,,
makatalakad,prefixation,maka+talakad,makatalakad,makatalakad,makatalakad,makat+alakad,makat+alakad,makat+alakad,makat+alakad,makat+alakad,makat+alakad,makat+alakad,makat+alakad,makat+alakad,maka+talakad,maka+talakad,maka+talakad,maka+talakad,maka+talakad,maka+talakad,maka+talakad,maka+talakad,maka+talakad,maka+talakad,maka+talakad,maka+talakad,makata+lakad,,,
makatua,prefixation,ma+katua,makatua,makatua,makatua,makat+ua,makat+ua,makat+ua,makat+ua,makat+ua,makat+ua,makat+ua,makat+ua,makat+ua,maka+tua,maka+tua,maka+tua,maka+tua,maka+tua,maka+tua,maka+tua,maka+tua,maka+tua,maka+tua,maka+tua,maka+tua,makatua,,,
makiramdam,prefixation,ma+kiramdam,makiramdam,makiramdam,makiramdam,makiramdam,makiramdam,makiramdam,makiramdam,makiramdam,makiramdam,makiramdam,makiramdam,makiramdam,makiramdam,makiramdam,makiramdam,makiramdam,makiramdam,makiramdam,makiramdam,makiramdam,makiramdam,makiramdam,makiramdam,makiramdam,m+akiramdam,,,
matula,prefixation,ma+tula,matula,matula,matula,matula,matula,matula,matula,matula,matula,matula,matula,matula,matula,matula,matula,matula,matula,matula,matula,matula,matula,matula,matula,matula,matula,,,
miguising,prefixation,mig+uising,mig+u+ising,mig+u+ising,miguising,mig+u+ising,migu+ising,miguising,mig+u+ising,migu+ising,miguising,mig+u+ising,migu+ising,miguising,mi+gu+ising,mi+gu+ising,miguising,mi+gu+ising,mi+gu+ising,miguising,mi+gu+isi+ng,mi+gu+isi+ng,miguising,mi+gu+isi+ng,mi+gu+isi+ng,miguising,mi+gui+s+ing,,,
magsantung,prefixation,mag+santung,mag+sant+ung,mag+sant+ung,magsantung,mag+sant+ung,mag+santung,mag+santung,mag+sant+ung,mag+santung,mag+santung,mag+san+tung,mag+santung,mag+santung,mag+san+tung,mag+santung,mag+santung,mag+santung,mag+santung,mag+santung,mag+san+tung,mag+san+tung,mag+santung,mag+san+tung,mag+santung,mag+santung,mag+santung,,,
makananung,prefixation,maka+nanung,makananung,makananung,makananung,makananung,makananung,makananung,makananung,makananung,makananung,makananung,makananung,makananung,makananung,makananung,makananung,makananung,makananung,makananung,makananung,makananung,makananung,makananung,makananung,makananung,makananu+ng,,,
matudtud,prefixation,ma+tudtud,matudtud,matudtud,matudtud,matudtud,matudtud,matudtud,matudtud,matudtud,matudtud,matudtud,matudtud,matudtud,matudtud,matudtud,matudtud,matudtud,matudtud,matudtud,matudtud,matudtud,matudtud,matudtud,matudtud,matudtud,matudtu+d,,,
menibat,prefixation,men+ibat,menibat,menibat,menibat,men+ibat,men+ibat,men+ibat,men+ibat,men+ibat,men+ibat,men+ibat,men+ibat,men+ibat,men+ibat,men+ibat,men+ibat,men+ibat,men+ibat,men+ibat,men+ibat,men+ibat,men+ibat,men+ibat,men+ibat,men+ibat,menibat,,,
magdala,prefixation,mag+dala,magdala,magdala,magdala,magdala,magdala,magdala,magdala,magdala,magdala,magdala,magdala,magdala,magdala,magdala,magdala,magdala,magdala,magdala,magdala,magdala,magdala,magdala,magdala,magdala,magdala,,,
malinis,prefixation,ma+linis,malinis,malinis,malinis,mal+inis,mal+inis,mal+inis,mal+inis,mal+inis,mal+inis,mal+inis,mal+inis,mal+inis,mal+inis,mal+inis,mal+inis,mal+inis,mal+inis,mal+inis,mal+inis,mal+inis,mal+inis,mal+inis,mal+inis,mal+inis,ma+linis,,,
pilinan,prefixation,pi+linan,pil+inan,pil+inan,pilinan,pil+inan,pil+inan,pilinan,pil+inan,pil+inan,pilinan,pil+in+an,pil+in+an,pilinan,pil+in+an,pil+in+an,pilinan,pil+in+an,pil+in+an,pilinan,pil+in+an,pil+in+an,pilinan,pil+in+an,pil+in+an,pilinan,pi+lin+an,,,
maluka,prefixation,ma+luka,malu+ka,maluka,maluka,malu+ka,maluka,maluka,malu+ka,maluka,maluka,malu+ka,maluka,maluka,malu+ka,maluka,maluka,malu+ka,maluka,maluka,malu+ka,maluka,maluka,mal+uka,maluka,maluka,maluka,,,
masaya,prefixation,ma+saya,masaya,masaya,masaya,masaya,masaya,masaya,masaya,masaya,masaya,masaya,masaya,masaya,ma+sa+ya,masaya,masaya,masaya,masaya,masaya,masaya,masaya,masaya,ma+sa+ya,ma+sa+ya,masaya,masaya,,,
paburen,prefixation,pa+buren,paburen,paburen,paburen,paburen,paburen,paburen,paburen,paburen,paburen,paburen,paburen,paburen,paburen,paburen,paburen,paburen,paburen,paburen,paburen,paburen,paburen,paburen,paburen,paburen,paburen,,,
malagung,prefixation,ma+lagung,malagung,malagung,malagung,malagung,malagung,malagung,malagung,malagung,malagung,malagung,malagung,malagung,malagung,malagung,malagung,malagung,malagung,malagung,malagung,malagung,malagung,malagung,malagung,malagung,malagung,,,
maranun,prefixation,ma+ranun,mar+anun,maranun,maranun,mar+an+un,mar+an+un,mar+an+un,ma+ranun,ma+ranun,ma+ranun,ma+ranun,ma+ranun,ma+ranun,ma+ranun,ma+ranun,ma+ranun,ma+ranun,ma+ranun,ma+ranun,ma+ranun,ma+ranun,ma+ranun,ma+ranun,ma+ranun,ma+ranun,maranun,,,
mawala,prefixation,ma+wala,ma+wala,mawala,mawala,ma+wala,mawala,mawala,ma+wala,mawala,mawala,ma+wala,mawala,mawala,ma+wala,mawala,mawala,ma+wala,mawala,mawala,ma+wala,mawala,mawala,ma+wala,mawala,mawala,ma+wala,,,
panayan,prefixation,panaya+n,pan+ayan,panayan,panayan,panayan,panayan,panayan,panayan,panayan,panayan,panayan,panayan,panayan,panayan,panayan,panayan,panayan,panayan,panayan,panayan,panayan,panayan,panayan,panayan,panayan,panayan,,,
pilatan,prefixation,pi+latan,pilatan,pilatan,pilatan,pilatan,pilatan,pilatan,pilatan,pilatan,pilatan,pilatan,pilatan,pilatan,pilatan,pilatan,pilatan,pilatan,pilatan,pilatan,pilatan,pilatan,pilatan,pilatan,pilatan,pilatan,pilatan,,,
malati,prefixation,ma+lati,malati,malati,malati,malati,malati,malati,malati,malati,malati,malati,malati,malati,malati,malati,malati,malati,malati,malati,malati,malati,malati,malati,malati,malati,malati,,,
mayupaya,prefixation,ma+yupaya,mayu+paya,mayupaya,mayupaya,mayu+paya,mayupaya,mayupaya,mayu+paya,mayupaya,mayupaya,mayu+paya,mayupaya,mayupaya,mayu+paya,mayupaya,mayupaya,ma+yupaya,mayupaya,mayupaya,mayu+pa+ya,mayupaya,mayupaya,mayu+paya,mayupaya,mayupaya,mayupaya,,,
makapagmulalang,prefixation,makapag+mulalang,makapag+mul+alang,makapag+mulalang,makapagmulalang,makapag+mul+alang,makapag+mulalang,makapagmulalang,makapag+mul+alang,makapag+mulalang,makapagmulalang,makapag+mul+alang,makapag+mulalang,makapagmulalang,makapag+mul+alang,makapag+mulalang,makapagmulalang,makapag+mu+lalang,makapag+mulalang,makapagmulalang,makapag+mu+lalang,makapag+mulalang,makapagmulalang,makapag+mu+lalang,makapag+mu+lalang,makapagmulalang,makapagmulala+ng,,,
makipamuk,prefixation,ma+kipamuk,mak+ipam+uk,mak+ipamuk,makipamuk,maki+pamuk,maki+pamuk,makipamuk,maki+pam+uk,maki+pamuk,makipamuk,maki+pam+uk,maki+pamuk,makipamuk,maki+pam+uk,maki+pam+uk,makipamuk,maki+pam+uk,maki+pam+uk,makipamuk,maki+pam+uk,maki+pam+uk,makipamuk,maki+pam+uk,maki+pam+uk,makipamuk,ma+kipamuk,,,
pangisnawa,prefixation,pang+isnawa,pang+isnawa,pang+isnawa,pangisnawa,pang+isnawa,pang+isnawa,pangisnawa,pang+isnawa,pang+isnawa,pangisnawa,pang+isnawa,pang+isnawa,pangisnawa,pang+isnawa,pang+isnawa,pangisnawa,pang+isnawa,pang+isnawa,pangisnawa,pang+is+nawa,pangis+nawa,pangisnawa,pang+is+nawa,pang+is+nawa,pangisnawa,pangisnawa,,,
panlalawe,prefixation,pan+lalawe,pan+lalawe,pan+lalawe,panlalawe,pan+lalawe,pan+lalawe,panlalawe,pan+lalawe,pan+lalawe,panlalawe,pan+lalawe,pan+lalawe,panlalawe,pan+lalawe,pan+lalawe,panlalawe,pan+lalawe,pan+lalawe,panlalawe,pan+lalawe,pan+lalawe,panlalawe,p+an+lalawe,p+an+lalawe,panlalawe,pan+la+lawe,,,
makalukluk,prefixation,maka+lukluk,makalukluk,makalukluk,makalukluk,makal+ukluk,makal+ukluk,makal+ukluk,makal+ukluk,makal+ukluk,makal+ukluk,makal+ukluk,makal+ukluk,makal+ukluk,makal+ukluk,makal+ukluk,makal+ukluk,maka+lukluk,maka+lukluk,maka+lukluk,maka+lukluk,maka+lukluk,maka+lukluk,maka+lukluk,maka+lukluk,maka+lukluk,maka+lukluk,,,
manases,prefixation,man+ases,man+as+es,man+as+es,man+ases,man+as+es,man+as+es,man+ases,man+as+es,man+as+es,man+ases,man+as+es,man+as+es,man+ases,man+as+es,man+as+es,man+ases,man+as+es,man+as+es,man+ases,man+as+es,man+as+es,man+ases,man+as+es,man+as+es,man+as+es,man+as+es,,,
masampat,prefixation,ma+sampat,mas+ampat,masampat,masampat,mas+ampat,masampat,masampat,mas+ampat,masampat,masampat,mas+ampat,masampat,masampat,mas+ampat,masampat,masampat,mas+ampat,masampat,masampat,mas+am+pat,masampat,masampat,mas+ampat,masampat,masampat,mas+amp+at,,,
masayang,prefixation,ma+sayang,mas+ayang,masayang,masayang,mas+a+yang,mas+ayang,mas+ayang,ma+sayang,ma+sayang,ma+sayang,ma+sayang,ma+sayang,ma+sayang,ma+sayang,ma+sayang,ma+sayang,ma+sayang,ma+sayang,ma+sayang,masa+yang,masa+yang,masa+yang,ma+sayang,ma+sayang,ma+sayang,masaya+ng,,,
magligtas,prefixation,mag+ligtas,mag+ligtas,mag+ligtas,magligtas,mag+ligtas,mag+ligtas,mag+ligtas,mag+ligtas,mag+ligtas,mag+ligtas,mag+ligtas,mag+ligtas,mag+ligtas,mag+ligtas,mag+ligtas,mag+ligtas,mag+ligtas,mag+ligtas,mag+ligtas,mag+ligtas,mag+ligtas,mag+ligtas,mag+ligtas,mag+ligtas,mag+ligtas,mag+ligtas,,,
matuang,prefixation,ma+tuang,matuang,matuang,matuang,matuang,matuang,matuang,matuang,matuang,matuang,matuang,matuang,matuang,matuang,matuang,matuang,matuang,matuang,matuang,matuang,matuang,matuang,matuang,matuang,matuang,matuang,,,
pangatau,prefixation,pang+atau,pangatau,pangatau,pangatau,pangatau,pangatau,pangatau,pangatau,pangatau,pangatau,pangatau,pangatau,pangatau,pangatau,pangatau,pangatau,pangatau,pangatau,pangatau,pangatau,pangatau,pangatau,pangatau,pangatau,pangatau,pangatau,,,
patugut,prefixation,pa+tugut,patugut,patugut,patugut,patugut,patugut,patugut,patugut,patugut,patugut,patugut,patugut,patugut,patugut,patugut,patugut,patugut,patugut,patugut,patugut,patugut,patugut,patugut,patugut,patugut,patugut,,,
mabayat,prefixation,ma+bayat,mabayat,mabayat,mabayat,mabayat,mabayat,mabayat,mabayat,mabayat,mabayat,mabayat,mabayat,mabayat,mabayat,mabayat,mabayat,mabayat,mabayat,mabayat,mabayat,mabayat,mabayat,mabayat,mabayat,mabayat,mabayat,,,
malalam,prefixation,ma+lalam,malalam,malalam,malalam,mal+alam,mal+alam,mal+alam,mal+alam,mal+alam,mal+alam,mal+alam,mal+alam,mal+alam,mal+alam,mal+alam,mal+alam,ma+lalam,ma+lalam,ma+lalam,ma+lala+m,ma+lala+m,malala+m,ma+lalam,ma+lalam,ma+lalam,ma+lalam,,,
mapilan,prefixation,ma+pilan,mapilan,mapilan,mapilan,mapilan,mapilan,mapilan,mapilan,mapilan,mapilan,mapilan,mapilan,mapilan,mapilan,mapilan,mapilan,mapilan,mapilan,mapilan,mapilan,mapilan,mapilan,mapilan,mapilan,mapilan,mapilan,,,
pakakalulu,prefixation,pa+kakalulu,paka+kalulu,paka+kalulu,pakakalulu,paka+kal+ulu,pakakal+ulu,pakakalulu,paka+kal+ulu,pakakal+ulu,pakakalulu,paka+kalulu,paka+kalulu,pakakalulu,paka+kalulu,paka+kalulu,pakakalulu,paka+ka+lulu,pakaka+lulu,pakakalulu,paka+kalulu,paka+kalulu,pakakalulu,paka+ka+lulu,paka+ka+lulu,pakakalulu,pakakalulu,,,
panata,prefixation,panata,pan+ata,pan+ata,panata,pan+ata,pan+ata,pan+ata,pan+ata,pan+ata,pan+ata,pan+ata,pan+ata,pan+ata,pan+ata,pan+ata,pan+ata,pan+ata,pan+ata,pan+ata,pan+ata,pan+ata,pan+ata,p+an+ata,p+an+ata,p+an+ata,pan+at+a,,,
pisali,prefixation,pi+sali,pis+ali,pis+ali,pisali,pis+ali,pis+ali,pisali,pis+ali,pisali,pisali,pis+ali,pisali,pisali,pis+ali,pisali,pisali,pis+ali,pisali,pisali,pis+ali,pisali,pisali,pis+ali,pis+ali,pisali,pisali,,,
makatungkul,prefixation,maka+tungkul,makat+ungkul,makat+ungkul,makatungkul,makat+ungkul,makat+ungkul,makat+ungkul,makat+ungkul,makat+ungkul,makat+ungkul,makat+ungkul,makat+ungkul,makat+ungkul,maka+tungkul,maka+tungkul,maka+tungkul,maka+tungkul,maka+tungkul,maka+tungkul,maka+tungkul,maka+tungkul,maka+tungkul,maka+tungkul,maka+tungkul,maka+tungkul,maka+tungkul,,,
mapalyari,prefixation,ma+palyari,mapal+yari,mapalyari,mapalyari,mapal+yari,mapalyari,mapalyari,mapal+yari,mapalyari,mapalyari,mapal+yari,mapalyari,mapalyari,mapal+yari,mapalyari,mapalyari,mapal+yari,mapalyari,mapalyari,mapal+yari,mapalyari,mapalyari,ma+palyari,mapalyari,mapalyari,mapalyari,,,
panugali,prefixation,pan+ugali,pan+ugali,panugali,panugali,pan+ugali,panugali,panugali,pan+ugali,panugali,panugali,pan+ugali,panugali,panugali,pan+ugali,panugali,panugali,pan+ugali,panugali,panugali,pan+ugali,panugali,panugali,p+an+ugali,panugali,panugali,panugali,,,
magbalik,prefixation,mag+balik,mag+balik,magbalik,magbalik,mag+balik,mag+balik,mag+balik,mag+balik,mag+balik,mag+balik,mag+balik,mag+balik,mag+balik,mag+balik,mag+balik,mag+balik,mag+balik,mag+balik,mag+balik,mag+balik,mag+balik,mag+balik,mag+balik,mag+balik,mag+balik,magbalik,,,
makasumami,prefixation,maka+sumami,makas+um+ami,makas+um+ami,makas+um+ami,maka+sum+ami,maka+sum+ami,maka+sum+ami,maka+s+um+ami,maka+s+um+ami,makas+um+ami,maka+s+um+ami,maka+s+um+ami,makas+um+ami,maka+s+um+ami,maka+s+um+ami,makas+um+ami,maka+s+um+ami,maka+s+um+ami,makas+um+ami,maka+s+um+ami,maka+s+um+ami,maka+s+um+ami,maka+su+mam+i,maka+su+mam+i,maka+su+mami,maka+suma+mi,,,
malating,prefixation,ma+lating,malating,malating,malating,malating,malating,malating,malating,malating,malating,malating,malating,malating,malating,malating,malating,malating,malating,malating,malating,malating,malating,malating,malating,malating,malating,,,
maldang,prefixation,ma+ldang,mal+dang,maldang,maldang,mal+dang,maldang,maldang,mal+dang,maldang,maldang,mal+dang,maldang,maldang,mal+dang,maldang,maldang,mal+dang,maldang,maldang,mal+d+ang,mal+d+ang,maldang,mal+dang,maldang,maldang,malda+ng,,,
mangmang,prefixation,mang+mang,mang+mang,mang+mang,mangmang,mang+mang,mangmang,mangmang,mang+mang,mangmang,mangmang,mang+mang,mangmang,mangmang,mang+mang,mangmang,mangmang,mang+mang,mangmang,mangmang,mang+mang,mangmang,mangmang,mang+mang,mangmang,mangmang,mang+mang,,,
maybug,prefixation,ma+ybug,may+bug,may+bug,maybug,may+bug,may+bug,maybug,may+bug,may+bug,maybug,may+bug,may+bug,maybug,may+bug,may+bug,maybug,may+bug,may+bug,maybug,may+bug,may+bug,maybug,may+bug,may+bug,maybug,may+bug,,,
palalu,prefixation,pa+lalu,pal+alu,pal+alu,palalu,pal+alu,pal+alu,pal+alu,pal+alu,pal+alu,pal+alu,pal+alu,pal+alu,pal+alu,pal+alu,pal+alu,pal+alu,pa+lalu,pa+lalu,pa+lalu,pa+lalu,pa+lalu,pa+lalu,pa+lalu,pa+lalu,pa+lalu,pa+lalu,,,
palang,prefixation,pa+lang,p+alang,palang,palang,p+alang,palang,palang,p+alang,palang,palang,p+alang,palang,palang,p+alang,palang,palang,p+alang,palang,palang,p+alang,p+alang,palang,pa+lang,pa+lang,palang,pa+lang,,,
pansin,prefixation,pa+nsin,pan+sin,pansin,pansin,pan+sin,pansin,pansin,pans+in,pansin,pansin,pansin,pansin,pansin,pansin,pansin,pansin,pansin,pansin,pansin,pansin,pansin,pansin,pansin,pansin,pansin,pansin,,,
payapa,prefixation,payapa,paya+pa,payapa,payapa,paya+pa,payapa,payapa,paya+pa,payapa,payapa,paya+pa,payapa,payapa,paya+pa,payapa,payapa,pa+ya+pa,payapa,payapa,pa+ya+pa,paya+pa,payapa,paya+pa,payapa,payapa,payapa,,,
mababa,prefixation,ma+baba,mab+aba,mababa,mababa,mab+aba,mababa,mababa,ma+baba,mababa,mababa,ma+baba,mababa,mababa,mababa,mababa,mababa,mababa,mababa,mababa,mababa,mababa,mababa,mababa,mababa,mababa,mababa,,,
makibat,prefixation,ma+kibat,mak+ibat,mak+ibat,makibat,mak+ibat,mak+ibat,makibat,mak+ibat,mak+ibat,makibat,mak+ibat,mak+ibat,makibat,ma+kibat,ma+kibat,makibat,maki+bat,maki+bat,makibat,maki+bat,maki+bat,makibat,maki+bat,maki+bat,makibat,maki+bat,,,
mangarawak,prefixation,mang+arawak,mangar+awak,mangar+awak,mangarawak,mangar+awak,mangar+awak,mangarawak,mangar+aw+ak,mangar+awak,mangarawak,mang+ar+aw+ak,mang+ar+awak,mangarawak,mang+ar+aw+ak,mang+ar+awak,mangarawak,mang+ara+wak,mang+ara+wak,mangarawak,mang+ara+wak,mang+ara+wak,mangarawak,manga+rawak,manga+rawak,mangarawak,mang+arawak,,,
mangatas,prefixation,mang+atas,mang+atas,mang+atas,mangatas,mang+atas,mang+atas,mangatas,mang+atas,mang+atas,mangatas,mang+atas,mang+atas,mangatas,mang+atas,mang+atas,mangatas,mang+atas,mang+atas,mangatas,mangat+as,mangat+as,mangatas,mangat+as,mangat+as,mangatas,manga+tas,,,
marinat,prefixation,ma+rinat,mar+inat,marinat,marinat,mar+inat,marinat,marinat,mar+inat,marinat,marinat,marin+at,marinat,marinat,marin+at,marinat,marinat,marin+at,marinat,marinat,marin+at,marinat,marinat,marin+at,marinat,marinat,marinat,,,
masakit,prefixation,ma+sakit,masakit,masakit,masakit,masakit,masakit,masakit,masakit,masakit,masakit,masakit,masakit,masakit,masakit,masakit,masakit,masakit,masakit,masakit,masakit,masakit,masakit,masakit,masakit,masakit,ma+sakit,,,
masalese,prefixation,ma+salese,masalese,masalese,masalese,mas+al+ese,mas+al+ese,masal+ese,ma+salese,ma+salese,ma+salese,ma+salese,ma+salese,ma+salese,ma+salese,ma+salese,ma+salese,ma+salese,ma+salese,ma+salese,ma+salese,ma+salese,ma+salese,ma+salese,ma+salese,ma+salese,masalese,,,
masant,prefixation,ma+sant,mas+ant,mas+ant,mas+ant,mas+ant,mas+ant,mas+ant,mas+ant,mas+ant,mas+ant,mas+ant,mas+ant,mas+ant,mas+ant,mas+ant,mas+ant,mas+ant,mas+ant,mas+ant,mas+ant,mas+ant,masant,mas+ant,mas+ant,mas+ant,mas+an+t,,,
maslag,prefixation,ma+slag,mas+lag,maslag,maslag,mas+lag,maslag,maslag,mas+lag,maslag,maslag,mas+lag,maslag,maslag,mas+lag,maslag,maslag,mas+lag,maslag,maslag,mas+lag,maslag,maslag,mas+lag,maslag,maslag,m+aslag,,,
pagkalub,prefixation,pa+gkalub,pag+kalub,pag+kalub,pagkalub,pag+kalub,pag+kalub,pagkalub,pag+kalub,pag+kalub,pagkalub,pag+kalub,pag+kalub,pagkalub,pag+kalub,pag+kalub,pagkalub,pagka+lub,pagkalub,pagkalub,pagka+lub,pagka+lub,pagkalub,pagka+lub,pagkalub,pagkalub,pagkalub,,,
pagsalbat,prefixation,pa+gsalbat,pag+sal+bat,pag+sal+bat,pagsalbat,pag+sal+bat,pag+salbat,pagsalbat,pag+sal+bat,pag+salbat,pagsalbat,pag+sal+bat,pag+salbat,pagsalbat,pag+sal+bat,pag+salbat,pagsalbat,pag+sal+bat,pag+salbat,pagsalbat,pag+sal+bat,pag+salbat,pagsalbat,pag+sal+bat,pag+salbat,pagsalbat,p+agsalbat,,,
paralan,prefixation,pa+ralan,paralan,paralan,paralan,paralan,paralan,paralan,paralan,paralan,paralan,paralan,paralan,paralan,paralan,paralan,paralan,paralan,paralan,paralan,paralan,paralan,paralan,paralan,paralan,paralan,paralan,,,
pastul,prefixation,pastul,pas+tul,pastul,pastul,pas+tul,pastul,pastul,pas+tul,pastul,pastul,past+ul,pastul,pastul,past+ul,pastul,pastul,pas+tul,pastul,pastul,pa+st+ul,pastul,pastul,pas+tul,pastul,pastul,pastul,,,
malutu,prefixation,ma+lutu,mal+utu,malutu,malutu,mal+utu,malutu,malutu,mal+utu,malutu,malutu,mal+utu,malutu,malutu,malu+tu,malutu,malutu,malutu,malutu,malutu,malutu,malutu,malutu,malutu,malutu,malutu,malutu,,,
manalo,prefixation,ma+nalo,man+alo,man+alo,man+alo,man+alo,man+alo,man+alo,man+alo,man+alo,man+alo,man+alo,man+alo,man+alo,man+alo,man+alo,man+alo,man+alo,man+alo,man+alo,man+alo,man+alo,man+alo,man+alo,man+alo,man+alo,man+a+lo,,,
mangalati,prefixation,mang+alati,mangal+ati,mangal+ati,mangalati,mangal+ati,mangal+ati,mangalati,mangal+ati,mangal+ati,mangalati,mangal+ati,mangal+ati,mangalati,mangal+ati,mangal+ati,mangalati,mangala+ti,mangala+ti,mangalati,mangala+ti,mangala+ti,mangalati,mangala+ti,mangala+ti,mangalati,mangalati,,,
mapaling,prefixation,ma+paling,map+aling,map+aling,mapaling,map+aling,mapaling,mapaling,mapal+ing,mapaling,mapaling,mapal+ing,mapaling,mapaling,mapal+ing,mapaling,mapaling,mapal+ing,mapaling,mapaling,ma+pali+ng,mapali+ng,mapaling,ma+pali+ng,ma+pali+ng,mapaling,mapa+ling,,,
matatag,prefixation,ma+tatag,mat+atag,mat+atag,matatag,mat+atag,matatag,matatag,mat+atag,matatag,matatag,mat+atag,matatag,matatag,mat+atag,matatag,matatag,mat+atag,matatag,matatag,mat+atag,mat+atag,matatag,mat+atag,matatag,matatag,ma+tatag,,,
mayumu,prefixation,ma+yumu,mayu+mu,mayumu,mayumu,mayu+mu,mayu+mu,mayu+mu,mayu+mu,mayu+mu,mayu+mu,mayu+mu,mayu+mu,mayu+mu,mayu+mu,mayu+mu,mayu+mu,ma+yu+mu,mayu+mu,mayu+mu,mayu+mu,mayu+mu,mayu+mu,mayu+mu,mayu+mu,mayu+mu,mayumu,,,
parati,prefixation,pa+rati,parati,parati,parati,parati,parati,parati,parati,parati,parati,parati,parati,parati,parati,parati,parati,parati,parati,parati,parati,parati,parati,parati,parati,parati,parati,,,
ipagamuamu,prefixation,ipa+gamuamu,ipag+amu+amu,ipag+amuamu,ipag+amuamu,ipag+amu+amu,ipag+amuamu,ipag+amuamu,ipag+amu+amu,ipag+amuamu,ipag+amuamu,ipag+amu+amu,ipag+amuamu,ipag+amuamu,ipag+amu+amu,ipag+amuamu,ipag+amuamu,ipag+amu+amu,ipag+amuamu,ipag+amuamu,ipag+amu+amu,ipag+amu+amu,ipag+amuamu,ipag+amu+amu,ipag+amu+amu,ipag+amuamu,ipa+gamuamu,,,
makimut,prefixation,ma+kimut,mak+imut,mak+imut,mak+imut,mak+imut,mak+imut,mak+imut,mak+imut,mak+imut,mak+imut,mak+imut,mak+imut,mak+imut,maki+mut,maki+mut,maki+mut,maki+mut,maki+mut,maki+mut,maki+mut,maki+mut,maki+mut,maki+mut,maki+mut,maki+mut,ma+kimut,,,
makudta,prefixation,ma+kudta,mak+ud+ta,mak+udta,makudta,mak+udta,mak+udta,makudta,ma+kud+ta,ma+kud+ta,makudta,ma+kud+ta,ma+kud+ta,makudta,ma+kud+ta,ma+kud+ta,makudta,ma+kud+ta,ma+kud+ta,makudta,ma+kud+ta,ma+kud+ta,makudta,ma+kud+ta,ma+kud+ta,makudta,ma+kudta,,,
malale,prefixation,ma+lale,mal+ale,mal+ale,malale,mal+ale,mal+ale,malale,mal+ale,mal+ale,malale,mal+ale,mal+ale,malale,mal+ale,mal+ale,malale,ma+la+le,mala+le,malale,ma+la+le,ma+la+le,malale,ma+la+le,ma+la+le,malale,mala+le,,,
manenaya,prefixation,man+enaya,man+en+aya,man+enaya,manenaya,man+en+aya,man+enaya,manenaya,man+en+aya,man+enaya,manenaya,man+en+aya,man+enaya,manenaya,man+en+aya,man+enaya,manenaya,man+ena+ya,man+enaya,manenaya,man+en+aya,manen+aya,manenaya,man+en+aya,man+en+aya,manenaya,manenaya,,,
matalik,prefixation,ma+talik,mat+alik,mat+alik,matalik,mat+alik,mat+alik,mat+alik,mat+alik,mat+alik,mat+alik,mat+alik,mat+alik,mat+alik,mat+alik,mat+alik,mat+alik,mat+alik,mat+alik,mat+alik,mat+alik,mat+alik,mat+alik,mat+alik,mat+alik,mat+alik,ma+talik,,,
miglalang,prefixation,mig+lalang,mig+lalang,mig+lalang,miglalang,mig+lalang,mig+lalang,mig+lalang,mig+lalang,mig+lalang,mig+lalang,mig+lalang,mig+lalang,mig+lalang,mig+lalang,mig+lalang,mig+lalang,mig+lalang,mig+lalang,mig+lalang,mig+lalang,mig+lalang,mig+lalang,mig+lalang,mig+lalang,mig+lalang,miglala+ng,,,
pampanga,prefixation,pam+panga,pampang+a,pampang+a,pampang+a,pam+panga,pam+panga,pam+panga,pam+panga,pam+panga,pam+panga,pam+panga,pam+panga,pam+panga,pam+panga,pam+panga,pam+panga,pam+panga,pam+panga,pam+panga,pam+panga,pam+panga,pam+panga,pam+panga,pam+panga,pam+panga,pampang+a,,,
pangamate,prefixation,panga+mate,pang+amate,pangamate,pangamate,pang+amate,pangamate,pangamate,pang+amate,pangamate,pangamate,pang+amate,pangamate,pangamate,pang+amate,pangamate,pangamate,pang+amate,pangamate,pangamate,pang+amate,pangamate,pangamate,pang+amate,pangamate,pangamate,panga+mate,,,
pantas,prefixation,pantas,pant+as,pantas,pantas,pan+tas,pan+tas,pan+tas,pan+tas,pan+tas,pan+tas,pan+tas,pan+tas,pan+tas,pan+tas,pan+tas,pan+tas,pan+tas,pan+tas,pan+tas,pan+tas,pan+tas,pan+tas,panta+s,panta+s,panta+s,pan+tas,,,
ipasiag,prefixation,ipa+siag,ip+asi+ag,ip+asiag,ip+asiag,ip+asi+ag,ip+asi+ag,ip+asiag,ip+asi+ag,ip+asi+ag,ip+asiag,ipa+siag,ipa+siag,ipa+siag,i+pasi+ag,i+pasiag,i+pasiag,i+pasi+ag,i+pasiag,i+pasiag,i+pasi+ag,i+pasi+ag,i+pasiag,i+pasi+ag,i+pasi+ag,i+pasiag,i+pasiag,,,
mangalambut,prefixation,mang+alambut,mangal+ambut,mangal+ambut,mangal+ambut,mangal+ambut,mangal+ambut,mangal+ambut,mangal+ambut,mangal+ambut,mangal+ambut,mangal+ambut,mangal+ambut,mangal+ambut,mangal+ambut,mangal+ambut,mangal+ambut,mangala+m+but,mangala+m+but,mangala+mbut,mang+alam+but,mang+alam+but,mang+alambut,mangala+m+but,mangala+m+but,mangala+m+but,manga+lambut,,,
maniaman,prefixation,man+iaman,mani+aman,mani+aman,maniaman,mani+aman,maniaman,maniaman,mani+aman,maniaman,maniaman,mani+aman,maniaman,maniaman,mani+aman,maniaman,maniaman,mani+aman,maniaman,maniaman,mani+aman,mani+aman,maniaman,mani+aman,mani+aman,maniaman,maniaman,,,
mantabe,prefixation,man+tabe,man+t+abe,mant+abe,mantabe,man+t+abe,mant+abe,mantabe,man+t+abe,mant+abe,mantabe,man+tabe,man+tabe,mantabe,man+tabe,man+tabe,mantabe,man+tabe,man+tabe,mantabe,man+tabe,man+tabe,mantabe,man+ta+be,man+tabe,mantabe,m+antabe,,,
mengari,prefixation,men+gari,meng+ari,meng+ari,mengari,meng+ari,meng+ari,meng+ari,meng+ari,meng+ari,meng+ari,meng+ari,meng+ari,meng+ari,meng+ari,meng+ari,meng+ari,meng+ari,meng+ari,meng+ari,meng+ari,meng+ari,meng+ari,me+ng+ari,me+ng+ari,me+ng+ari,menga+ri,,,
malipul,prefixation,ma+lipul,mal+ip+ul,mal+ip+ul,mal+ipul,mal+ip+ul,mal+ip+ul,mal+ipul,mal+ip+ul,mal+ip+ul,mal+ip+ul,mal+ip+ul,mal+ip+ul,mal+ip+ul,mal+ip+ul,mal+ip+ul,mal+ip+ul,m+ali+pul,m+ali+pul,m+ali+pul,mali+pul,mali+pul,mali+pul,mali+pul,mali+pul,mali+pul,mali+pul,,,
malunus,prefixation,ma+lunus,mal+unus,mal+unus,malunus,mal+un+us,mal+unus,mal+unus,mal+un+us,mal+un+us,mal+unus,mal+un+us,mal+unus,mal+unus,mal+un+us,mal+unus,mal+unus,mal+un+us,mal+un+us,mal+unus,mal+un+us,mal+unus,mal+unus,mal+un+us,mal+un+us,malun+us,ma+lunus,,,
mangga,prefixation,ma+ngga,mangga,mangga,mangga,mangga,mangga,mangga,mangga,mangga,mangga,mangga,mangga,mangga,mangga,mangga,mangga,mangga,mangga,mangga,mangga,mangga,mangga,mangga,mangga,mangga,mangga,,,
marapat,prefixation,ma+rapat,mar+apat,marapat,marapat,mar+apat,marapat,marapat,ma+rapat,marapat,marapat,ma+rapat,marapat,marapat,mara+pat,marapat,marapat,ma+rapat,marapat,marapat,ma+rapat,marapat,marapat,ma+rapat,marapat,marapat,m+arapat,,,
masias,prefixation,ma+sias,mas+ias,mas+ias,masias,masi+as,masi+as,masias,mas+ias,mas+ias,masias,masi+as,masi+as,masias,ma+si+as,masi+as,masias,ma+sias,ma+sias,masias,ma+si+as,ma+sias,masias,ma+sias,ma+sias,masias,mas+ias,,,
mekamate,prefixation,meka+mate,me+kamat+e,me+kamat+e,me+kamate,me+kamat+e,me+kamat+e,me+kamat+e,meka+mate,meka+mate,meka+mate,meka+mate,meka+mate,meka+mate,meka+mate,meka+mate,meka+mate,meka+mate,meka+mate,meka+mate,meka+mat+e,meka+mat+e,meka+mat+e,meka+mate,meka+mate,meka+mate,meka+mate,,,
patingapun,prefixation,pa+tingapun,pat+ing+apun,pat+ing+apun,patingapun,pat+ing+apun,pating+apun,patingapun,pat+ing+apun,pating+apun,patingapun,pat+ing+apun,pating+apun,patingapun,pat+ing+apun,pating+apun,patingapun,pat+ing+apun,pating+apun,patingapun,pati+ng+apun,pati+ng+apun,patingapun,pati+ng+apun,pati+ng+apun,patingapun,patingapun,,,
pibatan,prefixation,pi+bata+n,p+ibatan,p+ibatan,pibatan,p+ibatan,p+ibatan,p+ibatan,p+ibat+an,p+ibat+an,p+ibat+an,p+ibat+an,p+ibat+an,p+ibat+an,p+ibat+an,p+ibat+an,p+ibat+an,pi+bat+an,pi+bat+an,pi+bat+an,pi+bat+an,pi+bat+an,pi+bat+an,pi+batan,pi+batan,pi+batan,pibata+n,,,
magbili,prefixation,mag+bili,mag+bili,mag+bili,mag+bili,mag+bili,mag+bili,mag+bili,mag+bili,mag+bili,mag+bili,mag+bili,mag+bili,mag+bili,mag+bili,mag+bili,mag+bili,mag+bili,mag+bili,mag+bili,mag+bili,mag+bili,mag+bili,mag+bili,mag+bili,mag+bili,mag+bili,,,
makasulat,prefixation,maka+sulat,makasulat,makasulat,makasulat,maka+sulat,maka+sulat,maka+sulat,maka+sulat,maka+sulat,maka+sulat,maka+sulat,maka+sulat,maka+sulat,maka+sulat,maka+sulat,maka+sulat,maka+sulat,maka+sulat,maka+sulat,maka+sulat,maka+sulat,maka+sulat,maka+sulat,maka+sulat,maka+sulat,ma+kasulat,,,
makibalu,prefixation,ma+kibalu,makib+alu,makib+alu,makibalu,mak+ib+alu,mak+ib+alu,mak+ib+alu,maki+balu,maki+balu,maki+balu,maki+balu,maki+balu,maki+balu,maki+balu,maki+balu,maki+balu,maki+balu,maki+balu,maki+balu,maki+balu,maki+balu,maki+balu,maki+balu,maki+balu,maki+balu,maki+balu,,,
makule,prefixation,ma+kule,mak+ule,mak+ule,makule,mak+ule,mak+ule,makule,mak+ule,mak+ule,makule,ma+kule,ma+kule,makule,ma+kule,ma+kule,makule,ma+kule,ma+kule,makule,ma+kule,ma+kule,makule,ma+ku+le,ma+ku+le,makule,ma+kule,,,
malambut,prefixation,ma+lambut,mal+ambut,mal+ambut,malambut,mal+ambut,mal+ambut,malambut,mal+ambut,mal+ambut,malambut,mal+ambut,mal+ambut,malambut,mal+ambut,mal+ambut,malambut,ma+lam+but,ma+lambut,malambut,ma+lam+but,ma+lam+but,malambut,ma+lam+but,ma+lambut,malambut,ma+lambut,,,
malungkut,prefixation,ma+lungkut,mal+ungkut,mal+ungkut,malungkut,mal+ung+kut,mal+ung+kut,mal+ung+kut,mal+ung+kut,mal+ung+kut,mal+ung+kut,mal+ung+kut,mal+ung+kut,mal+ung+kut,mal+ung+kut,mal+ung+kut,mal+ung+kut,mal+ung+kut,mal+ung+kut,mal+ung+kut,mal+ung+kut,mal+ung+kut,mal+ung+kut,mal+ung+kut,mal+ung+kut,mal+ung+kut,ma+lungkut,,,
manganak,prefixation,mang+anak,mangan+ak,mangan+ak,manganak,mang+anak,mang+anak,mang+anak,mang+anak,mang+anak,mang+anak,mang+anak,mang+anak,mang+anak,mang+anak,mang+anak,mang+anak,mang+anak,mang+anak,mang+anak,mang+anak,mang+anak,mang+anak,mangan+ak,mangan+ak,mangan+ak,mang+anak,,,
marangal,prefixation,ma+rangal,marang+al,marangal,marangal,marangal,marangal,marangal,marangal,marangal,marangal,marangal,marangal,marangal,marangal,marangal,marangal,marangal,marangal,marangal,marangal,marangal,marangal,marang+al,marangal,marangal,marangal,,,
masipag,prefixation,ma+sipag,mas+ipag,mas+ipag,masipag,mas+ipag,mas+ipag,mas+ipag,mas+ipag,mas+ipag,mas+ipag,ma+sipag,ma+sipag,ma+sipag,ma+si+pag,ma+sipag,ma+sipag,ma+sipag,ma+sipag,ma+sipag,ma+si+pag,ma+sipag,ma+sipag,ma+si+pag,ma+si+pag,ma+sipag,ma+sipag,,,
matuling,prefixation,ma+tuling,mat+uling,matuling,matuling,mat+uling,matuling,matuling,mat+uling,matuling,matuling,mat+uling,matuling,matuling,mat+uling,matuling,matuling,mat+uling,matuling,matuling,mat+uli+ng,matuling,matuling,mat+uli+ng,matuling,matuling,matuli+ng,,,
menalig,prefixation,men+alig,men+alig,men+alig,men+alig,men+alig,men+alig,men+alig,men+alig,men+alig,men+alig,men+alig,men+alig,men+alig,men+alig,men+alig,men+alig,men+alig,men+alig,men+alig,men+alig,men+alig,men+alig,men+alig,men+alig,men+alig,me+na+lig,,,
menatili,prefixation,men+atili,men+atili,men+atili,menatili,men+atili,menatili,menatili,men+atili,menatili,menatili,men+atili,menatili,menatili,men+atili,menatili,menatili,men+atili,menatili,menatili,men+atili,menatili,menatili,men+atili,men+atili,menatili,menatili,,,
pakakak,prefixation,pa+kakak,paka+ka+k,paka+kak,pakakak,paka+ka+k,paka+ka+k,paka+kak,paka+ka+k,paka+kak,paka+kak,paka+ka+k,paka+ka+k,paka+kak,paka+ka+k,paka+ka+k,paka+kak,paka+ka+k,pakaka+k,pakaka+k,paka+ka+k,paka+ka+k,paka+kak,paka+ka+k,paka+ka+k,pakaka+k,paka+ka+k,,,
pakibat,prefixation,pa+kibat,pakibat,pakibat,pakibat,pakibat,pakibat,pakibat,pakibat,pakibat,pakibat,pakibat,pakibat,pakibat,pakibat,pakibat,pakibat,pakibat,pakibat,pakibat,pakibat,pakibat,pakibat,pakibat,pakibat,pakibat,pakibat,,,
paldas,prefixation,pa+ldas,pal+das,pal+das,paldas,pal+das,paldas,paldas,pal+das,paldas,paldas,pal+das,paldas,paldas,pal+das,paldas,paldas,pal+das,paldas,paldas,pal+das,pal+das,paldas,pal+das,pal+das,paldas,paldas,,,
pamisip,prefixation,pam+isip,pamisip,pamisip,pamisip,pamisip,pamisip,pamisip,pamisip,pamisip,pamisip,pamisip,pamisip,pamisip,pamisip,pamisip,pamisip,pamisip,pamisip,pamisip,pamisip,pamisip,pamisip,pamisip,pamisip,pamisip,pamisip,,,
pampang,prefixation,pam+pang,pampang,pampang,pampang,pam+pang,pam+pang,pampang,pam+pang,pam+pang,pam+pang,pam+pang,pam+pang,pam+pang,pam+pang,pam+pang,pam+pang,pam+pang,pam+pang,pam+pang,pampang,pampang,pampang,pam+pang,pam+pang,pam+pang,pampang,,,
pilipinas,prefixation,pi+lipinas,p+ilip+inas,p+ilip+inas,p+ilip+inas,p+ilipinas,p+ilipinas,p+ilipinas,p+ilipinas,p+ilipinas,p+ilipinas,p+ilipinas,p+ilipinas,p+ilipinas,p+ilipin+as,p+ilipin+as,p+ilipin+as,pili+pin+as,pili+pin+as,pili+pin+as,pili+pinas,pili+pinas,pili+pinas,pi+lipin+as,pi+lipin+as,pi+lipin+as,pi+li+pin+as,,,
mabilis,prefixation,ma+bilis,mabilis,mabilis,mabilis,mab+ilis,mab+ilis,mab+ilis,ma+bilis,ma+bilis,ma+bilis,ma+bilis,ma+bilis,ma+bilis,ma+bilis,ma+bilis,ma+bilis,ma+bilis,ma+bilis,ma+bilis,ma+bilis,ma+bilis,ma+bilis,ma+bilis,ma+bilis,ma+bilis,mabilis,,,
magaral,prefixation,mag+aral,magaral,magaral,magaral,magaral,magaral,magaral,magaral,magaral,magaral,magaral,magaral,magaral,magaral,magaral,magaral,magaral,magaral,magaral,magaral,magaral,magaral,magaral,magaral,magaral,magaral,,,
malagwa,prefixation,ma+lagwa,malag+wa,malag+wa,malagwa,malag+wa,malag+wa,malagwa,malag+wa,malag+wa,malagwa,malag+wa,malag+wa,malagwa,malag+wa,malag+wa,malagwa,malag+wa,malag+wa,malagwa,ma+lag+wa,ma+lag+wa,malagwa,malag+wa,malag+wa,malagwa,malagwa,,,
malangi,prefixation,ma+langi,malang+i,malang+i,malangi,malang+i,malang+i,malangi,malang+i,malang+i,malangi,malang+i,malang+i,malangi,malang+i,malang+i,malangi,malang+i,malang+i,malangi,mal+ang+i,malang+i,malangi,ma+langi,ma+langi,malangi,malangi,,,
malino,prefixation,ma+lino,malino,malino,malino,mal+ino,mal+ino,mal+ino,mal+ino,mal+ino,mal+ino,mal+ino,mal+ino,mal+ino,mal+ino,mal+ino,mal+ino,mal+ino,mal+ino,mal+ino,mal+ino,mal+ino,mal+ino,mal+ino,mal+ino,mal+ino,malino,,,
mangamate,prefixation,mang+amate,mang+amate,mang+amate,mang+amate,mang+amate,mang+amate,mang+amate,mang+amate,mang+amate,mang+amate,mang+amate,mang+amate,mang+amate,mang+amate,mang+amate,mang+amate,mang+amate,mang+amate,mang+amate,mang+amate,mang+amate,mang+amate,mang+amate,mang+amate,mang+amate,manga+mate,,,
maniabing,prefixation,man+iabing,mani+abing,mani+abing,maniabing,mani+abing,mani+abing,maniabing,mani+abing,mani+abing,maniabing,mani+abing,mani+abing,maniabing,mania+bing,mania+bing,maniabing,mania+bing,mania+bing,maniabing,maniabi+ng,maniabi+ng,maniabing,maniabi+ng,maniabi+ng,maniabing,maniabi+ng,,,
maninap,prefixation,man+inap,man+inap,man+inap,maninap,man+inap,man+inap,maninap,man+inap,man+inap,maninap,man+inap,man+inap,maninap,man+inap,man+inap,maninap,man+inap,man+inap,maninap,man+inap,man+inap,maninap,man+inap,man+inap,maninap,mani+na+p,,,
manyawad,prefixation,man+yawad,man+ya+wad,manya+wad,manyawad,man+ya+wad,man+yawad,man+yawad,man+ya+wad,man+yawad,man+yawad,man+ya+wad,man+yawad,man+yawad,man+ya+wad,man+yawad,man+yawad,man+ya+wad,man+yawad,man+yawad,man+ya+wad,man+yawad,man+yawad,man+ya+wad,man+yawad,man+yawad,man+yawad,,,
mapait,prefixation,ma+pait,map+ait,map+ait,mapait,map+a+it,mapa+it,mapait,mapa+it,mapa+it,mapait,mapa+it,mapa+it,mapait,mapa+it,mapa+it,mapait,mapa+it,mapa+it,mapait,mapa+it,mapa+it,mapait,mapa+it,mapa+it,mapait,mapa+it,,,
mayubu,prefixation,ma+yubu,may+ubu,may+ubu,mayubu,may+ubu,may+ubu,may+ubu,mayu+bu,mayu+bu,mayu+bu,mayu+bu,mayu+bu,mayu+bu,mayu+bu,mayu+bu,mayu+bu,ma+yu+bu,ma+yubu,ma+yubu,mayu+bu,mayu+bu,mayu+bu,mayu+bu,mayu+bu,mayu+bu,ma+yu+bu,,,
pamilya,prefixation,pam+ilya,pamilya,pamilya,pamilya,pamilya,pamilya,pamilya,pamilya,pamilya,pamilya,pamilya,pamilya,pamilya,pamilya,pamilya,pamilya,pamilya,pamilya,pamilya,pamilya,pamilya,pamilya,pamilya,pamilya,pamilya,pamilya,,,
pangaku,prefixation,pan+gaku,pangaku,pangaku,pangaku,pangaku,pangaku,pangaku,pangaku,pangaku,pangaku,pangaku,pangaku,pangaku,pangaku,pangaku,pangaku,pangaku,pangaku,pangaku,pangaku,pangaku,pangaku,pangaku,pangaku,pangaku,pangaku,,,
pangaras,prefixation,pang+aras,pang+aras,pang+aras,pangaras,pang+aras,pang+aras,pangaras,pang+aras,pang+aras,pangaras,pang+aras,pang+aras,pangaras,pang+aras,pang+aras,pangaras,panga+ras,panga+ras,pangaras,panga+ras,panga+ras,pangaras,panga+ras,panga+ras,pangaras,panga+ras,,,
pasibayung,prefixation,pa+sibayung,pas+ib+ayung,pasibayung,pasibayung,pasib+ayung,pasibayung,pasibayung,pas+ib+ayung,pasibayung,pasibayung,pas+ib+ayung,pasibayung,pasibayung,pasi+bayung,pasibayung,pasibayung,pasi+bayung,pasibayung,pasibayung,pasi+bayung,pasibayung,pasibayung,pasi+bayung,pasibayung,pasibayung,pasibayu+ng,,,
patawad,prefixation,pa+tawad,pat+awad,pat+awad,patawad,pat+aw+ad,pat+aw+ad,pat+awad,pataw+ad,pataw+ad,pataw+ad,pataw+ad,pataw+ad,pataw+ad,pataw+ad,pataw+ad,pataw+ad,pat+awa+d,pat+awa+d,pat+awad,pat+awa+d,pat+awa+d,pat+awad,pat+awad,pat+awad,pat+awad,patawa+d,,,
ipaintulut,prefixation,ipa+intulut,ipa+int+ulut,ipa+int+ulut,ipa+intulut,ipa+int+ulut,ipa+int+ulut,ipaintulut,ipa+int+ulut,ipa+int+ulut,ipa+intulut,ipa+intulut,ipa+intulut,ipa+intulut,ipa+intulut,ipa+intulut,ipaintulut,ipa+intu+lut,ipa+intu+lut,ipaintulut,ipa+int+ulut,ipa+int+ulut,ipa+intulut,ipa+intu+lut,ipa+intu+lut,ipa+intulut,i+paintulut,,,
maestro,prefixation,maestro,ma+estro,ma+estro,ma+estro,ma+estro,ma+estro,ma+estro,ma+estro,ma+estro,ma+estro,ma+estro,ma+estro,ma+estro,ma+estro,ma+estro,ma+estro,ma+estro,ma+estro,ma+estro,ma+estro,ma+estro,ma+estro,ma+estro,ma+estro,ma+estro,ma+e+stro,,,
magari,prefixation,ma+gari,mag+ari,mag+ari,magari,mag+ari,mag+ari,mag+ari,mag+ari,mag+ari,mag+ari,mag+ari,mag+ari,mag+ari,mag+ari,mag+ari,mag+ari,mag+ari,mag+ari,mag+ari,mag+ari,mag+ari,mag+ari,mag+ari,mag+ari,mag+ari,mag+ari,,,
makalunus,prefixation,maka+lunus,makal+unus,makal+unus,makalunus,makal+un+us,makal+unus,makal+unus,makal+un+us,makal+un+us,makal+unus,makal+un+us,makal+unus,makal+unus,makal+un+us,makal+unus,makal+unus,maka+lunus,maka+lunus,maka+lunus,maka+lunus,maka+lunus,maka+lunus,maka+lunus,maka+lunus,maka+lunus,maka+lunus,,,
makasalikut,prefixation,maka+salikut,makas+alikut,makas+alikut,makasalikut,maka+salikut,maka+salikut,maka+salikut,maka+salikut,maka+salikut,maka+salikut,maka+salikut,maka+salikut,maka+salikut,maka+salikut,maka+salikut,maka+salikut,maka+salikut,maka+salikut,maka+salikut,maka+sali+kut,maka+salikut,maka+salikut,maka+salikut,maka+salikut,maka+salikut,maka+salikut,,,
mamintu,prefixation,mam+intu,mam+intu,mamintu,mamintu,mam+intu,mam+intu,mam+intu,mam+intu,mam+intu,mam+intu,mam+intu,mam+intu,mam+intu,mam+intu,mam+intu,mam+intu,mam+intu,mam+intu,mam+intu,mam+intu,mam+intu,mam+intu,mam+intu,mam+intu,mam+intu,mamintu,,,
manaliwang,prefixation,man+aliwang,man+aliwang,man+aliwang,man+aliwang,man+aliwang,man+aliwang,man+aliwang,man+aliwang,man+aliwang,man+aliwang,man+aliwang,man+aliwang,man+aliwang,man+aliwang,man+aliwang,man+aliwang,man+aliwang,man+aliwang,man+aliwang,man+ali+wang,man+ali+wang,man+ali+wang,man+aliwang,man+aliwang,man+aliwang,man+aliwang,,,
manyad,prefixation,ma+nyad,man+yad,man+yad,manyad,man+yad,man+yad,manyad,man+yad,man+yad,manyad,man+yad,man+yad,manyad,man+yad,man+yad,manyad,man+yad,man+yad,manyad,man+yad,man+yad,manyad,man+yad,man+yad,manyad,man+ya+d,,,
mapinu,prefixation,ma+pinu,map+inu,map+inu,mapinu,map+inu,map+inu,map+inu,ma+pin+u,ma+pin+u,ma+pinu,ma+pin+u,ma+pin+u,ma+pinu,ma+pin+u,ma+pinu,ma+pinu,ma+pin+u,ma+pin+u,ma+pinu,ma+pinu,ma+pinu,ma+pinu,ma+pinu,ma+pinu,ma+pinu,ma+pin+u,,,
masala,prefixation,ma+sala,masala,masala,masala,masala,masala,masala,masala,masala,masala,masala,masala,masala,masala,masala,masala,masala,masala,masala,masala,masala,masala,masala,masala,masala,masala,,,
masquil,prefixation,ma+squil,mas+qu+il,mas+qu+il,mas+quil,mas+qu+il,mas+quil,mas+quil,mas+qu+il,mas+quil,mas+quil,mas+qu+il,mas+quil,mas+quil,mas+qu+il,mas+quil,mas+quil,mas+qu+il,mas+qu+il,mas+quil,mas+qu+il,mas+quil,mas+quil,mas+qu+il,mas+qu+il,mas+quil,mas+qui+l,,,
mayakit,prefixation,ma+yakit,maya+kit,maya+kit,mayakit,maya+kit,maya+kit,mayakit,maya+kit,maya+kit,mayakit,maya+kit,maya+kit,mayakit,maya+kit,maya+kit,mayakit,maya+kit,maya+kit,mayakit,maya+kit,maya+kit,mayakit,maya+kit,maya+kit,mayakit,m+ayakit,,,
menalakad,prefixation,men+alakad,men+alakad,men+alakad,men+alakad,men+alakad,men+alakad,men+alakad,men+alakad,men+alakad,men+alakad,men+alakad,men+alakad,men+alakad,men+alakad,men+alakad,men+alakad,men+alakad,men+alakad,men+alakad,men+alakad,men+alakad,men+alakad,men+ala+kad,men+ala+kad,men+ala+kad,men+alakad,,,
meninap,prefixation,men+inap,men+inap,men+inap,men+inap,men+inap,men+inap,men+inap,men+inap,men+inap,men+inap,men+inap,men+inap,men+inap,men+inap,men+inap,men+inap,men+inap,men+inap,men+inap,men+inap,men+inap,men+inap,men+inap,men+inap,men+inap,men+in+ap,,,
migdala,prefixation,mig+dala,mig+dala,mig+dala,migdala,mig+dala,mig+dala,mig+dala,mig+dala,mig+dala,mig+dala,mig+dala,mig+dala,mig+dala,mig+dala,mig+dala,mig+dala,mig+dala,mig+dala,mig+dala,mig+dala,mig+dala,mig+dala,mig+dala,mig+dala,mig+dala,mig+dala,,,
pangaligtas,prefixation,panga+ligtas,pangal+igtas,pangal+igtas,pangal+igtas,pang+alig+tas,pang+alig+tas,pang+aligtas,pang+alig+tas,pang+alig+tas,pang+aligtas,pang+alig+tas,pang+alig+tas,pang+aligtas,pang+alig+tas,pang+alig+tas,pang+aligtas,pang+alig+tas,pang+alig+tas,pang+aligtas,pang+alig+tas,pang+alig+tas,pang+alig+tas,pang+alig+tas,pang+alig+tas,pang+alig+tas,panga+ligtas,,,
parusa,prefixation,pa+rusa,par+usa,parusa,parusa,par+usa,parusa,parusa,par+usa,parusa,parusa,par+usa,parusa,parusa,par+usa,parusa,parusa,pa+rusa,parusa,parusa,pa+rusa,parusa,parusa,paru+sa,parusa,parusa,parusa,,,
patutut,prefixation,pa+tutut,pat+ut+ut,pat+utut,pat+utut,pat+utut,pat+utut,pat+utut,pat+utut,pat+utut,pat+utut,pat+ut+ut,pat+utut,pat+utut,patu+tut,patu+tut,patu+tut,pat+utu+t,pat+utut,pat+utut,pat+utu+t,pat+utu+t,pat+utut,pat+utu+t,pat+utut,pat+utut,patutu+t,,,
manuknangan,prefixation+suffixation,man+uknang+an,manuknangan,manuknangan,manuknangan,manuknangan,manuknangan,manuknangan,manuknangan,manuknangan,manuknangan,manuknangan,manuknangan,manuknangan,manuknangan,manuknangan,manuknangan,manuknangan,manuknangan,manuknangan,manuknangan,manuknangan,manuknangan,manuknangan,manuknangan,manuknangan,manuknanga+n,,,
ingatan,prefixation+suffixation,ingat+an,ingatan,ingatan,ingatan,ingatan,ingatan,ingatan,ingatan,ingatan,ingatan,ingatan,ingatan,ingatan,ingatan,ingatan,ingatan,ingatan,ingatan,ingatan,ingatan,ingatan,ingatan,ingatan,ingatan,ingatan,ingatan,,,
menuknangan,prefixation+suffixation,men+uknang+an,men+uknangan,menuknangan,menuknangan,men+uknangan,menuknangan,menuknangan,men+uknangan,menuknangan,menuknangan,men+uknangan,menuknangan,menuknangan,men+uknangan,menuknangan,menuknangan,men+uknang+an,menuknangan,menuknangan,men+uknang+an,menuknangan,menuknangan,men+uknang+an,menuknangan,menuknangan,m+enuknangan,,,
pibandian,prefixation+suffixation,pi+bandi+an,pibandian,pibandian,pibandian,pib+and+ian,pib+and+ian,pib+and+ian,pib+and+ian,pib+and+ian,pib+and+ian,pib+and+ian,pib+and+ian,pib+and+ian,pib+and+ian,pib+and+ian,pib+and+ian,pi+bandi+an,pi+bandi+an,pi+bandi+an,pi+bandi+an,pi+bandi+an,pi+bandi+an,pi+bandi+an,pi+bandi+an,pi+bandi+an,pibandi+an,,,
menibatan,prefixation+suffixation,men+ibat+an,menibatan,menibatan,menibatan,menibatan,menibatan,menibatan,men+ibat+an,men+ibat+an,men+ibat+an,men+ibat+an,men+ibat+an,men+ibat+an,men+ibat+an,men+ibat+an,men+ibat+an,men+ibat+an,men+ibat+an,men+ibat+an,men+ibat+an,men+ibat+an,men+ibat+an,menibatan,menibatan,menibatan,me+nibatan,,,
manibatan,prefixation+suffixation,man+ibat+an,manibatan,manibatan,manibatan,manibat+an,manibat+an,manibat+an,manibat+an,manibat+an,manibat+an,manibat+an,manibat+an,manibat+an,manibat+an,manibat+an,manibat+an,manibat+an,manibat+an,manibat+an,manibat+an,manibat+an,manibat+an,manibat+an,manibat+an,manibat+an,manibat+an,,,
makanianman,prefixation+suffixation,maka+nianm+an,makanian+man,makanian+man,makanian+man,makanian+man,makanian+man,makanian+man,makanian+man,makanian+man,makanian+man,makanian+man,makanian+man,makanian+man,makanian+man,makanian+man,makanian+man,makanian+man,makanian+man,makanian+man,makan+ian+man,makan+ian+man,makan+ian+man,makanian+man,makanian+man,makanian+man,makanian+man,,,
macanian,prefixation+suffixation,ma+cani+an,macan+ian,macan+ian,macanian,ma+can+ian,macanian,macanian,macan+ian,macanian,macanian,macan+ian,macanian,macanian,macan+ian,macanian,macanian,mac+anian,macanian,macanian,mac+anian,macanian,macanian,mac+ani+an,macanian,macanian,maca+ni+an,,,
magkailangan,prefixation+suffixation,mag+kailangan,mag+kailangan,mag+kailangan,mag+kailangan,mag+kailangan,mag+kailangan,mag+kailangan,mag+kailangan,mag+kailangan,mag+kailangan,mag+kailangan,mag+kailangan,mag+kailangan,mag+kailangan,mag+kailangan,mag+kailangan,mag+kailangan,mag+kailangan,mag+kailangan,mag+ka+ilangan,magka+ilangan,magka+ilangan,mag+ka+ilangan,mag+ka+ilangan,magka+ilangan,mag+kailangan,,,
masikanan,prefixation+suffixation,ma+sikan+an,mas+ik+anan,mas+ik+anan,masikanan,masikan+an,masikan+an,masikan+an,masikan+an,masikan+an,masikan+an,masikan+an,masikan+an,masikan+an,masikan+an,masikan+an,masikan+an,masikan+an,masikan+an,masikan+an,masikan+an,masikan+an,masikan+an,masikan+an,masikan+an,masikan+an,masikan+an,,,
pisamban,prefixation+suffixation,pi+samb+an,pisamban,pisamban,pisamban,pisamban,pisamban,pisamban,pisamban,pisamban,pisamban,pisamban,pisamban,pisamban,pisamban,pisamban,pisamban,pisamban,pisamban,pisamban,pisamban,pisamban,pisamban,pisamban,pisamban,pisamban,pisamban,,,
pilubluban,prefixation+suffixation,pi+lublub+an,pil+ubluban,pilubluban,pilubluban,pil+ubluban,pilubluban,pilubluban,pilubluban,pilubluban,pilubluban,pilubluban,pilubluban,pilubluban,pilubluban,pilubluban,pilubluban,pilubluban,pilubluban,pilubluban,pilubluban,pilubluban,pilubluban,pi+lubluban,pilubluban,pilubluban,pilubluban,,,
pikakasaman,prefixation+suffixation,pi+kakasam+an,pika+kas+aman,pika+kas+aman,pika+kasaman,pika+kas+aman,pika+kas+aman,pika+kasaman,pika+kas+aman,pika+kas+aman,pika+kasaman,pika+kas+aman,pika+kas+aman,pika+kasaman,pi+ka+kas+aman,pika+kas+aman,pika+kasaman,pika+kas+aman,pika+kas+aman,pika+kasaman,pika+kas+aman,pika+kas+aman,pika+kasaman,pika+kas+aman,pika+kas+aman,pika+kasaman,pi+ka+kasama+n,,,
inatulan,prefixation+suffixation,i+natul+an,in+atulan,in+atulan,inatulan,inat+ulan,inat+ulan,inatulan,in+atul+an,in+atul+an,inatulan,in+atul+an,in+atul+an,inatulan,in+atul+an,in+atul+an,inatulan,in+atul+an,in+atul+an,inatulan,in+atul+an,in+atul+an,inatulan,inat+ul+an,inat+ul+an,inatulan,in+atulan,,,
pibandyan,prefixation+suffixation,pi+bandy+an,piband+yan,piband+yan,pibandyan,pib+and+yan,pib+and+yan,pibandyan,pib+and+yan,pib+and+yan,pibandyan,pib+and+yan,pib+and+yan,pibandyan,pib+and+yan,pib+and+yan,pibandyan,pi+band+yan,pi+band+yan,pibandyan,pi+ban+d+yan,pi+band+yan,pibandyan,pi+band+yan,pi+band+yan,pibandyan,pi+ban+d+yan,,,
lalaki,reduplication,lalaki,lalaki,lalaki,lalaki,lalaki,lalaki,lalaki,lalaki,lalaki,lalaki,lalaki,lalaki,lalaki,lalaki,lalaki,lalaki,lalaki,lalaki,lalaki,lalaki,lalaki,lalaki,lalaki,lalaki,lalaki,lalaki,,,
babai,reduplication,babai,babai,babai,babai,babai,babai,babai,babai,babai,babai,babai,babai,babai,babai,babai,babai,babai,babai,babai,babai,babai,babai,babai,babai,babai,babai,,,
kekeng,reduplication,kekeng,kekeng,kekeng,kekeng,kekeng,kekeng,kekeng,kekeng,kekeng,kekeng,kekeng,kekeng,kekeng,kekeng,kekeng,kekeng,kekeng,kekeng,kekeng,kekeng,kekeng,kekeng,kekeng,kekeng,kekeng,ke+keng,,,
tutu,reduplication,tutu,tutu,tutu,tutu,tutu,tutu,tutu,tutu,tutu,tutu,tutu,tutu,tutu,tutu,tutu,tutu,tutu,tutu,tutu,tutu,tutu,tutu,tutu,tutu,tutu,tutu,,,
lalaking,reduplication,lalaking,lalaking,lalaking,lalaking,lalaking,lalaking,lalaking,lalaking,lalaking,lalaking,lalaking,lalaking,lalaking,lalaking,lalaking,lalaking,lalaking,lalaking,lalaking,lalaking,lalaking,lalaking,lalaking,lalaking,lalaking,lalaki+ng,,,
tatakut,reduplication,tatakut,tatakut,tatakut,tatakut,tat+ak+ut,tatak+ut,tatak+ut,tat+ak+ut,tatak+ut,tatak+ut,tat+ak+ut,tatak+ut,tatak+ut,tat+aku+t,tat+aku+t,tat+akut,tat+aku+t,tat+aku+t,tat+akut,tata+kut,tata+kut,tata+kut,tata+kut,tata+kut,tata+kut,tatakut,,,
babaing,reduplication,babaing,babaing,babaing,babaing,babaing,babaing,babaing,babaing,babaing,babaing,babaing,babaing,babaing,babaing,babaing,babaing,babaing,babaing,babaing,babaing,babaing,babaing,babaing,babaing,babaing,babaing,,,
gagawan,reduplication,gagawan,gagawan,gagawan,gagawan,gagawan,gagawan,gagawan,gagawan,gagawan,gagawan,gagawan,gagawan,gagawan,gagawan,gagawan,gagawan,gagawan,gagawan,gagawan,gagawan,gagawan,gagawan,gagawan,gagawan,gagawan,gagawan,,,
babayi,reduplication,babayi,bab+ayi,babayi,babayi,babay+i,babayi,babayi,babay+i,babayi,babayi,babay+i,babayi,babayi,baba+yi,babayi,babayi,baba+yi,babayi,babayi,baba+yi,babayi,babayi,baba+yi,babayi,babayi,babayi,,,
lalakad,reduplication,lalakad,lalakad,lalakad,lalakad,l+alakad,l+alakad,l+alakad,l+alakad,l+alakad,l+alakad,lala+kad,lala+kad,lala+kad,lala+kad,lala+kad,lala+kad,lala+kad,lala+kad,lala+kad,lala+kad,lala+kad,lala+kad,lala+kad,lala+kad,lala+kad,la+lakad,,,
tata,reduplication,tata,tata,tata,tata,tata,tata,tata,tata,tata,tata,tata,tata,tata,tata,tata,tata,tata,tata,tata,tata,tata,tata,tata,tata,tata,tata,,,
tutung,reduplication,tutung,tutung,tutung,tutung,tut+ung,tut+ung,tut+ung,tut+ung,tut+ung,tut+ung,tut+ung,tut+ung,tut+ung,tu+tung,tu+tung,tu+tung,tu+tung,tu+tung,tu+tung,tu+tung,tu+tung,tu+tung,tu+tung,tu+tung,tu+tung,tutung,,,
lele,reduplication,lele,lele,lele,lele,lele,lele,lele,lele,lele,lele,lele,lele,lele,lele,lele,lele,lele,lele,lele,lele,lele,lele,lele,lele,lele,lele,,,
lulual,reduplication,lulual,lulu+al,lulual,lulual,lulu+al,lulu+al,lulu+al,lulu+al,lulu+al,lulu+al,lulu+al,lulu+al,lulu+al,lulu+al,lulu+al,lulu+al,lu+lual,lu+lual,lu+lual,lulu+al,lulu+al,lulu+al,lu+lual,lu+lual,lu+lual,lu+lual,,,
nanan,reduplication,nanan,nan+an,nanan,nanan,nan+an,nan+an,nan+an,nan+an,nan+an,nan+an,nan+an,nan+an,nan+an,nan+an,nan+an,nan+an,nan+an,nan+an,nan+an,nan+an,nan+an,nan+an,nan+an,nan+an,nanan,na+nan,,,
kakanan,reduplication,kakan+an,kakanan,kakanan,kakanan,kakanan,kakanan,kakanan,kakanan,kakanan,kakanan,kakanan,kakanan,kakanan,kakanan,kakanan,kakanan,kakanan,kakanan,kakanan,ka+kan+an,ka+kan+an,ka+kan+an,ka+kan+an,ka+kan+an,ka+kan+an,kakanan,,,
tatang,reduplication,tatang,tatang,tatang,tatang,tatang,tatang,tatang,tatang,tatang,tatang,tatang,tatang,tatang,tatang,tatang,tatang,tatang,tatang,tatang,tatang,tatang,tatang,tatang,tatang,tatang,tatang,,,
mamagus,reduplication,mamagus,mam+agus,mamagus,mamagus,mam+agus,mam+agus,mam+agus,mam+agus,mam+agus,mam+agus,mam+agus,mam+agus,mam+agus,mam+agus,mam+agus,mam+agus,mam+agus,mam+agus,mam+agus,mam+agus,mam+agus,mam+agus,mam+agus,mam+agus,mam+agus,mamagu+s,,,
susuyu,reduplication,susuyu,sus+uyu,susuyu,susuyu,sus+uyu,susuyu,susuyu,sus+uyu,susuyu,susuyu,sus+uyu,susuyu,susuyu,susu+yu,susuyu,susuyu,sus+uyu,susuyu,susuyu,susu+yu,susuyu,susuyu,sus+uyu,susuyu,susuyu,susuyu,,,
lalawan,reduplication,lalawan,lala+wan,lala+wan,lalawan,lala+wan,lala+wan,lala+wan,lala+wan,lala+wan,lala+wan,lala+wan,lala+wan,lala+wan,lala+wan,lala+wan,lala+wan,lala+wan,lala+wan,lala+wan,lala+wan,lala+wan,lala+wan,lala+wan,lala+wan,lala+wan,la+lawan,,,
mamaus,reduplication,mamaus,mam+aus,mam+aus,mamaus,mam+aus,mam+aus,mam+aus,mam+aus,mam+aus,mam+aus,mam+aus,mam+aus,mam+aus,mam+aus,mam+aus,mam+aus,mam+aus,mam+aus,mam+aus,mam+aus,mam+aus,mam+aus,mam+aus,mam+aus,mam+aus,mama+us,,,
tatalakad,reduplication,tatalakad,tat+alakad,tat+alakad,tatalakad,tat+alakad,tat+alakad,tat+alakad,tat+alakad,tat+alakad,tat+alakad,tat+alakad,tat+alakad,tat+alakad,tat+alakad,tat+alakad,tat+alakad,tat+alakad,tat+alakad,tat+alakad,tat+alakad,tat+alakad,tat+alakad,tat+ala+kad,tat+ala+kad,tatala+kad,tata+lakad,,,
gagapang,reduplication,gagapang,gag+apang,gag+apang,gagapang,gag+apang,gag+apang,gag+apang,gag+apang,gag+apang,gag+apang,gag+apang,gag+apang,gag+apang,gaga+pang,gaga+pang,gaga+pang,ga+ga+pang,ga+gapang,ga+gapang,ga+ga+pang,ga+ga+pang,ga+gapang,ga+ga+pang,ga+ga+pang,ga+gapang,gaga+pang,,,
lalawe,reduplication,lalawe,lalawe,lalawe,lalawe,lalawe,lalawe,lalawe,lalawe,lalawe,lalawe,lalawe,lalawe,lalawe,lalawe,lalawe,lalawe,lalawe,lalawe,lalawe,lalawe,lalawe,lalawe,lalawe,lalawe,lalawe,la+lawe,,,
lulugud,reduplication,lulugud,lul+ugud,lul+ugud,lulugud,lul+ugud,lul+ugud,lul+ugud,lul+ugud,lul+ugud,lul+ugud,lul+ugud,lul+ugud,lul+ugud,lul+ugud,lul+ugud,lul+ugud,lu+lugud,lu+lugud,lu+lugud,lulu+gud,lulu+gud,lulu+gud,lu+lugud,lu+lugud,lu+lugud,lu+lugud,,,
tutula,reduplication,tutula,tut+ula,tut+ula,tut+ula,tut+ula,tut+ula,tut+ula,tut+ula,tut+ula,tut+ula,tut+ula,tut+ula,tut+ula,tutu+la,tutu+la,tutu+la,tu+tula,tu+tula,tu+tula,tutu+la,tutu+la,tutu+la,tu+tula,tu+tula,tu+tula,tutu+la,,,
gagalo,reduplication,gagalo,gag+alo,gag+alo,gagalo,gag+alo,gag+alo,gag+alo,gag+alo,gag+alo,gag+alo,gag+alo,gag+alo,gag+alo,gag+alo,gag+alo,gag+alo,ga+galo,ga+galo,ga+galo,ga+g+alo,ga+g+alo,gag+alo,ga+g+alo,ga+g+alo,ga+g+alo,gagal+o,,,
kukuldas,reduplication,kukuldas,kukul+das,kukul+das,kukuldas,ku+kuldas,ku+kuldas,ku+kuldas,ku+kuldas,ku+kuldas,ku+kuldas,ku+kuldas,ku+kuldas,ku+kuldas,ku+kuldas,ku+kuldas,ku+kuldas,ku+kuldas,ku+kuldas,ku+kuldas,ku+kuldas,ku+kuldas,ku+kuldas,ku+kuldas,ku+kuldas,ku+kuldas,ku+kuldas,,,
tatas,reduplication,tatas,tat+as,tat+as,tat+as,tat+as,tat+as,tat+as,tat+as,tat+as,tat+as,t+atas,t+atas,t+atas,tat+as,tat+as,tat+as,tat+as,tat+as,tat+as,tat+as,tat+as,tat+as,tat+as,tat+as,tat+as,tata+s,,,
gagalgal,reduplication,gagalgal,gag+al+gal,gag+al+gal,gagalgal,gag+al+gal,gag+al+gal,gag+al+gal,gag+al+gal,gag+al+gal,gag+al+gal,gag+al+gal,gag+al+gal,gag+al+gal,gag+al+gal,gag+al+gal,gag+al+gal,ga+gal+gal,ga+gal+gal,ga+galgal,ga+g+al+g+al,ga+g+al+g+al,gag+al+g+al,ga+g+al+g+al,ga+g+al+g+al,ga+g+al+g+al,gagal+gal,,,
sasalikut,reduplication,sasalikut,sas+alikut,sas+alikut,sasalikut,sas+ali+kut,sas+alikut,sas+alikut,sas+ali+kut,sas+alikut,sas+alikut,sas+ali+kut,sas+alikut,sas+alikut,sa+salikut,sa+salikut,sa+salikut,sa+salikut,sa+salikut,sa+salikut,sa+sali+kut,sa+salikut,sa+salikut,sa+salikut,sa+salikut,sa+salikut,sa+salikut,,,
yuyutus,reduplication,yuyutus,yu+y+utus,yu+yutus,yu+yutus,yu+y+utus,yu+yutus,yu+yutus,yu+y+utus,yu+yutus,yu+yutus,yu+y+utus,yu+yutus,yu+yutus,yu+yu+tus,yu+yutus,yu+yutus,yu+yu+tus,yu+yutus,yu+yutus,yu+yu+tus,yu+yutus,yu+yutus,yu+yu+tus,yu+yu+tus,yu+yutus,yu+y+utus,,,
lalapit,reduplication,lalapit,lal+apit,lalapit,lalapit,lal+apit,lal+apit,lal+apit,lal+apit,lal+apit,lal+apit,lal+apit,lal+apit,lal+apit,lala+pit,lala+pit,lala+pit,lala+pit,lala+pit,lala+pit,lala+pit,lala+pit,lala+pit,lala+pit,lala+pit,lala+pit,la+lapit,,,
mamamate,reduplication,mamamate,mam+amate,mam+amate,mamamate,mam+amate,mam+amate,mamamate,mam+amate,mam+amate,mamamate,mam+amate,mam+amate,mamamate,mam+amate,mam+amate,mamamate,mam+amate,mam+amate,mamamate,mam+amate,mam+amate,mamamate,mam+amate,mam+amate,mamamate,mama+mate,,,
sasalpantaya,reduplication,sasalpantaya,sas+alpantaya,sas+alpantaya,sas+alpantaya,sas+alpantaya,sas+alpantaya,sas+alpantaya,sas+alpantaya,sas+alpantaya,sas+alpantaya,sas+alpantaya,sas+alpantaya,sas+alpantaya,sa+salpantaya,sa+salpantaya,sa+salpantaya,sa+sal+pantaya,sa+sal+pantaya,sa+salpantaya,sa+sal+pantaya,sa+salpantaya,sa+salpantaya,sa+salpantaya,sa+salpantaya,sa+salpantaya,sasa+lpantay+a,,,
bebe,reduplication,bebe,b+ebe,bebe,bebe,bebe,bebe,bebe,bebe,bebe,bebe,bebe,bebe,bebe,bebe,bebe,bebe,bebe,bebe,bebe,bebe,bebe,bebe,bebe,bebe,bebe,bebe,,,
gagalang,reduplication,gagalang,gag+alang,gag+alang,gag+alang,gag+alang,gag+alang,gag+alang,gag+alang,gag+alang,gag+alang,gag+alang,gag+alang,gag+alang,gag+alang,gag+alang,gag+alang,ga+galang,ga+galang,ga+galang,ga+galang,ga+galang,ga+galang,ga+galang,ga+galang,ga+galang,gaga+lang,,,
gagawa,reduplication,gagawa,gag+awa,gag+awa,gagawa,gaga+wa,gaga+wa,gagawa,gaga+wa,gaga+wa,gagawa,gaga+wa,gaga+wa,gagawa,gaga+wa,gaga+wa,gagawa,ga+gawa,ga+gawa,gagawa,ga+gawa,gagawa,gagawa,ga+gawa,gagawa,gagawa,gagawa,,,
sasabian,reduplication+suffixation,sasabi+an,sasabian,sasabian,sasabian,sas+abian,sas+abian,sas+abian,sas+abian,sas+abian,sas+abian,sas+abian,sas+abian,sas+abian,sa+sabian,sa+sabian,sa+sabian,sa+sabian,sa+sabian,sa+sabian,sa+sabi+an,sa+sabi+an,sa+sabi+an,sa+sabian,sa+sabian,sa+sabian,sasabian,,,
mamangan,reduplication+suffixation,ma+mangan,mamangan,mamangan,mamangan,mamangan,mamangan,mamangan,mamangan,mamangan,mamangan,mamangan,mamangan,mamangan,mamangan,mamangan,mamangan,mamangan,mamangan,mamangan,mamangan,mamangan,mamangan,mamangan,mamangan,mamangan,ma+mangan,,,
sasabyan,reduplication+suffixation,sasaby+an,sasabyan,sasabyan,sasabyan,sasabyan,sasabyan,sasabyan,sasabyan,sasabyan,sasabyan,sasabyan,sasabyan,sasabyan,sasabyan,sasabyan,sasabyan,sasabyan,sasabyan,sasabyan,sasabyan,sasabyan,sasabyan,sasabyan,sasabyan,sasabyan,sasabyan,,,
sasamban,reduplication+suffixation,sasamb+an,sas+amban,sas+amban,sasamban,sas+amban,sas+amban,sas+amban,sas+amban,sas+amban,sas+amban,sas+amban,sas+amban,sas+amban,sa+sam+ban,sa+sam+ban,sa+sam+ban,sa+sam+ban,sa+sam+ban,sa+sam+ban,sa+sam+ban,sa+sam+ban,sa+sam+ban,sa+sam+ban,sa+sam+ban,sa+sam+ban,sa+samban,,,
gugulutan,reduplication+suffixation,gugulut+an,gug+ulutan,gug+ulutan,gugulutan,g+ug+ulut+an,gug+ulut+an,gug+ulut+an,g+ug+ulut+an,gug+ulut+an,gug+ulut+an,g+ug+ulut+an,g+ug+ulut+an,gug+ulut+an,g+ug+ulut+an,g+ug+ulut+an,gug+ulut+an,g+ug+ulu+tan,g+ug+ulu+tan,gug+ulu+tan,gu+gulut+an,gu+gulut+an,gu+gulut+an,gu+gu+lutan,gu+gu+lutan,gu+gu+lutan,gugul+utan,,,
naman,suffixation,nam+an,naman,naman,naman,naman,naman,naman,naman,naman,naman,naman,naman,naman,naman,naman,naman,naman,naman,naman,naman,naman,naman,naman,naman,naman,naman,,,
balayan,suffixation,balay+an,balayan,balayan,balayan,balayan,balayan,balayan,balayan,balayan,balayan,balayan,balayan,balayan,balayan,balayan,balayan,balayan,balayan,balayan,balayan,balayan,balayan,balayan,balayan,balayan,balayan,,,
dalan,suffixation,dal+an,dalan,dalan,dalan,dalan,dalan,dalan,dalan,dalan,dalan,dalan,dalan,dalan,dalan,dalan,dalan,dalan,dalan,dalan,dalan,dalan,dalan,dalan,dalan,dalan,dalan,,,
arapan,suffixation,arap+an,arapan,arapan,arapan,arap+an,arap+an,arap+an,arap+an,arap+an,arap+an,arap+an,arap+an,arap+an,arap+an,arap+an,arap+an,arap+an,arap+an,arap+an,arap+an,arap+an,arap+an,arap+an,arap+an,arap+an,arapan,,,
sabian,suffixation,sabi+an,sabian,sabian,sabian,sabian,sabian,sabian,sabian,sabian,sabian,sabian,sabian,sabian,sabian,sabian,sabian,sabian,sabian,sabian,sabian,sabian,sabian,sabian,sabian,sabian,sabian,,,
dewakan,suffixation,dewak+an,dewakan,dewakan,dewakan,dewakan,dewakan,dewakan,dewakan,dewakan,dewakan,dewakan,dewakan,dewakan,dewakan,dewakan,dewakan,dewakan,dewakan,dewakan,dewakan,dewakan,dewakan,dewakan,dewakan,dewakan,dewaka+n,,,
depatan,suffixation,depat+an,depatan,depatan,depatan,depatan,depatan,depatan,depatan,depatan,depatan,depatan,depatan,depatan,depatan,depatan,depatan,depatan,depatan,depatan,depatan,depatan,depatan,depatan,depatan,depatan,depat+an,,,
daptan,suffixation,dapt+an,daptan,daptan,daptan,daptan,daptan,daptan,daptan,daptan,daptan,daptan,daptan,daptan,daptan,daptan,daptan,daptan,daptan,daptan,daptan,daptan,daptan,daptan,daptan,daptan,daptan,,,
purian,suffixation,puri+an,p+urian,purian,purian,p+urian,purian,purian,p+urian,purian,purian,purian,purian,purian,purian,purian,purian,purian,purian,purian,purian,purian,purian,purian,purian,purian,puri+an,,,
laman,suffixation,lam+an,laman,laman,laman,laman,laman,laman,laman,laman,laman,laman,laman,laman,laman,laman,laman,laman,laman,laman,laman,laman,laman,laman,laman,laman,laman,,,
sikanan,suffixation,sikan+an,sikanan,sikanan,sikanan,sikan+an,sikan+an,sikan+an,sikan+an,sikan+an,sikan+an,sikan+an,sikan+an,sikan+an,sikan+an,sikan+an,sikan+an,sikan+an,sikan+an,sikan+an,sikan+an,sikan+an,sikan+an,sikan+an,sikan+an,sikan+an,sikanan,,,
laban,suffixation,lab+an,laban,laban,laban,laban,laban,laban,laban,laban,laban,laban,laban,laban,laban,laban,laban,laban,laban,laban,laban,laban,laban,laban,laban,laban,laban,,,
tuntunan,suffixation,tuntun+an,t+untunan,tuntunan,tuntunan,tuntunan,tuntunan,tuntunan,tuntunan,tuntunan,tuntunan,tuntunan,tuntunan,tuntunan,tuntunan,tuntunan,tuntunan,tuntunan,tuntunan,tuntunan,tuntunan,tuntunan,tuntunan,tuntunan,tuntunan,tuntunan,tuntun+an,,,
kawan,suffixation,kawan,kawan,kawan,kawan,kawan,kawan,kawan,kawan,kawan,kawan,kawan,kawan,kawan,kawan,kawan,kawan,ka+wan,kawan,kawan,ka+wan,kawan,kawan,kawan,kawan,kawan,ka+wan,,,
bulan,suffixation,bul+an,bulan,bulan,bulan,bulan,bulan,bulan,bulan,bulan,bulan,bulan,bulan,bulan,bulan,bulan,bulan,bulan,bulan,bulan,bulan,bulan,bulan,bulan,bulan,bulan,bulan,,,
misan,suffixation,mis+an,misan,misan,misan,misan,misan,misan,misan,misan,misan,misan,misan,misan,misan,misan,misan,misan,misan,misan,misan,misan,misan,misan,misan,misan,misan,,,
wanan,suffixation,wan+an,wanan,wanan,wanan,wanan,wanan,wanan,wanan,wanan,wanan,wanan,wanan,wanan,wanan,wanan,wanan,wanan,wanan,wanan,wanan,wanan,wanan,wanan,wanan,wanan,wanan,,,
sisuan,suffixation,sisu+an,sis+uan,sisuan,sisuan,sisuan,sisuan,sisuan,sisuan,sisuan,sisuan,sisuan,sisuan,sisuan,sisuan,sisuan,sisuan,sisuan,sisuan,sisuan,sisuan,sisuan,sisuan,sisuan,sisuan,sisuan,s+isuan,,,
tipan,suffixation,tipan,t+ipan,t+ipan,tipan,t+ipan,t+ipan,t+ipan,t+ipan,t+ipan,t+ipan,ti+pan,ti+pan,ti+pan,ti+pan,ti+pan,ti+pan,ti+pan,ti+pan,ti+pan,ti+pan,ti+pan,ti+pan,ti+p+an,ti+p+an,ti+p+an,ti+pan,,,
gawan,suffixation,gaw+an,gawan,gawan,gawan,gawan,gawan,gawan,gawan,gawan,gawan,gawan,gawan,gawan,gawan,gawan,gawan,gawan,gawan,gawan,gawan,gawan,gawan,gawan,gawan,gawan,gawan,,,
nangan,suffixation,nang+an,nangan,nangan,nangan,nangan,nangan,nangan,nang+an,nang+an,nang+an,nang+an,nang+an,nang+an,nang+an,nang+an,nang+an,nang+an,nang+an,nang+an,nangan,nangan,nangan,nangan,nangan,nangan,nang+an,,,
canaan,suffixation,canaan,c+ana+an,c+ana+an,c+ana+an,c+ana+an,c+ana+an,c+ana+an,c+ana+an,c+ana+an,c+ana+an,c+ana+an,c+ana+an,c+ana+an,c+ana+an,c+ana+an,c+ana+an,cana+an,cana+an,cana+an,cana+an,cana+an,cana+an,cana+an,cana+an,cana+an,ca+na+an,,,
larawan,suffixation,laraw+an,larawan,larawan,larawan,larawan,larawan,larawan,larawan,larawan,larawan,larawan,larawan,larawan,larawan,larawan,larawan,larawan,larawan,larawan,larawan,larawan,larawan,larawan,larawan,larawan,larawan,,,
bandian,suffixation,bandi+an,band+ian,band+ian,band+ian,band+ian,band+ian,band+ian,band+ian,band+ian,band+ian,band+ian,band+ian,band+ian,bandi+an,bandi+an,bandi+an,bandi+an,bandi+an,bandi+an,bandi+an,bandi+an,bandi+an,bandi+an,bandi+an,bandi+an,bandi+an,,,
tuparan,suffixation,tupar+an,tu+paran,tu+paran,tuparan,t+uparan,t+uparan,tuparan,t+uparan,t+uparan,tuparan,tu+paran,tu+paran,tuparan,tu+paran,tu+paran,tuparan,tu+paran,tu+paran,tuparan,tu+paran,tu+paran,tuparan,tu+paran,tuparan,tuparan,tu+paran,,,
angganan,suffixation,anggan+an,angganan,angganan,angganan,angg+anan,angg+anan,angg+anan,angg+anan,angg+anan,angg+anan,angg+anan,angg+anan,angg+anan,ang+gan+an,ang+gan+an,ang+ganan,ang+gan+an,ang+gan+an,ang+ganan,ang+gan+an,ang+ganan,ang+ganan,ang+g+anan,ang+g+anan,ang+ganan,angganan,,,
jordan,suffixation,jord+an,jor+dan,jor+dan,jor+dan,jor+dan,jor+dan,jor+dan,jor+dan,jor+dan,jor+dan,jor+dan,jor+dan,jor+dan,jor+dan,jor+dan,jor+dan,jor+dan,jor+dan,jor+dan,jor+dan,jor+dan,jor+dan,j+ord+an,j+ord+an,j+ord+an,jo+r+d+an,,,
tanaman,suffixation,tanam+an,tanaman,tanaman,tanaman,tanaman,tanaman,tanaman,tanaman,tanaman,tanaman,tanaman,tanaman,tanaman,tanaman,tanaman,tanaman,tanaman,tanaman,tanaman,tanaman,tanaman,tanaman,tanaman,tanaman,tanaman,tanaman,,,
bunduk-bundukan,suffixation,bunduk-bunduk+an,bunduk+-+bunduk+an,bunduk+-+bunduk+an,bunduk-bundukan,bunduk+-+bunduk+an,bunduk+-+bunduk+an,bunduk-bundukan,bunduk+-+bunduk+an,bunduk+-+bunduk+an,bunduk-bundukan,bunduk+-+bunduk+an,bunduk+-+bunduk+an,bunduk-bundukan,bunduk+-+bun+du+kan,bunduk+-+bundu+kan,bunduk-bundukan,bunduk+-+bun+du+kan,bunduk+-+bundu+kan,bunduk-bundukan,bunduk+-+bundu+kan,bunduk+-+bundu+kan,bunduk-bundukan,bun+duk+-+bun+du+kan,bun+duk+-+bundu+kan,bunduk-bundukan,bunduk+-+bunduk+an,,,
damdaman,suffixation,damdam+an,damdaman,damdaman,damdaman,dam+daman,dam+daman,dam+daman,dam+d+aman,dam+d+aman,dam+d+aman,dam+daman,dam+daman,dam+daman,damdam+an,damdam+an,damdam+an,damdam+an,damdam+an,damdam+an,dam+daman,dam+daman,dam+daman,damdam+an,damdam+an,damdam+an,damdam+an,,,
lawan,suffixation,law+an,lawan,lawan,lawan,la+wan,la+wan,lawan,la+wan,la+wan,la+wan,la+wan,la+wan,la+wan,la+wan,la+wan,la+wan,la+wan,la+wan,la+wan,la+wan,la+wan,la+wan,la+wan,la+wan,la+wan,lawan,,,
ganakan,suffixation,ganak+an,gan+akan,gan+akan,ganakan,gan+akan,gan+akan,gan+akan,gan+akan,gan+akan,gan+akan,gan+akan,gan+akan,gan+akan,gan+akan,gan+akan,gan+akan,gan+akan,gan+akan,ganakan,gan+akan,gan+akan,gan+akan,gan+akan,gan+akan,gan+akan,ganakan,,,
kuanan,suffixation,kuan+an,ku+anan,kuanan,kuanan,ku+anan,kuanan,kuanan,ku+anan,kuanan,kuanan,kuanan,kuanan,kuanan,ku+anan,ku+anan,kuanan,ku+anan,ku+anan,kuanan,ku+anan,ku+anan,kuanan,ku+anan,ku+anan,kuanan,kuanan,,,
leguan,suffixation,legu+an,leg+uan,leguan,leguan,leg+uan,leguan,leguan,leg+uan,leguan,leguan,le+guan,leguan,leguan,leguan,leguan,leguan,leguan,leguan,leguan,le+guan,leguan,leguan,le+guan,leguan,leguan,legu+an,,,
daraptan,suffixation,darapt+an,daraptan,daraptan,daraptan,daraptan,daraptan,daraptan,daraptan,daraptan,daraptan,daraptan,daraptan,daraptan,daraptan,daraptan,daraptan,daraptan,daraptan,daraptan,daraptan,daraptan,daraptan,daraptan,daraptan,daraptan,daraptan,,,
aslagan,suffixation,aslag+an,aslagan,aslagan,aslagan,aslagan,aslagan,aslagan,aslagan,aslagan,aslagan,aslagan,aslagan,aslagan,aslagan,aslagan,aslagan,aslagan,aslagan,aslagan,aslagan,aslagan,aslagan,aslagan,aslagan,aslagan,aslagan,,,
lelangan,suffixation,lelang+an,lelangan,lelangan,lelangan,lelangan,lelangan,lelangan,lelangan,lelangan,lelangan,lelangan,lelangan,lelangan,lelangan,lelangan,lelangan,lelangan,lelangan,lelangan,lelangan,lelangan,lelangan,lelangan,lelangan,lelangan,lelangan,,,
sugatan,suffixation,sugat+an,sug+atan,sug+atan,sugatan,sug+atan,sug+atan,sug+atan,sug+atan,sug+atan,sug+atan,sug+atan,sug+atan,sug+atan,sug+atan,sug+atan,sug+atan,sugat+an,sugat+an,sugat+an,sug+at+an,sug+at+an,sug+atan,sugat+an,sugat+an,sugat+an,sugat+an,,,
luklukan,suffixation,lukluk+an,luklukan,luklukan,luklukan,luklukan,luklukan,luklukan,luklukan,luklukan,luklukan,luklukan,luklukan,luklukan,luklukan,luklukan,luklukan,luklukan,luklukan,luklukan,luklukan,luklukan,luklukan,luklukan,luklukan,luklukan,lukluk+an,,,
tuknangan,suffixation,tuknang+an,tuknangan,tuknangan,tuknangan,tuknang+an,tuknang+an,tuknang+an,tuknang+an,tuknang+an,tuknang+an,tuknang+an,tuknang+an,tuknang+an,tuknang+an,tuknang+an,tuknang+an,tuknang+an,tuknang+an,tuknang+an,tuknang+an,tuknang+an,tuknang+an,tuknang+an,tuknang+an,tuknang+an,tuknangan,,,
ausan,suffixation,aus+an,ausan,ausan,ausan,aus+an,aus+an,aus+an,aus+an,aus+an,aus+an,aus+an,aus+an,aus+an,aus+an,aus+an,aus+an,aus+an,aus+an,aus+an,aus+an,aus+an,aus+an,aus+an,aus+an,aus+an,ausan,,,
daralan,suffixation,daral+an,daralan,daralan,daralan,d+aralan,d+aralan,d+aralan,dar+alan,dar+alan,dar+alan,dar+alan,dar+alan,dar+alan,daral+an,daral+an,daral+an,da+ralan,da+ralan,da+ralan,da+ralan,da+ralan,da+ralan,da+ral+an,daralan,daralan,daralan,,,
lipulan,suffixation,lipul+an,lip+ulan,lip+ulan,lip+ulan,lip+ulan,lip+ulan,lip+ulan,lip+ulan,lip+ulan,lip+ulan,lip+ulan,lip+ulan,lip+ulan,lip+ul+an,lip+ul+an,lip+ulan,li+pul+an,li+pul+an,li+pulan,lip+ul+an,lip+ulan,lip+ulan,li+pul+an,li+pul+an,li+pulan,lip+ulan,,,
timan,suffixation,tim+an,timan,timan,timan,timan,timan,timan,timan,timan,timan,timan,timan,timan,timan,timan,timan,timan,timan,timan,timan,timan,timan,timan,timan,timan,timan,,,
sangkan,suffixation,sangk+an,sangkan,sangkan,sangkan,sangkan,sangkan,sangkan,sangkan,sangkan,sangkan,sangkan,sangkan,sangkan,sangkan,sangkan,sangkan,sangkan,sangkan,sangkan,sangkan,sangkan,sangkan,sangkan,sangkan,sangkan,sangkan,,,
legwan,suffixation,legw+an,leg+wan,legwan,legwan,leg+wan,legwan,legwan,leg+wan,legwan,legwan,leg+wan,legwan,legwan,leg+wan,legwan,legwan,leg+wan,legwan,legwan,leg+wan,legwan,legwan,leg+wan,legwan,legwan,legwan,,,
kanan,suffixation,kan+an,kanan,kanan,kanan,kanan,kanan,kanan,kanan,kanan,kanan,kanan,kanan,kanan,kanan,kanan,kanan,kanan,kanan,kanan,kan+an,kan+an,kan+an,kan+an,kan+an,kan+an,kanan,,,
luguran,suffixation,lugur+an,lug+uran,luguran,luguran,lug+uran,luguran,luguran,lug+uran,luguran,luguran,lug+uran,luguran,luguran,lug+uran,luguran,luguran,luguran,luguran,luguran,luguran,luguran,luguran,luguran,luguran,luguran,luguran,,,
mitagan,suffixation,mitag+an,mit+agan,mitagan,mitagan,mit+agan,mit+agan,mit+agan,mit+agan,mit+agan,mit+agan,mit+agan,mit+agan,mit+agan,mit+agan,mit+agan,mit+agan,mi+tagan,mi+tagan,mi+tagan,mi+tagan,mi+tagan,mi+tagan,mi+tagan,mi+tagan,mi+tagan,mitagan,,,
sabyan,suffixation,saby+an,sabyan,sabyan,sabyan,sabyan,sabyan,sabyan,sabyan,sabyan,sabyan,sabyan,sabyan,sabyan,sabyan,sabyan,sabyan,sabyan,sabyan,sabyan,sabyan,sabyan,sabyan,sabyan,sabyan,sabyan,sabyan,,,
atulan,suffixation,atul+an,atulan,atulan,atulan,at+ulan,at+ulan,at+ulan,atul+an,atul+an,atul+an,atul+an,atul+an,atul+an,atul+an,atul+an,atul+an,atul+an,atul+an,atul+an,atul+an,atul+an,atul+an,at+ul+an,at+ul+an,at+ulan,atulan,,,
basan,suffixation,bas+an,b+asan,b+asan,basan,basan,basan,basan,basan,basan,basan,basan,basan,basan,basan,basan,basan,basan,basan,basan,basan,basan,basan,basan,basan,basan,bas+an,,,
beluan,suffixation,belu+an,beluan,beluan,beluan,beluan,beluan,beluan,beluan,beluan,beluan,beluan,beluan,beluan,beluan,beluan,beluan,beluan,beluan,beluan,beluan,beluan,beluan,beluan,beluan,beluan,belu+an,,,
durulukan,suffixation,duruluk+an,dur+ul+ukan,dur+ul+ukan,durulukan,d+ur+ul+ukan,dur+ul+ukan,dur+ul+ukan,d+ur+ul+ukan,dur+ul+ukan,dur+ul+ukan,d+ur+ul+uk+an,dur+ul+ukan,dur+ul+ukan,d+ur+ulu+kan,dur+ulu+kan,dur+ulu+kan,dur+ulu+kan,dur+ulu+kan,dur+ulu+kan,dur+ulu+kan,dur+ulu+kan,dur+ulu+kan,du+ru+lu+kan,du+ru+lu+kan,du+ru+lukan,duru+luk+an,,,
kutkutan,suffixation,kutkut+an,kutkutan,kutkutan,kutkutan,kut+ku+tan,kut+ku+tan,kut+kutan,kut+ku+tan,kut+ku+tan,kut+kutan,kut+ku+tan,kut+ku+tan,kut+kutan,kutkut+an,kutkut+an,kutkut+an,kutkut+an,kutkut+an,kutkut+an,kut+ku+tan,kut+kutan,kut+kutan,kutkut+an,kutkut+an,kutkut+an,kutkutan,,,
likwan,suffixation,likw+an,lik+wan,lik+wan,likwan,lik+wan,lik+wan,likwan,lik+wan,lik+wan,likwan,lik+wan,lik+wan,likwan,lik+wan,lik+wan,likwan,lik+wan,lik+wan,likwan,lik+wan,lik+wan,likwan,lik+wan,lik+wan,likwan,lik+wan,,,
santungan,suffixation,santung+an,sant+ungan,sant+ungan,santungan,sant+ungan,sant+ungan,sant+ungan,sant+ungan,sant+ungan,sant+ungan,san+tung+an,santung+an,santung+an,san+tung+an,santung+an,santung+an,santung+an,santung+an,santung+an,san+tung+an,san+tung+an,santung+an,san+tung+an,santung+an,santung+an,santung+an,,,
keraklan,suffixation,kerakl+an,keraklan,keraklan,keraklan,keraklan,keraklan,keraklan,keraklan,keraklan,keraklan,keraklan,keraklan,keraklan,keraklan,keraklan,keraklan,keraklan,keraklan,keraklan,keraklan,keraklan,keraklan,keraklan,keraklan,keraklan,keraklan,,,
sigatan,suffixation,sigat+an,sig+atan,sig+atan,sig+atan,sig+atan,sig+atan,sig+atan,sig+atan,sig+atan,sig+atan,sig+atan,sig+atan,sig+atan,sig+atan,sig+atan,sig+atan,sig+atan,sig+atan,sig+atan,sig+at+an,sig+at+an,sig+atan,sig+at+an,sig+at+an,sig+atan,sig+at+an,,,
alipan,suffixation,alipan,alipan,alipan,alipan,alipan,alipan,alipan,alipan,alipan,alipan,alipan,alipan,alipan,alipan,alipan,alipan,alipan,alipan,alipan,alipan,alipan,alipan,alipan,alipan,alipan,alipan,,,
midian,suffixation,midi+an,mid+ian,mid+ian,mid+ian,mid+ian,mid+ian,mid+ian,mi+d+ian,mid+ian,mid+ian,mi+dian,mi+dian,mi+dian,mi+dian,mi+dian,mi+dian,mi+dian,mi+dian,mi+dian,mi+dian,mi+dian,mi+dian,mi+dian,mi+dian,mi+dian,mi+di+an,,,
capampangan,suffixation,capampang+an,cap+ampangan,cap+ampangan,capampangan,cap+ampangan,cap+ampangan,capampangan,cap+ampangan,cap+ampangan,capampangan,cap+ampangan,cap+ampangan,capampangan,ca+pampangan,ca+pampangan,capampangan,ca+pampangan,ca+pampangan,capampangan,ca+pam+pangan,capam+pangan,capampangan,ca+pampangan,ca+pampangan,capampangan,c+apampangan,,,
myuman,suffixation,myum+an,m+yu+man,m+yu+man,m+yuman,m+yu+man,m+yu+man,myuman,m+yu+man,m+yu+man,myuman,m+yu+man,m+yu+man,myuman,m+yu+man,m+yu+man,myuman,m+yu+man,m+yu+man,myuman,m+yu+man,m+yu+man,myuman,m+yu+man,m+yu+man,myu+man,m+yu+man,,,
batiawan,suffixation,batiaw+an,bat+ia+wan,bat+ia+wan,bat+iawan,bat+ia+wan,bat+ia+wan,batiawan,bat+ia+wan,bat+ia+wan,batiawan,bat+ia+wan,bat+ia+wan,batiawan,bat+ia+wan,bat+ia+wan,batiawan,bat+ia+wan,bat+ia+wan,batiawan,bat+ia+wan,bat+ia+wan,bat+ia+wan,bat+ia+wan,bat+ia+wan,batia+wan,bati+a+wan,,,
dangalan,suffixation,dangal+an,dang+alan,dangalan,dangalan,dang+alan,dang+alan,dang+alan,dang+alan,dang+alan,dang+alan,dang+alan,dang+alan,dang+alan,dang+alan,dang+alan,dang+alan,dangal+an,dangal+an,dangal+an,d+ang+alan,d+ang+alan,d+angalan,dang+alan,dang+alan,dang+alan,dangalan,,,
saupan,suffixation,saup+an,sa+upan,saupan,saupan,sa+u+pan,sa+upan,sa+upan,sa+u+pan,sa+upan,sa+upan,sa+u+pan,sa+upan,sa+upan,sa+u+pan,sa+upan,sa+upan,saup+an,saup+an,saup+an,sa+u+pan,sau+pan,sau+pan,saup+an,saup+an,saup+an,saupan,,,
labanan,suffixation,laban+an,labanan,labanan,labanan,laban+an,laban+an,laban+an,laban+an,laban+an,laban+an,laban+an,laban+an,laban+an,laban+an,laban+an,laban+an,laban+an,laban+an,laban+an,laban+an,laban+an,laban+an,la+ban+an,la+ban+an,la+banan,labanan,,,
lakuan,suffixation,laku+an,lak+uan,lakuan,lakuan,lakuan,lakuan,lakuan,lakuan,lakuan,lakuan,lakuan,lakuan,lakuan,lakuan,lakuan,lakuan,lakuan,lakuan,lakuan,lakuan,lakuan,lakuan,la+kuan,lakuan,lakuan,lakuan,,,
liguran,suffixation,ligur+an,lig+uran,liguran,liguran,lig+uran,liguran,liguran,lig+uran,liguran,liguran,lig+uran,liguran,liguran,lig+uran,liguran,liguran,lig+uran,liguran,liguran,li+guran,liguran,liguran,li+guran,liguran,liguran,lig+uran,,,
akalinguan,suffixation,akalingu+an,akal+inguan,akal+inguan,akalinguan,akal+ing+uan,akaling+uan,akalinguan,akal+ing+uan,akaling+uan,akalinguan,akal+ing+uan,akaling+uan,akalinguan,akal+ing+uan,akal+ing+uan,akalinguan,aka+linguan,aka+linguan,akalinguan,aka+li+ng+uan,aka+li+ng+uan,akalinguan,aka+li+ng+uan,aka+li+ng+uan,akalinguan,a+kalingu+an,,,
daramdaman,suffixation,daramdam+an,dar+amdaman,daramdaman,daramdaman,dar+amdaman,dar+amdaman,dar+amdaman,dar+amdaman,dar+amdaman,dar+amdaman,dar+amdaman,dar+amdaman,dar+amdaman,dar+amdam+an,dar+amdam+an,dar+amdam+an,da+ramdam+an,da+ramdam+an,da+ramdam+an,da+ram+daman,da+ram+daman,da+ram+daman,da+ramdam+an,da+ramdam+an,da+ramdam+an,daramdaman,,,
sikan,suffixation,sik+an,sikan,sikan,sikan,sikan,sikan,sikan,sikan,sikan,sikan,sikan,sikan,sikan,sikan,sikan,sikan,sikan,sikan,sikan,sikan,sikan,sikan,sikan,sikan,sikan,sikan,,,
tanggapan,suffixation,tanggap+an,tanggapan,tanggapan,tanggapan,tanggap+an,tanggap+an,tanggap+an,tanggap+an,tanggap+an,tanggap+an,tanggap+an,tanggap+an,tanggap+an,tanggap+an,tanggap+an,tanggap+an,tanggap+an,tanggap+an,tanggap+an,tang+ga+pan,tang+ga+pan,tang+ga+pan,tanggap+an,tanggap+an,tanggap+an,tanggapan,,,
taguimpan,suffixation,taguimp+an,t+agu+impan,t+aguimpan,taguimpan,t+agu+impan,t+aguimpan,taguimpan,tag+u+impan,tag+u+impan,taguimpan,tag+u+impan,tag+u+impan,taguimpan,ta+gu+impan,tagu+impan,taguimpan,ta+gu+impan,tagu+impan,taguimpan,tagu+impan,tagu+impan,taguimpan,tagu+imp+an,tagu+imp+an,taguimpan,taguimpan,,,
ubingan,suffixation,ubing+an,ub+ingan,ubingan,ubingan,ub+ingan,ubingan,ubingan,ub+ingan,ubingan,ubingan,ub+ingan,ubingan,ubingan,ub+ingan,ubingan,ubingan,ub+ing+an,ubingan,ubingan,u+bi+ngan,ubingan,ubingan,u+bi+ngan,ubingan,ubingan,ubingan,,,
sukulan,suffixation,sukul+an,suk+ulan,sukulan,sukulan,suk+ulan,suk+ulan,suk+ulan,sukul+an,sukul+an,sukul+an,sukul+an,sukul+an,sukul+an,sukul+an,sukul+an,sukul+an,sukul+an,sukul+an,sukul+an,sukul+an,sukul+an,sukul+an,su+kulan,su+kulan,su+kulan,sukul+an,,,
adwan,suffixation,adw+an,ad+wan,ad+wan,adwan,ad+wan,ad+wan,adwan,ad+wan,ad+wan,adwan,ad+wan,ad+wan,adwan,ad+wan,ad+wan,adwan,ad+wan,ad+wan,adwan,ad+wan,ad+wan,adwan,ad+wan,ad+wan,adwan,adwa+n,,,
bustan,suffixation,bust+an,bus+tan,bus+tan,bustan,bus+tan,bus+tan,bustan,bus+tan,bus+tan,bustan,bustan,bustan,bustan,bustan,bustan,bustan,bustan,bustan,bustan,bus+tan,bus+tan,bustan,bustan,bustan,bustan,bus+tan,,,
canian,suffixation,cani+an,can+ian,can+ian,canian,can+ian,canian,canian,can+ian,can+ian,canian,can+ian,can+ian,canian,can+ian,can+ian,canian,c+anian,c+anian,canian,c+anian,c+anian,canian,cani+an,cani+an,canian,can+ian,,,
kaban,suffixation,kab+an,ka+ban,ka+ban,kaban,ka+ban,ka+ban,kaban,ka+ban,ka+ban,kaban,ka+ban,ka+ban,kaban,ka+ban,ka+ban,kaban,ka+ban,ka+ban,kaban,ka+ban,ka+ban,kaban,ka+ban,ka+ban,kaban,ka+ban,,,
samban,suffixation,samb+an,s+amban,samban,samban,sam+ban,sam+ban,sam+ban,sam+ban,sam+ban,sam+ban,sam+ban,sam+ban,sam+ban,sam+ban,sam+ban,sam+ban,sam+ban,sam+ban,sam+ban,sam+ban,sam+ban,sam+ban,sam+ban,sam+ban,sam+ban,samban,,,
aguman,suffixation,agum+an,aguman,aguman,aguman,aguman,aguman,aguman,aguman,aguman,aguman,aguman,aguman,aguman,aguman,aguman,aguman,aguman,aguman,aguman,aguman,aguman,aguman,aguman,aguman,aguman,aguman,,,
apalsintan,suffixation,apalsint+an,apal+sintan,apal+sintan,apal+sintan,apal+sintan,apal+sintan,apal+sintan,apal+sintan,apal+sintan,apal+sintan,apal+sintan,apal+sintan,apal+sintan,apal+sintan,apal+sintan,apal+sintan,apal+sintan,apal+sintan,apal+sintan,apal+sintan,apal+sintan,apal+sintan,apal+s+int+an,apal+s+int+an,apal+s+int+an,a+palsintan,,,
siran,suffixation,sir+an,s+iran,s+iran,siran,s+iran,s+iran,siran,s+iran,s+iran,siran,s+iran,s+iran,siran,si+ran,si+ran,siran,siran,siran,siran,si+ran,si+ran,siran,si+ran,si+ran,siran,s+iran,,,
mitakutan,suffixation,mitakut+an,mit+akutan,mit+akutan,mitakutan,mit+ak+utan,mit+ak+utan,mit+ak+utan,mit+ak+utan,mit+ak+utan,mit+ak+utan,mit+ak+utan,mit+ak+utan,mit+ak+utan,m+ita+kut+an,mita+kut+an,mita+kut+an,mi+takut+an,mi+takut+an,mi+takut+an,mi+ta+ku+tan,mi+ta+kutan,mi+ta+kutan,mi+takut+an,mi+takut+an,mi+takut+an,mi+takutan,,,
tikpan,suffixation,tikp+an,tik+pan,tik+pan,tik+pan,tik+pan,tik+pan,tik+pan,tik+pan,tik+pan,tik+pan,tik+pan,tik+pan,tik+pan,tik+pan,tik+pan,tik+pan,tik+pan,tik+pan,tik+pan,tik+pan,tik+pan,tik+pan,tik+p+an,tik+p+an,tik+p+an,tik+pan,,,
tipunan,suffixation,tipun+an,t+ipunan,t+ipunan,tipunan,tip+unan,tip+unan,tip+unan,tipun+an,tipun+an,tipun+an,tipun+an,tipun+an,tipun+an,tipun+an,tipun+an,tipun+an,tipun+an,tipun+an,tipun+an,tipun+an,tipun+an,tipun+an,tipun+an,tipun+an,tipun+an,tipun+an,,,
capitan,suffixation,capitan,cap+itan,cap+itan,cap+itan,cap+itan,cap+itan,cap+itan,capit+an,capit+an,capit+an,capit+an,capit+an,capit+an,cap+itan,cap+itan,cap+itan,capit+an,capit+an,capit+an,capit+an,capit+an,capit+an,capit+an,capit+an,capit+an,cap+itan,,,
kekaban,suffixation,kekab+an,keka+ban,keka+ban,kekaban,keka+ban,keka+ban,kekaban,keka+ban,keka+ban,kekaban,keka+ban,keka+ban,kekaban,keka+ban,keka+ban,kekaban,keka+ban,keka+ban,kekaban,keka+ban,keka+ban,kekaban,keka+ban,keka+ban,kekaban,keka+ban,,,
kelinguan,suffixation,kelingu+an,kel+inguan,kel+inguan,kelinguan,kel+ing+uan,kel+ing+uan,kelinguan,kel+ing+uan,kel+ing+uan,kelinguan,kel+ing+uan,kel+ing+uan,kelinguan,ke+ling+uan,ke+ling+uan,kelinguan,ke+linguan,ke+linguan,kelinguan,ke+li+ng+uan,ke+li+ng+uan,kelinguan,ke+li+ng+uan,ke+li+ng+uan,kelinguan,ke+ling+uan,,,
nanuman,suffixation,nanum+an,nanuman,nanuman,nanuman,nanuman,nanuman,nanuman,nanuman,nanuman,nanuman,nanuman,nanuman,nanuman,nanuman,nanuman,nanuman,nanuman,nanuman,nanuman,nanuman,nanuman,nanuman,nanuman,nanuman,nanuman,nanuman,,,
pilan,suffixation,pil+an,pilan,pilan,pilan,pilan,pilan,pilan,pilan,pilan,pilan,pilan,pilan,pilan,pilan,pilan,pilan,pilan,pilan,pilan,pilan,pilan,pilan,pilan,pilan,pilan,pilan,,,
sibukan,suffixation,sibuk+an,sib+ukan,sib+ukan,sibukan,sib+ukan,sib+ukan,sibukan,sib+ukan,sib+ukan,sibukan,sib+uk+an,sib+ukan,sibukan,sib+u+kan,sib+ukan,sibukan,si+bukan,si+bukan,sibukan,sibu+kan,sibu+kan,sibukan,sibu+kan,sibu+kan,sibukan,s+ibukan,,,
bamban,suffixation,bamban,b+amban,b+amban,b+amban,b+amban,b+amban,b+amban,b+amban,b+amban,b+amban,b+amban,b+amban,b+amban,b+amban,b+amban,b+amban,b+amban,b+amban,b+amban,b+amban,b+amban,b+amban,b+amban,b+amban,b+amban,ba+m+ban,,,
bayaran,suffixation,bayar+an,bay+aran,bay+aran,bayaran,bay+aran,bay+aran,bayaran,baya+ran,baya+ran,bayaran,baya+ran,baya+ran,bayaran,baya+ran,baya+ran,bayaran,baya+ran,baya+ran,bayaran,baya+ran,baya+ran,bayaran,baya+ran,baya+ran,bayaran,bayaran,,,
kealan,suffixation,keal+an,ke+alan,ke+alan,ke+alan,ke+alan,ke+alan,ke+alan,ke+alan,ke+alan,ke+alan,ke+alan,ke+alan,ke+alan,ke+alan,ke+alan,ke+alan,ke+alan,ke+alan,ke+alan,ke+alan,ke+alan,ke+alan,ke+alan,ke+alan,ke+alan,kea+lan,,,
kimutan,suffixation,kimut+an,k+im+utan,kim+utan,kimutan,k+im+utan,k+im+utan,kim+utan,kimut+an,kimut+an,kimut+an,kimut+an,kimut+an,kimut+an,ki+mu+tan,ki+mu+tan,ki+mu+tan,ki+mu+tan,ki+mu+tan,ki+mu+tan,ki+mu+tan,ki+mu+tan,ki+mu+tan,ki+mu+tan,ki+mu+tan,ki+mu+tan,kimut+an,,,
mipanuanan,suffixation,mipanuan+an,mip+anu+anan,mip+anu+anan,mipanu+anan,mipan+uanan,mipan+uanan,mipan+uanan,mipan+uanan,mipan+uanan,mipan+uanan,mipan+uanan,mipan+uanan,mipan+uanan,mi+pan+uanan,mipan+uanan,mipan+uanan,mi+panu+anan,mi+panu+anan,mi+panuanan,mi+pan+uan+an,mipan+uan+an,mipan+uanan,mi+panu+anan,mi+panu+anan,mi+panu+anan,mi+pan+uanan,,,
dasnan,suffixation,dasn+an,das+nan,das+nan,das+nan,das+nan,das+nan,dasnan,das+nan,das+nan,dasnan,das+nan,das+nan,dasnan,das+nan,das+nan,dasnan,das+nan,das+nan,dasnan,das+nan,das+nan,dasnan,das+nan,das+nan,dasnan,da+s+nan,,,
degulan,suffixation,degul+an,de+g+ulan,deg+ulan,degulan,de+g+ulan,deg+ulan,degulan,de+g+ulan,deg+ulan,degulan,de+g+ulan,deg+ulan,degulan,de+gul+an,de+gul+an,degulan,de+g+ulan,deg+ulan,degulan,de+gul+an,de+gul+an,degulan,de+gul+an,de+gul+an,degulan,de+gul+an,,,
haran,suffixation,har+an,h+aran,h+aran,h+aran,h+aran,h+aran,h+aran,h+aran,h+aran,h+aran,h+aran,h+aran,h+aran,h+aran,h+aran,h+aran,har+an,har+an,har+an,h+aran,h+aran,h+aran,h+aran,h+aran,h+aran,har+an,,,
lasakan,suffixation,lasak+an,las+akan,las+akan,las+akan,las+akan,las+akan,las+akan,las+akan,las+akan,las+akan,las+akan,las+akan,las+akan,lasa+kan,lasa+kan,lasa+kan,lasa+kan,lasa+kan,lasa+kan,lasa+kan,lasa+kan,lasa+kan,lasa+kan,lasa+kan,lasa+kan,la+sak+an,,,
talan,suffixation,tal+an,t+alan,talan,talan,talan,talan,talan,talan,talan,talan,talan,talan,talan,talan,talan,talan,talan,talan,talan,talan,talan,talan,talan,talan,talan,talan,,,
telanan,suffixation,telan+an,tel+anan,tel+anan,telanan,tel+anan,tel+anan,tel+anan,tel+anan,tel+anan,tel+anan,tel+anan,tel+anan,tel+anan,tel+anan,tel+anan,tel+anan,tel+anan,tel+anan,tel+anan,te+lan+an,te+lan+an,te+lanan,te+lan+an,te+lan+an,te+lanan,te+lan+an,,,
uvasan,suffixation,uvas+an,u+v+asan,uv+asan,uvasan,u+v+asan,uv+asan,uvasan,u+v+asan,u+v+asan,uvasan,u+v+asan,u+v+asan,uvasan,u+v+asan,u+v+asan,uvasan,u+vas+an,u+vas+an,uvasan,u+v+asan,u+v+asan,uvasan,u+v+asan,uv+asan,uvasan,u+va+san,,,
akalingwan,suffixation,akalingw+an,akal+ingwan,akal+ingwan,akal+ingwan,akal+ing+wan,akaling+wan,akalingwan,akal+ing+wan,akaling+wan,akalingwan,akal+ing+wan,akaling+wan,akalingwan,akal+ing+wan,akal+ing+wan,akalingwan,aka+lingwan,aka+lingwan,akalingwan,aka+li+ng+wan,aka+li+ng+wan,akalingwan,aka+li+ng+wan,aka+li+ng+wan,aka+li+ng+wan,a+kalingwan,,,
albugan,suffixation,albug+an,albugan,albugan,albugan,albugan,albugan,albugan,albugan,albugan,albugan,albugan,albugan,albugan,albugan,albugan,albugan,albugan,albugan,albugan,albugan,albugan,albugan,albugan,albugan,albugan,albugan,,,
atbusan,suffixation,atbus+an,at+b+usan,at+b+usan,at+busan,at+bus+an,atbus+an,atbus+an,at+bus+an,atbus+an,atbus+an,at+bus+an,atbus+an,atbus+an,at+bus+an,atbus+an,atbus+an,at+bus+an,atbus+an,atbus+an,at+bus+an,at+bus+an,atbus+an,at+bus+an,atbus+an,atbus+an,at+bus+an,,,
camatayan,suffixation,ca+matay+an,c+amat+ayan,camat+ayan,camatayan,c+amat+ayan,c+amatayan,camatayan,c+amat+ayan,c+amatayan,camatayan,c+amat+ayan,c+amatayan,camatayan,c+amat+ayan,camatayan,camatayan,cam+ata+yan,camatayan,camatayan,cam+ata+yan,cam+atayan,camatayan,cam+at+ayan,cam+at+ayan,camatayan,camatayan,,,
kibkuban,suffixation,kibkub+an,k+ib+ku+ban,k+ib+ku+ban,kib+kuban,k+ib+ku+ban,k+ib+ku+ban,kib+kuban,k+ib+ku+ban,k+ib+ku+ban,kib+kuban,k+ib+ku+ban,k+ib+ku+ban,kib+kuban,k+ib+ku+ban,k+ib+ku+ban,kib+kuban,ki+b+ku+ban,ki+b+ku+ban,kib+kuban,ki+b+ku+ban,ki+b+ku+ban,kib+kuban,ki+b+ku+ban,ki+b+ku+ban,ki+b+kuban,ki+b+ku+ban,,,
kundiman,suffixation,kundim+an,kund+i+man,kund+iman,kund+iman,kun+di+man,kun+di+man,kun+diman,kun+di+man,kun+di+man,kun+diman,kun+di+man,kun+di+man,kun+diman,kun+di+man,kun+di+man,kun+diman,kundi+man,kundi+man,kundi+man,kun+di+man,kun+di+man,kun+di+man,kun+di+man,kun+di+man,kun+di+man,kundi+man,,,
kwayan,suffixation,kway+an,kw+ayan,kw+ayan,kw+ayan,kw+ayan,kw+ayan,kw+ayan,kw+ayan,kw+ayan,kw+ayan,kw+ayan,kw+ayan,kw+ayan,kw+ayan,kw+ayan,kwayan,k+wayan,k+wayan,kwayan,kwa+yan,kwa+yan,kwa+yan,k+wa+yan,k+wa+yan,k+wayan,k+wayan,,,
lakwan,suffixation,lakw+an,lak+wan,lak+wan,lakwan,lak+wan,lakwan,lakwan,lak+wan,lakwan,lakwan,lak+wan,lakwan,lakwan,lak+wan,lakwan,lakwan,lakwan,lakwan,lakwan,lak+wan,lakwan,lakwan,lak+wan,lakwan,lakwan,lakwan,,,
likuan,suffixation,liku+an,likuan,likuan,likuan,likuan,likuan,likuan,likuan,likuan,likuan,likuan,likuan,likuan,likuan,likuan,likuan,likuan,likuan,likuan,likuan,likuan,likuan,likuan,likuan,likuan,likuan,,,
mirinan,suffixation,mirin+an,mirinan,mirinan,mirinan,mirinan,mirinan,mirinan,mirinan,mirinan,mirinan,mirinan,mirinan,mirinan,mirinan,mirinan,mirinan,mirinan,mirinan,mirinan,mirinan,mirinan,mirinan,mirinan,mirinan,mirinan,mirinan,,,
