surface,process,tier,silver_gold,plain@6080,plain@8192,plain@16384,morphbpe@6080,morphbpe@8192,morphbpe@16384,penalty-1@6080,penalty-1@8192,penalty-1@16384,penalty-2@6080,penalty-2@8192,penalty-2@16384,penalty-4@6080,penalty-4@8192,penalty-4@16384,penalty-8@6080,penalty-8@8192,penalty-8@16384,stochastic-p4-d0.1@6080,stochastic-p4-d0.1@8192,stochastic-p4-d0.1@16384,stochastic-p4-d0.2@6080,stochastic-p4-d0.2@8192,stochastic-p4-d0.2@16384,unigram-ablation@6080
pabustan,circumfixation,B_moderate_silver,pa+bust+an,pabustan,pabustan,pabustan,pabustan,pabustan,pabustan,pabustan,pabustan,pabustan,pabustan,pabustan,pabustan,pabustan,pabustan,pabustan,pabustan,pabustan,pabustan,pabustan,pabustan,pabustan,pabustan,pabustan,pabustan,pabustan
kapampangan,circumfixation,B_moderate_silver,ka+pampang+an,kapampangan,kapampangan,kapampangan,kapampangan,kapampangan,kapampangan,kapampangan,kapampangan,kapampangan,kapampangan,kapampangan,kapampangan,kapampangan,kapampangan,kapampangan,kapampangan,kapampangan,kapampangan,kapampangan,kapampangan,kapampangan,kapampangan,kapampangan,kapampangan,kapampangan
kapakaluluan,circumfixation,B_moderate_silver,ka+pakalulu+an,kap+akal+uluan,kapakaluluan,kapakaluluan,kap+akal+uluan,kapakaluluan,kapakaluluan,ka+pakal+uluan,kapakaluluan,kapakaluluan,kapa+kalulu+an,kapakaluluan,kapakaluluan,kapa+kalulu+an,kapakaluluan,kapakaluluan,ka+pakalulu+an,kapakaluluan,kapakaluluan,kapa+kalulu+an,kapakaluluan,kapakaluluan,kapa+ka+lulu+an,kapakaluluan,kapakaluluan,ka+pakalulu+an
katuliran,circumfixation,F_conflicts_with_reconciliation_evidence,ka+tulir+an,katuliran,katuliran,katuliran,katuliran,katuliran,katuliran,katuliran,katuliran,katuliran,katuliran,katuliran,katuliran,katuliran,katuliran,katuliran,katuliran,katuliran,katuliran,katuliran,katuliran,katuliran,katuliran,katuliran,katuliran,katuliran
kautusan,circumfixation,A_strong_silver,ka+utus+an,kautusan,kautusan,kautusan,ka+utus+an,ka+utus+an,ka+utus+an,ka+utus+an,ka+utus+an,ka+utus+an,ka+utus+an,ka+utus+an,ka+utus+an,ka+utus+an,ka+utus+an,ka+utus+an,ka+utus+an,ka+utus+an,ka+utus+an,ka+utus+an,ka+utus+an,ka+utus+an,ka+utus+an,ka+utus+an,ka+utus+an,kautusan
panuanan,circumfixation,A_strong_silver,pa+nuan+an,pan+uanan,pan+uanan,panuanan,pan+uanan,pan+uanan,pan+uanan,pan+uanan,pan+uanan,pan+uanan,pan+uanan,pan+uanan,pan+uanan,pan+uanan,pan+uanan,pan+uanan,panu+anan,panu+anan,panuanan,pan+uan+an,pan+uan+an,pan+uanan,panu+anan,panu+anan,panu+anan,pan+uanan
kapurian,circumfixation,F_conflicts_with_reconciliation_evidence,ka+puri+an,kapurian,kapurian,kapurian,kapurian,kapurian,kapurian,kapurian,kapurian,kapurian,kapurian,kapurian,kapurian,kapurian,kapurian,kapurian,kapurian,kapurian,kapurian,kapurian,kapurian,kapurian,kapurian,kapurian,kapurian,kapuri+an
kasalanan,circumfixation,B_moderate_silver,ka+salan+an,kasalanan,kasalanan,kasalanan,kas+alanan,kas+alanan,kas+alanan,kasal+anan,kasal+anan,kasal+anan,kasal+anan,kasal+anan,kasal+anan,kasal+anan,kasal+anan,kasal+anan,kasal+anan,kasal+anan,kasal+anan,kasal+anan,kasal+anan,kasal+anan,kasal+anan,kasal+anan,kasal+anan,kasalanan
pamangan,circumfixation,A_strong_silver,pa+mang+an,pamangan,pamangan,pamangan,pamangan,pamangan,pamangan,pamangan,pamangan,pamangan,pamangan,pamangan,pamangan,pamangan,pamangan,pamangan,pamangan,pamangan,pamangan,pamangan,pamangan,pamangan,pamangan,pamangan,pamangan,pamangan
kaligtasan,circumfixation,A_strong_silver,ka+ligtas+an,kaligtasan,kaligtasan,kaligtasan,kal+ig+t+asan,kal+ig+t+asan,kalig+tasan,kal+ig+tas+an,kal+igtas+an,kal+igtas+an,kal+ig+tas+an,kal+igtas+an,kal+igtas+an,kal+ig+tasan,kal+ig+tasan,kalig+tasan,ka+ligtas+an,ka+ligtas+an,ka+ligtas+an,ka+ligtas+an,ka+ligtas+an,ka+ligtas+an,ka+ligtas+an,ka+ligtas+an,ka+ligtas+an,kaligtasan
kamatayan,circumfixation,B_moderate_silver,ka+matay+an,kamatayan,kamatayan,kamatayan,kamatayan,kamatayan,kamatayan,kamatayan,kamatayan,kamatayan,kamatayan,kamatayan,kamatayan,kamatayan,kamatayan,kamatayan,kamatayan,kamatayan,kamatayan,kamatayan,kamatayan,kamatayan,kamatayan,kamatayan,kamatayan,kamatayan
pamamilatan,circumfixation,B_moderate_silver,pa+mamilat+an,pamamilatan,pamamilatan,pamamilatan,pamam+ilatan,pamam+ilatan,pamam+ilatan,pam+am+ilatan,pam+am+ilatan,pam+am+ilatan,pam+am+ilatan,pam+am+ilatan,pam+am+ilatan,pam+am+ilatan,pam+am+ilatan,pam+am+ilatan,pam+am+ilatan,pam+am+ilatan,pam+am+ilatan,pam+am+ilatan,pam+am+ilatan,pam+am+ilatan,pam+ami+lat+an,pam+ami+lat+an,pamami+lat+an,pam+amilatan
kayanakan,circumfixation,B_moderate_silver,ka+yanak+an,kayanakan,kayanakan,kayanakan,kayanakan,kayanakan,kayanakan,kayanakan,kayanakan,kayanakan,kayanakan,kayanakan,kayanakan,kayanakan,kayanakan,kayanakan,kayanakan,kayanakan,kayanakan,kayanakan,kayanakan,kayanakan,kayanakan,kayanakan,kayanakan,kayanakan
kaluguran,circumfixation,B_moderate_silver,ka+lugur+an,kaluguran,kaluguran,kaluguran,kaluguran,kaluguran,kaluguran,kaluguran,kaluguran,kaluguran,kaluguran,kaluguran,kaluguran,kaluguran,kaluguran,kaluguran,kaluguran,kaluguran,kaluguran,kaluguran,kaluguran,kaluguran,kaluguran,kaluguran,kaluguran,kaluguran
katutuan,circumfixation,A_strong_silver,ka+tutu+an,katutuan,katutuan,katutuan,katut+uan,katut+uan,katut+uan,katut+uan,katut+uan,katut+uan,katut+uan,katut+uan,katut+uan,ka+tutu+an,ka+tutu+an,ka+tutu+an,ka+tutu+an,ka+tutu+an,ka+tutu+an,ka+tutu+an,ka+tutu+an,ka+tutu+an,katu+tu+an,katu+tu+an,katu+tu+an,katutuan
pasbulan,circumfixation,F_conflicts_with_reconciliation_evidence,pasbul+an,pas+bulan,pas+bulan,pasbulan,pas+bulan,pas+bulan,pas+bulan,pas+bulan,pas+bulan,pas+bulan,pas+bulan,pas+bulan,pas+bulan,pas+bulan,pas+bulan,pas+bulan,pas+bulan,pas+bulan,pas+bulan,pas+bulan,pas+bulan,pas+bulan,pas+bulan,pas+bulan,pas+bulan,pasbul+an
kabaldugan,circumfixation,F_conflicts_with_reconciliation_evidence,ka+baldug+an,kabaldugan,kabaldugan,kabaldugan,ka+baldug+an,ka+baldug+an,ka+baldugan,ka+baldug+an,ka+baldug+an,ka+baldug+an,ka+baldug+an,ka+baldug+an,ka+baldug+an,ka+baldug+an,ka+baldug+an,ka+baldug+an,ka+baldug+an,ka+baldug+an,ka+baldug+an,ka+baldu+gan,ka+baldu+gan,ka+baldu+gan,ka+baldug+an,ka+baldug+an,ka+baldug+an,kabaldugan
kapayapan,circumfixation,B_moderate_silver,ka+payap+an,kapayapan,kapayapan,kapayapan,kapayapan,kapayapan,kapayapan,kapayapan,kapayapan,kapayapan,kapayapan,kapayapan,kapayapan,kapayapan,kapayapan,kapayapan,kapayapan,kapayapan,kapayapan,kapayapan,kapayapan,kapayapan,kapayapan,kapayapan,kapayapan,kapayapan
kasakitan,circumfixation,A_strong_silver,ka+sakit+an,kasakitan,kasakitan,kasakitan,kas+akit+an,kas+akitan,kas+akitan,kas+akit+an,kas+akit+an,kasakit+an,kas+akit+an,kas+akit+an,kasakit+an,ka+sakit+an,ka+sakit+an,ka+sakit+an,ka+sakit+an,ka+sakit+an,ka+sakit+an,ka+sakit+an,ka+sakit+an,ka+sakit+an,ka+sakit+an,ka+sakit+an,ka+sakit+an,kasakit+an
panintunan,circumfixation,F_conflicts_with_reconciliation_evidence,pan+intun+an,panintunan,panintunan,panintunan,pan+int+unan,pan+int+unan,pan+intunan,pan+intun+an,pan+intun+an,pan+intun+an,pan+intun+an,pan+intun+an,pan+intun+an,pan+intun+an,pan+intun+an,pan+intun+an,pan+intun+an,pan+intun+an,pan+intun+an,pan+intun+an,pan+intun+an,pan+intun+an,p+an+intun+an,p+an+intun+an,p+an+intun+an,panintuna+n
palsintan,circumfixation,B_moderate_silver,pa+lsint+an,pal+sintan,palsintan,palsintan,pal+sintan,palsintan,palsintan,pal+sintan,palsintan,palsintan,pal+sintan,palsintan,palsintan,pal+sintan,palsintan,palsintan,palsintan,palsintan,palsintan,pal+sintan,palsintan,palsintan,pals+int+an,palsintan,palsintan,palsintan
kanuanan,circumfixation,A_strong_silver,ka+nuan+an,kanu+anan,kanu+anan,kanuanan,kan+uanan,kan+uanan,kan+uanan,kan+uanan,kan+uanan,kan+uanan,kan+uanan,kan+uanan,kan+uanan,kan+uanan,kan+uanan,kan+uanan,kan+uan+an,kan+uanan,kan+uanan,kan+uan+an,kan+uan+an,kan+uanan,kanu+anan,kanu+anan,kanu+anan,kan+uanan
katapatan,circumfixation,F_conflicts_with_reconciliation_evidence,ka+tapat+an,kat+apatan,katapatan,katapatan,kat+apatan,katapatan,katapatan,kat+apatan,katapatan,katapatan,kat+apatan,katapatan,katapatan,kata+patan,katapatan,katapatan,ka+ta+patan,katapatan,katapatan,kata+pat+an,katapatan,katapatan,kata+pat+an,katapatan,katapatan,katapatan
kawatasan,circumfixation,B_moderate_silver,ka+watas+an,kawat+asan,kawatasan,kawatasan,kawat+asan,kawatasan,kawatasan,kawat+asan,kawatasan,kawatasan,ka+watasan,kawatasan,kawatasan,kawat+asan,kawatasan,kawatasan,kawatasan,kawatasan,kawatasan,kawat+asan,kawatasan,kawatasan,ka+wat+asan,kawatasan,kawatasan,kawatasan
kabiasnan,circumfixation,B_moderate_silver,ka+biasn+an,kabiasnan,kabiasnan,kabiasnan,kabiasnan,kabiasnan,kabiasnan,kabiasnan,kabiasnan,kabiasnan,kabiasnan,kabiasnan,kabiasnan,kabiasnan,kabiasnan,kabiasnan,kabiasnan,kabiasnan,kabiasnan,kabiasnan,kabiasnan,kabiasnan,kabiasnan,kabiasnan,kabiasnan,kabiasnan
panimanman,circumfixation,F_conflicts_with_reconciliation_evidence,pani+manman,panimanman,panimanman,panimanman,panimanman,panimanman,panimanman,panimanman,panimanman,panimanman,panimanman,panimanman,panimanman,panimanman,panimanman,panimanman,panimanman,panimanman,panimanman,panimanman,panimanman,panimanman,panimanman,panimanman,panimanman,panimanman
kailangan,circumfixation,A_strong_silver,ka+ilang+an,kailangan,kailangan,kailangan,kailangan,kailangan,kailangan,kailangan,kailangan,kailangan,kailangan,kailangan,kailangan,kailangan,kailangan,kailangan,kailangan,kailangan,kailangan,kailangan,kailangan,kailangan,kailangan,kailangan,kailangan,kailangan
kaligaligan,circumfixation,F_conflicts_with_reconciliation_evidence,ka+ligalig+an,kal+ig+aligan,kal+ig+aligan,kaligaligan,kal+ig+aligan,kal+ig+aligan,kaligaligan,kal+ig+aligan,kal+ig+aligan,kaligaligan,kal+ig+aligan,kal+ig+aligan,kaligaligan,kal+ig+aligan,kal+ig+aligan,kaligaligan,ka+lig+aligan,ka+ligaligan,kaligaligan,ka+lig+aligan,ka+lig+aligan,kaligaligan,ka+lig+aligan,ka+ligaligan,kaligaligan,ka+ligalig+an
kaisipan,circumfixation,A_strong_silver,ka+isip+an,kaisipan,kaisipan,kaisipan,ka+isip+an,ka+isip+an,ka+isipan,ka+isip+an,ka+isip+an,ka+isip+an,ka+isip+an,ka+isip+an,ka+isip+an,ka+isip+an,ka+isip+an,ka+isip+an,ka+isi+pan,ka+isi+pan,ka+isipan,ka+isi+pan,ka+isi+pan,ka+isipan,ka+isip+an,ka+isip+an,ka+isip+an,kaisipan
kayatulan,circumfixation,B_moderate_silver,ka+yatul+an,kay+atulan,kay+atulan,kayatulan,kay+at+ulan,kayat+ulan,kayatulan,kay+atul+an,kay+atul+an,kayatulan,ka+yat+ulan,ka+yatulan,kayatulan,ka+yatul+an,ka+yatulan,kayatulan,ka+yat+ulan,ka+yatulan,kayatulan,kay+atul+an,kay+atul+an,kayatulan,kay+at+ul+an,kay+at+ul+an,kayatulan,ka+y+atulan
kalalaman,circumfixation,A_strong_silver,ka+lalam+an,kal+al+aman,kal+al+aman,kalalaman,kal+al+aman,kal+al+aman,kal+al+aman,kal+al+aman,kal+al+aman,kal+al+aman,kal+al+aman,kal+al+aman,kal+al+aman,kal+al+aman,kal+al+aman,kal+al+aman,ka+lala+man,ka+lala+man,ka+lala+man,ka+lala+man,ka+lala+man,ka+lala+man,ka+lala+man,ka+lala+man,ka+lala+man,ka+lalam+an
pakibatan,circumfixation,F_conflicts_with_reconciliation_evidence,pakibat+an,pak+ibatan,pak+ibatan,pakibatan,pak+ibatan,pak+ibatan,pak+ibatan,pakibat+an,pakibat+an,pakibat+an,pakibat+an,pakibat+an,pakibat+an,pakibat+an,pakibat+an,pakibat+an,pakibat+an,pakibat+an,pakibat+an,pakibat+an,pakibat+an,pakibat+an,pakibat+an,pakibat+an,pakibat+an,pakibat+an
pagkeran,circumfixation,B_moderate_silver,pa+gker+an,pag+ker+an,pag+ker+an,pagkeran,pag+ker+an,pag+ker+an,pag+ker+an,pag+ker+an,pag+ker+an,pag+ker+an,pag+ker+an,pag+ker+an,pag+ker+an,pag+ker+an,pag+ker+an,pag+ker+an,pag+ker+an,pag+ker+an,pag+ker+an,pag+ker+an,pag+ker+an,pag+ker+an,pag+k+er+an,pag+ker+an,pag+ker+an,pagkera+n
kalibakan,circumfixation,B_moderate_silver,ka+libak+an,kalib+akan,kalib+akan,kalib+akan,kal+ib+akan,kal+ib+akan,kalibakan,kal+ib+akan,kal+ib+akan,kalibakan,kal+ib+akan,kal+ib+akan,kalibakan,k+ali+ba+kan,k+ali+bakan,kalibakan,ka+li+ba+kan,kali+bakan,kalibakan,ka+li+ba+kan,ka+li+bakan,kalibakan,ka+li+ba+kan,kali+ba+kan,kali+ba+kan,ka+li+bak+an
kayarian,circumfixation,A_strong_silver,ka+yari+an,kayarian,kayarian,kayarian,kayarian,kayarian,kayarian,kayarian,kayarian,kayarian,kayarian,kayarian,kayarian,kayarian,kayarian,kayarian,kayarian,kayarian,kayarian,kayarian,kayarian,kayarian,kayarian,kayarian,kayarian,kayari+an
kagutgutan,circumfixation,F_conflicts_with_reconciliation_evidence,ka+gutgut+an,kag+ut+g+utan,kag+ut+g+utan,kagutgutan,kag+ut+g+utan,kag+ut+g+utan,kagutgutan,ka+g+ut+g+utan,kag+ut+g+utan,kagutgutan,kag+ut+g+utan,kag+ut+g+utan,kagutgutan,ka+gut+gut+an,ka+gut+gut+an,kagutgutan,ka+gut+gu+tan,ka+gut+gu+tan,kagutgutan,ka+gut+gu+tan,ka+gut+gu+tan,kagutgutan,ka+gut+gu+tan,ka+gut+gu+tan,kagutgutan,ka+gut+gut+an
kalinguan,circumfixation,B_moderate_silver,ka+lingu+an,kal+inguan,kal+inguan,kalinguan,kaling+uan,kalinguan,kalinguan,kaling+uan,kalinguan,kalinguan,kaling+uan,kalinguan,kalinguan,kaling+uan,kalinguan,kalinguan,ka+linguan,kalinguan,kalinguan,ka+li+ng+uan,kalinguan,kalinguan,ka+li+ng+uan,kali+ng+uan,kalinguan,kalingu+an
kakataskatasan,circumfixation,B_moderate_silver,ka+kataskatas+an,ka+katas+katasan,ka+katas+katasan,kakataskatasan,ka+kat+as+katasan,kakat+as+katasan,kakataskatasan,ka+kat+as+katasan,kakat+as+katasan,kakataskatasan,ka+kat+as+katasan,kakat+as+katasan,kakataskatasan,ka+ka+tas+katasan,ka+kataskatasan,kakataskatasan,ka+ka+tas+ka+tas+an,ka+kataskatasan,kakataskatasan,ka+ka+tas+ka+tas+an,ka+ka+tas+ka+tas+an,kakataskatasan,ka+ka+tas+ka+tasan,ka+ka+tas+ka+tasan,kakataskatasan,k+akataskatasan
kamarinayan,circumfixation,B_moderate_silver,ka+marinay+an,ka+mar+in+ayan,ka+mar+in+ayan,kamarinayan,ka+mar+in+ayan,ka+mar+in+ayan,kamarinayan,ka+mar+in+ayan,ka+mar+inayan,kamarinayan,ka+marin+ayan,ka+marin+ayan,kamarinayan,ka+marin+ayan,ka+marin+ayan,kamarinayan,ka+marin+ayan,ka+marin+ayan,kamarinayan,ka+marin+ayan,ka+marin+ayan,kamarinayan,ka+marin+ayan,ka+marin+ayan,kamarinayan,ka+ma+rin+ayan
kapulungan,circumfixation,B_moderate_silver,ka+pulung+an,kap+ulungan,kap+ulungan,kapulungan,kap+ulungan,kapulungan,kapulungan,kap+ulungan,kapulungan,kapulungan,kap+ulungan,kapulungan,kapulungan,kap+ulung+an,kapulungan,kapulungan,kap+ulung+an,kapulungan,kapulungan,kap+ulung+an,kapulungan,kapulungan,kap+ulungan,kap+ulungan,kapulungan,kapulungan
kayupayan,circumfixation,B_moderate_silver,ka+yupay+an,kayupayan,kayupayan,kayupayan,kayupayan,kayupayan,kayupayan,kayupayan,kayupayan,kayupayan,kayupayan,kayupayan,kayupayan,kayupayan,kayupayan,kayupayan,kayupayan,kayupayan,kayupayan,kayupayan,kayupayan,kayupayan,kayupayan,kayupayan,kayupayan,kayupaya+n
pamintuan,circumfixation,B_moderate_silver,pa+mintu+an,pam+intuan,pam+intuan,pamintuan,pamintuan,pamintuan,pamintuan,pamintuan,pamintuan,pamintuan,pamintuan,pamintuan,pamintuan,pamintuan,pamintuan,pamintuan,pamintuan,pamintuan,pamintuan,pam+intuan,pamintuan,pamintuan,pam+intu+an,pam+intuan,pamintuan,pamintu+an
kapasalamatan,circumfixation,F_conflicts_with_reconciliation_evidence,ka+pa+salamat+an,kap+as+alamatan,kapas+alamatan,kapasalamatan,kap+asal+am+atan,kap+asal+am+atan,kapasalamatan,ka+pas+alam+atan,kapas+alam+atan,kapasalamatan,kapa+sal+am+atan,kapa+salam+atan,kapasalamatan,kapa+sal+am+atan,kapa+salam+atan,kapasalamatan,ka+pa+salamat+an,ka+pa+salamat+an,kapasalamatan,kapa+salamat+an,kapa+salamat+an,kapasalamatan,kapa+salamat+an,kapa+salamat+an,kapasalamatan,ka+pasalamat+an
kapupusan,circumfixation,F_conflicts_with_reconciliation_evidence,ka+pupus+an,kap+up+usan,kapup+usan,kapupusan,kap+up+usan,kapup+usan,kapupusan,kap+up+usan,kapup+usan,kapupusan,ka+pupus+an,ka+pupus+an,kapupusan,ka+pu+pusan,kapu+pusan,kapupusan,ka+pu+pus+an,ka+pu+pusan,kapupusan,ka+pupus+an,ka+pupus+an,kapupusan,ka+pu+pus+an,kapu+pusan,kapupusan,kapupusan
paimburisan,circumfixation,B_moderate_silver,pa+imburis+an,pa+imb+ur+isan,pa+imb+ur+isan,pa+imburisan,pa+im+bur+isan,pa+im+bur+isan,pa+imburisan,pa+im+bur+isan,pa+im+bur+isan,pa+imburisan,pa+im+bur+isan,pa+im+bur+isan,pa+imburisan,pa+im+bur+isan,pa+im+bur+isan,pa+imburisan,pa+im+bu+ris+an,pa+imbu+ris+an,pa+imburisan,pa+im+bu+ris+an,pa+imbu+ris+an,paimburisan,pa+im+bu+ris+an,pa+imbu+ris+an,paimburisan,paimburis+an
kalungkutan,circumfixation,A_strong_silver,ka+lungkut+an,kal+ung+kutan,kalung+kutan,kalungkutan,kal+ung+ku+tan,kal+ung+ku+tan,kal+ung+kutan,kal+ung+ku+tan,kal+ung+ku+tan,kal+ung+kutan,kal+ung+ku+tan,kal+ung+ku+tan,kal+ung+kutan,kal+ung+kut+an,kal+ung+kut+an,kal+ung+kut+an,ka+lungkut+an,ka+lungkut+an,ka+lungkut+an,ka+lung+ku+tan,ka+lung+kutan,ka+lung+kutan,ka+lungkut+an,ka+lungkut+an,ka+lungkut+an,ka+lungkut+an
kandungan,circumfixation,B_moderate_silver,ka+ndung+an,kand+ungan,kand+ungan,kandungan,kand+ungan,kand+ungan,kandungan,kan+d+ungan,kan+d+ungan,kandungan,kan+d+ungan,kan+d+ungan,kandungan,kan+dung+an,kan+dung+an,kandungan,kan+dung+an,kan+dung+an,kandungan,kan+dung+an,kan+dung+an,kandungan,k+and+ungan,k+and+ungan,kandungan,kan+dung+an
kabyasnan,circumfixation,B_moderate_silver,ka+byasn+an,kab+yas+nan,kab+yasnan,kabyasnan,kab+yas+nan,kab+yasnan,kabyasnan,kab+yas+nan,kab+yasnan,kabyasnan,kab+yas+nan,kab+yasnan,kabyasnan,kab+yas+nan,kab+yasnan,kabyasnan,kab+yas+nan,kab+yasnan,kabyasnan,ka+b+yas+nan,ka+byasnan,kabyasnan,ka+bya+s+nan,ka+bya+s+nan,kabyasnan,kabyasnan
pakamalan,circumfixation,B_moderate_silver,pa+kamal+an,paka+malan,pakamalan,pakamalan,paka+malan,pakamalan,pakamalan,pakamal+an,pakamalan,pakamalan,pakamal+an,pakamalan,pakamalan,pakamal+an,pakamalan,pakamalan,pakamal+an,pakamalan,pakamalan,paka+mal+an,pakamalan,pakamalan,pakamal+an,pakamalan,pakamalan,paka+malan
parakalan,circumfixation,B_moderate_silver,pa+rakal+an,par+ak+alan,par+ak+alan,par+akalan,par+ak+alan,par+ak+alan,par+akalan,par+ak+alan,par+ak+alan,par+akalan,par+ak+alan,par+ak+alan,par+akalan,pa+rakal+an,pa+rakal+an,pa+rakal+an,pa+rakal+an,pa+rakal+an,pa+rakal+an,pa+rakal+an,pa+rakal+an,pa+rakalan,pa+raka+lan,pa+raka+lan,pa+rakalan,para+ka+lan
kayubuan,circumfixation,A_strong_silver,ka+yubu+an,kayu+b+uan,kayu+b+uan,kayu+buan,kayu+b+uan,kayu+b+uan,kayu+buan,kayu+b+uan,kayu+b+uan,kayu+buan,kayu+bu+an,kayu+bu+an,kayu+buan,kayu+bu+an,kayu+buan,kayu+buan,kayu+bu+an,kayu+buan,kayu+buan,kayu+bu+an,kayu+buan,kayu+buan,kayu+bu+an,kayu+buan,kayu+buan,kayu+bu+an
kalaraman,circumfixation,A_strong_silver,ka+laram+an,kal+ar+aman,kal+ar+aman,kalaraman,kal+ar+aman,kal+ar+aman,kalaraman,kal+ar+aman,kal+ar+aman,kalaraman,kal+ar+aman,kal+ar+aman,kalaraman,kal+ar+aman,kal+ar+aman,kalaraman,ka+lar+aman,ka+lar+aman,kalaraman,ka+lar+aman,ka+lar+aman,kalaraman,kala+ram+an,kala+ram+an,kalaraman,ka+laram+an
kapalaran,circumfixation,F_conflicts_with_reconciliation_evidence,ka+palar+an,kap+al+aran,kapal+aran,kapal+aran,kapal+aran,kapal+aran,kapal+aran,ka+pal+aran,kapal+aran,kapal+aran,ka+pal+aran,kapal+aran,kapal+aran,ka+pal+aran,ka+pal+aran,kapal+aran,ka+pala+ran,ka+pala+ran,ka+palaran,kapa+la+ran,kapa+la+ran,kapa+la+ran,kapa+la+ran,kapa+la+ran,kapa+laran,ka+pala+ran
kapanayan,circumfixation,A_strong_silver,ka+panay+an,kapanayan,kapanayan,kapanayan,kapanayan,kapanayan,kapanayan,kapanayan,kapanayan,kapanayan,kapanayan,kapanayan,kapanayan,kapanayan,kapanayan,kapanayan,kapanayan,kapanayan,kapanayan,kapanayan,kapanayan,kapanayan,kapanayan,kapanayan,kapanayan,kapanayan
karalumduman,circumfixation,B_moderate_silver,ka+ralumdum+an,kar+alum+du+man,kar+alum+duman,karalumduman,kar+al+um+du+man,kar+alum+duman,karalumduman,kar+al+um+du+man,kar+alum+duman,karalumduman,kar+al+um+du+man,kar+alum+duman,karalumduman,kar+alum+du+man,kar+alum+duman,karalumduman,kar+al+um+du+man,kar+alum+duman,karalumduman,kar+alum+du+man,kar+alum+duman,karalumduman,ka+ral+umdu+man,ka+ral+umdu+man,karalumduman,kar+alumdum+an
karampatan,circumfixation,B_moderate_silver,ka+rampat+an,karampatan,karampatan,karampatan,karampatan,karampatan,karampatan,karampatan,karampatan,karampatan,karampatan,karampatan,karampatan,karampatan,karampatan,karampatan,karampatan,karampatan,karampatan,karampatan,karampatan,karampatan,karampatan,karampatan,karampatan,karampatan
panamdaman,circumfixation,F_conflicts_with_reconciliation_evidence,pa+namdam+an,pan+amdaman,pan+amdaman,panamdaman,pan+amdaman,pan+amdaman,pan+amdaman,pan+amdaman,pan+amdaman,pan+amdaman,pan+amdaman,pan+amdaman,pan+amdaman,pan+amdam+an,pan+amdam+an,pan+amdam+an,pan+amdam+an,pan+amdam+an,pan+amdam+an,pan+am+daman,pan+amdaman,pan+amdaman,p+an+amdam+an,p+an+amdam+an,p+an+amdam+an,panamdaman
kaligayan,circumfixation,B_moderate_silver,ka+ligay+an,kal+igayan,kaligayan,kaligayan,kal+igayan,kaligayan,kaligayan,kal+igayan,kaligayan,kaligayan,kal+igayan,kaligayan,kaligayan,kal+igayan,kaligayan,kaligayan,ka+li+gayan,kaligayan,kaligayan,ka+li+gayan,kaligayan,kaligayan,ka+li+gayan,kaligayan,kaligayan,ka+ligaya+n
kapanamdaman,circumfixation,F_conflicts_with_reconciliation_evidence,ka+panamdam+an,kapan+amdaman,kapan+amdaman,kapanamdaman,kapan+amdaman,kapan+amdaman,kapanamdaman,kapan+amdaman,kapan+amdaman,kapanamdaman,kapan+amdaman,kapan+amdaman,kapanamdaman,kapan+amdam+an,kapan+amdam+an,kapanamdaman,kapan+amdam+an,kapan+amdam+an,kapanamdaman,kapan+am+daman,kapan+amdaman,kapanamdaman,kapan+amdam+an,kapan+amdam+an,kapanamdaman,ka+panamdaman
katipunan,circumfixation,A_strong_silver,ka+tipun+an,kat+ipunan,kat+ipunan,kat+ipunan,kat+ip+unan,kat+ip+unan,kat+ip+unan,kat+ipun+an,kat+ipun+an,kat+ipun+an,kat+ip+unan,kat+ip+unan,kat+ip+unan,ka+tipun+an,ka+tipun+an,ka+tipun+an,ka+tipun+an,ka+tipun+an,ka+tipun+an,ka+tipun+an,ka+tipun+an,ka+tipun+an,ka+tipun+an,ka+tipun+an,ka+tipun+an,ka+tipun+an
kayatinan,circumfixation,B_moderate_silver,ka+yatin+an,kay+atin+an,kay+atin+an,kayatinan,kay+atin+an,kay+atin+an,kayatinan,kay+atin+an,kay+atin+an,kayatinan,kay+atin+an,kay+atin+an,kayatinan,kay+atin+an,kay+atin+an,kayatinan,kay+atin+an,kay+atin+an,kayatinan,kay+atin+an,kay+atin+an,kayatinan,kay+atin+an,kay+atin+an,kayatinan,kaya+tin+an
pagnasan,circumfixation,B_moderate_silver,pa+gnas+an,pag+nasan,pagnasan,pagnasan,pag+nasan,pag+nasan,pag+nasan,pag+nasan,pag+nasan,pag+nasan,pag+nasan,pag+nasan,pag+nasan,pag+nasan,pag+nasan,pag+nasan,pag+nasan,pag+nasan,pag+nasan,pag+nasan,pag+nasan,pag+nasan,pag+nasan,pag+nasan,pag+nasan,pagnasan
kapagnasan,circumfixation,B_moderate_silver,ka+pagnas+an,kapagnasan,kapagnasan,kapagnasan,kapagnasan,kapagnasan,kapagnasan,kapagnasan,kapagnasan,kapagnasan,kapagnasan,kapagnasan,kapagnasan,kapagnasan,kapagnasan,kapagnasan,kapagnasan,kapagnasan,kapagnasan,kapagnasan,kapagnasan,kapagnasan,kapagnasan,kapagnasan,kapagnasan,kapagnasan
kasangkapan,circumfixation,A_strong_silver,ka+sangkap+an,kasang+kapan,kasangkapan,kasangkapan,kas+ang+kapan,kas+ang+kapan,kas+ang+kapan,kas+ang+kapan,kas+ang+kapan,kas+ang+kapan,ka+sang+kapan,ka+sang+kapan,ka+sang+kapan,ka+sang+kapan,ka+sang+kapan,kasang+kapan,ka+sang+kapan,ka+sang+kapan,ka+sang+kapan,ka+sang+kapan,ka+sang+kapan,ka+sang+kapan,ka+sangkap+an,ka+sangkap+an,ka+sangkap+an,kasangkapan
kabilugan,circumfixation,A_strong_silver,ka+bilug+an,kabilugan,kabilugan,kabilugan,kabilugan,kabilugan,kabilugan,ka+bilug+an,ka+bilug+an,ka+bilug+an,ka+bilug+an,ka+bilug+an,ka+bilug+an,ka+bilug+an,ka+bilug+an,ka+bilug+an,ka+bilug+an,ka+bilug+an,ka+bilug+an,kabilugan,kabilugan,kabilugan,kabilugan,kabilugan,kabilugan,kabilugan
kalaganapan,circumfixation,B_moderate_silver,ka+laganap+an,kal+agan+apan,kal+agan+apan,kal+agan+apan,kal+agan+apan,kal+agan+apan,kal+agan+apan,kal+agan+apan,kal+agan+apan,kal+agan+apan,kal+agan+apan,kal+agan+apan,kalagan+apan,kala+gan+apan,kala+gan+apan,kalagan+apan,ka+lag+ana+pan,ka+lag+ana+pan,ka+lag+ana+pan,kala+gan+apan,kala+gan+apan,kala+gan+apan,ka+lag+ana+p+an,ka+lag+anap+an,ka+lag+anap+an,ka+la+ganap+an
kapagalan,circumfixation,A_strong_silver,ka+pagal+an,kapag+alan,kapag+alan,kapagalan,kapag+alan,kapag+alan,kapag+alan,kapag+alan,kapag+alan,kapag+alan,kapag+alan,kapag+alan,kapag+alan,kapag+alan,kapag+alan,kapag+alan,ka+pagal+an,ka+pagal+an,ka+pagal+an,ka+pag+alan,ka+pag+alan,ka+pag+alan,ka+pag+alan,ka+pag+alan,ka+pag+alan,kapag+alan
kapainawan,circumfixation,B_moderate_silver,ka+painaw+an,ka+pain+awan,ka+pain+awan,kapainawan,ka+pa+ina+wan,kapa+inawan,kapainawan,ka+pa+ina+wan,ka+pa+inawan,kapainawan,kapa+ina+wan,kapa+inawan,kapainawan,kapa+in+awan,kapa+inawan,kapainawan,ka+pain+awan,ka+pain+awan,kapainawan,kapa+in+awan,kapa+inawan,kapainawan,kapa+in+awan,kapa+inawan,kapainawan,kapa+inawa+n
pagumasdan,circumfixation,B_moderate_silver,pa+gumasd+an,pag+umas+dan,pag+umasdan,pagumasdan,pag+umas+dan,pag+umasdan,pagumasdan,pag+u+masdan,pag+u+masdan,pagumasdan,pag+u+masdan,pagu+masdan,pagumasdan,pa+gu+masdan,pagu+masdan,pagumasdan,pa+gu+masdan,pa+gumasdan,pagumasdan,pa+gu+mas+dan,pa+gu+masdan,pagumasdan,pa+gu+mas+dan,pa+gu+masdan,pagumasdan,pa+gumasdan
kabilyan,circumfixation,B_moderate_silver,ka+bily+an,kabilyan,kabilyan,kabilyan,kabilyan,kabilyan,kabilyan,kabilyan,kabilyan,kabilyan,kabilyan,kabilyan,kabilyan,kabilyan,kabilyan,kabilyan,kabilyan,kabilyan,kabilyan,kabilyan,kabilyan,kabilyan,kabilyan,kabilyan,kabilyan,kabilyan
kaburian,circumfixation,A_strong_silver,ka+buri+an,kaburian,kaburian,kaburian,kab+urian,kab+urian,kab+urian,ka+bur+ian,ka+bur+ian,ka+bur+ian,ka+buri+an,ka+buri+an,ka+buri+an,ka+buri+an,ka+buri+an,ka+buri+an,ka+buri+an,ka+buri+an,ka+buri+an,ka+buri+an,ka+buri+an,ka+buri+an,ka+buri+an,ka+buri+an,ka+buri+an,kaburian
kamulangan,circumfixation,A_strong_silver,ka+mulang+an,kam+ul+angan,kam+ul+angan,kam+ulangan,kam+ul+angan,kam+ul+angan,kam+ul+angan,kam+ul+angan,kam+ul+angan,kam+ul+angan,kam+ul+angan,kam+ul+angan,kam+ul+angan,kam+ulang+an,kam+ulang+an,kam+ulang+an,kam+ul+angan,kam+ul+angan,kam+ul+angan,kam+ul+angan,kam+ul+angan,kam+ul+angan,ka+mu+langan,ka+mu+langan,ka+mu+langan,ka+mu+langan
kapalaluan,circumfixation,B_moderate_silver,ka+palalu+an,kap+alal+uan,kap+alal+uan,kap+alal+uan,kapal+al+uan,kapal+al+uan,kapal+aluan,ka+pal+al+uan,kapal+al+uan,kapal+aluan,ka+pal+al+uan,kapal+al+uan,kapal+aluan,ka+pal+al+uan,ka+pal+al+uan,kapal+aluan,ka+pa+lalu+an,ka+pa+lalu+an,kapa+lalu+an,kapa+lalu+an,kapa+lalu+an,kapa+lalu+an,kapa+lalu+an,kapa+lalu+an,kapa+lalu+an,kapa+lalu+an
kapatagan,circumfixation,A_strong_silver,ka+patag+an,kapat+agan,kapat+agan,kapatagan,kapat+agan,kapat+agan,kapat+agan,ka+pat+agan,ka+pat+agan,ka+pat+agan,ka+pat+agan,ka+pat+agan,ka+pat+agan,ka+patag+an,ka+patag+an,ka+patag+an,ka+patag+an,ka+patag+an,ka+patag+an,ka+patag+an,ka+patag+an,ka+patag+an,ka+patag+an,ka+patag+an,ka+patag+an,kapata+gan
katungkulan,circumfixation,A_strong_silver,ka+tungkul+an,kat+ungkulan,katungkulan,katungkulan,kat+ungkul+an,kat+ungkulan,kat+ungkulan,kat+ungkul+an,kat+ungkul+an,kat+ungkul+an,kat+ungkul+an,kat+ungkul+an,kat+ungkul+an,ka+tungkul+an,ka+tungkul+an,ka+tungkul+an,ka+tungkul+an,ka+tungkul+an,ka+tungkul+an,ka+tungkul+an,ka+tungkul+an,ka+tungkul+an,ka+tung+kulan,ka+tung+kulan,ka+tung+kulan,ka+tungkul+an
kawakasan,circumfixation,A_strong_silver,ka+wakas+an,ka+wa+kasan,kawakasan,kawakasan,ka+wakas+an,ka+wakas+an,ka+wakas+an,ka+wakas+an,ka+wakas+an,ka+wakas+an,ka+wakas+an,ka+wakas+an,ka+wakas+an,ka+wakas+an,ka+wakas+an,ka+wakas+an,ka+wakas+an,ka+wakas+an,ka+wakas+an,ka+wa+kas+an,ka+wakas+an,ka+wakas+an,ka+wa+kas+an,ka+wakas+an,ka+wakas+an,kawaka+san
kayaldawan,circumfixation,B_moderate_silver,ka+yaldaw+an,kay+al+da+wan,kay+alda+wan,kayaldawan,kay+al+da+wan,kay+alda+wan,kayaldawan,kay+al+da+wan,kay+alda+wan,kayaldawan,kay+al+da+wan,kay+alda+wan,kayaldawan,kay+al+da+wan,kay+alda+wan,kayaldawan,kay+al+da+wan,kay+al+da+wan,kayaldawan,kay+alda+wan,kay+alda+wan,kayaldawan,kay+alda+wan,kay+alda+wan,kayaldawan,kayaldawan
kabengian,circumfixation,A_strong_silver,ka+bengi+an,kab+eng+ian,kab+eng+ian,kabengian,kab+eng+ian,kab+eng+ian,kab+eng+ian,ka+beng+ian,ka+beng+ian,ka+beng+ian,ka+beng+ian,ka+beng+ian,ka+beng+ian,ka+beng+ian,ka+beng+ian,ka+beng+ian,ka+beng+ian,ka+beng+ian,ka+beng+ian,ka+beng+ian,ka+beng+ian,ka+beng+ian,ka+beng+ian,ka+beng+ian,ka+beng+ian,ka+bengi+an
pasiknangan,circumfixation,B_moderate_silver,pa+siknang+an,pas+iknangan,pas+iknangan,pasiknangan,pas+iknangan,pasiknangan,pasiknangan,pas+iknangan,pasiknangan,pasiknangan,pa+sik+nang+an,pasiknangan,pasiknangan,pasi+knangan,pasiknangan,pasiknangan,pasi+knangan,pasiknangan,pasiknangan,pasi+k+nang+an,pasiknangan,pasiknangan,pa+sik+nang+an,pa+sik+nang+an,pasiknangan,pasikna+ngan
sinabi,infixation,A_strong_silver,s+in+abi,sinabi,sinabi,sinabi,sin+abi,sin+abi,sin+abi,s+in+abi,s+in+abi,s+in+abi,s+in+abi,s+in+abi,s+in+abi,s+in+abi,s+in+abi,s+in+abi,s+in+abi,s+in+abi,s+in+abi,s+in+abi,s+in+abi,s+in+abi,s+in+abi,s+in+abi,s+in+abi,sinabi
binie,infixation,A_strong_silver,b+in+ie,binie,binie,binie,bin+ie,bin+ie,bin+ie,b+in+ie,b+in+ie,b+in+ie,b+in+ie,b+in+ie,b+in+ie,b+in+ie,b+in+ie,b+in+ie,b+in+ie,b+in+ie,b+in+ie,b+in+ie,b+in+ie,b+in+ie,b+in+ie,b+in+ie,b+in+ie,binie
binili,infixation,A_strong_silver,b+in+ili,binili,binili,binili,bin+ili,bin+ili,bin+ili,b+in+ili,b+in+ili,b+in+ili,b+in+ili,b+in+ili,b+in+ili,b+in+ili,b+in+ili,b+in+ili,b+in+ili,b+in+ili,b+in+ili,b+in+ili,b+in+ili,b+in+ili,b+in+ili,b+in+ili,b+in+ili,binil+i
dinatang,infixation,A_strong_silver,d+in+atang,dinatang,dinatang,dinatang,din+atang,din+atang,din+atang,d+in+atang,d+in+atang,d+in+atang,d+in+atang,d+in+atang,d+in+atang,d+in+atang,d+in+atang,d+in+atang,d+in+atang,d+in+atang,d+in+atang,d+in+atang,d+in+atang,d+in+atang,d+in+atang,d+in+atang,d+in+atang,d+inatang
kinua,infixation,B_moderate_silver,k+in+ua,kinua,kinua,kinua,kinua,kinua,kinua,kinua,kinua,kinua,kinua,kinua,kinua,kinua,kinua,kinua,kinua,kinua,kinua,kinua,kinua,kinua,kinua,kinua,kinua,kinua
tinape,infixation,B_moderate_silver,t+in+ape,tinape,tinape,tinape,tinape,tinape,tinape,tinape,tinape,tinape,tinape,tinape,tinape,tinape,tinape,tinape,tinape,tinape,tinape,tinape,tinape,tinape,tinape,tinape,tinape,tinape
sinta,infixation,B_moderate_silver,s+in+ta,sinta,sinta,sinta,sinta,sinta,sinta,sinta,sinta,sinta,sinta,sinta,sinta,sinta,sinta,sinta,sinta,sinta,sinta,sinta,sinta,sinta,sinta,sinta,sinta,sinta
miniabi,infixation,B_moderate_silver,m+in+iabi,mini+abi,miniabi,miniabi,mini+abi,miniabi,miniabi,mini+abi,miniabi,miniabi,mini+abi,miniabi,miniabi,min+iabi,miniabi,miniabi,min+iabi,miniabi,miniabi,min+iabi,miniabi,miniabi,min+iabi,miniabi,miniabi,miniabi
linual,infixation,A_strong_silver,l+in+ual,linual,linual,linual,l+inu+al,l+inu+al,linu+al,l+inu+al,l+inu+al,linu+al,l+inu+al,l+inu+al,linu+al,l+inu+al,l+inu+al,linu+al,l+in+ual,l+in+ual,l+in+ual,l+in+ual,l+in+ual,l+in+ual,l+inu+al,l+inu+al,l+inu+al,linual
binang,infixation,B_moderate_silver,b+in+ang,binang,binang,binang,binang,binang,binang,binang,binang,binang,binang,binang,binang,binang,binang,binang,binang,binang,binang,binang,binang,binang,binang,binang,binang,binang
dinalan,infixation,A_strong_silver,d+in+alan,dinalan,dinalan,dinalan,dinalan,dinalan,dinalan,dinalan,dinalan,dinalan,dinalan,dinalan,dinalan,d+in+alan,dinalan,dinalan,d+in+alan,d+in+alan,d+in+alan,d+in+alan,d+in+alan,dinalan,dinalan,dinalan,dinalan,dinalan
tinalakad,infixation,A_strong_silver,t+in+alakad,tinalakad,tinalakad,tinalakad,tin+alakad,tin+alakad,tin+alakad,t+in+alakad,t+in+alakad,t+in+alakad,t+in+alakad,t+in+alakad,t+in+alakad,t+in+alakad,t+in+alakad,t+in+alakad,t+in+alakad,t+in+alakad,t+in+alakad,t+in+alakad,t+in+alakad,t+in+alakad,t+in+ala+kad,t+in+ala+kad,t+in+ala+kad,tin+alakad
tumula,infixation,F_conflicts_with_reconciliation_evidence,t+um+ula,tum+ula,tumula,tumula,tu+mula,tumula,tumula,tumu+la,tumula,tumula,tumu+la,tumula,tumula,tumu+la,tumula,tumula,tumu+la,tumula,tumula,tu+mu+la,tumula,tumula,tu+mu+la,tumula,tumula,tu+mula
dinapat,infixation,A_strong_silver,d+in+apat,din+apat,dinapat,dinapat,din+apat,din+apat,din+apat,d+in+apat,d+in+apat,d+in+apat,d+in+apat,d+in+apat,d+in+apat,d+in+apat,d+in+apat,d+in+apat,d+in+apat,d+in+apat,d+in+apat,d+in+apat,d+in+apat,d+in+apat,d+in+apat,d+in+apat,d+in+apat,din+apat
minuna,infixation,F_conflicts_with_reconciliation_evidence,m+in+una,minuna,minuna,minuna,minuna,minuna,minuna,minuna,minuna,minuna,minuna,minuna,minuna,minuna,minuna,minuna,minuna,minuna,minuna,minuna,minuna,minuna,minuna,minuna,minuna,minuna
linub,infixation,A_strong_silver,l+in+ub,linub,linub,linub,lin+ub,lin+ub,lin+ub,l+in+ub,l+in+ub,l+in+ub,l+in+ub,l+in+ub,l+in+ub,l+in+ub,l+in+ub,l+in+ub,l+in+ub,l+in+ub,l+in+ub,l+in+ub,l+in+ub,l+in+ub,l+in+ub,l+in+ub,l+in+ub,linub
dininan,infixation,B_moderate_silver,d+in+inan,dininan,dininan,dininan,dininan,dininan,dininan,dininan,dininan,dininan,dininan,dininan,dininan,dininan,dininan,dininan,d+in+in+an,d+in+in+an,dininan,d+in+in+an,dininan,dininan,d+in+in+an,dininan,dininan,dininan
ninumang,infixation,B_moderate_silver,n+in+umang,ninumang,ninumang,ninumang,ninumang,ninumang,ninumang,ninumang,ninumang,ninumang,ninumang,ninumang,ninumang,ninumang,ninumang,ninumang,ninumang,ninumang,ninumang,ninumang,ninumang,ninumang,ninumang,ninumang,ninumang,ninuman+g
ninung,infixation,A_strong_silver,n+in+ung,n+inung,ninung,ninung,n+inung,n+inung,n+inung,n+inung,n+inung,n+inung,n+in+ung,n+in+ung,n+in+ung,n+in+ung,n+in+ung,n+in+ung,n+in+ung,n+in+ung,n+in+ung,nin+ung,nin+ung,nin+ung,n+in+ung,n+in+ung,n+in+ung,ninu+ng
linigtas,infixation,A_strong_silver,l+in+igtas,lin+igtas,lin+igtas,linigtas,lin+ig+tas,lin+igtas,lin+igtas,l+in+ig+tas,l+in+igtas,l+in+igtas,l+in+ig+tas,l+in+igtas,l+in+igtas,l+in+ig+tas,l+in+igtas,l+in+igtas,l+in+ig+tas,l+in+igtas,l+in+igtas,l+in+ig+tas,l+in+igtas,l+in+igtas,l+in+igtas,l+in+igtas,l+in+igtas,lin+igtas
sumpa,infixation,B_moderate_silver,s+um+pa,sum+pa,sum+pa,sumpa,sum+pa,sumpa,sumpa,s+umpa,sumpa,sumpa,s+umpa,sumpa,sumpa,s+umpa,sumpa,sumpa,sumpa,sumpa,sumpa,s+umpa,sumpa,sumpa,sum+pa,sumpa,sumpa,sumpa
sinampa,infixation,A_strong_silver,s+in+ampa,sin+ampa,sin+ampa,sinampa,sin+ampa,sin+ampa,sin+ampa,s+in+ampa,s+in+ampa,s+in+ampa,s+in+ampa,s+in+ampa,s+in+ampa,s+in+ampa,s+in+ampa,s+in+ampa,s+in+am+pa,s+in+ampa,s+in+ampa,s+in+ampa,s+in+ampa,s+in+ampa,s+in+ampa,s+in+ampa,s+in+ampa,s+inampa
kinanua,infixation,B_moderate_silver,k+in+anua,kin+anua,kin+anua,kinanua,k+inan+ua,k+inan+ua,kinanua,k+inan+ua,k+inan+ua,kinanua,k+in+an+ua,k+in+an+ua,kinanua,k+in+anua,k+in+anua,kinanua,k+in+an+ua,k+in+an+ua,kinanua,k+in+an+ua,k+in+an+ua,kinanua,k+in+anua,k+in+anua,kinanua,ki+nanu+a
linapit,infixation,A_strong_silver,l+in+apit,linapit,linapit,linapit,lin+apit,lin+apit,lin+apit,l+in+apit,l+in+apit,l+in+apit,l+in+apit,l+in+apit,l+in+apit,l+in+apit,l+in+apit,l+in+apit,l+in+apit,l+in+apit,l+in+apit,l+in+apit,l+in+apit,l+in+apit,l+in+apit,l+in+apit,l+in+apit,linap+it
binye,infixation,A_strong_silver,b+in+ye,bin+ye,binye,binye,bin+ye,bin+ye,bin+ye,b+in+ye,b+in+ye,b+in+ye,b+in+ye,b+in+ye,b+in+ye,b+in+ye,b+in+ye,b+in+ye,b+in+ye,b+in+ye,b+in+ye,b+in+ye,b+in+ye,b+in+ye,b+in+ye,b+in+ye,b+in+ye,bin+ye
linto,infixation,B_moderate_silver,l+in+to,linto,linto,linto,linto,linto,linto,linto,linto,linto,linto,linto,linto,linto,linto,linto,linto,linto,linto,linto,linto,linto,linto,linto,linto,linto
pinili,infixation,A_strong_silver,p+in+ili,pinili,pinili,pinili,pin+ili,pin+ili,pin+ili,pin+ili,pin+ili,pin+ili,pin+ili,pin+ili,pin+ili,pin+ili,pin+ili,pin+ili,pin+ili,pin+ili,pin+ili,pin+ili,pin+ili,pin+ili,pin+ili,pin+ili,pin+ili,pinili
sintang,infixation,F_conflicts_with_reconciliation_evidence,sintang,sin+tang,sintang,sintang,sint+ang,sintang,sintang,sint+ang,sintang,sintang,s+intang,s+intang,sintang,s+intang,sintang,sintang,s+intang,sintang,sintang,s+intang,sintang,sintang,s+intang,s+intang,sintang,sinta+ng
kinuldas,infixation,A_strong_silver,k+in+uldas,kinul+das,kinul+das,kinuldas,kin+ul+das,kin+uldas,kin+uldas,kin+ul+das,kin+uldas,kin+uldas,k+in+ul+das,k+in+uldas,k+in+uldas,k+in+ul+das,k+in+uldas,k+in+uldas,k+in+ul+das,k+in+uldas,k+in+uldas,k+in+ul+das,k+in+uldas,k+in+uldas,k+in+ul+das,k+in+uldas,k+in+uldas,kin+uldas
lumakad,infixation,A_strong_silver,l+um+akad,luma+kad,luma+kad,lumakad,lu+maka+d,lu+maka+d,lu+maka+d,lu+maka+d,lu+maka+d,lu+maka+d,lu+maka+d,lu+maka+d,lu+maka+d,lu+maka+d,lu+maka+d,lu+maka+d,lu+maka+d,lu+maka+d,lu+maka+d,lu+maka+d,lu+maka+d,lu+maka+d,lu+maka+d,lu+maka+d,lu+maka+d,luma+kad
sinulat,infixation,A_strong_silver,s+in+ulat,sinulat,sinulat,sinulat,sin+ulat,sin+ulat,sin+ulat,s+in+ulat,s+in+ulat,s+in+ulat,s+in+ulat,s+in+ulat,s+in+ulat,s+in+ulat,s+in+ulat,s+in+ulat,s+in+ulat,s+in+ulat,s+in+ulat,sinu+lat,sinu+lat,sinu+lat,sinu+lat,sinu+lat,sinu+lat,sinulat
tumakut,infixation,A_strong_silver,t+um+akut,tum+akut,tum+akut,tum+akut,tum+ak+ut,tum+ak+ut,tum+akut,tu+ma+kut,tu+ma+kut,tu+ma+kut,tu+ma+kut,tu+ma+kut,tu+ma+kut,tu+ma+kut,tu+ma+kut,tu+ma+kut,tu+ma+kut,tu+ma+kut,tuma+kut,tu+ma+kut,tu+ma+kut,tuma+kut,tu+ma+kut,tu+ma+kut,tuma+kut,tum+aku+t
tinakas,infixation,A_strong_silver,t+in+akas,tin+a+kas,tin+akas,tinakas,t+ina+kas,t+ina+kas,t+ina+kas,t+ina+kas,t+ina+kas,tina+kas,t+ina+kas,t+ina+kas,tina+kas,t+in+akas,t+in+akas,t+in+akas,t+in+a+kas,t+in+akas,t+in+akas,t+in+akas,t+in+akas,t+in+akas,t+in+aka+s,t+in+akas,t+in+akas,ti+na+kas
tinas,infixation,A_strong_silver,t+in+as,t+inas,t+inas,tinas,tin+as,tin+as,tin+as,t+in+as,t+in+as,t+in+as,t+in+as,t+in+as,t+in+as,t+in+as,t+in+as,t+in+as,t+in+as,t+in+as,t+in+as,t+in+as,t+in+as,t+in+as,t+in+as,t+in+as,t+in+as,tin+as
linawe,infixation,F_conflicts_with_reconciliation_evidence,l+in+awe,lin+awe,linawe,linawe,lina+we,linawe,linawe,lina+we,linawe,linawe,lina+we,linawe,linawe,l+inawe,linawe,linawe,l+in+awe,linawe,linawe,l+in+awe,linawe,linawe,l+in+awe,linawe,linawe,linawe
mumunang,infixation,B_moderate_silver,m+um+unang,mumunang,mumunang,mumunang,mumunang,mumunang,mumunang,mumunang,mumunang,mumunang,mumunang,mumunang,mumunang,mumunang,mumunang,mumunang,mumunang,mumunang,mumunang,mumunang,mumunang,mumunang,mumunang,mumunang,mumunang,mumunang
sinugat,infixation,A_strong_silver,s+in+ugat,sin+ug+at,sin+ugat,sinugat,sin+ug+at,sin+ugat,sin+ugat,s+in+ug+at,s+in+ugat,s+in+ugat,s+in+ug+at,s+in+ugat,s+in+ugat,s+in+ug+at,s+in+ugat,s+in+ugat,s+in+ug+at,s+in+ugat,s+in+ugat,s+in+ug+at,s+in+ugat,s+in+ugat,s+in+ugat,s+in+ugat,s+in+ugat,sin+u+g+at
sinuyu,infixation,B_moderate_silver,s+in+uyu,sinuyu,sinuyu,sinuyu,sinuyu,sinuyu,sinuyu,sinuyu,sinuyu,sinuyu,sinuyu,sinuyu,sinuyu,sinuyu,sinuyu,sinuyu,sinuyu,sinuyu,sinuyu,sinuyu,sinuyu,sinuyu,sinuyu,sinuyu,sinuyu,sinuyu
dinalung,infixation,F_conflicts_with_reconciliation_evidence,d+in+alung,din+alung,din+alung,din+alung,din+alung,din+alung,din+alung,d+inal+ung,d+inal+ung,dinal+ung,d+inal+ung,d+inal+ung,d+inal+ung,d+in+alung,d+in+alung,d+in+alung,d+in+alung,d+in+alung,d+in+alung,d+in+alung,d+in+alung,d+in+alung,d+in+alung,d+in+alung,d+in+alung,dinal+ung
dinam,infixation,A_strong_silver,d+in+am,din+am,din+am,dinam,din+am,din+am,din+am,d+in+am,d+in+am,d+in+am,d+in+am,d+in+am,d+in+am,d+in+am,d+in+am,d+in+am,d+in+am,d+in+am,d+in+am,d+in+am,d+in+am,d+in+am,d+in+am,d+in+am,d+in+am,di+na+m
minaus,infixation,B_moderate_silver,m+in+aus,min+aus,min+aus,minaus,m+inaus,m+inaus,minaus,min+aus,min+aus,minaus,min+aus,min+aus,minaus,min+aus,min+aus,minaus,min+aus,min+aus,minaus,min+aus,min+aus,minaus,min+aus,min+aus,minaus,m+inaus
minunang,infixation,B_moderate_silver,m+in+unang,minunang,minunang,minunang,minunang,minunang,minunang,minunang,minunang,minunang,minunang,minunang,minunang,minunang,minunang,minunang,minunang,minunang,minunang,minunang,minunang,minunang,minunang,minunang,minunang,minuna+ng
sumuyu,infixation,B_moderate_silver,s+um+uyu,su+mu+yu,sumu+yu,sumuyu,su+mu+yu,sumu+yu,sumuyu,su+mu+yu,sumu+yu,sumuyu,su+mu+yu,sumu+yu,sumuyu,su+mu+yu,sumu+yu,sumuyu,su+mu+yu,sumu+yu,sumuyu,su+mu+yu,su+mu+yu,sumuyu,su+mu+yu,sumu+yu,sumuyu,sumuyu
tinuki,infixation,A_strong_silver,t+in+uki,tinuki,tinuki,tinuki,tin+uki,tin+uki,tin+uki,t+in+uki,t+in+uki,t+in+uki,t+in+uki,t+in+uki,t+in+uki,tinu+ki,tinu+ki,tinu+ki,t+in+uki,t+in+uki,t+in+uki,t+inu+ki,t+inu+ki,t+inu+ki,t+inu+ki,t+inu+ki,t+inu+ki,tinuki
lumapit,infixation,A_strong_silver,l+um+apit,lum+apit,lumapit,lumapit,lum+apit,lum+apit,lum+apit,lu+ma+pit,luma+pit,luma+pit,lu+ma+pit,luma+pit,luma+pit,lu+ma+pit,luma+pit,luma+pit,lu+ma+pit,lu+ma+pit,luma+pit,lu+ma+pit,lu+ma+pit,luma+pit,lu+ma+pit,luma+pit,luma+pit,luma+pit
minum,infixation,A_strong_silver,m+in+um,min+um,minum,minum,minum,minum,minum,minum,minum,minum,minum,minum,minum,minum,minum,minum,minum,minum,minum,minum,minum,minum,min+um,minum,minum,minum
singsing,infixation,B_moderate_silver,s+in+gsing,sing+sing,sing+sing,singsing,sing+sing,singsing,singsing,sing+sing,singsing,singsing,sing+sing,singsing,singsing,sing+sing,singsing,singsing,sing+sing,singsing,singsing,si+ng+si+ng,si+ng+si+ng,singsing,si+ng+si+ng,si+ng+si+ng,singsing,singsing
binutil,infixation,A_strong_silver,b+in+util,bin+ut+il,bin+ut+il,binutil,bin+ut+il,bin+ut+il,bin+util,b+in+ut+il,b+in+ut+il,b+in+util,b+in+ut+il,b+in+ut+il,b+in+util,b+in+ut+il,b+in+ut+il,b+in+util,b+inu+til,b+inu+til,b+inu+til,b+in+ut+il,b+in+ut+il,b+in+util,b+inu+til,b+inu+til,b+inu+til,binutil
kiniak,infixation,B_moderate_silver,k+in+iak,k+ini+ak,k+ini+ak,k+iniak,k+ini+ak,k+ini+ak,k+iniak,k+ini+ak,k+ini+ak,k+iniak,k+ini+ak,k+ini+ak,k+iniak,k+ini+ak,k+ini+ak,k+iniak,k+in+i+ak,k+in+i+ak,kini+ak,k+in+i+ak,k+in+i+ak,k+in+i+ak,k+ini+ak,k+ini+ak,k+iniak,ki+nia+k
minie,infixation,B_moderate_silver,m+in+ie,min+ie,minie,minie,minie,minie,minie,minie,minie,minie,minie,minie,minie,minie,minie,minie,minie,minie,minie,minie,minie,minie,minie,minie,minie,mini+e
minta,infixation,B_moderate_silver,m+in+ta,minta,minta,minta,minta,minta,minta,minta,minta,minta,minta,minta,minta,minta,minta,minta,minta,minta,minta,minta,minta,minta,minta,minta,minta,minta
tinikdo,infixation,A_strong_silver,t+in+ikdo,tin+ikdo,tin+ikdo,tinikdo,tin+ikdo,tin+ikdo,tin+ikdo,t+in+ikdo,t+in+ikdo,t+in+ikdo,t+in+ik+do,t+in+ikdo,t+in+ikdo,t+in+ik+do,t+in+ikdo,t+in+ikdo,t+in+ik+do,t+in+ikdo,t+in+ikdo,t+in+ik+do,t+in+ikdo,t+in+ikdo,t+in+ik+do,t+in+ik+do,t+in+ikdo,tinikdo
kinagli,infixation,F_conflicts_with_reconciliation_evidence,k+in+agli,kin+ag+li,kin+ag+li,kin+agli,kin+ag+li,kin+ag+li,kin+agli,k+inag+li,k+inag+li,k+inag+li,k+inag+li,k+inag+li,k+inag+li,k+in+ag+li,k+in+ag+li,k+inag+li,k+in+ag+li,k+in+ag+li,k+inag+li,k+in+ag+li,k+in+ag+li,k+inag+li,k+in+ag+li,k+in+ag+li,k+inag+li,ki+na+g+li
ninuman,infixation,B_moderate_silver,n+in+uman,ninuman,ninuman,ninuman,ninuman,ninuman,ninuman,ninuman,ninuman,ninuman,ninuman,ninuman,ninuman,ninuman,ninuman,ninuman,ninuman,ninuman,ninuman,ninuman,ninuman,ninuman,ninuman,ninuman,ninuman,ninuman
sinumpa,infixation,A_strong_silver,s+in+umpa,sin+umpa,sin+umpa,sinumpa,sin+umpa,sin+umpa,sin+umpa,s+in+umpa,s+in+umpa,s+in+umpa,s+in+umpa,s+in+umpa,s+in+umpa,s+in+umpa,s+in+umpa,s+in+umpa,s+in+umpa,s+in+umpa,s+in+umpa,s+in+umpa,s+in+umpa,s+in+umpa,s+in+umpa,s+in+umpa,s+in+umpa,s+inum+pa
linian,infixation,B_moderate_silver,l+in+ian,lin+ian,lin+ian,lin+ian,lin+ian,lin+ian,lin+ian,l+in+ian,l+inian,l+inian,l+in+ian,l+inian,l+inian,l+in+ian,l+inian,l+inian,l+in+ian,l+inian,l+inian,l+in+ian,l+in+ian,l+inian,l+in+ian,l+in+ian,l+inian,lin+ian
pinatubu,infixation,B_moderate_silver,p+in+atubu,pin+at+ubu,pin+at+ubu,pin+at+ubu,pin+at+ubu,pin+at+ubu,pin+at+ubu,pin+at+ubu,pin+at+ubu,pin+at+ubu,pin+at+ubu,pin+at+ubu,pin+at+ubu,pin+atu+bu,pin+atu+bu,pin+atubu,pin+atu+bu,pin+atu+bu,pin+atu+bu,pin+atu+bu,pin+atu+bu,pin+atu+bu,pin+atu+bu,pin+atu+bu,pin+atu+bu,pin+a+tubu
tinuknang,infixation,A_strong_silver,t+in+uknang,tin+uknang,tin+uknang,tinuknang,tin+uknang,tin+uknang,tin+uknang,t+in+uknang,t+in+uknang,t+in+uknang,t+in+uknang,t+in+uknang,t+in+uknang,t+in+uknang,t+in+uknang,t+in+uknang,t+in+uknang,t+in+uknang,t+in+uknang,t+in+uknang,t+in+uknang,t+in+uknang,t+in+uknang,t+in+uknang,t+in+uknang,tinu+k+nang
sinag,infixation,B_moderate_silver,s+in+ag,sinag,sinag,sinag,sinag,sinag,sinag,sinag,sinag,sinag,sinag,sinag,sinag,s+in+ag,s+in+ag,sinag,s+in+ag,s+in+ag,sinag,s+in+ag,s+in+ag,sinag,s+in+ag,s+in+ag,sinag,sinag
tumakas,infixation,A_strong_silver,t+um+akas,tu+makas,tu+makas,tu+makas,tu+makas,tu+makas,tu+makas,tu+maka+s,tu+maka+s,tu+makas,tu+maka+s,tu+maka+s,tu+makas,tu+maka+s,tu+maka+s,tu+makas,tu+maka+s,tu+maka+s,tu+makas,tu+maka+s,tu+maka+s,tu+maka+s,tu+maka+s,tu+maka+s,tu+maka+s,tu+maka+s
dinuku,infixation,F_conflicts_with_reconciliation_evidence,d+in+uku,d+inu+ku,d+inu+ku,dinu+ku,d+inu+ku,d+inu+ku,dinu+ku,d+inu+ku,d+inu+ku,dinu+ku,d+inu+ku,d+inu+ku,dinu+ku,d+inu+ku,d+inu+ku,dinu+ku,d+inu+ku,d+inu+ku,dinu+ku,d+inu+ku,d+inu+ku,dinu+ku,d+inu+ku,d+inu+ku,dinu+ku,di+nu+ku
minuli,infixation,A_strong_silver,m+in+uli,min+uli,minuli,minuli,min+uli,min+uli,min+uli,min+uli,min+uli,min+uli,min+uli,min+uli,min+uli,min+uli,min+uli,min+uli,min+uli,min+uli,min+uli,min+uli,min+uli,min+uli,min+uli,min+uli,min+uli,minuli
tinabi,infixation,F_conflicts_with_reconciliation_evidence,t+in+abi,tin+abi,tin+abi,tinabi,tin+abi,tin+abi,tinabi,t+in+abi,t+in+abi,t+in+abi,t+in+abi,t+in+abi,t+in+abi,t+in+abi,t+in+abi,t+in+abi,t+in+abi,t+in+abi,t+in+abi,t+in+abi,t+in+abi,t+in+abi,t+in+abi,t+in+abi,t+in+abi,ti+na+bi
dinukit,infixation,A_strong_silver,d+in+ukit,din+uk+it,din+ukit,dinukit,din+uk+it,din+ukit,din+ukit,d+in+uk+it,d+in+ukit,d+in+ukit,d+in+uk+it,d+in+ukit,d+in+ukit,d+inu+kit,d+inu+kit,dinu+kit,d+inu+kit,d+inu+kit,dinu+kit,d+in+uk+it,d+in+uk+it,d+in+ukit,d+in+uk+it,d+in+uk+it,d+in+ukit,di+nu+kit
linabas,infixation,A_strong_silver,l+in+abas,lin+abas,lin+abas,linabas,lin+abas,lin+abas,lin+abas,l+in+abas,l+in+abas,l+in+abas,l+in+abas,l+in+abas,l+in+abas,l+in+a+bas,l+in+abas,l+in+abas,l+in+a+bas,l+in+abas,l+in+abas,l+in+a+bas,l+in+abas,l+in+abas,l+in+a+bas,l+in+abas,l+in+abas,linaba+s
linakad,infixation,A_strong_silver,l+in+akad,lin+a+kad,lina+kad,linakad,lina+kad,lina+kad,lina+kad,lina+kad,lina+kad,lina+kad,lina+kad,lina+kad,lina+kad,l+in+akad,l+in+akad,l+in+akad,l+in+akad,l+in+akad,l+in+akad,l+in+aka+d,l+in+akad,l+in+akad,l+in+akad,l+in+akad,l+in+akad,li+na+kad
linukluk,infixation,A_strong_silver,l+in+ukluk,lin+ukluk,linukluk,linukluk,lin+ukluk,lin+ukluk,lin+ukluk,l+in+ukluk,l+in+ukluk,l+in+ukluk,l+in+ukluk,l+in+ukluk,l+in+ukluk,l+in+ukluk,l+in+ukluk,l+in+ukluk,l+in+ukluk,l+in+ukluk,l+in+ukluk,l+in+ukluk,l+in+ukluk,l+in+ukluk,l+in+ukluk,l+in+ukluk,l+in+ukluk,lin+ukluk
minic,infixation,B_moderate_silver,m+in+ic,min+ic,min+ic,min+ic,min+ic,min+ic,min+ic,min+ic,min+ic,min+ic,min+ic,min+ic,min+ic,min+ic,min+ic,min+ic,min+ic,min+ic,min+ic,min+ic,min+ic,min+ic,min+ic,min+ic,min+ic,mini+c
minukiat,infixation,B_moderate_silver,m+in+ukiat,min+uki+at,min+ukiat,minukiat,min+uki+at,min+ukiat,minukiat,min+uki+at,min+ukiat,minukiat,min+uki+at,min+ukiat,minukiat,minu+kiat,minu+kiat,minukiat,min+uki+at,min+ukiat,minukiat,min+uki+at,min+uki+at,minukiat,minu+kiat,minu+kiat,minukiat,min+ukiat
tinipa,infixation,A_strong_silver,t+in+ipa,tin+ipa,tinipa,tinipa,t+ini+pa,t+ini+pa,tini+pa,t+ini+pa,t+ini+pa,tini+pa,t+ini+pa,t+ini+pa,tini+pa,t+ini+pa,t+ini+pa,tini+pa,t+in+ipa,t+in+ipa,t+in+ipa,t+in+ipa,t+in+ipa,t+in+ipa,t+ini+pa,t+ini+pa,t+ini+pa,tini+pa
lingap,infixation,B_moderate_silver,l+in+gap,ling+ap,lingap,lingap,ling+ap,lingap,lingap,ling+ap,lingap,lingap,ling+ap,lingap,lingap,ling+ap,lingap,lingap,ling+ap,lingap,lingap,li+ng+ap,lingap,lingap,li+ng+ap,lingap,lingap,lingap
mingat,infixation,B_moderate_silver,m+in+gat,ming+at,ming+at,mingat,ming+at,mingat,mingat,m+ingat,mingat,mingat,m+ingat,mingat,mingat,m+ingat,mingat,mingat,m+ingat,mingat,mingat,mi+ng+at,mingat,mingat,mi+ng+at,ming+at,mingat,ming+at
siniping,infixation,A_strong_silver,s+in+iping,sin+iping,sin+iping,sin+iping,sin+ip+ing,sin+ip+ing,sin+iping,s+in+ip+ing,s+inip+ing,s+inip+ing,s+in+ip+ing,s+in+ip+ing,s+in+iping,s+in+ip+ing,s+in+ip+ing,s+in+iping,s+in+i+ping,s+in+i+ping,sini+ping,s+in+i+pi+ng,s+in+i+pi+ng,s+in+ipi+ng,s+ini+pi+ng,sini+pi+ng,sini+pi+ng,s+ini+ping
linipul,infixation,F_conflicts_with_reconciliation_evidence,l+in+ipul,lin+ip+ul,lin+ip+ul,lin+ipul,lin+ip+ul,lin+ip+ul,lin+ipul,l+in+ip+ul,l+inip+ul,linip+ul,l+in+ip+ul,l+in+ip+ul,l+inip+ul,l+in+ip+ul,l+in+ip+ul,l+inip+ul,l+in+i+pul,l+in+i+pul,lini+pul,l+in+ip+ul,l+in+ip+ul,l+in+ip+ul,l+in+ip+ul,l+in+ip+ul,l+in+ip+ul,lin+i+pul
sinira,infixation,F_conflicts_with_reconciliation_evidence,s+in+ira,sin+ira,sin+ira,sinira,sin+ira,sin+ira,sinira,s+ini+ra,sini+ra,sinira,sini+ra,sini+ra,sinira,s+ini+ra,sini+ra,sinira,s+in+ira,s+in+ira,sinira,s+in+ira,s+in+ira,sinira,s+ini+ra,sini+ra,sinira,s+ini+ra
sumiping,infixation,A_strong_silver,s+um+iping,sum+iping,sum+iping,sum+iping,su+mi+ping,su+mi+ping,su+mi+ping,su+mi+ping,su+mi+ping,su+mi+ping,su+mi+ping,su+mi+ping,su+mi+ping,su+mi+ping,su+mi+ping,su+mi+ping,su+mi+ping,su+mi+ping,su+mi+ping,su+mi+pi+ng,su+mi+pi+ng,su+mi+pi+ng,su+mi+pi+ng,su+mi+pi+ng,su+mi+pi+ng,su+mi+ping
dumpa,infixation,B_moderate_silver,d+um+pa,dum+pa,dum+pa,dum+pa,dum+pa,dum+pa,dum+pa,d+umpa,d+umpa,d+umpa,d+umpa,d+umpa,d+umpa,d+umpa,d+umpa,d+umpa,dum+pa,dum+pa,dum+pa,dum+pa,dum+pa,dum+pa,dum+pa,dum+pa,dum+pa,du+m+pa
kumabsi,infixation,B_moderate_silver,k+um+absi,ku+mab+si,ku+mab+si,kumab+si,ku+mab+si,ku+mab+si,kumab+si,ku+ma+b+si,kuma+b+si,kuma+b+si,ku+ma+b+si,kuma+b+si,kuma+bsi,ku+ma+b+si,ku+ma+b+si,kuma+bsi,ku+ma+b+si,kuma+b+si,kuma+bsi,ku+ma+b+si,kuma+b+si,kuma+bsi,ku+ma+b+si,ku+ma+b+si,kuma+bsi,ku+m+absi
linaban,infixation,A_strong_silver,l+in+aban,lin+aban,lin+aban,linaban,lin+aban,lin+aban,lin+aban,l+in+aban,l+in+aban,l+in+aban,l+in+aban,l+in+aban,l+in+aban,l+in+a+ban,l+in+aban,l+in+aban,l+in+a+ban,l+in+aban,l+in+aban,l+in+aban,l+in+aban,l+in+aban,l+in+aban,l+in+aban,l+in+aban,linaba+n
lumbe,infixation,F_conflicts_with_reconciliation_evidence,lumbe,lum+be,lum+be,lumbe,lum+be,lum+be,lumbe,l+um+be,l+umbe,lumbe,l+um+be,l+umbe,lumbe,l+um+be,l+umbe,lumbe,lum+be,lum+be,lumbe,lum+be,lum+be,lumbe,lum+be,lum+be,lumbe,lum+be
minyabi,infixation,B_moderate_silver,m+in+yabi,min+ya+bi,min+ya+bi,minya+bi,min+ya+bi,min+ya+bi,minya+bi,min+ya+bi,min+ya+bi,minya+bi,min+ya+bi,min+ya+bi,minya+bi,min+ya+bi,min+ya+bi,minya+bi,min+ya+bi,min+ya+bi,minya+bi,min+ya+bi,min+ya+bi,minya+bi,min+ya+bi,min+ya+bi,min+ya+bi,min+ya+bi
nining,infixation,A_strong_silver,n+in+ing,n+ining,n+ining,nining,nin+ing,nin+ing,nin+ing,n+ining,n+ining,n+ining,n+ining,n+ining,n+ining,n+ining,n+ining,n+ining,n+ining,n+ining,n+ining,nin+i+ng,nin+i+ng,nin+i+ng,n+ini+ng,n+ini+ng,nini+ng,ni+ning
sumakup,infixation,A_strong_silver,s+um+akup,sum+akup,sum+akup,sum+akup,sum+akup,sum+akup,sum+akup,su+ma+kup,su+ma+kup,su+ma+kup,su+ma+kup,su+ma+kup,su+ma+kup,su+ma+kup,su+ma+kup,su+ma+kup,su+ma+kup,su+ma+kup,su+ma+kup,su+ma+kup,su+ma+kup,su+ma+kup,su+ma+kup,su+ma+kup,suma+kup,sum+akup
dumalan,infixation,A_strong_silver,d+um+alan,dum+alan,dum+alan,dumalan,dum+alan,dum+alan,dum+alan,d+um+alan,d+um+alan,d+um+alan,d+um+alan,d+um+alan,d+um+alan,d+um+alan,d+um+alan,d+um+alan,du+mal+an,du+mal+an,du+mal+an,du+mal+an,du+mal+an,du+mal+an,du+mal+an,du+mal+an,du+mal+an,du+malan
kinaul,infixation,A_strong_silver,k+in+aul,k+ina+ul,k+ina+ul,kinaul,k+ina+ul,k+ina+ul,kina+ul,k+ina+ul,k+ina+ul,kina+ul,k+ina+ul,k+ina+ul,kina+ul,k+in+a+ul,k+in+aul,k+in+aul,k+in+a+ul,k+in+a+ul,k+in+aul,k+in+a+ul,k+in+aul,k+in+aul,k+in+a+ul,k+in+a+ul,k+in+aul,ki+na+ul
maguing,prefixation,B_moderate_silver,mag+uing,maguing,maguing,maguing,maguing,maguing,maguing,maguing,maguing,maguing,maguing,maguing,maguing,maguing,maguing,maguing,maguing,maguing,maguing,maguing,maguing,maguing,maguing,maguing,maguing,maguing
mabilug,prefixation,A_strong_silver,ma+bilug,mabilug,mabilug,mabilug,mab+ilug,mab+ilug,mab+ilug,ma+bilug,ma+bilug,ma+bilug,ma+bilug,ma+bilug,ma+bilug,ma+bilug,ma+bilug,ma+bilug,ma+bilug,ma+bilug,ma+bilug,ma+bilug,ma+bilug,ma+bilug,ma+bilug,ma+bilug,ma+bilug,mabilu+g
manibat,prefixation,A_strong_silver,man+ibat,manibat,manibat,manibat,manibat,manibat,manibat,manibat,manibat,manibat,manibat,manibat,manibat,manibat,manibat,manibat,manibat,manibat,manibat,manibat,manibat,manibat,manibat,manibat,manibat,manibat
makanian,prefixation,F_conflicts_with_reconciliation_evidence,makanian,makanian,makanian,makanian,makanian,makanian,makanian,makanian,makanian,makanian,makanian,makanian,makanian,makanian,makanian,makanian,makanian,makanian,makanian,makanian,makanian,makanian,makanian,makanian,makanian,makanian
marawak,prefixation,B_moderate_silver,ma+rawak,marawak,marawak,marawak,marawak,marawak,marawak,marawak,marawak,marawak,marawak,marawak,marawak,marawak,marawak,marawak,marawak,marawak,marawak,marawak,marawak,marawak,marawak,marawak,marawak,m+arawak
panaun,prefixation,A_strong_silver,pa+naun,panaun,panaun,panaun,panaun,panaun,panaun,panaun,panaun,panaun,panaun,panaun,panaun,panaun,panaun,panaun,panaun,panaun,panaun,panaun,panaun,panaun,panaun,panaun,panaun,panaun
matulid,prefixation,A_strong_silver,ma+tulid,matulid,matulid,matulid,mat+ulid,mat+ulid,mat+ulid,mat+ulid,mat+ulid,mat+ulid,mat+ulid,mat+ulid,mat+ulid,mat+ulid,mat+ulid,mat+ulid,mat+uli+d,mat+uli+d,matulid,mat+uli+d,mat+uli+d,mat+ulid,mat+uli+d,mat+uli+d,mat+uli+d,ma+tulid
maragul,prefixation,A_strong_silver,ma+ragul,maragul,maragul,maragul,maragul,maragul,maragul,maragul,maragul,maragul,maragul,maragul,maragul,maragul,maragul,maragul,maragul,maragul,maragul,maragul,maragul,maragul,maragul,maragul,maragul,maragul
meguing,prefixation,B_moderate_silver,meg+uing,meguing,meguing,meguing,meguing,meguing,meguing,meguing,meguing,meguing,meguing,meguing,meguing,meguing,meguing,meguing,meguing,meguing,meguing,meguing,meguing,meguing,meguing,meguing,meguing,megu+ing
manatili,prefixation,B_moderate_silver,man+atili,manatili,manatili,manatili,manatili,manatili,manatili,manatili,manatili,manatili,manatili,manatili,manatili,manatili,manatili,manatili,manatili,manatili,manatili,manatili,manatili,manatili,manatili,manatili,manatili,manatili
pasibayu,prefixation,B_moderate_silver,pa+sibayu,pasibayu,pasibayu,pasibayu,pasibayu,pasibayu,pasibayu,pasibayu,pasibayu,pasibayu,pasibayu,pasibayu,pasibayu,pasibayu,pasibayu,pasibayu,pasibayu,pasibayu,pasibayu,pasibayu,pasibayu,pasibayu,pasibayu,pasibayu,pasibayu,pasibayu
marangle,prefixation,B_moderate_silver,ma+rangle,marangle,marangle,marangle,marangle,marangle,marangle,marangle,marangle,marangle,marangle,marangle,marangle,marangle,marangle,marangle,marangle,marangle,marangle,marangle,marangle,marangle,marangle,marangle,marangle,marangle
panalangin,prefixation,B_moderate_silver,pan+alangin,panalangin,panalangin,panalangin,panalangin,panalangin,panalangin,panalangin,panalangin,panalangin,panalangin,panalangin,panalangin,panalangin,panalangin,panalangin,panalangin,panalangin,panalangin,panalangin,panalangin,panalangin,panalangin,panalangin,panalangin,panalangin
makananu,prefixation,A_strong_silver,maka+nanu,makananu,makananu,makananu,makananu,makananu,makananu,makananu,makananu,makananu,makananu,makananu,makananu,makananu,makananu,makananu,makananu,makananu,makananu,makananu,makananu,makananu,makananu,makananu,makananu,makananu
makanyan,prefixation,F_conflicts_with_reconciliation_evidence,ma+kanyan,makanyan,makanyan,makanyan,makanyan,makanyan,makanyan,makanyan,makanyan,makanyan,makanyan,makanyan,makanyan,makanyan,makanyan,makanyan,makanyan,makanyan,makanyan,makanyan,makanyan,makanyan,makanyan,makanyan,makanyan,makanyan
mangatua,prefixation,B_moderate_silver,mang+atua,mang+atua,mangatua,mangatua,mangat+ua,mangatua,mangatua,mangat+ua,mangatua,mangatua,mangat+ua,mangatua,mangatua,mangat+ua,mangatua,mangatua,mangat+ua,mangatua,mangatua,mangat+ua,mangatua,mangatua,mangat+ua,mangatua,mangatua,mangatua
malyari,prefixation,B_moderate_silver,ma+lyari,malyari,malyari,malyari,malyari,malyari,malyari,malyari,malyari,malyari,malyari,malyari,malyari,malyari,malyari,malyari,malyari,malyari,malyari,malyari,malyari,malyari,malyari,malyari,malyari,malyari
pitung,prefixation,A_strong_silver,pi+tung,pitung,pitung,pitung,pitung,pitung,pitung,pitung,pitung,pitung,pitung,pitung,pitung,pitung,pitung,pitung,pitung,pitung,pitung,pitung,pitung,pitung,pitung,pitung,pitung,pitung
pablasang,prefixation,B_moderate_silver,pa+blasang,pablasang,pablasang,pablasang,pablasang,pablasang,pablasang,pablasang,pablasang,pablasang,pablasang,pablasang,pablasang,pablasang,pablasang,pablasang,pablasang,pablasang,pablasang,pablasang,pablasang,pablasang,pablasang,pablasang,pablasang,pablasa+ng
malyaring,prefixation,B_moderate_silver,ma+lyaring,malyaring,malyaring,malyaring,malyaring,malyaring,malyaring,malyaring,malyaring,malyaring,malyaring,malyaring,malyaring,malyaring,malyaring,malyaring,malyaring,malyaring,malyaring,malyaring,malyaring,malyaring,malyaring,malyaring,malyaring,malyari+ng
maiguit,prefixation,B_moderate_silver,ma+iguit,ma+iguit,maiguit,maiguit,ma+iguit,maiguit,maiguit,ma+iguit,maiguit,maiguit,ma+iguit,maiguit,maiguit,ma+iguit,maiguit,maiguit,ma+iguit,maiguit,maiguit,mai+guit,maiguit,maiguit,ma+iguit,maiguit,maiguit,m+aiguit
magkang,prefixation,A_strong_silver,mag+kang,mag+kang,magkang,magkang,mag+kang,mag+kang,mag+kang,mag+kang,mag+kang,mag+kang,mag+kang,mag+kang,mag+kang,mag+kang,mag+kang,mag+kang,mag+kang,mag+kang,mag+kang,mag+kang,mag+kang,mag+kang,mag+kang,mag+kang,mag+kang,mag+kang
pasbul,prefixation,B_moderate_silver,pa+sbul,pasbul,pasbul,pasbul,pasbul,pasbul,pasbul,pasbul,pasbul,pasbul,pasbul,pasbul,pasbul,pasbul,pasbul,pasbul,pasbul,pasbul,pasbul,pasbul,pasbul,pasbul,pasbul,pasbul,pasbul,pasbul
maniabi,prefixation,B_moderate_silver,man+iabi,maniabi,maniabi,maniabi,maniabi,maniabi,maniabi,maniabi,maniabi,maniabi,maniabi,maniabi,maniabi,maniabi,maniabi,maniabi,maniabi,maniabi,maniabi,maniabi,maniabi,maniabi,maniabi,maniabi,maniabi,maniabi
pasalamat,prefixation,A_strong_silver,pa+salamat,pasalamat,pasalamat,pasalamat,pas+al+amat,pas+alamat,pas+alamat,pas+al+amat,pas+alamat,pas+alamat,pa+salamat,pa+salamat,pa+salamat,pa+salamat,pa+salamat,pa+salamat,pa+salamat,pa+salamat,pa+salamat,pa+salamat,pa+salamat,pa+salamat,pa+salamat,pa+salamat,pa+salamat,pasalamat
mangan,prefixation,A_strong_silver,ma+ngan,mangan,mangan,mangan,mangan,mangan,mangan,mangan,mangan,mangan,mangan,mangan,mangan,mangan,mangan,mangan,mang+an,mangan,mangan,mangan,mangan,mangan,mangan,mangan,mangan,mangan
pagamuamu,prefixation,B_moderate_silver,pa+gamuamu,pag+amu+amu,pag+amuamu,pagamuamu,pag+amu+amu,pag+amuamu,pagamuamu,pag+amu+amu,pag+amuamu,pagamuamu,pag+amu+amu,pag+amuamu,pagamuamu,pag+amu+amu,pag+amuamu,pagamuamu,pag+amu+amu,pag+amuamu,pagamuamu,pag+amu+amu,pag+amu+amu,pagamuamu,pag+amu+amu,pag+amu+amu,pagamuamu,pa+gamuamu
manaya,prefixation,A_strong_silver,ma+naya,manaya,manaya,manaya,man+aya,man+aya,man+aya,man+aya,man+aya,man+aya,man+aya,man+aya,man+aya,man+aya,man+aya,man+aya,man+aya,man+aya,man+aya,man+aya,man+aya,man+aya,man+aya,man+aya,man+aya,manaya
marayu,prefixation,B_moderate_silver,ma+rayu,marayu,marayu,marayu,marayu,marayu,marayu,marayu,marayu,marayu,marayu,marayu,marayu,marayu,marayu,marayu,marayu,marayu,marayu,marayu,marayu,marayu,marayu,marayu,marayu,marayu
pangane,prefixation,F_conflicts_with_reconciliation_evidence,pangane,pangan+e,pangan+e,pangane,pangan+e,pangan+e,pangane,pangan+e,pangan+e,pangane,pangan+e,pangan+e,pangane,pangan+e,pangan+e,pangane,pangan+e,pangan+e,pangane,pangan+e,pangan+e,pangane,pangan+e,pangan+e,pangane,panga+ne
makapagmulala,prefixation,A_strong_silver,makapag+mulala,makapag+mulala,makapag+mulala,makapagmulala,makapag+mulala,makapag+mulala,makapag+mulala,makapag+mulala,makapag+mulala,makapag+mulala,makapag+mulala,makapag+mulala,makapag+mulala,makapag+mulala,makapag+mulala,makapag+mulala,makapag+mulala,makapag+mulala,makapag+mulala,makapag+mulala,makapag+mulala,makapag+mulala,makapag+mulala,makapag+mulala,makapag+mulala,makapagmulala
malagu,prefixation,A_strong_silver,ma+lagu,malagu,malagu,malagu,malagu,malagu,malagu,malagu,malagu,malagu,malagu,malagu,malagu,malagu,malagu,malagu,malagu,malagu,malagu,malagu,malagu,malagu,ma+lagu,malagu,malagu,malagu
malugud,prefixation,A_strong_silver,ma+lugud,malugud,malugud,malugud,mal+ugud,mal+ugud,mal+ugud,mal+ugud,mal+ugud,mal+ugud,mal+ugud,mal+ugud,mal+ugud,mal+ugud,mal+ugud,mal+ugud,mal+ug+ud,mal+ug+ud,mal+ugud,malu+gud,malu+gud,malu+gud,mal+u+gud,mal+u+gud,malu+gud,ma+lugud
manalig,prefixation,B_moderate_silver,man+alig,man+alig,man+alig,manalig,man+alig,man+alig,man+alig,man+alig,man+alig,man+alig,man+alig,man+alig,man+alig,man+alig,man+alig,man+alig,man+alig,man+alig,man+alig,man+alig,man+alig,man+alig,man+alig,man+alig,man+alig,manalig
masikan,prefixation,A_strong_silver,ma+sikan,masikan,masikan,masikan,masikan,masikan,masikan,masikan,masikan,masikan,masikan,masikan,masikan,masikan,masikan,masikan,masikan,masikan,masikan,masikan,masikan,masikan,masikan,masikan,masikan,masikan
paninap,prefixation,B_moderate_silver,pan+inap,pan+inap,paninap,paninap,paninap,paninap,paninap,paninap,paninap,paninap,paninap,paninap,paninap,paninap,paninap,paninap,paninap,paninap,paninap,paninap,paninap,paninap,paninap,paninap,paninap,paninap
manakit,prefixation,A_strong_silver,man+akit,manakit,manakit,manakit,manakit,manakit,manakit,manakit,manakit,manakit,manakit,manakit,manakit,manakit,manakit,manakit,manakit,manakit,manakit,manakit,manakit,manakit,manakit,manakit,manakit,manakit
mangaragul,prefixation,B_moderate_silver,mang+aragul,mangaragul,mangaragul,mangaragul,mangaragul,mangaragul,mangaragul,mangaragul,mangaragul,mangaragul,mangaragul,mangaragul,mangaragul,mangaragul,mangaragul,mangaragul,mangaragul,mangaragul,mangaragul,mangaragul,mangaragul,mangaragul,mangaragul,mangaragul,mangaragul,mangaragul
menganak,prefixation,A_strong_silver,meng+anak,meng+anak,meng+anak,meng+anak,meng+anak,meng+anak,meng+anak,meng+anak,meng+anak,meng+anak,meng+anak,meng+anak,meng+anak,meng+anak,meng+anak,meng+anak,meng+anak,meng+anak,meng+anak,meng+anak,meng+anak,meng+anak,me+ngan+ak,mengan+ak,mengan+ak,meng+anak
makapayan,prefixation,B_moderate_silver,maka+payan,makap+ayan,makap+ayan,makapayan,maka+payan,maka+payan,makapayan,maka+payan,maka+payan,makapayan,maka+payan,maka+payan,makapayan,maka+payan,maka+payan,makapayan,maka+payan,maka+payan,makapayan,maka+payan,maka+payan,makapayan,maka+payan,maka+payan,makapayan,makapa+yan
masanting,prefixation,A_strong_silver,ma+santing,masanting,masanting,masanting,masanting,masanting,masanting,masanting,masanting,masanting,masanting,masanting,masanting,masanting,masanting,masanting,masanting,masanting,masanting,masanting,masanting,masanting,masanting,masanting,masanting,masanting
magsaya,prefixation,A_strong_silver,mag+saya,mag+saya,mag+saya,magsaya,mag+saya,magsaya,magsaya,mag+saya,magsaya,magsaya,mag+saya,magsaya,magsaya,mag+sa+ya,magsa+ya,magsaya,mag+sa+ya,magsa+ya,magsaya,mag+sa+ya,mag+sa+ya,magsaya,magsa+ya,magsa+ya,magsaya,mag+saya
manintun,prefixation,A_strong_silver,man+intun,manintun,manintun,manintun,manintun,manintun,manintun,manintun,manintun,manintun,manintun,manintun,manintun,manintun,manintun,manintun,manintun,manintun,manintun,manintun,manintun,manintun,manintun,manintun,manintun,manintun
parang,prefixation,F_conflicts_with_reconciliation_evidence,parang,parang,parang,parang,parang,parang,parang,parang,parang,parang,parang,parang,parang,parang,parang,parang,parang,parang,parang,parang,parang,parang,parang,parang,parang,para+ng
patutu,prefixation,A_strong_silver,pa+tutu,patutu,patutu,patutu,pat+utu,pat+utu,pat+utu,pat+utu,pat+utu,pat+utu,pat+utu,pat+utu,pat+utu,patu+tu,patu+tu,patutu,pat+utu,pat+utu,pat+utu,pat+utu,pat+utu,pat+utu,pat+utu,pat+utu,pat+utu,patutu
malapit,prefixation,A_strong_silver,ma+lapit,malapit,malapit,malapit,malapit,malapit,malapit,malapit,malapit,malapit,malapit,malapit,malapit,malapit,malapit,malapit,malapit,malapit,malapit,malapit,malapit,malapit,malapit,malapit,malapit,malapit
maligaya,prefixation,F_conflicts_with_reconciliation_evidence,ma+ligaya,mal+igaya,mal+igaya,maligaya,mal+igaya,mal+igaya,maligaya,mal+igaya,mal+igaya,maligaya,mal+igaya,mal+igaya,maligaya,mal+igaya,mal+igaya,maligaya,m+aligaya,m+aligaya,maligaya,mali+gaya,mali+gaya,maligaya,mali+gaya,mali+gaya,maligaya,ma+ligaya
menakit,prefixation,A_strong_silver,men+akit,menakit,menakit,menakit,menakit,menakit,menakit,menakit,menakit,menakit,menakit,menakit,menakit,menakit,menakit,menakit,menakit,menakit,menakit,menakit,menakit,menakit,menakit,menakit,menakit,menakit
matibe,prefixation,A_strong_silver,ma+tibe,matibe,matibe,matibe,mat+ibe,mat+ibe,mat+ibe,mat+ibe,mat+ibe,mat+ibe,mat+ibe,mat+ibe,mat+ibe,mat+ib+e,mat+ibe,mat+ibe,mati+be,mati+be,mati+be,mati+be,mati+be,mati+be,m+ati+be,m+ati+be,mati+be,matibe
makatalakad,prefixation,A_strong_silver,maka+talakad,makatalakad,makatalakad,makatalakad,makat+alakad,makat+alakad,makat+alakad,makat+alakad,makat+alakad,makat+alakad,makat+alakad,makat+alakad,makat+alakad,maka+talakad,maka+talakad,maka+talakad,maka+talakad,maka+talakad,maka+talakad,maka+talakad,maka+talakad,maka+talakad,maka+talakad,maka+talakad,maka+talakad,makata+lakad
makatua,prefixation,B_moderate_silver,ma+katua,makatua,makatua,makatua,makat+ua,makat+ua,makat+ua,makat+ua,makat+ua,makat+ua,makat+ua,makat+ua,makat+ua,maka+tua,maka+tua,maka+tua,maka+tua,maka+tua,maka+tua,maka+tua,maka+tua,maka+tua,maka+tua,maka+tua,maka+tua,makatua
makiramdam,prefixation,B_moderate_silver,ma+kiramdam,makiramdam,makiramdam,makiramdam,makiramdam,makiramdam,makiramdam,makiramdam,makiramdam,makiramdam,makiramdam,makiramdam,makiramdam,makiramdam,makiramdam,makiramdam,makiramdam,makiramdam,makiramdam,makiramdam,makiramdam,makiramdam,makiramdam,makiramdam,makiramdam,m+akiramdam
matula,prefixation,F_conflicts_with_reconciliation_evidence,ma+tula,matula,matula,matula,matula,matula,matula,matula,matula,matula,matula,matula,matula,matula,matula,matula,matula,matula,matula,matula,matula,matula,matula,matula,matula,matula
miguising,prefixation,B_moderate_silver,mig+uising,mig+u+ising,mig+u+ising,miguising,mig+u+ising,migu+ising,miguising,mig+u+ising,migu+ising,miguising,mig+u+ising,migu+ising,miguising,mi+gu+ising,mi+gu+ising,miguising,mi+gu+ising,mi+gu+ising,miguising,mi+gu+isi+ng,mi+gu+isi+ng,miguising,mi+gu+isi+ng,mi+gu+isi+ng,miguising,mi+gui+s+ing
magsantung,prefixation,A_strong_silver,mag+santung,mag+sant+ung,mag+sant+ung,magsantung,mag+sant+ung,mag+santung,mag+santung,mag+sant+ung,mag+santung,mag+santung,mag+san+tung,mag+santung,mag+santung,mag+san+tung,mag+santung,mag+santung,mag+santung,mag+santung,mag+santung,mag+san+tung,mag+san+tung,mag+santung,mag+san+tung,mag+santung,mag+santung,mag+santung
makananung,prefixation,B_moderate_silver,maka+nanung,makananung,makananung,makananung,makananung,makananung,makananung,makananung,makananung,makananung,makananung,makananung,makananung,makananung,makananung,makananung,makananung,makananung,makananung,makananung,makananung,makananung,makananung,makananung,makananung,makananu+ng
matudtud,prefixation,A_strong_silver,ma+tudtud,matudtud,matudtud,matudtud,matudtud,matudtud,matudtud,matudtud,matudtud,matudtud,matudtud,matudtud,matudtud,matudtud,matudtud,matudtud,matudtud,matudtud,matudtud,matudtud,matudtud,matudtud,matudtud,matudtud,matudtud,matudtu+d
menibat,prefixation,A_strong_silver,men+ibat,menibat,menibat,menibat,men+ibat,men+ibat,men+ibat,men+ibat,men+ibat,men+ibat,men+ibat,men+ibat,men+ibat,men+ibat,men+ibat,men+ibat,men+ibat,men+ibat,men+ibat,men+ibat,men+ibat,men+ibat,men+ibat,men+ibat,men+ibat,menibat
magdala,prefixation,A_strong_silver,mag+dala,magdala,magdala,magdala,magdala,magdala,magdala,magdala,magdala,magdala,magdala,magdala,magdala,magdala,magdala,magdala,magdala,magdala,magdala,magdala,magdala,magdala,magdala,magdala,magdala,magdala
malinis,prefixation,A_strong_silver,ma+linis,malinis,malinis,malinis,mal+inis,mal+inis,mal+inis,mal+inis,mal+inis,mal+inis,mal+inis,mal+inis,mal+inis,mal+inis,mal+inis,mal+inis,mal+inis,mal+inis,mal+inis,mal+inis,mal+inis,mal+inis,mal+inis,mal+inis,mal+inis,ma+linis
pilinan,prefixation,B_moderate_silver,pi+linan,pil+inan,pil+inan,pilinan,pil+inan,pil+inan,pilinan,pil+inan,pil+inan,pilinan,pil+in+an,pil+in+an,pilinan,pil+in+an,pil+in+an,pilinan,pil+in+an,pil+in+an,pilinan,pil+in+an,pil+in+an,pilinan,pil+in+an,pil+in+an,pilinan,pi+lin+an
maluka,prefixation,F_conflicts_with_reconciliation_evidence,ma+luka,malu+ka,maluka,maluka,malu+ka,maluka,maluka,malu+ka,maluka,maluka,malu+ka,maluka,maluka,malu+ka,maluka,maluka,malu+ka,maluka,maluka,malu+ka,maluka,maluka,mal+uka,maluka,maluka,maluka
masaya,prefixation,A_strong_silver,ma+saya,masaya,masaya,masaya,masaya,masaya,masaya,masaya,masaya,masaya,masaya,masaya,masaya,ma+sa+ya,masaya,masaya,masaya,masaya,masaya,masaya,masaya,masaya,ma+sa+ya,ma+sa+ya,masaya,masaya
paburen,prefixation,A_strong_silver,pa+buren,paburen,paburen,paburen,paburen,paburen,paburen,paburen,paburen,paburen,paburen,paburen,paburen,paburen,paburen,paburen,paburen,paburen,paburen,paburen,paburen,paburen,paburen,paburen,paburen,paburen
malagung,prefixation,B_moderate_silver,ma+lagung,malagung,malagung,malagung,malagung,malagung,malagung,malagung,malagung,malagung,malagung,malagung,malagung,malagung,malagung,malagung,malagung,malagung,malagung,malagung,malagung,malagung,malagung,malagung,malagung,malagung
maranun,prefixation,A_strong_silver,ma+ranun,mar+anun,maranun,maranun,mar+an+un,mar+an+un,mar+an+un,ma+ranun,ma+ranun,ma+ranun,ma+ranun,ma+ranun,ma+ranun,ma+ranun,ma+ranun,ma+ranun,ma+ranun,ma+ranun,ma+ranun,ma+ranun,ma+ranun,ma+ranun,ma+ranun,ma+ranun,ma+ranun,maranun
mawala,prefixation,F_conflicts_with_reconciliation_evidence,ma+wala,ma+wala,mawala,mawala,ma+wala,mawala,mawala,ma+wala,mawala,mawala,ma+wala,mawala,mawala,ma+wala,mawala,mawala,ma+wala,mawala,mawala,ma+wala,mawala,mawala,ma+wala,mawala,mawala,ma+wala
panayan,prefixation,F_conflicts_with_reconciliation_evidence,panaya+n,pan+ayan,panayan,panayan,panayan,panayan,panayan,panayan,panayan,panayan,panayan,panayan,panayan,panayan,panayan,panayan,panayan,panayan,panayan,panayan,panayan,panayan,panayan,panayan,panayan,panayan
pilatan,prefixation,B_moderate_silver,pi+latan,pilatan,pilatan,pilatan,pilatan,pilatan,pilatan,pilatan,pilatan,pilatan,pilatan,pilatan,pilatan,pilatan,pilatan,pilatan,pilatan,pilatan,pilatan,pilatan,pilatan,pilatan,pilatan,pilatan,pilatan,pilatan
malati,prefixation,A_strong_silver,ma+lati,malati,malati,malati,malati,malati,malati,malati,malati,malati,malati,malati,malati,malati,malati,malati,malati,malati,malati,malati,malati,malati,malati,malati,malati,malati
mayupaya,prefixation,B_moderate_silver,ma+yupaya,mayu+paya,mayupaya,mayupaya,mayu+paya,mayupaya,mayupaya,mayu+paya,mayupaya,mayupaya,mayu+paya,mayupaya,mayupaya,mayu+paya,mayupaya,mayupaya,ma+yupaya,mayupaya,mayupaya,mayu+pa+ya,mayupaya,mayupaya,mayu+paya,mayupaya,mayupaya,mayupaya
makapagmulalang,prefixation,B_moderate_silver,makapag+mulalang,makapag+mul+alang,makapag+mulalang,makapagmulalang,makapag+mul+alang,makapag+mulalang,makapagmulalang,makapag+mul+alang,makapag+mulalang,makapagmulalang,makapag+mul+alang,makapag+mulalang,makapagmulalang,makapag+mul+alang,makapag+mulalang,makapagmulalang,makapag+mu+lalang,makapag+mulalang,makapagmulalang,makapag+mu+lalang,makapag+mulalang,makapagmulalang,makapag+mu+lalang,makapag+mu+lalang,makapagmulalang,makapagmulala+ng
makipamuk,prefixation,B_moderate_silver,ma+kipamuk,mak+ipam+uk,mak+ipamuk,makipamuk,maki+pamuk,maki+pamuk,makipamuk,maki+pam+uk,maki+pamuk,makipamuk,maki+pam+uk,maki+pamuk,makipamuk,maki+pam+uk,maki+pam+uk,makipamuk,maki+pam+uk,maki+pam+uk,makipamuk,maki+pam+uk,maki+pam+uk,makipamuk,maki+pam+uk,maki+pam+uk,makipamuk,ma+kipamuk
pangisnawa,prefixation,B_moderate_silver,pang+isnawa,pang+isnawa,pang+isnawa,pangisnawa,pang+isnawa,pang+isnawa,pangisnawa,pang+isnawa,pang+isnawa,pangisnawa,pang+isnawa,pang+isnawa,pangisnawa,pang+isnawa,pang+isnawa,pangisnawa,pang+isnawa,pang+isnawa,pangisnawa,pang+is+nawa,pangis+nawa,pangisnawa,pang+is+nawa,pang+is+nawa,pangisnawa,pangisnawa
panlalawe,prefixation,B_moderate_silver,pan+lalawe,pan+lalawe,pan+lalawe,panlalawe,pan+lalawe,pan+lalawe,panlalawe,pan+lalawe,pan+lalawe,panlalawe,pan+lalawe,pan+lalawe,panlalawe,pan+lalawe,pan+lalawe,panlalawe,pan+lalawe,pan+lalawe,panlalawe,pan+lalawe,pan+lalawe,panlalawe,p+an+lalawe,p+an+lalawe,panlalawe,pan+la+lawe
makalukluk,prefixation,A_strong_silver,maka+lukluk,makalukluk,makalukluk,makalukluk,makal+ukluk,makal+ukluk,makal+ukluk,makal+ukluk,makal+ukluk,makal+ukluk,makal+ukluk,makal+ukluk,makal+ukluk,makal+ukluk,makal+ukluk,makal+ukluk,maka+lukluk,maka+lukluk,maka+lukluk,maka+lukluk,maka+lukluk,maka+lukluk,maka+lukluk,maka+lukluk,maka+lukluk,maka+lukluk
manases,prefixation,B_moderate_silver,man+ases,man+as+es,man+as+es,man+ases,man+as+es,man+as+es,man+ases,man+as+es,man+as+es,man+ases,man+as+es,man+as+es,man+ases,man+as+es,man+as+es,man+ases,man+as+es,man+as+es,man+ases,man+as+es,man+as+es,man+ases,man+as+es,man+as+es,man+as+es,man+as+es
masampat,prefixation,F_conflicts_with_reconciliation_evidence,ma+sampat,mas+ampat,masampat,masampat,mas+ampat,masampat,masampat,mas+ampat,masampat,masampat,mas+ampat,masampat,masampat,mas+ampat,masampat,masampat,mas+ampat,masampat,masampat,mas+am+pat,masampat,masampat,mas+ampat,masampat,masampat,mas+amp+at
masayang,prefixation,A_strong_silver,ma+sayang,mas+ayang,masayang,masayang,mas+a+yang,mas+ayang,mas+ayang,ma+sayang,ma+sayang,ma+sayang,ma+sayang,ma+sayang,ma+sayang,ma+sayang,ma+sayang,ma+sayang,ma+sayang,ma+sayang,ma+sayang,masa+yang,masa+yang,masa+yang,ma+sayang,ma+sayang,ma+sayang,masaya+ng
magligtas,prefixation,A_strong_silver,mag+ligtas,mag+ligtas,mag+ligtas,magligtas,mag+ligtas,mag+ligtas,mag+ligtas,mag+ligtas,mag+ligtas,mag+ligtas,mag+ligtas,mag+ligtas,mag+ligtas,mag+ligtas,mag+ligtas,mag+ligtas,mag+ligtas,mag+ligtas,mag+ligtas,mag+ligtas,mag+ligtas,mag+ligtas,mag+ligtas,mag+ligtas,mag+ligtas,mag+ligtas
matuang,prefixation,F_conflicts_with_reconciliation_evidence,ma+tuang,matuang,matuang,matuang,matuang,matuang,matuang,matuang,matuang,matuang,matuang,matuang,matuang,matuang,matuang,matuang,matuang,matuang,matuang,matuang,matuang,matuang,matuang,matuang,matuang,matuang
pangatau,prefixation,B_moderate_silver,pang+atau,pangatau,pangatau,pangatau,pangatau,pangatau,pangatau,pangatau,pangatau,pangatau,pangatau,pangatau,pangatau,pangatau,pangatau,pangatau,pangatau,pangatau,pangatau,pangatau,pangatau,pangatau,pangatau,pangatau,pangatau,pangatau
patugut,prefixation,A_strong_silver,pa+tugut,patugut,patugut,patugut,patugut,patugut,patugut,patugut,patugut,patugut,patugut,patugut,patugut,patugut,patugut,patugut,patugut,patugut,patugut,patugut,patugut,patugut,patugut,patugut,patugut,patugut
mabayat,prefixation,A_strong_silver,ma+bayat,mabayat,mabayat,mabayat,mabayat,mabayat,mabayat,mabayat,mabayat,mabayat,mabayat,mabayat,mabayat,mabayat,mabayat,mabayat,mabayat,mabayat,mabayat,mabayat,mabayat,mabayat,mabayat,mabayat,mabayat,mabayat
malalam,prefixation,A_strong_silver,ma+lalam,malalam,malalam,malalam,mal+alam,mal+alam,mal+alam,mal+alam,mal+alam,mal+alam,mal+alam,mal+alam,mal+alam,mal+alam,mal+alam,mal+alam,ma+lalam,ma+lalam,ma+lalam,ma+lala+m,ma+lala+m,malala+m,ma+lalam,ma+lalam,ma+lalam,ma+lalam
mapilan,prefixation,A_strong_silver,ma+pilan,mapilan,mapilan,mapilan,mapilan,mapilan,mapilan,mapilan,mapilan,mapilan,mapilan,mapilan,mapilan,mapilan,mapilan,mapilan,mapilan,mapilan,mapilan,mapilan,mapilan,mapilan,mapilan,mapilan,mapilan,mapilan
pakakalulu,prefixation,B_moderate_silver,pa+kakalulu,paka+kalulu,paka+kalulu,pakakalulu,paka+kal+ulu,pakakal+ulu,pakakalulu,paka+kal+ulu,pakakal+ulu,pakakalulu,paka+kalulu,paka+kalulu,pakakalulu,paka+kalulu,paka+kalulu,pakakalulu,paka+ka+lulu,pakaka+lulu,pakakalulu,paka+kalulu,paka+kalulu,pakakalulu,paka+ka+lulu,paka+ka+lulu,pakakalulu,pakakalulu
panata,prefixation,F_conflicts_with_reconciliation_evidence,panata,pan+ata,pan+ata,panata,pan+ata,pan+ata,pan+ata,pan+ata,pan+ata,pan+ata,pan+ata,pan+ata,pan+ata,pan+ata,pan+ata,pan+ata,pan+ata,pan+ata,pan+ata,pan+ata,pan+ata,pan+ata,p+an+ata,p+an+ata,p+an+ata,pan+at+a
pisali,prefixation,A_strong_silver,pi+sali,pis+ali,pis+ali,pisali,pis+ali,pis+ali,pisali,pis+ali,pisali,pisali,pis+ali,pisali,pisali,pis+ali,pisali,pisali,pis+ali,pisali,pisali,pis+ali,pisali,pisali,pis+ali,pis+ali,pisali,pisali
makatungkul,prefixation,A_strong_silver,maka+tungkul,makat+ungkul,makat+ungkul,makatungkul,makat+ungkul,makat+ungkul,makat+ungkul,makat+ungkul,makat+ungkul,makat+ungkul,makat+ungkul,makat+ungkul,makat+ungkul,maka+tungkul,maka+tungkul,maka+tungkul,maka+tungkul,maka+tungkul,maka+tungkul,maka+tungkul,maka+tungkul,maka+tungkul,maka+tungkul,maka+tungkul,maka+tungkul,maka+tungkul
mapalyari,prefixation,B_moderate_silver,ma+palyari,mapal+yari,mapalyari,mapalyari,mapal+yari,mapalyari,mapalyari,mapal+yari,mapalyari,mapalyari,mapal+yari,mapalyari,mapalyari,mapal+yari,mapalyari,mapalyari,mapal+yari,mapalyari,mapalyari,mapal+yari,mapalyari,mapalyari,ma+palyari,mapalyari,mapalyari,mapalyari
panugali,prefixation,A_strong_silver,pan+ugali,pan+ugali,panugali,panugali,pan+ugali,panugali,panugali,pan+ugali,panugali,panugali,pan+ugali,panugali,panugali,pan+ugali,panugali,panugali,pan+ugali,panugali,panugali,pan+ugali,panugali,panugali,p+an+ugali,panugali,panugali,panugali
magbalik,prefixation,A_strong_silver,mag+balik,mag+balik,magbalik,magbalik,mag+balik,mag+balik,mag+balik,mag+balik,mag+balik,mag+balik,mag+balik,mag+balik,mag+balik,mag+balik,mag+balik,mag+balik,mag+balik,mag+balik,mag+balik,mag+balik,mag+balik,mag+balik,mag+balik,mag+balik,mag+balik,magbalik
makasumami,prefixation,F_conflicts_with_reconciliation_evidence,maka+sumami,makas+um+ami,makas+um+ami,makas+um+ami,maka+sum+ami,maka+sum+ami,maka+sum+ami,maka+s+um+ami,maka+s+um+ami,makas+um+ami,maka+s+um+ami,maka+s+um+ami,makas+um+ami,maka+s+um+ami,maka+s+um+ami,makas+um+ami,maka+s+um+ami,maka+s+um+ami,makas+um+ami,maka+s+um+ami,maka+s+um+ami,maka+s+um+ami,maka+su+mam+i,maka+su+mam+i,maka+su+mami,maka+suma+mi
malating,prefixation,B_moderate_silver,ma+lating,malating,malating,malating,malating,malating,malating,malating,malating,malating,malating,malating,malating,malating,malating,malating,malating,malating,malating,malating,malating,malating,malating,malating,malating,malating
maldang,prefixation,B_moderate_silver,ma+ldang,mal+dang,maldang,maldang,mal+dang,maldang,maldang,mal+dang,maldang,maldang,mal+dang,maldang,maldang,mal+dang,maldang,maldang,mal+dang,maldang,maldang,mal+d+ang,mal+d+ang,maldang,mal+dang,maldang,maldang,malda+ng
mangmang,prefixation,A_strong_silver,mang+mang,mang+mang,mang+mang,mangmang,mang+mang,mangmang,mangmang,mang+mang,mangmang,mangmang,mang+mang,mangmang,mangmang,mang+mang,mangmang,mangmang,mang+mang,mangmang,mangmang,mang+mang,mangmang,mangmang,mang+mang,mangmang,mangmang,mang+mang
maybug,prefixation,B_moderate_silver,ma+ybug,may+bug,may+bug,maybug,may+bug,may+bug,maybug,may+bug,may+bug,maybug,may+bug,may+bug,maybug,may+bug,may+bug,maybug,may+bug,may+bug,maybug,may+bug,may+bug,maybug,may+bug,may+bug,maybug,may+bug
palalu,prefixation,A_strong_silver,pa+lalu,pal+alu,pal+alu,palalu,pal+alu,pal+alu,pal+alu,pal+alu,pal+alu,pal+alu,pal+alu,pal+alu,pal+alu,pal+alu,pal+alu,pal+alu,pa+lalu,pa+lalu,pa+lalu,pa+lalu,pa+lalu,pa+lalu,pa+lalu,pa+lalu,pa+lalu,pa+lalu
palang,prefixation,B_moderate_silver,pa+lang,p+alang,palang,palang,p+alang,palang,palang,p+alang,palang,palang,p+alang,palang,palang,p+alang,palang,palang,p+alang,palang,palang,p+alang,p+alang,palang,pa+lang,pa+lang,palang,pa+lang
pansin,prefixation,B_moderate_silver,pa+nsin,pan+sin,pansin,pansin,pan+sin,pansin,pansin,pans+in,pansin,pansin,pansin,pansin,pansin,pansin,pansin,pansin,pansin,pansin,pansin,pansin,pansin,pansin,pansin,pansin,pansin,pansin
payapa,prefixation,F_conflicts_with_reconciliation_evidence,payapa,paya+pa,payapa,payapa,paya+pa,payapa,payapa,paya+pa,payapa,payapa,paya+pa,payapa,payapa,paya+pa,payapa,payapa,pa+ya+pa,payapa,payapa,pa+ya+pa,paya+pa,payapa,paya+pa,payapa,payapa,payapa
mababa,prefixation,F_conflicts_with_reconciliation_evidence,ma+baba,mab+aba,mababa,mababa,mab+aba,mababa,mababa,ma+baba,mababa,mababa,ma+baba,mababa,mababa,mababa,mababa,mababa,mababa,mababa,mababa,mababa,mababa,mababa,mababa,mababa,mababa,mababa
makibat,prefixation,B_moderate_silver,ma+kibat,mak+ibat,mak+ibat,makibat,mak+ibat,mak+ibat,makibat,mak+ibat,mak+ibat,makibat,mak+ibat,mak+ibat,makibat,ma+kibat,ma+kibat,makibat,maki+bat,maki+bat,makibat,maki+bat,maki+bat,makibat,maki+bat,maki+bat,makibat,maki+bat
mangarawak,prefixation,B_moderate_silver,mang+arawak,mangar+awak,mangar+awak,mangarawak,mangar+awak,mangar+awak,mangarawak,mangar+aw+ak,mangar+awak,mangarawak,mang+ar+aw+ak,mang+ar+awak,mangarawak,mang+ar+aw+ak,mang+ar+awak,mangarawak,mang+ara+wak,mang+ara+wak,mangarawak,mang+ara+wak,mang+ara+wak,mangarawak,manga+rawak,manga+rawak,mangarawak,mang+arawak
mangatas,prefixation,F_conflicts_with_reconciliation_evidence,mang+atas,mang+atas,mang+atas,mangatas,mang+atas,mang+atas,mangatas,mang+atas,mang+atas,mangatas,mang+atas,mang+atas,mangatas,mang+atas,mang+atas,mangatas,mang+atas,mang+atas,mangatas,mangat+as,mangat+as,mangatas,mangat+as,mangat+as,mangatas,manga+tas
marinat,prefixation,B_moderate_silver,ma+rinat,mar+inat,marinat,marinat,mar+inat,marinat,marinat,mar+inat,marinat,marinat,marin+at,marinat,marinat,marin+at,marinat,marinat,marin+at,marinat,marinat,marin+at,marinat,marinat,marin+at,marinat,marinat,marinat
masakit,prefixation,A_strong_silver,ma+sakit,masakit,masakit,masakit,masakit,masakit,masakit,masakit,masakit,masakit,masakit,masakit,masakit,masakit,masakit,masakit,masakit,masakit,masakit,masakit,masakit,masakit,masakit,masakit,masakit,ma+sakit
masalese,prefixation,A_strong_silver,ma+salese,masalese,masalese,masalese,mas+al+ese,mas+al+ese,masal+ese,ma+salese,ma+salese,ma+salese,ma+salese,ma+salese,ma+salese,ma+salese,ma+salese,ma+salese,ma+salese,ma+salese,ma+salese,ma+salese,ma+salese,ma+salese,ma+salese,ma+salese,ma+salese,masalese
masant,prefixation,B_moderate_silver,ma+sant,mas+ant,mas+ant,mas+ant,mas+ant,mas+ant,mas+ant,mas+ant,mas+ant,mas+ant,mas+ant,mas+ant,mas+ant,mas+ant,mas+ant,mas+ant,mas+ant,mas+ant,mas+ant,mas+ant,mas+ant,masant,mas+ant,mas+ant,mas+ant,mas+an+t
maslag,prefixation,B_moderate_silver,ma+slag,mas+lag,maslag,maslag,mas+lag,maslag,maslag,mas+lag,maslag,maslag,mas+lag,maslag,maslag,mas+lag,maslag,maslag,mas+lag,maslag,maslag,mas+lag,maslag,maslag,mas+lag,maslag,maslag,m+aslag
pagkalub,prefixation,B_moderate_silver,pa+gkalub,pag+kalub,pag+kalub,pagkalub,pag+kalub,pag+kalub,pagkalub,pag+kalub,pag+kalub,pagkalub,pag+kalub,pag+kalub,pagkalub,pag+kalub,pag+kalub,pagkalub,pagka+lub,pagkalub,pagkalub,pagka+lub,pagka+lub,pagkalub,pagka+lub,pagkalub,pagkalub,pagkalub
pagsalbat,prefixation,B_moderate_silver,pa+gsalbat,pag+sal+bat,pag+sal+bat,pagsalbat,pag+sal+bat,pag+salbat,pagsalbat,pag+sal+bat,pag+salbat,pagsalbat,pag+sal+bat,pag+salbat,pagsalbat,pag+sal+bat,pag+salbat,pagsalbat,pag+sal+bat,pag+salbat,pagsalbat,pag+sal+bat,pag+salbat,pagsalbat,pag+sal+bat,pag+salbat,pagsalbat,p+agsalbat
paralan,prefixation,B_moderate_silver,pa+ralan,paralan,paralan,paralan,paralan,paralan,paralan,paralan,paralan,paralan,paralan,paralan,paralan,paralan,paralan,paralan,paralan,paralan,paralan,paralan,paralan,paralan,paralan,paralan,paralan,paralan
pastul,prefixation,F_conflicts_with_reconciliation_evidence,pastul,pas+tul,pastul,pastul,pas+tul,pastul,pastul,pas+tul,pastul,pastul,past+ul,pastul,pastul,past+ul,pastul,pastul,pas+tul,pastul,pastul,pa+st+ul,pastul,pastul,pas+tul,pastul,pastul,pastul
malutu,prefixation,A_strong_silver,ma+lutu,mal+utu,malutu,malutu,mal+utu,malutu,malutu,mal+utu,malutu,malutu,mal+utu,malutu,malutu,malu+tu,malutu,malutu,malutu,malutu,malutu,malutu,malutu,malutu,malutu,malutu,malutu,malutu
manalo,prefixation,B_moderate_silver,ma+nalo,man+alo,man+alo,man+alo,man+alo,man+alo,man+alo,man+alo,man+alo,man+alo,man+alo,man+alo,man+alo,man+alo,man+alo,man+alo,man+alo,man+alo,man+alo,man+alo,man+alo,man+alo,man+alo,man+alo,man+alo,man+a+lo
mangalati,prefixation,B_moderate_silver,mang+alati,mangal+ati,mangal+ati,mangalati,mangal+ati,mangal+ati,mangalati,mangal+ati,mangal+ati,mangalati,mangal+ati,mangal+ati,mangalati,mangal+ati,mangal+ati,mangalati,mangala+ti,mangala+ti,mangalati,mangala+ti,mangala+ti,mangalati,mangala+ti,mangala+ti,mangalati,mangalati
mapaling,prefixation,F_conflicts_with_reconciliation_evidence,ma+paling,map+aling,map+aling,mapaling,map+aling,mapaling,mapaling,mapal+ing,mapaling,mapaling,mapal+ing,mapaling,mapaling,mapal+ing,mapaling,mapaling,mapal+ing,mapaling,mapaling,ma+pali+ng,mapali+ng,mapaling,ma+pali+ng,ma+pali+ng,mapaling,mapa+ling
matatag,prefixation,F_conflicts_with_reconciliation_evidence,ma+tatag,mat+atag,mat+atag,matatag,mat+atag,matatag,matatag,mat+atag,matatag,matatag,mat+atag,matatag,matatag,mat+atag,matatag,matatag,mat+atag,matatag,matatag,mat+atag,mat+atag,matatag,mat+atag,matatag,matatag,ma+tatag
mayumu,prefixation,F_conflicts_with_reconciliation_evidence,ma+yumu,mayu+mu,mayumu,mayumu,mayu+mu,mayu+mu,mayu+mu,mayu+mu,mayu+mu,mayu+mu,mayu+mu,mayu+mu,mayu+mu,mayu+mu,mayu+mu,mayu+mu,ma+yu+mu,mayu+mu,mayu+mu,mayu+mu,mayu+mu,mayu+mu,mayu+mu,mayu+mu,mayu+mu,mayumu
parati,prefixation,B_moderate_silver,pa+rati,parati,parati,parati,parati,parati,parati,parati,parati,parati,parati,parati,parati,parati,parati,parati,parati,parati,parati,parati,parati,parati,parati,parati,parati,parati
ipagamuamu,prefixation,B_moderate_silver,ipa+gamuamu,ipag+amu+amu,ipag+amuamu,ipag+amuamu,ipag+amu+amu,ipag+amuamu,ipag+amuamu,ipag+amu+amu,ipag+amuamu,ipag+amuamu,ipag+amu+amu,ipag+amuamu,ipag+amuamu,ipag+amu+amu,ipag+amuamu,ipag+amuamu,ipag+amu+amu,ipag+amuamu,ipag+amuamu,ipag+amu+amu,ipag+amu+amu,ipag+amuamu,ipag+amu+amu,ipag+amu+amu,ipag+amuamu,ipa+gamuamu
makimut,prefixation,A_strong_silver,ma+kimut,mak+imut,mak+imut,mak+imut,mak+imut,mak+imut,mak+imut,mak+imut,mak+imut,mak+imut,mak+imut,mak+imut,mak+imut,maki+mut,maki+mut,maki+mut,maki+mut,maki+mut,maki+mut,maki+mut,maki+mut,maki+mut,maki+mut,maki+mut,maki+mut,ma+kimut
makudta,prefixation,B_moderate_silver,ma+kudta,mak+ud+ta,mak+udta,makudta,mak+udta,mak+udta,makudta,ma+kud+ta,ma+kud+ta,makudta,ma+kud+ta,ma+kud+ta,makudta,ma+kud+ta,ma+kud+ta,makudta,ma+kud+ta,ma+kud+ta,makudta,ma+kud+ta,ma+kud+ta,makudta,ma+kud+ta,ma+kud+ta,makudta,ma+kudta
malale,prefixation,F_conflicts_with_reconciliation_evidence,ma+lale,mal+ale,mal+ale,malale,mal+ale,mal+ale,malale,mal+ale,mal+ale,malale,mal+ale,mal+ale,malale,mal+ale,mal+ale,malale,ma+la+le,mala+le,malale,ma+la+le,ma+la+le,malale,ma+la+le,ma+la+le,malale,mala+le
manenaya,prefixation,B_moderate_silver,man+enaya,man+en+aya,man+enaya,manenaya,man+en+aya,man+enaya,manenaya,man+en+aya,man+enaya,manenaya,man+en+aya,man+enaya,manenaya,man+en+aya,man+enaya,manenaya,man+ena+ya,man+enaya,manenaya,man+en+aya,manen+aya,manenaya,man+en+aya,man+en+aya,manenaya,manenaya
matalik,prefixation,A_strong_silver,ma+talik,mat+alik,mat+alik,matalik,mat+alik,mat+alik,mat+alik,mat+alik,mat+alik,mat+alik,mat+alik,mat+alik,mat+alik,mat+alik,mat+alik,mat+alik,mat+alik,mat+alik,mat+alik,mat+alik,mat+alik,mat+alik,mat+alik,mat+alik,mat+alik,ma+talik
miglalang,prefixation,A_strong_silver,mig+lalang,mig+lalang,mig+lalang,miglalang,mig+lalang,mig+lalang,mig+lalang,mig+lalang,mig+lalang,mig+lalang,mig+lalang,mig+lalang,mig+lalang,mig+lalang,mig+lalang,mig+lalang,mig+lalang,mig+lalang,mig+lalang,mig+lalang,mig+lalang,mig+lalang,mig+lalang,mig+lalang,mig+lalang,miglala+ng
pampanga,prefixation,A_strong_silver,pam+panga,pampang+a,pampang+a,pampang+a,pam+panga,pam+panga,pam+panga,pam+panga,pam+panga,pam+panga,pam+panga,pam+panga,pam+panga,pam+panga,pam+panga,pam+panga,pam+panga,pam+panga,pam+panga,pam+panga,pam+panga,pam+panga,pam+panga,pam+panga,pam+panga,pampang+a
pangamate,prefixation,A_strong_silver,panga+mate,pang+amate,pangamate,pangamate,pang+amate,pangamate,pangamate,pang+amate,pangamate,pangamate,pang+amate,pangamate,pangamate,pang+amate,pangamate,pangamate,pang+amate,pangamate,pangamate,pang+amate,pangamate,pangamate,pang+amate,pangamate,pangamate,panga+mate
pantas,prefixation,F_conflicts_with_reconciliation_evidence,pantas,pant+as,pantas,pantas,pan+tas,pan+tas,pan+tas,pan+tas,pan+tas,pan+tas,pan+tas,pan+tas,pan+tas,pan+tas,pan+tas,pan+tas,pan+tas,pan+tas,pan+tas,pan+tas,pan+tas,pan+tas,panta+s,panta+s,panta+s,pan+tas
ipasiag,prefixation,F_conflicts_with_reconciliation_evidence,ipa+siag,ip+asi+ag,ip+asiag,ip+asiag,ip+asi+ag,ip+asi+ag,ip+asiag,ip+asi+ag,ip+asi+ag,ip+asiag,ipa+siag,ipa+siag,ipa+siag,i+pasi+ag,i+pasiag,i+pasiag,i+pasi+ag,i+pasiag,i+pasiag,i+pasi+ag,i+pasi+ag,i+pasiag,i+pasi+ag,i+pasi+ag,i+pasiag,i+pasiag
mangalambut,prefixation,B_moderate_silver,mang+alambut,mangal+ambut,mangal+ambut,mangal+ambut,mangal+ambut,mangal+ambut,mangal+ambut,mangal+ambut,mangal+ambut,mangal+ambut,mangal+ambut,mangal+ambut,mangal+ambut,mangal+ambut,mangal+ambut,mangal+ambut,mangala+m+but,mangala+m+but,mangala+mbut,mang+alam+but,mang+alam+but,mang+alambut,mangala+m+but,mangala+m+but,mangala+m+but,manga+lambut
maniaman,prefixation,B_moderate_silver,man+iaman,mani+aman,mani+aman,maniaman,mani+aman,maniaman,maniaman,mani+aman,maniaman,maniaman,mani+aman,maniaman,maniaman,mani+aman,maniaman,maniaman,mani+aman,maniaman,maniaman,mani+aman,mani+aman,maniaman,mani+aman,mani+aman,maniaman,maniaman
mantabe,prefixation,B_moderate_silver,man+tabe,man+t+abe,mant+abe,mantabe,man+t+abe,mant+abe,mantabe,man+t+abe,mant+abe,mantabe,man+tabe,man+tabe,mantabe,man+tabe,man+tabe,mantabe,man+tabe,man+tabe,mantabe,man+tabe,man+tabe,mantabe,man+ta+be,man+tabe,mantabe,m+antabe
mengari,prefixation,B_moderate_silver,men+gari,meng+ari,meng+ari,mengari,meng+ari,meng+ari,meng+ari,meng+ari,meng+ari,meng+ari,meng+ari,meng+ari,meng+ari,meng+ari,meng+ari,meng+ari,meng+ari,meng+ari,meng+ari,meng+ari,meng+ari,meng+ari,me+ng+ari,me+ng+ari,me+ng+ari,menga+ri
malipul,prefixation,F_conflicts_with_reconciliation_evidence,ma+lipul,mal+ip+ul,mal+ip+ul,mal+ipul,mal+ip+ul,mal+ip+ul,mal+ipul,mal+ip+ul,mal+ip+ul,mal+ip+ul,mal+ip+ul,mal+ip+ul,mal+ip+ul,mal+ip+ul,mal+ip+ul,mal+ip+ul,m+ali+pul,m+ali+pul,m+ali+pul,mali+pul,mali+pul,mali+pul,mali+pul,mali+pul,mali+pul,mali+pul
malunus,prefixation,A_strong_silver,ma+lunus,mal+unus,mal+unus,malunus,mal+un+us,mal+unus,mal+unus,mal+un+us,mal+un+us,mal+unus,mal+un+us,mal+unus,mal+unus,mal+un+us,mal+unus,mal+unus,mal+un+us,mal+un+us,mal+unus,mal+un+us,mal+unus,mal+unus,mal+un+us,mal+un+us,malun+us,ma+lunus
mangga,prefixation,B_moderate_silver,ma+ngga,mangga,mangga,mangga,mangga,mangga,mangga,mangga,mangga,mangga,mangga,mangga,mangga,mangga,mangga,mangga,mangga,mangga,mangga,mangga,mangga,mangga,mangga,mangga,mangga,mangga
marapat,prefixation,B_moderate_silver,ma+rapat,mar+apat,marapat,marapat,mar+apat,marapat,marapat,ma+rapat,marapat,marapat,ma+rapat,marapat,marapat,mara+pat,marapat,marapat,ma+rapat,marapat,marapat,ma+rapat,marapat,marapat,ma+rapat,marapat,marapat,m+arapat
masias,prefixation,F_conflicts_with_reconciliation_evidence,ma+sias,mas+ias,mas+ias,masias,masi+as,masi+as,masias,mas+ias,mas+ias,masias,masi+as,masi+as,masias,ma+si+as,masi+as,masias,ma+sias,ma+sias,masias,ma+si+as,ma+sias,masias,ma+sias,ma+sias,masias,mas+ias
mekamate,prefixation,A_strong_silver,meka+mate,me+kamat+e,me+kamat+e,me+kamate,me+kamat+e,me+kamat+e,me+kamat+e,meka+mate,meka+mate,meka+mate,meka+mate,meka+mate,meka+mate,meka+mate,meka+mate,meka+mate,meka+mate,meka+mate,meka+mate,meka+mat+e,meka+mat+e,meka+mat+e,meka+mate,meka+mate,meka+mate,meka+mate
patingapun,prefixation,B_moderate_silver,pa+tingapun,pat+ing+apun,pat+ing+apun,patingapun,pat+ing+apun,pating+apun,patingapun,pat+ing+apun,pating+apun,patingapun,pat+ing+apun,pating+apun,patingapun,pat+ing+apun,pating+apun,patingapun,pat+ing+apun,pating+apun,patingapun,pati+ng+apun,pati+ng+apun,patingapun,pati+ng+apun,pati+ng+apun,patingapun,patingapun
pibatan,prefixation,F_conflicts_with_reconciliation_evidence,pi+bata+n,p+ibatan,p+ibatan,pibatan,p+ibatan,p+ibatan,p+ibatan,p+ibat+an,p+ibat+an,p+ibat+an,p+ibat+an,p+ibat+an,p+ibat+an,p+ibat+an,p+ibat+an,p+ibat+an,pi+bat+an,pi+bat+an,pi+bat+an,pi+bat+an,pi+bat+an,pi+bat+an,pi+batan,pi+batan,pi+batan,pibata+n
magbili,prefixation,A_strong_silver,mag+bili,mag+bili,mag+bili,mag+bili,mag+bili,mag+bili,mag+bili,mag+bili,mag+bili,mag+bili,mag+bili,mag+bili,mag+bili,mag+bili,mag+bili,mag+bili,mag+bili,mag+bili,mag+bili,mag+bili,mag+bili,mag+bili,mag+bili,mag+bili,mag+bili,mag+bili
makasulat,prefixation,A_strong_silver,maka+sulat,makasulat,makasulat,makasulat,maka+sulat,maka+sulat,maka+sulat,maka+sulat,maka+sulat,maka+sulat,maka+sulat,maka+sulat,maka+sulat,maka+sulat,maka+sulat,maka+sulat,maka+sulat,maka+sulat,maka+sulat,maka+sulat,maka+sulat,maka+sulat,maka+sulat,maka+sulat,maka+sulat,ma+kasulat
makibalu,prefixation,B_moderate_silver,ma+kibalu,makib+alu,makib+alu,makibalu,mak+ib+alu,mak+ib+alu,mak+ib+alu,maki+balu,maki+balu,maki+balu,maki+balu,maki+balu,maki+balu,maki+balu,maki+balu,maki+balu,maki+balu,maki+balu,maki+balu,maki+balu,maki+balu,maki+balu,maki+balu,maki+balu,maki+balu,maki+balu
makule,prefixation,F_conflicts_with_reconciliation_evidence,ma+kule,mak+ule,mak+ule,makule,mak+ule,mak+ule,makule,mak+ule,mak+ule,makule,ma+kule,ma+kule,makule,ma+kule,ma+kule,makule,ma+kule,ma+kule,makule,ma+kule,ma+kule,makule,ma+ku+le,ma+ku+le,makule,ma+kule
malambut,prefixation,A_strong_silver,ma+lambut,mal+ambut,mal+ambut,malambut,mal+ambut,mal+ambut,malambut,mal+ambut,mal+ambut,malambut,mal+ambut,mal+ambut,malambut,mal+ambut,mal+ambut,malambut,ma+lam+but,ma+lambut,malambut,ma+lam+but,ma+lam+but,malambut,ma+lam+but,ma+lambut,malambut,ma+lambut
malungkut,prefixation,A_strong_silver,ma+lungkut,mal+ungkut,mal+ungkut,malungkut,mal+ung+kut,mal+ung+kut,mal+ung+kut,mal+ung+kut,mal+ung+kut,mal+ung+kut,mal+ung+kut,mal+ung+kut,mal+ung+kut,mal+ung+kut,mal+ung+kut,mal+ung+kut,mal+ung+kut,mal+ung+kut,mal+ung+kut,mal+ung+kut,mal+ung+kut,mal+ung+kut,mal+ung+kut,mal+ung+kut,mal+ung+kut,ma+lungkut
manganak,prefixation,A_strong_silver,mang+anak,mangan+ak,mangan+ak,manganak,mang+anak,mang+anak,mang+anak,mang+anak,mang+anak,mang+anak,mang+anak,mang+anak,mang+anak,mang+anak,mang+anak,mang+anak,mang+anak,mang+anak,mang+anak,mang+anak,mang+anak,mang+anak,mangan+ak,mangan+ak,mangan+ak,mang+anak
marangal,prefixation,B_moderate_silver,ma+rangal,marang+al,marangal,marangal,marangal,marangal,marangal,marangal,marangal,marangal,marangal,marangal,marangal,marangal,marangal,marangal,marangal,marangal,marangal,marangal,marangal,marangal,marang+al,marangal,marangal,marangal
masipag,prefixation,A_strong_silver,ma+sipag,mas+ipag,mas+ipag,masipag,mas+ipag,mas+ipag,mas+ipag,mas+ipag,mas+ipag,mas+ipag,ma+sipag,ma+sipag,ma+sipag,ma+si+pag,ma+sipag,ma+sipag,ma+sipag,ma+sipag,ma+sipag,ma+si+pag,ma+sipag,ma+sipag,ma+si+pag,ma+si+pag,ma+sipag,ma+sipag
matuling,prefixation,A_strong_silver,ma+tuling,mat+uling,matuling,matuling,mat+uling,matuling,matuling,mat+uling,matuling,matuling,mat+uling,matuling,matuling,mat+uling,matuling,matuling,mat+uling,matuling,matuling,mat+uli+ng,matuling,matuling,mat+uli+ng,matuling,matuling,matuli+ng
menalig,prefixation,B_moderate_silver,men+alig,men+alig,men+alig,men+alig,men+alig,men+alig,men+alig,men+alig,men+alig,men+alig,men+alig,men+alig,men+alig,men+alig,men+alig,men+alig,men+alig,men+alig,men+alig,men+alig,men+alig,men+alig,men+alig,men+alig,men+alig,me+na+lig
menatili,prefixation,B_moderate_silver,men+atili,men+atili,men+atili,menatili,men+atili,menatili,menatili,men+atili,menatili,menatili,men+atili,menatili,menatili,men+atili,menatili,menatili,men+atili,menatili,menatili,men+atili,menatili,menatili,men+atili,men+atili,menatili,menatili
pakakak,prefixation,A_strong_silver,pa+kakak,paka+ka+k,paka+kak,pakakak,paka+ka+k,paka+ka+k,paka+kak,paka+ka+k,paka+kak,paka+kak,paka+ka+k,paka+ka+k,paka+kak,paka+ka+k,paka+ka+k,paka+kak,paka+ka+k,pakaka+k,pakaka+k,paka+ka+k,paka+ka+k,paka+kak,paka+ka+k,paka+ka+k,pakaka+k,paka+ka+k
pakibat,prefixation,B_moderate_silver,pa+kibat,pakibat,pakibat,pakibat,pakibat,pakibat,pakibat,pakibat,pakibat,pakibat,pakibat,pakibat,pakibat,pakibat,pakibat,pakibat,pakibat,pakibat,pakibat,pakibat,pakibat,pakibat,pakibat,pakibat,pakibat,pakibat
paldas,prefixation,B_moderate_silver,pa+ldas,pal+das,pal+das,paldas,pal+das,paldas,paldas,pal+das,paldas,paldas,pal+das,paldas,paldas,pal+das,paldas,paldas,pal+das,paldas,paldas,pal+das,pal+das,paldas,pal+das,pal+das,paldas,paldas
pamisip,prefixation,F_conflicts_with_reconciliation_evidence,pam+isip,pamisip,pamisip,pamisip,pamisip,pamisip,pamisip,pamisip,pamisip,pamisip,pamisip,pamisip,pamisip,pamisip,pamisip,pamisip,pamisip,pamisip,pamisip,pamisip,pamisip,pamisip,pamisip,pamisip,pamisip,pamisip
pampang,prefixation,A_strong_silver,pam+pang,pampang,pampang,pampang,pam+pang,pam+pang,pampang,pam+pang,pam+pang,pam+pang,pam+pang,pam+pang,pam+pang,pam+pang,pam+pang,pam+pang,pam+pang,pam+pang,pam+pang,pampang,pampang,pampang,pam+pang,pam+pang,pam+pang,pampang
pilipinas,prefixation,B_moderate_silver,pi+lipinas,p+ilip+inas,p+ilip+inas,p+ilip+inas,p+ilipinas,p+ilipinas,p+ilipinas,p+ilipinas,p+ilipinas,p+ilipinas,p+ilipinas,p+ilipinas,p+ilipinas,p+ilipin+as,p+ilipin+as,p+ilipin+as,pili+pin+as,pili+pin+as,pili+pin+as,pili+pinas,pili+pinas,pili+pinas,pi+lipin+as,pi+lipin+as,pi+lipin+as,pi+li+pin+as
mabilis,prefixation,A_strong_silver,ma+bilis,mabilis,mabilis,mabilis,mab+ilis,mab+ilis,mab+ilis,ma+bilis,ma+bilis,ma+bilis,ma+bilis,ma+bilis,ma+bilis,ma+bilis,ma+bilis,ma+bilis,ma+bilis,ma+bilis,ma+bilis,ma+bilis,ma+bilis,ma+bilis,ma+bilis,ma+bilis,ma+bilis,mabilis
magaral,prefixation,A_strong_silver,mag+aral,magaral,magaral,magaral,magaral,magaral,magaral,magaral,magaral,magaral,magaral,magaral,magaral,magaral,magaral,magaral,magaral,magaral,magaral,magaral,magaral,magaral,magaral,magaral,magaral,magaral
malagwa,prefixation,F_conflicts_with_reconciliation_evidence,ma+lagwa,malag+wa,malag+wa,malagwa,malag+wa,malag+wa,malagwa,malag+wa,malag+wa,malagwa,malag+wa,malag+wa,malagwa,malag+wa,malag+wa,malagwa,malag+wa,malag+wa,malagwa,ma+lag+wa,ma+lag+wa,malagwa,malag+wa,malag+wa,malagwa,malagwa
malangi,prefixation,A_strong_silver,ma+langi,malang+i,malang+i,malangi,malang+i,malang+i,malangi,malang+i,malang+i,malangi,malang+i,malang+i,malangi,malang+i,malang+i,malangi,malang+i,malang+i,malangi,mal+ang+i,malang+i,malangi,ma+langi,ma+langi,malangi,malangi
malino,prefixation,A_strong_silver,ma+lino,malino,malino,malino,mal+ino,mal+ino,mal+ino,mal+ino,mal+ino,mal+ino,mal+ino,mal+ino,mal+ino,mal+ino,mal+ino,mal+ino,mal+ino,mal+ino,mal+ino,mal+ino,mal+ino,mal+ino,mal+ino,mal+ino,mal+ino,malino
mangamate,prefixation,B_moderate_silver,mang+amate,mang+amate,mang+amate,mang+amate,mang+amate,mang+amate,mang+amate,mang+amate,mang+amate,mang+amate,mang+amate,mang+amate,mang+amate,mang+amate,mang+amate,mang+amate,mang+amate,mang+amate,mang+amate,mang+amate,mang+amate,mang+amate,mang+amate,mang+amate,mang+amate,manga+mate
maniabing,prefixation,B_moderate_silver,man+iabing,mani+abing,mani+abing,maniabing,mani+abing,mani+abing,maniabing,mani+abing,mani+abing,maniabing,mani+abing,mani+abing,maniabing,mania+bing,mania+bing,maniabing,mania+bing,mania+bing,maniabing,maniabi+ng,maniabi+ng,maniabing,maniabi+ng,maniabi+ng,maniabing,maniabi+ng
maninap,prefixation,B_moderate_silver,man+inap,man+inap,man+inap,maninap,man+inap,man+inap,maninap,man+inap,man+inap,maninap,man+inap,man+inap,maninap,man+inap,man+inap,maninap,man+inap,man+inap,maninap,man+inap,man+inap,maninap,man+inap,man+inap,maninap,mani+na+p
manyawad,prefixation,A_strong_silver,man+yawad,man+ya+wad,manya+wad,manyawad,man+ya+wad,man+yawad,man+yawad,man+ya+wad,man+yawad,man+yawad,man+ya+wad,man+yawad,man+yawad,man+ya+wad,man+yawad,man+yawad,man+ya+wad,man+yawad,man+yawad,man+ya+wad,man+yawad,man+yawad,man+ya+wad,man+yawad,man+yawad,man+yawad
mapait,prefixation,A_strong_silver,ma+pait,map+ait,map+ait,mapait,map+a+it,mapa+it,mapait,mapa+it,mapa+it,mapait,mapa+it,mapa+it,mapait,mapa+it,mapa+it,mapait,mapa+it,mapa+it,mapait,mapa+it,mapa+it,mapait,mapa+it,mapa+it,mapait,mapa+it
mayubu,prefixation,A_strong_silver,ma+yubu,may+ubu,may+ubu,mayubu,may+ubu,may+ubu,may+ubu,mayu+bu,mayu+bu,mayu+bu,mayu+bu,mayu+bu,mayu+bu,mayu+bu,mayu+bu,mayu+bu,ma+yu+bu,ma+yubu,ma+yubu,mayu+bu,mayu+bu,mayu+bu,mayu+bu,mayu+bu,mayu+bu,ma+yu+bu
pamilya,prefixation,B_moderate_silver,pam+ilya,pamilya,pamilya,pamilya,pamilya,pamilya,pamilya,pamilya,pamilya,pamilya,pamilya,pamilya,pamilya,pamilya,pamilya,pamilya,pamilya,pamilya,pamilya,pamilya,pamilya,pamilya,pamilya,pamilya,pamilya,pamilya
pangaku,prefixation,B_moderate_silver,pan+gaku,pangaku,pangaku,pangaku,pangaku,pangaku,pangaku,pangaku,pangaku,pangaku,pangaku,pangaku,pangaku,pangaku,pangaku,pangaku,pangaku,pangaku,pangaku,pangaku,pangaku,pangaku,pangaku,pangaku,pangaku,pangaku
pangaras,prefixation,B_moderate_silver,pang+aras,pang+aras,pang+aras,pangaras,pang+aras,pang+aras,pangaras,pang+aras,pang+aras,pangaras,pang+aras,pang+aras,pangaras,pang+aras,pang+aras,pangaras,panga+ras,panga+ras,pangaras,panga+ras,panga+ras,pangaras,panga+ras,panga+ras,pangaras,panga+ras
pasibayung,prefixation,B_moderate_silver,pa+sibayung,pas+ib+ayung,pasibayung,pasibayung,pasib+ayung,pasibayung,pasibayung,pas+ib+ayung,pasibayung,pasibayung,pas+ib+ayung,pasibayung,pasibayung,pasi+bayung,pasibayung,pasibayung,pasi+bayung,pasibayung,pasibayung,pasi+bayung,pasibayung,pasibayung,pasi+bayung,pasibayung,pasibayung,pasibayu+ng
patawad,prefixation,A_strong_silver,pa+tawad,pat+awad,pat+awad,patawad,pat+aw+ad,pat+aw+ad,pat+awad,pataw+ad,pataw+ad,pataw+ad,pataw+ad,pataw+ad,pataw+ad,pataw+ad,pataw+ad,pataw+ad,pat+awa+d,pat+awa+d,pat+awad,pat+awa+d,pat+awa+d,pat+awad,pat+awad,pat+awad,pat+awad,patawa+d
ipaintulut,prefixation,B_moderate_silver,ipa+intulut,ipa+int+ulut,ipa+int+ulut,ipa+intulut,ipa+int+ulut,ipa+int+ulut,ipaintulut,ipa+int+ulut,ipa+int+ulut,ipa+intulut,ipa+intulut,ipa+intulut,ipa+intulut,ipa+intulut,ipa+intulut,ipaintulut,ipa+intu+lut,ipa+intu+lut,ipaintulut,ipa+int+ulut,ipa+int+ulut,ipa+intulut,ipa+intu+lut,ipa+intu+lut,ipa+intulut,i+paintulut
maestro,prefixation,F_conflicts_with_reconciliation_evidence,maestro,ma+estro,ma+estro,ma+estro,ma+estro,ma+estro,ma+estro,ma+estro,ma+estro,ma+estro,ma+estro,ma+estro,ma+estro,ma+estro,ma+estro,ma+estro,ma+estro,ma+estro,ma+estro,ma+estro,ma+estro,ma+estro,ma+estro,ma+estro,ma+estro,ma+e+stro
magari,prefixation,B_moderate_silver,ma+gari,mag+ari,mag+ari,magari,mag+ari,mag+ari,mag+ari,mag+ari,mag+ari,mag+ari,mag+ari,mag+ari,mag+ari,mag+ari,mag+ari,mag+ari,mag+ari,mag+ari,mag+ari,mag+ari,mag+ari,mag+ari,mag+ari,mag+ari,mag+ari,mag+ari
makalunus,prefixation,A_strong_silver,maka+lunus,makal+unus,makal+unus,makalunus,makal+un+us,makal+unus,makal+unus,makal+un+us,makal+un+us,makal+unus,makal+un+us,makal+unus,makal+unus,makal+un+us,makal+unus,makal+unus,maka+lunus,maka+lunus,maka+lunus,maka+lunus,maka+lunus,maka+lunus,maka+lunus,maka+lunus,maka+lunus,maka+lunus
makasalikut,prefixation,A_strong_silver,maka+salikut,makas+alikut,makas+alikut,makasalikut,maka+salikut,maka+salikut,maka+salikut,maka+salikut,maka+salikut,maka+salikut,maka+salikut,maka+salikut,maka+salikut,maka+salikut,maka+salikut,maka+salikut,maka+salikut,maka+salikut,maka+salikut,maka+sali+kut,maka+salikut,maka+salikut,maka+salikut,maka+salikut,maka+salikut,maka+salikut
mamintu,prefixation,B_moderate_silver,mam+intu,mam+intu,mamintu,mamintu,mam+intu,mam+intu,mam+intu,mam+intu,mam+intu,mam+intu,mam+intu,mam+intu,mam+intu,mam+intu,mam+intu,mam+intu,mam+intu,mam+intu,mam+intu,mam+intu,mam+intu,mam+intu,mam+intu,mam+intu,mam+intu,mamintu
manaliwang,prefixation,B_moderate_silver,man+aliwang,man+aliwang,man+aliwang,man+aliwang,man+aliwang,man+aliwang,man+aliwang,man+aliwang,man+aliwang,man+aliwang,man+aliwang,man+aliwang,man+aliwang,man+aliwang,man+aliwang,man+aliwang,man+aliwang,man+aliwang,man+aliwang,man+ali+wang,man+ali+wang,man+ali+wang,man+aliwang,man+aliwang,man+aliwang,man+aliwang
manyad,prefixation,B_moderate_silver,ma+nyad,man+yad,man+yad,manyad,man+yad,man+yad,manyad,man+yad,man+yad,manyad,man+yad,man+yad,manyad,man+yad,man+yad,manyad,man+yad,man+yad,manyad,man+yad,man+yad,manyad,man+yad,man+yad,manyad,man+ya+d
mapinu,prefixation,A_strong_silver,ma+pinu,map+inu,map+inu,mapinu,map+inu,map+inu,map+inu,ma+pin+u,ma+pin+u,ma+pinu,ma+pin+u,ma+pin+u,ma+pinu,ma+pin+u,ma+pinu,ma+pinu,ma+pin+u,ma+pin+u,ma+pinu,ma+pinu,ma+pinu,ma+pinu,ma+pinu,ma+pinu,ma+pinu,ma+pin+u
masala,prefixation,A_strong_silver,ma+sala,masala,masala,masala,masala,masala,masala,masala,masala,masala,masala,masala,masala,masala,masala,masala,masala,masala,masala,masala,masala,masala,masala,masala,masala,masala
masquil,prefixation,B_moderate_silver,ma+squil,mas+qu+il,mas+qu+il,mas+quil,mas+qu+il,mas+quil,mas+quil,mas+qu+il,mas+quil,mas+quil,mas+qu+il,mas+quil,mas+quil,mas+qu+il,mas+quil,mas+quil,mas+qu+il,mas+qu+il,mas+quil,mas+qu+il,mas+quil,mas+quil,mas+qu+il,mas+qu+il,mas+quil,mas+qui+l
mayakit,prefixation,B_moderate_silver,ma+yakit,maya+kit,maya+kit,mayakit,maya+kit,maya+kit,mayakit,maya+kit,maya+kit,mayakit,maya+kit,maya+kit,mayakit,maya+kit,maya+kit,mayakit,maya+kit,maya+kit,mayakit,maya+kit,maya+kit,mayakit,maya+kit,maya+kit,mayakit,m+ayakit
menalakad,prefixation,B_moderate_silver,men+alakad,men+alakad,men+alakad,men+alakad,men+alakad,men+alakad,men+alakad,men+alakad,men+alakad,men+alakad,men+alakad,men+alakad,men+alakad,men+alakad,men+alakad,men+alakad,men+alakad,men+alakad,men+alakad,men+alakad,men+alakad,men+alakad,men+ala+kad,men+ala+kad,men+ala+kad,men+alakad
meninap,prefixation,B_moderate_silver,men+inap,men+inap,men+inap,men+inap,men+inap,men+inap,men+inap,men+inap,men+inap,men+inap,men+inap,men+inap,men+inap,men+inap,men+inap,men+inap,men+inap,men+inap,men+inap,men+inap,men+inap,men+inap,men+inap,men+inap,men+inap,men+in+ap
migdala,prefixation,A_strong_silver,mig+dala,mig+dala,mig+dala,migdala,mig+dala,mig+dala,mig+dala,mig+dala,mig+dala,mig+dala,mig+dala,mig+dala,mig+dala,mig+dala,mig+dala,mig+dala,mig+dala,mig+dala,mig+dala,mig+dala,mig+dala,mig+dala,mig+dala,mig+dala,mig+dala,mig+dala
pangaligtas,prefixation,A_strong_silver,panga+ligtas,pangal+igtas,pangal+igtas,pangal+igtas,pang+alig+tas,pang+alig+tas,pang+aligtas,pang+alig+tas,pang+alig+tas,pang+aligtas,pang+alig+tas,pang+alig+tas,pang+aligtas,pang+alig+tas,pang+alig+tas,pang+aligtas,pang+alig+tas,pang+alig+tas,pang+aligtas,pang+alig+tas,pang+alig+tas,pang+alig+tas,pang+alig+tas,pang+alig+tas,pang+alig+tas,panga+ligtas
parusa,prefixation,F_conflicts_with_reconciliation_evidence,pa+rusa,par+usa,parusa,parusa,par+usa,parusa,parusa,par+usa,parusa,parusa,par+usa,parusa,parusa,par+usa,parusa,parusa,pa+rusa,parusa,parusa,pa+rusa,parusa,parusa,paru+sa,parusa,parusa,parusa
patutut,prefixation,B_moderate_silver,pa+tutut,pat+ut+ut,pat+utut,pat+utut,pat+utut,pat+utut,pat+utut,pat+utut,pat+utut,pat+utut,pat+ut+ut,pat+utut,pat+utut,patu+tut,patu+tut,patu+tut,pat+utu+t,pat+utut,pat+utut,pat+utu+t,pat+utu+t,pat+utut,pat+utu+t,pat+utut,pat+utut,patutu+t
manuknangan,prefixation+suffixation,B_moderate_silver,man+uknang+an,manuknangan,manuknangan,manuknangan,manuknangan,manuknangan,manuknangan,manuknangan,manuknangan,manuknangan,manuknangan,manuknangan,manuknangan,manuknangan,manuknangan,manuknangan,manuknangan,manuknangan,manuknangan,manuknangan,manuknangan,manuknangan,manuknangan,manuknangan,manuknangan,manuknanga+n
ingatan,prefixation+suffixation,F_conflicts_with_reconciliation_evidence,ingat+an,ingatan,ingatan,ingatan,ingatan,ingatan,ingatan,ingatan,ingatan,ingatan,ingatan,ingatan,ingatan,ingatan,ingatan,ingatan,ingatan,ingatan,ingatan,ingatan,ingatan,ingatan,ingatan,ingatan,ingatan,ingatan
menuknangan,prefixation+suffixation,B_moderate_silver,men+uknang+an,men+uknangan,menuknangan,menuknangan,men+uknangan,menuknangan,menuknangan,men+uknangan,menuknangan,menuknangan,men+uknangan,menuknangan,menuknangan,men+uknangan,menuknangan,menuknangan,men+uknang+an,menuknangan,menuknangan,men+uknang+an,menuknangan,menuknangan,men+uknang+an,menuknangan,menuknangan,m+enuknangan
pibandian,prefixation+suffixation,A_strong_silver,pi+bandi+an,pibandian,pibandian,pibandian,pib+and+ian,pib+and+ian,pib+and+ian,pib+and+ian,pib+and+ian,pib+and+ian,pib+and+ian,pib+and+ian,pib+and+ian,pib+and+ian,pib+and+ian,pib+and+ian,pi+bandi+an,pi+bandi+an,pi+bandi+an,pi+bandi+an,pi+bandi+an,pi+bandi+an,pi+bandi+an,pi+bandi+an,pi+bandi+an,pibandi+an
menibatan,prefixation+suffixation,A_strong_silver,men+ibat+an,menibatan,menibatan,menibatan,menibatan,menibatan,menibatan,men+ibat+an,men+ibat+an,men+ibat+an,men+ibat+an,men+ibat+an,men+ibat+an,men+ibat+an,men+ibat+an,men+ibat+an,men+ibat+an,men+ibat+an,men+ibat+an,men+ibat+an,men+ibat+an,men+ibat+an,menibatan,menibatan,menibatan,me+nibatan
manibatan,prefixation+suffixation,F_conflicts_with_reconciliation_evidence,man+ibat+an,manibatan,manibatan,manibatan,manibat+an,manibat+an,manibat+an,manibat+an,manibat+an,manibat+an,manibat+an,manibat+an,manibat+an,manibat+an,manibat+an,manibat+an,manibat+an,manibat+an,manibat+an,manibat+an,manibat+an,manibat+an,manibat+an,manibat+an,manibat+an,manibat+an
makanianman,prefixation+suffixation,B_moderate_silver,maka+nianm+an,makanian+man,makanian+man,makanian+man,makanian+man,makanian+man,makanian+man,makanian+man,makanian+man,makanian+man,makanian+man,makanian+man,makanian+man,makanian+man,makanian+man,makanian+man,makanian+man,makanian+man,makanian+man,makan+ian+man,makan+ian+man,makan+ian+man,makanian+man,makanian+man,makanian+man,makanian+man
macanian,prefixation+suffixation,B_moderate_silver,ma+cani+an,macan+ian,macan+ian,macanian,ma+can+ian,macanian,macanian,macan+ian,macanian,macanian,macan+ian,macanian,macanian,macan+ian,macanian,macanian,mac+anian,macanian,macanian,mac+anian,macanian,macanian,mac+ani+an,macanian,macanian,maca+ni+an
magkailangan,prefixation+suffixation,F_conflicts_with_reconciliation_evidence,mag+kailangan,mag+kailangan,mag+kailangan,mag+kailangan,mag+kailangan,mag+kailangan,mag+kailangan,mag+kailangan,mag+kailangan,mag+kailangan,mag+kailangan,mag+kailangan,mag+kailangan,mag+kailangan,mag+kailangan,mag+kailangan,mag+kailangan,mag+kailangan,mag+kailangan,mag+ka+ilangan,magka+ilangan,magka+ilangan,mag+ka+ilangan,mag+ka+ilangan,magka+ilangan,mag+kailangan
masikanan,prefixation+suffixation,F_conflicts_with_reconciliation_evidence,ma+sikan+an,mas+ik+anan,mas+ik+anan,masikanan,masikan+an,masikan+an,masikan+an,masikan+an,masikan+an,masikan+an,masikan+an,masikan+an,masikan+an,masikan+an,masikan+an,masikan+an,masikan+an,masikan+an,masikan+an,masikan+an,masikan+an,masikan+an,masikan+an,masikan+an,masikan+an,masikan+an
pisamban,prefixation+suffixation,B_moderate_silver,pi+samb+an,pisamban,pisamban,pisamban,pisamban,pisamban,pisamban,pisamban,pisamban,pisamban,pisamban,pisamban,pisamban,pisamban,pisamban,pisamban,pisamban,pisamban,pisamban,pisamban,pisamban,pisamban,pisamban,pisamban,pisamban,pisamban
pilubluban,prefixation+suffixation,F_conflicts_with_reconciliation_evidence,pi+lublub+an,pil+ubluban,pilubluban,pilubluban,pil+ubluban,pilubluban,pilubluban,pilubluban,pilubluban,pilubluban,pilubluban,pilubluban,pilubluban,pilubluban,pilubluban,pilubluban,pilubluban,pilubluban,pilubluban,pilubluban,pilubluban,pilubluban,pi+lubluban,pilubluban,pilubluban,pilubluban
pikakasaman,prefixation+suffixation,B_moderate_silver,pi+kakasam+an,pika+kas+aman,pika+kas+aman,pika+kasaman,pika+kas+aman,pika+kas+aman,pika+kasaman,pika+kas+aman,pika+kas+aman,pika+kasaman,pika+kas+aman,pika+kas+aman,pika+kasaman,pi+ka+kas+aman,pika+kas+aman,pika+kasaman,pika+kas+aman,pika+kas+aman,pika+kasaman,pika+kas+aman,pika+kas+aman,pika+kasaman,pika+kas+aman,pika+kas+aman,pika+kasaman,pi+ka+kasama+n
inatulan,prefixation+suffixation,B_moderate_silver,i+natul+an,in+atulan,in+atulan,inatulan,inat+ulan,inat+ulan,inatulan,in+atul+an,in+atul+an,inatulan,in+atul+an,in+atul+an,inatulan,in+atul+an,in+atul+an,inatulan,in+atul+an,in+atul+an,inatulan,in+atul+an,in+atul+an,inatulan,inat+ul+an,inat+ul+an,inatulan,in+atulan
pibandyan,prefixation+suffixation,B_moderate_silver,pi+bandy+an,piband+yan,piband+yan,pibandyan,pib+and+yan,pib+and+yan,pibandyan,pib+and+yan,pib+and+yan,pibandyan,pib+and+yan,pib+and+yan,pibandyan,pib+and+yan,pib+and+yan,pibandyan,pi+band+yan,pi+band+yan,pibandyan,pi+ban+d+yan,pi+band+yan,pibandyan,pi+band+yan,pi+band+yan,pibandyan,pi+ban+d+yan
lalaki,reduplication,B_moderate_silver,lalaki,lalaki,lalaki,lalaki,lalaki,lalaki,lalaki,lalaki,lalaki,lalaki,lalaki,lalaki,lalaki,lalaki,lalaki,lalaki,lalaki,lalaki,lalaki,lalaki,lalaki,lalaki,lalaki,lalaki,lalaki,lalaki
babai,reduplication,A_strong_silver,babai,babai,babai,babai,babai,babai,babai,babai,babai,babai,babai,babai,babai,babai,babai,babai,babai,babai,babai,babai,babai,babai,babai,babai,babai,babai
kekeng,reduplication,F_conflicts_with_reconciliation_evidence,kekeng,kekeng,kekeng,kekeng,kekeng,kekeng,kekeng,kekeng,kekeng,kekeng,kekeng,kekeng,kekeng,kekeng,kekeng,kekeng,kekeng,kekeng,kekeng,kekeng,kekeng,kekeng,kekeng,kekeng,kekeng,ke+keng
tutu,reduplication,B_moderate_silver,tutu,tutu,tutu,tutu,tutu,tutu,tutu,tutu,tutu,tutu,tutu,tutu,tutu,tutu,tutu,tutu,tutu,tutu,tutu,tutu,tutu,tutu,tutu,tutu,tutu,tutu
lalaking,reduplication,B_moderate_silver,lalaking,lalaking,lalaking,lalaking,lalaking,lalaking,lalaking,lalaking,lalaking,lalaking,lalaking,lalaking,lalaking,lalaking,lalaking,lalaking,lalaking,lalaking,lalaking,lalaking,lalaking,lalaking,lalaking,lalaking,lalaking,lalaki+ng
tatakut,reduplication,A_strong_silver,tatakut,tatakut,tatakut,tatakut,tat+ak+ut,tatak+ut,tatak+ut,tat+ak+ut,tatak+ut,tatak+ut,tat+ak+ut,tatak+ut,tatak+ut,tat+aku+t,tat+aku+t,tat+akut,tat+aku+t,tat+aku+t,tat+akut,tata+kut,tata+kut,tata+kut,tata+kut,tata+kut,tata+kut,tatakut
babaing,reduplication,B_moderate_silver,babaing,babaing,babaing,babaing,babaing,babaing,babaing,babaing,babaing,babaing,babaing,babaing,babaing,babaing,babaing,babaing,babaing,babaing,babaing,babaing,babaing,babaing,babaing,babaing,babaing,babaing
gagawan,reduplication,B_moderate_silver,gagawan,gagawan,gagawan,gagawan,gagawan,gagawan,gagawan,gagawan,gagawan,gagawan,gagawan,gagawan,gagawan,gagawan,gagawan,gagawan,gagawan,gagawan,gagawan,gagawan,gagawan,gagawan,gagawan,gagawan,gagawan,gagawan
babayi,reduplication,A_strong_silver,babayi,bab+ayi,babayi,babayi,babay+i,babayi,babayi,babay+i,babayi,babayi,babay+i,babayi,babayi,baba+yi,babayi,babayi,baba+yi,babayi,babayi,baba+yi,babayi,babayi,baba+yi,babayi,babayi,babayi
lalakad,reduplication,A_strong_silver,lalakad,lalakad,lalakad,lalakad,l+alakad,l+alakad,l+alakad,l+alakad,l+alakad,l+alakad,lala+kad,lala+kad,lala+kad,lala+kad,lala+kad,lala+kad,lala+kad,lala+kad,lala+kad,lala+kad,lala+kad,lala+kad,lala+kad,lala+kad,lala+kad,la+lakad
tata,reduplication,A_strong_silver,tata,tata,tata,tata,tata,tata,tata,tata,tata,tata,tata,tata,tata,tata,tata,tata,tata,tata,tata,tata,tata,tata,tata,tata,tata,tata
tutung,reduplication,F_conflicts_with_reconciliation_evidence,tutung,tutung,tutung,tutung,tut+ung,tut+ung,tut+ung,tut+ung,tut+ung,tut+ung,tut+ung,tut+ung,tut+ung,tu+tung,tu+tung,tu+tung,tu+tung,tu+tung,tu+tung,tu+tung,tu+tung,tu+tung,tu+tung,tu+tung,tu+tung,tutung
lele,reduplication,A_strong_silver,lele,lele,lele,lele,lele,lele,lele,lele,lele,lele,lele,lele,lele,lele,lele,lele,lele,lele,lele,lele,lele,lele,lele,lele,lele,lele
lulual,reduplication,A_strong_silver,lulual,lulu+al,lulual,lulual,lulu+al,lulu+al,lulu+al,lulu+al,lulu+al,lulu+al,lulu+al,lulu+al,lulu+al,lulu+al,lulu+al,lulu+al,lu+lual,lu+lual,lu+lual,lulu+al,lulu+al,lulu+al,lu+lual,lu+lual,lu+lual,lu+lual
nanan,reduplication,A_strong_silver,nanan,nan+an,nanan,nanan,nan+an,nan+an,nan+an,nan+an,nan+an,nan+an,nan+an,nan+an,nan+an,nan+an,nan+an,nan+an,nan+an,nan+an,nan+an,nan+an,nan+an,nan+an,nan+an,nan+an,nanan,na+nan
kakanan,reduplication,F_conflicts_with_reconciliation_evidence,kakan+an,kakanan,kakanan,kakanan,kakanan,kakanan,kakanan,kakanan,kakanan,kakanan,kakanan,kakanan,kakanan,kakanan,kakanan,kakanan,kakanan,kakanan,kakanan,ka+kan+an,ka+kan+an,ka+kan+an,ka+kan+an,ka+kan+an,ka+kan+an,kakanan
tatang,reduplication,F_conflicts_with_reconciliation_evidence,tatang,tatang,tatang,tatang,tatang,tatang,tatang,tatang,tatang,tatang,tatang,tatang,tatang,tatang,tatang,tatang,tatang,tatang,tatang,tatang,tatang,tatang,tatang,tatang,tatang,tatang
mamagus,reduplication,B_moderate_silver,mamagus,mam+agus,mamagus,mamagus,mam+agus,mam+agus,mam+agus,mam+agus,mam+agus,mam+agus,mam+agus,mam+agus,mam+agus,mam+agus,mam+agus,mam+agus,mam+agus,mam+agus,mam+agus,mam+agus,mam+agus,mam+agus,mam+agus,mam+agus,mam+agus,mamagu+s
susuyu,reduplication,B_moderate_silver,susuyu,sus+uyu,susuyu,susuyu,sus+uyu,susuyu,susuyu,sus+uyu,susuyu,susuyu,sus+uyu,susuyu,susuyu,susu+yu,susuyu,susuyu,sus+uyu,susuyu,susuyu,susu+yu,susuyu,susuyu,sus+uyu,susuyu,susuyu,susuyu
lalawan,reduplication,B_moderate_silver,lalawan,lala+wan,lala+wan,lalawan,lala+wan,lala+wan,lala+wan,lala+wan,lala+wan,lala+wan,lala+wan,lala+wan,lala+wan,lala+wan,lala+wan,lala+wan,lala+wan,lala+wan,lala+wan,lala+wan,lala+wan,lala+wan,lala+wan,lala+wan,lala+wan,la+lawan
mamaus,reduplication,B_moderate_silver,mamaus,mam+aus,mam+aus,mamaus,mam+aus,mam+aus,mam+aus,mam+aus,mam+aus,mam+aus,mam+aus,mam+aus,mam+aus,mam+aus,mam+aus,mam+aus,mam+aus,mam+aus,mam+aus,mam+aus,mam+aus,mam+aus,mam+aus,mam+aus,mam+aus,mama+us
tatalakad,reduplication,A_strong_silver,tatalakad,tat+alakad,tat+alakad,tatalakad,tat+alakad,tat+alakad,tat+alakad,tat+alakad,tat+alakad,tat+alakad,tat+alakad,tat+alakad,tat+alakad,tat+alakad,tat+alakad,tat+alakad,tat+alakad,tat+alakad,tat+alakad,tat+alakad,tat+alakad,tat+alakad,tat+ala+kad,tat+ala+kad,tatala+kad,tata+lakad
gagapang,reduplication,A_strong_silver,gagapang,gag+apang,gag+apang,gagapang,gag+apang,gag+apang,gag+apang,gag+apang,gag+apang,gag+apang,gag+apang,gag+apang,gag+apang,gaga+pang,gaga+pang,gaga+pang,ga+ga+pang,ga+gapang,ga+gapang,ga+ga+pang,ga+ga+pang,ga+gapang,ga+ga+pang,ga+ga+pang,ga+gapang,gaga+pang
lalawe,reduplication,A_strong_silver,lalawe,lalawe,lalawe,lalawe,lalawe,lalawe,lalawe,lalawe,lalawe,lalawe,lalawe,lalawe,lalawe,lalawe,lalawe,lalawe,lalawe,lalawe,lalawe,lalawe,lalawe,lalawe,lalawe,lalawe,lalawe,la+lawe
lulugud,reduplication,A_strong_silver,lulugud,lul+ugud,lul+ugud,lulugud,lul+ugud,lul+ugud,lul+ugud,lul+ugud,lul+ugud,lul+ugud,lul+ugud,lul+ugud,lul+ugud,lul+ugud,lul+ugud,lul+ugud,lu+lugud,lu+lugud,lu+lugud,lulu+gud,lulu+gud,lulu+gud,lu+lugud,lu+lugud,lu+lugud,lu+lugud
tutula,reduplication,F_conflicts_with_reconciliation_evidence,tutula,tut+ula,tut+ula,tut+ula,tut+ula,tut+ula,tut+ula,tut+ula,tut+ula,tut+ula,tut+ula,tut+ula,tut+ula,tutu+la,tutu+la,tutu+la,tu+tula,tu+tula,tu+tula,tutu+la,tutu+la,tutu+la,tu+tula,tu+tula,tu+tula,tutu+la
gagalo,reduplication,A_strong_silver,gagalo,gag+alo,gag+alo,gagalo,gag+alo,gag+alo,gag+alo,gag+alo,gag+alo,gag+alo,gag+alo,gag+alo,gag+alo,gag+alo,gag+alo,gag+alo,ga+galo,ga+galo,ga+galo,ga+g+alo,ga+g+alo,gag+alo,ga+g+alo,ga+g+alo,ga+g+alo,gagal+o
kukuldas,reduplication,A_strong_silver,kukuldas,kukul+das,kukul+das,kukuldas,ku+kuldas,ku+kuldas,ku+kuldas,ku+kuldas,ku+kuldas,ku+kuldas,ku+kuldas,ku+kuldas,ku+kuldas,ku+kuldas,ku+kuldas,ku+kuldas,ku+kuldas,ku+kuldas,ku+kuldas,ku+kuldas,ku+kuldas,ku+kuldas,ku+kuldas,ku+kuldas,ku+kuldas,ku+kuldas
tatas,reduplication,F_conflicts_with_reconciliation_evidence,tatas,tat+as,tat+as,tat+as,tat+as,tat+as,tat+as,tat+as,tat+as,tat+as,t+atas,t+atas,t+atas,tat+as,tat+as,tat+as,tat+as,tat+as,tat+as,tat+as,tat+as,tat+as,tat+as,tat+as,tat+as,tata+s
gagalgal,reduplication,F_conflicts_with_reconciliation_evidence,gagalgal,gag+al+gal,gag+al+gal,gagalgal,gag+al+gal,gag+al+gal,gag+al+gal,gag+al+gal,gag+al+gal,gag+al+gal,gag+al+gal,gag+al+gal,gag+al+gal,gag+al+gal,gag+al+gal,gag+al+gal,ga+gal+gal,ga+gal+gal,ga+galgal,ga+g+al+g+al,ga+g+al+g+al,gag+al+g+al,ga+g+al+g+al,ga+g+al+g+al,ga+g+al+g+al,gagal+gal
sasalikut,reduplication,A_strong_silver,sasalikut,sas+alikut,sas+alikut,sasalikut,sas+ali+kut,sas+alikut,sas+alikut,sas+ali+kut,sas+alikut,sas+alikut,sas+ali+kut,sas+alikut,sas+alikut,sa+salikut,sa+salikut,sa+salikut,sa+salikut,sa+salikut,sa+salikut,sa+sali+kut,sa+salikut,sa+salikut,sa+salikut,sa+salikut,sa+salikut,sa+salikut
yuyutus,reduplication,B_moderate_silver,yuyutus,yu+y+utus,yu+yutus,yu+yutus,yu+y+utus,yu+yutus,yu+yutus,yu+y+utus,yu+yutus,yu+yutus,yu+y+utus,yu+yutus,yu+yutus,yu+yu+tus,yu+yutus,yu+yutus,yu+yu+tus,yu+yutus,yu+yutus,yu+yu+tus,yu+yutus,yu+yutus,yu+yu+tus,yu+yu+tus,yu+yutus,yu+y+utus
lalapit,reduplication,A_strong_silver,lalapit,lal+apit,lalapit,lalapit,lal+apit,lal+apit,lal+apit,lal+apit,lal+apit,lal+apit,lal+apit,lal+apit,lal+apit,lala+pit,lala+pit,lala+pit,lala+pit,lala+pit,lala+pit,lala+pit,lala+pit,lala+pit,lala+pit,lala+pit,lala+pit,la+lapit
mamamate,reduplication,B_moderate_silver,mamamate,mam+amate,mam+amate,mamamate,mam+amate,mam+amate,mamamate,mam+amate,mam+amate,mamamate,mam+amate,mam+amate,mamamate,mam+amate,mam+amate,mamamate,mam+amate,mam+amate,mamamate,mam+amate,mam+amate,mamamate,mam+amate,mam+amate,mamamate,mama+mate
sasalpantaya,reduplication,A_strong_silver,sasalpantaya,sas+alpantaya,sas+alpantaya,sas+alpantaya,sas+alpantaya,sas+alpantaya,sas+alpantaya,sas+alpantaya,sas+alpantaya,sas+alpantaya,sas+alpantaya,sas+alpantaya,sas+alpantaya,sa+salpantaya,sa+salpantaya,sa+salpantaya,sa+sal+pantaya,sa+sal+pantaya,sa+salpantaya,sa+sal+pantaya,sa+salpantaya,sa+salpantaya,sa+salpantaya,sa+salpantaya,sa+salpantaya,sasa+lpantay+a
bebe,reduplication,A_strong_silver,bebe,b+ebe,bebe,bebe,bebe,bebe,bebe,bebe,bebe,bebe,bebe,bebe,bebe,bebe,bebe,bebe,bebe,bebe,bebe,bebe,bebe,bebe,bebe,bebe,bebe,bebe
gagalang,reduplication,A_strong_silver,gagalang,gag+alang,gag+alang,gag+alang,gag+alang,gag+alang,gag+alang,gag+alang,gag+alang,gag+alang,gag+alang,gag+alang,gag+alang,gag+alang,gag+alang,gag+alang,ga+galang,ga+galang,ga+galang,ga+galang,ga+galang,ga+galang,ga+galang,ga+galang,ga+galang,gaga+lang
gagawa,reduplication,A_strong_silver,gagawa,gag+awa,gag+awa,gagawa,gaga+wa,gaga+wa,gagawa,gaga+wa,gaga+wa,gagawa,gaga+wa,gaga+wa,gagawa,gaga+wa,gaga+wa,gagawa,ga+gawa,ga+gawa,gagawa,ga+gawa,gagawa,gagawa,ga+gawa,gagawa,gagawa,gagawa
sasabian,reduplication+suffixation,A_strong_silver,sasabi+an,sasabian,sasabian,sasabian,sas+abian,sas+abian,sas+abian,sas+abian,sas+abian,sas+abian,sas+abian,sas+abian,sas+abian,sa+sabian,sa+sabian,sa+sabian,sa+sabian,sa+sabian,sa+sabian,sa+sabi+an,sa+sabi+an,sa+sabi+an,sa+sabian,sa+sabian,sa+sabian,sasabian
mamangan,reduplication+suffixation,F_conflicts_with_reconciliation_evidence,ma+mangan,mamangan,mamangan,mamangan,mamangan,mamangan,mamangan,mamangan,mamangan,mamangan,mamangan,mamangan,mamangan,mamangan,mamangan,mamangan,mamangan,mamangan,mamangan,mamangan,mamangan,mamangan,mamangan,mamangan,mamangan,ma+mangan
sasabyan,reduplication+suffixation,B_moderate_silver,sasaby+an,sasabyan,sasabyan,sasabyan,sasabyan,sasabyan,sasabyan,sasabyan,sasabyan,sasabyan,sasabyan,sasabyan,sasabyan,sasabyan,sasabyan,sasabyan,sasabyan,sasabyan,sasabyan,sasabyan,sasabyan,sasabyan,sasabyan,sasabyan,sasabyan,sasabyan
sasamban,reduplication+suffixation,B_moderate_silver,sasamb+an,sas+amban,sas+amban,sasamban,sas+amban,sas+amban,sas+amban,sas+amban,sas+amban,sas+amban,sas+amban,sas+amban,sas+amban,sa+sam+ban,sa+sam+ban,sa+sam+ban,sa+sam+ban,sa+sam+ban,sa+sam+ban,sa+sam+ban,sa+sam+ban,sa+sam+ban,sa+sam+ban,sa+sam+ban,sa+sam+ban,sa+samban
gugulutan,reduplication+suffixation,A_strong_silver,gugulut+an,gug+ulutan,gug+ulutan,gugulutan,g+ug+ulut+an,gug+ulut+an,gug+ulut+an,g+ug+ulut+an,gug+ulut+an,gug+ulut+an,g+ug+ulut+an,g+ug+ulut+an,gug+ulut+an,g+ug+ulut+an,g+ug+ulut+an,gug+ulut+an,g+ug+ulu+tan,g+ug+ulu+tan,gug+ulu+tan,gu+gulut+an,gu+gulut+an,gu+gulut+an,gu+gu+lutan,gu+gu+lutan,gu+gu+lutan,gugul+utan
naman,suffixation,B_moderate_silver,nam+an,naman,naman,naman,naman,naman,naman,naman,naman,naman,naman,naman,naman,naman,naman,naman,naman,naman,naman,naman,naman,naman,naman,naman,naman,naman
balayan,suffixation,F_conflicts_with_reconciliation_evidence,balay+an,balayan,balayan,balayan,balayan,balayan,balayan,balayan,balayan,balayan,balayan,balayan,balayan,balayan,balayan,balayan,balayan,balayan,balayan,balayan,balayan,balayan,balayan,balayan,balayan,balayan
dalan,suffixation,B_moderate_silver,dal+an,dalan,dalan,dalan,dalan,dalan,dalan,dalan,dalan,dalan,dalan,dalan,dalan,dalan,dalan,dalan,dalan,dalan,dalan,dalan,dalan,dalan,dalan,dalan,dalan,dalan
arapan,suffixation,A_strong_silver,arap+an,arapan,arapan,arapan,arap+an,arap+an,arap+an,arap+an,arap+an,arap+an,arap+an,arap+an,arap+an,arap+an,arap+an,arap+an,arap+an,arap+an,arap+an,arap+an,arap+an,arap+an,arap+an,arap+an,arap+an,arapan
sabian,suffixation,A_strong_silver,sabi+an,sabian,sabian,sabian,sabian,sabian,sabian,sabian,sabian,sabian,sabian,sabian,sabian,sabian,sabian,sabian,sabian,sabian,sabian,sabian,sabian,sabian,sabian,sabian,sabian,sabian
dewakan,suffixation,B_moderate_silver,dewak+an,dewakan,dewakan,dewakan,dewakan,dewakan,dewakan,dewakan,dewakan,dewakan,dewakan,dewakan,dewakan,dewakan,dewakan,dewakan,dewakan,dewakan,dewakan,dewakan,dewakan,dewakan,dewakan,dewakan,dewakan,dewaka+n
depatan,suffixation,B_moderate_silver,depat+an,depatan,depatan,depatan,depatan,depatan,depatan,depatan,depatan,depatan,depatan,depatan,depatan,depatan,depatan,depatan,depatan,depatan,depatan,depatan,depatan,depatan,depatan,depatan,depatan,depat+an
daptan,suffixation,B_moderate_silver,dapt+an,daptan,daptan,daptan,daptan,daptan,daptan,daptan,daptan,daptan,daptan,daptan,daptan,daptan,daptan,daptan,daptan,daptan,daptan,daptan,daptan,daptan,daptan,daptan,daptan,daptan
purian,suffixation,F_conflicts_with_reconciliation_evidence,puri+an,p+urian,purian,purian,p+urian,purian,purian,p+urian,purian,purian,purian,purian,purian,purian,purian,purian,purian,purian,purian,purian,purian,purian,purian,purian,purian,puri+an
laman,suffixation,B_moderate_silver,lam+an,laman,laman,laman,laman,laman,laman,laman,laman,laman,laman,laman,laman,laman,laman,laman,laman,laman,laman,laman,laman,laman,laman,laman,laman,laman
sikanan,suffixation,A_strong_silver,sikan+an,sikanan,sikanan,sikanan,sikan+an,sikan+an,sikan+an,sikan+an,sikan+an,sikan+an,sikan+an,sikan+an,sikan+an,sikan+an,sikan+an,sikan+an,sikan+an,sikan+an,sikan+an,sikan+an,sikan+an,sikan+an,sikan+an,sikan+an,sikan+an,sikanan
laban,suffixation,B_moderate_silver,lab+an,laban,laban,laban,laban,laban,laban,laban,laban,laban,laban,laban,laban,laban,laban,laban,laban,laban,laban,laban,laban,laban,laban,laban,laban,laban
tuntunan,suffixation,F_conflicts_with_reconciliation_evidence,tuntun+an,t+untunan,tuntunan,tuntunan,tuntunan,tuntunan,tuntunan,tuntunan,tuntunan,tuntunan,tuntunan,tuntunan,tuntunan,tuntunan,tuntunan,tuntunan,tuntunan,tuntunan,tuntunan,tuntunan,tuntunan,tuntunan,tuntunan,tuntunan,tuntunan,tuntun+an
kawan,suffixation,F_conflicts_with_reconciliation_evidence,kawan,kawan,kawan,kawan,kawan,kawan,kawan,kawan,kawan,kawan,kawan,kawan,kawan,kawan,kawan,kawan,ka+wan,kawan,kawan,ka+wan,kawan,kawan,kawan,kawan,kawan,ka+wan
bulan,suffixation,B_moderate_silver,bul+an,bulan,bulan,bulan,bulan,bulan,bulan,bulan,bulan,bulan,bulan,bulan,bulan,bulan,bulan,bulan,bulan,bulan,bulan,bulan,bulan,bulan,bulan,bulan,bulan,bulan
misan,suffixation,A_strong_silver,mis+an,misan,misan,misan,misan,misan,misan,misan,misan,misan,misan,misan,misan,misan,misan,misan,misan,misan,misan,misan,misan,misan,misan,misan,misan,misan
wanan,suffixation,B_moderate_silver,wan+an,wanan,wanan,wanan,wanan,wanan,wanan,wanan,wanan,wanan,wanan,wanan,wanan,wanan,wanan,wanan,wanan,wanan,wanan,wanan,wanan,wanan,wanan,wanan,wanan,wanan
sisuan,suffixation,B_moderate_silver,sisu+an,sis+uan,sisuan,sisuan,sisuan,sisuan,sisuan,sisuan,sisuan,sisuan,sisuan,sisuan,sisuan,sisuan,sisuan,sisuan,sisuan,sisuan,sisuan,sisuan,sisuan,sisuan,sisuan,sisuan,sisuan,s+isuan
tipan,suffixation,F_conflicts_with_reconciliation_evidence,tipan,t+ipan,t+ipan,tipan,t+ipan,t+ipan,t+ipan,t+ipan,t+ipan,t+ipan,ti+pan,ti+pan,ti+pan,ti+pan,ti+pan,ti+pan,ti+pan,ti+pan,ti+pan,ti+pan,ti+pan,ti+pan,ti+p+an,ti+p+an,ti+p+an,ti+pan
gawan,suffixation,B_moderate_silver,gaw+an,gawan,gawan,gawan,gawan,gawan,gawan,gawan,gawan,gawan,gawan,gawan,gawan,gawan,gawan,gawan,gawan,gawan,gawan,gawan,gawan,gawan,gawan,gawan,gawan,gawan
nangan,suffixation,A_strong_silver,nang+an,nangan,nangan,nangan,nangan,nangan,nangan,nang+an,nang+an,nang+an,nang+an,nang+an,nang+an,nang+an,nang+an,nang+an,nang+an,nang+an,nang+an,nangan,nangan,nangan,nangan,nangan,nangan,nang+an
canaan,suffixation,F_conflicts_with_reconciliation_evidence,canaan,c+ana+an,c+ana+an,c+ana+an,c+ana+an,c+ana+an,c+ana+an,c+ana+an,c+ana+an,c+ana+an,c+ana+an,c+ana+an,c+ana+an,c+ana+an,c+ana+an,c+ana+an,cana+an,cana+an,cana+an,cana+an,cana+an,cana+an,cana+an,cana+an,cana+an,ca+na+an
larawan,suffixation,B_moderate_silver,laraw+an,larawan,larawan,larawan,larawan,larawan,larawan,larawan,larawan,larawan,larawan,larawan,larawan,larawan,larawan,larawan,larawan,larawan,larawan,larawan,larawan,larawan,larawan,larawan,larawan,larawan
bandian,suffixation,A_strong_silver,bandi+an,band+ian,band+ian,band+ian,band+ian,band+ian,band+ian,band+ian,band+ian,band+ian,band+ian,band+ian,band+ian,bandi+an,bandi+an,bandi+an,bandi+an,bandi+an,bandi+an,bandi+an,bandi+an,bandi+an,bandi+an,bandi+an,bandi+an,bandi+an
tuparan,suffixation,B_moderate_silver,tupar+an,tu+paran,tu+paran,tuparan,t+uparan,t+uparan,tuparan,t+uparan,t+uparan,tuparan,tu+paran,tu+paran,tuparan,tu+paran,tu+paran,tuparan,tu+paran,tu+paran,tuparan,tu+paran,tu+paran,tuparan,tu+paran,tuparan,tuparan,tu+paran
angganan,suffixation,F_conflicts_with_reconciliation_evidence,anggan+an,angganan,angganan,angganan,angg+anan,angg+anan,angg+anan,angg+anan,angg+anan,angg+anan,angg+anan,angg+anan,angg+anan,ang+gan+an,ang+gan+an,ang+ganan,ang+gan+an,ang+gan+an,ang+ganan,ang+gan+an,ang+ganan,ang+ganan,ang+g+anan,ang+g+anan,ang+ganan,angganan
jordan,suffixation,B_moderate_silver,jord+an,jor+dan,jor+dan,jor+dan,jor+dan,jor+dan,jor+dan,jor+dan,jor+dan,jor+dan,jor+dan,jor+dan,jor+dan,jor+dan,jor+dan,jor+dan,jor+dan,jor+dan,jor+dan,jor+dan,jor+dan,jor+dan,j+ord+an,j+ord+an,j+ord+an,jo+r+d+an
tanaman,suffixation,A_strong_silver,tanam+an,tanaman,tanaman,tanaman,tanaman,tanaman,tanaman,tanaman,tanaman,tanaman,tanaman,tanaman,tanaman,tanaman,tanaman,tanaman,tanaman,tanaman,tanaman,tanaman,tanaman,tanaman,tanaman,tanaman,tanaman,tanaman
bunduk-bundukan,suffixation,B_moderate_silver,bunduk-bunduk+an,bunduk+-+bunduk+an,bunduk+-+bunduk+an,bunduk-bundukan,bunduk+-+bunduk+an,bunduk+-+bunduk+an,bunduk-bundukan,bunduk+-+bunduk+an,bunduk+-+bunduk+an,bunduk-bundukan,bunduk+-+bunduk+an,bunduk+-+bunduk+an,bunduk-bundukan,bunduk+-+bun+du+kan,bunduk+-+bundu+kan,bunduk-bundukan,bunduk+-+bun+du+kan,bunduk+-+bundu+kan,bunduk-bundukan,bunduk+-+bundu+kan,bunduk+-+bundu+kan,bunduk-bundukan,bun+duk+-+bun+du+kan,bun+duk+-+bundu+kan,bunduk-bundukan,bunduk+-+bunduk+an
damdaman,suffixation,A_strong_silver,damdam+an,damdaman,damdaman,damdaman,dam+daman,dam+daman,dam+daman,dam+d+aman,dam+d+aman,dam+d+aman,dam+daman,dam+daman,dam+daman,damdam+an,damdam+an,damdam+an,damdam+an,damdam+an,damdam+an,dam+daman,dam+daman,dam+daman,damdam+an,damdam+an,damdam+an,damdam+an
lawan,suffixation,B_moderate_silver,law+an,lawan,lawan,lawan,la+wan,la+wan,lawan,la+wan,la+wan,la+wan,la+wan,la+wan,la+wan,la+wan,la+wan,la+wan,la+wan,la+wan,la+wan,la+wan,la+wan,la+wan,la+wan,la+wan,la+wan,lawan
ganakan,suffixation,B_moderate_silver,ganak+an,gan+akan,gan+akan,ganakan,gan+akan,gan+akan,gan+akan,gan+akan,gan+akan,gan+akan,gan+akan,gan+akan,gan+akan,gan+akan,gan+akan,gan+akan,gan+akan,gan+akan,ganakan,gan+akan,gan+akan,gan+akan,gan+akan,gan+akan,gan+akan,ganakan
kuanan,suffixation,B_moderate_silver,kuan+an,ku+anan,kuanan,kuanan,ku+anan,kuanan,kuanan,ku+anan,kuanan,kuanan,kuanan,kuanan,kuanan,ku+anan,ku+anan,kuanan,ku+anan,ku+anan,kuanan,ku+anan,ku+anan,kuanan,ku+anan,ku+anan,kuanan,kuanan
leguan,suffixation,B_moderate_silver,legu+an,leg+uan,leguan,leguan,leg+uan,leguan,leguan,leg+uan,leguan,leguan,le+guan,leguan,leguan,leguan,leguan,leguan,leguan,leguan,leguan,le+guan,leguan,leguan,le+guan,leguan,leguan,legu+an
daraptan,suffixation,B_moderate_silver,darapt+an,daraptan,daraptan,daraptan,daraptan,daraptan,daraptan,daraptan,daraptan,daraptan,daraptan,daraptan,daraptan,daraptan,daraptan,daraptan,daraptan,daraptan,daraptan,daraptan,daraptan,daraptan,daraptan,daraptan,daraptan,daraptan
aslagan,suffixation,A_strong_silver,aslag+an,aslagan,aslagan,aslagan,aslagan,aslagan,aslagan,aslagan,aslagan,aslagan,aslagan,aslagan,aslagan,aslagan,aslagan,aslagan,aslagan,aslagan,aslagan,aslagan,aslagan,aslagan,aslagan,aslagan,aslagan,aslagan
lelangan,suffixation,B_moderate_silver,lelang+an,lelangan,lelangan,lelangan,lelangan,lelangan,lelangan,lelangan,lelangan,lelangan,lelangan,lelangan,lelangan,lelangan,lelangan,lelangan,lelangan,lelangan,lelangan,lelangan,lelangan,lelangan,lelangan,lelangan,lelangan,lelangan
sugatan,suffixation,A_strong_silver,sugat+an,sug+atan,sug+atan,sugatan,sug+atan,sug+atan,sug+atan,sug+atan,sug+atan,sug+atan,sug+atan,sug+atan,sug+atan,sug+atan,sug+atan,sug+atan,sugat+an,sugat+an,sugat+an,sug+at+an,sug+at+an,sug+atan,sugat+an,sugat+an,sugat+an,sugat+an
luklukan,suffixation,A_strong_silver,lukluk+an,luklukan,luklukan,luklukan,luklukan,luklukan,luklukan,luklukan,luklukan,luklukan,luklukan,luklukan,luklukan,luklukan,luklukan,luklukan,luklukan,luklukan,luklukan,luklukan,luklukan,luklukan,luklukan,luklukan,luklukan,lukluk+an
tuknangan,suffixation,A_strong_silver,tuknang+an,tuknangan,tuknangan,tuknangan,tuknang+an,tuknang+an,tuknang+an,tuknang+an,tuknang+an,tuknang+an,tuknang+an,tuknang+an,tuknang+an,tuknang+an,tuknang+an,tuknang+an,tuknang+an,tuknang+an,tuknang+an,tuknang+an,tuknang+an,tuknang+an,tuknang+an,tuknang+an,tuknang+an,tuknangan
ausan,suffixation,A_strong_silver,aus+an,ausan,ausan,ausan,aus+an,aus+an,aus+an,aus+an,aus+an,aus+an,aus+an,aus+an,aus+an,aus+an,aus+an,aus+an,aus+an,aus+an,aus+an,aus+an,aus+an,aus+an,aus+an,aus+an,aus+an,ausan
daralan,suffixation,B_moderate_silver,daral+an,daralan,daralan,daralan,d+aralan,d+aralan,d+aralan,dar+alan,dar+alan,dar+alan,dar+alan,dar+alan,dar+alan,daral+an,daral+an,daral+an,da+ralan,da+ralan,da+ralan,da+ralan,da+ralan,da+ralan,da+ral+an,daralan,daralan,daralan
lipulan,suffixation,F_conflicts_with_reconciliation_evidence,lipul+an,lip+ulan,lip+ulan,lip+ulan,lip+ulan,lip+ulan,lip+ulan,lip+ulan,lip+ulan,lip+ulan,lip+ulan,lip+ulan,lip+ulan,lip+ul+an,lip+ul+an,lip+ulan,li+pul+an,li+pul+an,li+pulan,lip+ul+an,lip+ulan,lip+ulan,li+pul+an,li+pul+an,li+pulan,lip+ulan
timan,suffixation,B_moderate_silver,tim+an,timan,timan,timan,timan,timan,timan,timan,timan,timan,timan,timan,timan,timan,timan,timan,timan,timan,timan,timan,timan,timan,timan,timan,timan,timan
sangkan,suffixation,B_moderate_silver,sangk+an,sangkan,sangkan,sangkan,sangkan,sangkan,sangkan,sangkan,sangkan,sangkan,sangkan,sangkan,sangkan,sangkan,sangkan,sangkan,sangkan,sangkan,sangkan,sangkan,sangkan,sangkan,sangkan,sangkan,sangkan,sangkan
legwan,suffixation,B_moderate_silver,legw+an,leg+wan,legwan,legwan,leg+wan,legwan,legwan,leg+wan,legwan,legwan,leg+wan,legwan,legwan,leg+wan,legwan,legwan,leg+wan,legwan,legwan,leg+wan,legwan,legwan,leg+wan,legwan,legwan,legwan
kanan,suffixation,A_strong_silver,kan+an,kanan,kanan,kanan,kanan,kanan,kanan,kanan,kanan,kanan,kanan,kanan,kanan,kanan,kanan,kanan,kanan,kanan,kanan,kan+an,kan+an,kan+an,kan+an,kan+an,kan+an,kanan
luguran,suffixation,B_moderate_silver,lugur+an,lug+uran,luguran,luguran,lug+uran,luguran,luguran,lug+uran,luguran,luguran,lug+uran,luguran,luguran,lug+uran,luguran,luguran,luguran,luguran,luguran,luguran,luguran,luguran,luguran,luguran,luguran,luguran
mitagan,suffixation,B_moderate_silver,mitag+an,mit+agan,mitagan,mitagan,mit+agan,mit+agan,mit+agan,mit+agan,mit+agan,mit+agan,mit+agan,mit+agan,mit+agan,mit+agan,mit+agan,mit+agan,mi+tagan,mi+tagan,mi+tagan,mi+tagan,mi+tagan,mi+tagan,mi+tagan,mi+tagan,mi+tagan,mitagan
sabyan,suffixation,B_moderate_silver,saby+an,sabyan,sabyan,sabyan,sabyan,sabyan,sabyan,sabyan,sabyan,sabyan,sabyan,sabyan,sabyan,sabyan,sabyan,sabyan,sabyan,sabyan,sabyan,sabyan,sabyan,sabyan,sabyan,sabyan,sabyan,sabyan
atulan,suffixation,A_strong_silver,atul+an,atulan,atulan,atulan,at+ulan,at+ulan,at+ulan,atul+an,atul+an,atul+an,atul+an,atul+an,atul+an,atul+an,atul+an,atul+an,atul+an,atul+an,atul+an,atul+an,atul+an,atul+an,at+ul+an,at+ul+an,at+ulan,atulan
basan,suffixation,B_moderate_silver,bas+an,b+asan,b+asan,basan,basan,basan,basan,basan,basan,basan,basan,basan,basan,basan,basan,basan,basan,basan,basan,basan,basan,basan,basan,basan,basan,bas+an
beluan,suffixation,B_moderate_silver,belu+an,beluan,beluan,beluan,beluan,beluan,beluan,beluan,beluan,beluan,beluan,beluan,beluan,beluan,beluan,beluan,beluan,beluan,beluan,beluan,beluan,beluan,beluan,beluan,beluan,belu+an
durulukan,suffixation,B_moderate_silver,duruluk+an,dur+ul+ukan,dur+ul+ukan,durulukan,d+ur+ul+ukan,dur+ul+ukan,dur+ul+ukan,d+ur+ul+ukan,dur+ul+ukan,dur+ul+ukan,d+ur+ul+uk+an,dur+ul+ukan,dur+ul+ukan,d+ur+ulu+kan,dur+ulu+kan,dur+ulu+kan,dur+ulu+kan,dur+ulu+kan,dur+ulu+kan,dur+ulu+kan,dur+ulu+kan,dur+ulu+kan,du+ru+lu+kan,du+ru+lu+kan,du+ru+lukan,duru+luk+an
kutkutan,suffixation,A_strong_silver,kutkut+an,kutkutan,kutkutan,kutkutan,kut+ku+tan,kut+ku+tan,kut+kutan,kut+ku+tan,kut+ku+tan,kut+kutan,kut+ku+tan,kut+ku+tan,kut+kutan,kutkut+an,kutkut+an,kutkut+an,kutkut+an,kutkut+an,kutkut+an,kut+ku+tan,kut+kutan,kut+kutan,kutkut+an,kutkut+an,kutkut+an,kutkutan
likwan,suffixation,B_moderate_silver,likw+an,lik+wan,lik+wan,likwan,lik+wan,lik+wan,likwan,lik+wan,lik+wan,likwan,lik+wan,lik+wan,likwan,lik+wan,lik+wan,likwan,lik+wan,lik+wan,likwan,lik+wan,lik+wan,likwan,lik+wan,lik+wan,likwan,lik+wan
santungan,suffixation,A_strong_silver,santung+an,sant+ungan,sant+ungan,santungan,sant+ungan,sant+ungan,sant+ungan,sant+ungan,sant+ungan,sant+ungan,san+tung+an,santung+an,santung+an,san+tung+an,santung+an,santung+an,santung+an,santung+an,santung+an,san+tung+an,san+tung+an,santung+an,san+tung+an,santung+an,santung+an,santung+an
keraklan,suffixation,B_moderate_silver,kerakl+an,keraklan,keraklan,keraklan,keraklan,keraklan,keraklan,keraklan,keraklan,keraklan,keraklan,keraklan,keraklan,keraklan,keraklan,keraklan,keraklan,keraklan,keraklan,keraklan,keraklan,keraklan,keraklan,keraklan,keraklan,keraklan
sigatan,suffixation,B_moderate_silver,sigat+an,sig+atan,sig+atan,sig+atan,sig+atan,sig+atan,sig+atan,sig+atan,sig+atan,sig+atan,sig+atan,sig+atan,sig+atan,sig+atan,sig+atan,sig+atan,sig+atan,sig+atan,sig+atan,sig+at+an,sig+at+an,sig+atan,sig+at+an,sig+at+an,sig+atan,sig+at+an
alipan,suffixation,F_conflicts_with_reconciliation_evidence,alipan,alipan,alipan,alipan,alipan,alipan,alipan,alipan,alipan,alipan,alipan,alipan,alipan,alipan,alipan,alipan,alipan,alipan,alipan,alipan,alipan,alipan,alipan,alipan,alipan,alipan
midian,suffixation,B_moderate_silver,midi+an,mid+ian,mid+ian,mid+ian,mid+ian,mid+ian,mid+ian,mi+d+ian,mid+ian,mid+ian,mi+dian,mi+dian,mi+dian,mi+dian,mi+dian,mi+dian,mi+dian,mi+dian,mi+dian,mi+dian,mi+dian,mi+dian,mi+dian,mi+dian,mi+dian,mi+di+an
capampangan,suffixation,B_moderate_silver,capampang+an,cap+ampangan,cap+ampangan,capampangan,cap+ampangan,cap+ampangan,capampangan,cap+ampangan,cap+ampangan,capampangan,cap+ampangan,cap+ampangan,capampangan,ca+pampangan,ca+pampangan,capampangan,ca+pampangan,ca+pampangan,capampangan,ca+pam+pangan,capam+pangan,capampangan,ca+pampangan,ca+pampangan,capampangan,c+apampangan
myuman,suffixation,B_moderate_silver,myum+an,m+yu+man,m+yu+man,m+yuman,m+yu+man,m+yu+man,myuman,m+yu+man,m+yu+man,myuman,m+yu+man,m+yu+man,myuman,m+yu+man,m+yu+man,myuman,m+yu+man,m+yu+man,myuman,m+yu+man,m+yu+man,myuman,m+yu+man,m+yu+man,myu+man,m+yu+man
batiawan,suffixation,B_moderate_silver,batiaw+an,bat+ia+wan,bat+ia+wan,bat+iawan,bat+ia+wan,bat+ia+wan,batiawan,bat+ia+wan,bat+ia+wan,batiawan,bat+ia+wan,bat+ia+wan,batiawan,bat+ia+wan,bat+ia+wan,batiawan,bat+ia+wan,bat+ia+wan,batiawan,bat+ia+wan,bat+ia+wan,bat+ia+wan,bat+ia+wan,bat+ia+wan,batia+wan,bati+a+wan
dangalan,suffixation,A_strong_silver,dangal+an,dang+alan,dangalan,dangalan,dang+alan,dang+alan,dang+alan,dang+alan,dang+alan,dang+alan,dang+alan,dang+alan,dang+alan,dang+alan,dang+alan,dang+alan,dangal+an,dangal+an,dangal+an,d+ang+alan,d+ang+alan,d+angalan,dang+alan,dang+alan,dang+alan,dangalan
saupan,suffixation,A_strong_silver,saup+an,sa+upan,saupan,saupan,sa+u+pan,sa+upan,sa+upan,sa+u+pan,sa+upan,sa+upan,sa+u+pan,sa+upan,sa+upan,sa+u+pan,sa+upan,sa+upan,saup+an,saup+an,saup+an,sa+u+pan,sau+pan,sau+pan,saup+an,saup+an,saup+an,saupan
labanan,suffixation,A_strong_silver,laban+an,labanan,labanan,labanan,laban+an,laban+an,laban+an,laban+an,laban+an,laban+an,laban+an,laban+an,laban+an,laban+an,laban+an,laban+an,laban+an,laban+an,laban+an,laban+an,laban+an,laban+an,la+ban+an,la+ban+an,la+banan,labanan
lakuan,suffixation,B_moderate_silver,laku+an,lak+uan,lakuan,lakuan,lakuan,lakuan,lakuan,lakuan,lakuan,lakuan,lakuan,lakuan,lakuan,lakuan,lakuan,lakuan,lakuan,lakuan,lakuan,lakuan,lakuan,lakuan,la+kuan,lakuan,lakuan,lakuan
liguran,suffixation,B_moderate_silver,ligur+an,lig+uran,liguran,liguran,lig+uran,liguran,liguran,lig+uran,liguran,liguran,lig+uran,liguran,liguran,lig+uran,liguran,liguran,lig+uran,liguran,liguran,li+guran,liguran,liguran,li+guran,liguran,liguran,lig+uran
akalinguan,suffixation,B_moderate_silver,akalingu+an,akal+inguan,akal+inguan,akalinguan,akal+ing+uan,akaling+uan,akalinguan,akal+ing+uan,akaling+uan,akalinguan,akal+ing+uan,akaling+uan,akalinguan,akal+ing+uan,akal+ing+uan,akalinguan,aka+linguan,aka+linguan,akalinguan,aka+li+ng+uan,aka+li+ng+uan,akalinguan,aka+li+ng+uan,aka+li+ng+uan,akalinguan,a+kalingu+an
daramdaman,suffixation,B_moderate_silver,daramdam+an,dar+amdaman,daramdaman,daramdaman,dar+amdaman,dar+amdaman,dar+amdaman,dar+amdaman,dar+amdaman,dar+amdaman,dar+amdaman,dar+amdaman,dar+amdaman,dar+amdam+an,dar+amdam+an,dar+amdam+an,da+ramdam+an,da+ramdam+an,da+ramdam+an,da+ram+daman,da+ram+daman,da+ram+daman,da+ramdam+an,da+ramdam+an,da+ramdam+an,daramdaman
sikan,suffixation,B_moderate_silver,sik+an,sikan,sikan,sikan,sikan,sikan,sikan,sikan,sikan,sikan,sikan,sikan,sikan,sikan,sikan,sikan,sikan,sikan,sikan,sikan,sikan,sikan,sikan,sikan,sikan,sikan
tanggapan,suffixation,A_strong_silver,tanggap+an,tanggapan,tanggapan,tanggapan,tanggap+an,tanggap+an,tanggap+an,tanggap+an,tanggap+an,tanggap+an,tanggap+an,tanggap+an,tanggap+an,tanggap+an,tanggap+an,tanggap+an,tanggap+an,tanggap+an,tanggap+an,tang+ga+pan,tang+ga+pan,tang+ga+pan,tanggap+an,tanggap+an,tanggap+an,tanggapan
taguimpan,suffixation,B_moderate_silver,taguimp+an,t+agu+impan,t+aguimpan,taguimpan,t+agu+impan,t+aguimpan,taguimpan,tag+u+impan,tag+u+impan,taguimpan,tag+u+impan,tag+u+impan,taguimpan,ta+gu+impan,tagu+impan,taguimpan,ta+gu+impan,tagu+impan,taguimpan,tagu+impan,tagu+impan,taguimpan,tagu+imp+an,tagu+imp+an,taguimpan,taguimpan
ubingan,suffixation,B_moderate_silver,ubing+an,ub+ingan,ubingan,ubingan,ub+ingan,ubingan,ubingan,ub+ingan,ubingan,ubingan,ub+ingan,ubingan,ubingan,ub+ingan,ubingan,ubingan,ub+ing+an,ubingan,ubingan,u+bi+ngan,ubingan,ubingan,u+bi+ngan,ubingan,ubingan,ubingan
sukulan,suffixation,A_strong_silver,sukul+an,suk+ulan,sukulan,sukulan,suk+ulan,suk+ulan,suk+ulan,sukul+an,sukul+an,sukul+an,sukul+an,sukul+an,sukul+an,sukul+an,sukul+an,sukul+an,sukul+an,sukul+an,sukul+an,sukul+an,sukul+an,sukul+an,su+kulan,su+kulan,su+kulan,sukul+an
adwan,suffixation,B_moderate_silver,adw+an,ad+wan,ad+wan,adwan,ad+wan,ad+wan,adwan,ad+wan,ad+wan,adwan,ad+wan,ad+wan,adwan,ad+wan,ad+wan,adwan,ad+wan,ad+wan,adwan,ad+wan,ad+wan,adwan,ad+wan,ad+wan,adwan,adwa+n
bustan,suffixation,B_moderate_silver,bust+an,bus+tan,bus+tan,bustan,bus+tan,bus+tan,bustan,bus+tan,bus+tan,bustan,bustan,bustan,bustan,bustan,bustan,bustan,bustan,bustan,bustan,bus+tan,bus+tan,bustan,bustan,bustan,bustan,bus+tan
canian,suffixation,B_moderate_silver,cani+an,can+ian,can+ian,canian,can+ian,canian,canian,can+ian,can+ian,canian,can+ian,can+ian,canian,can+ian,can+ian,canian,c+anian,c+anian,canian,c+anian,c+anian,canian,cani+an,cani+an,canian,can+ian
kaban,suffixation,B_moderate_silver,kab+an,ka+ban,ka+ban,kaban,ka+ban,ka+ban,kaban,ka+ban,ka+ban,kaban,ka+ban,ka+ban,kaban,ka+ban,ka+ban,kaban,ka+ban,ka+ban,kaban,ka+ban,ka+ban,kaban,ka+ban,ka+ban,kaban,ka+ban
samban,suffixation,B_moderate_silver,samb+an,s+amban,samban,samban,sam+ban,sam+ban,sam+ban,sam+ban,sam+ban,sam+ban,sam+ban,sam+ban,sam+ban,sam+ban,sam+ban,sam+ban,sam+ban,sam+ban,sam+ban,sam+ban,sam+ban,sam+ban,sam+ban,sam+ban,sam+ban,samban
aguman,suffixation,A_strong_silver,agum+an,aguman,aguman,aguman,aguman,aguman,aguman,aguman,aguman,aguman,aguman,aguman,aguman,aguman,aguman,aguman,aguman,aguman,aguman,aguman,aguman,aguman,aguman,aguman,aguman,aguman
apalsintan,suffixation,B_moderate_silver,apalsint+an,apal+sintan,apal+sintan,apal+sintan,apal+sintan,apal+sintan,apal+sintan,apal+sintan,apal+sintan,apal+sintan,apal+sintan,apal+sintan,apal+sintan,apal+sintan,apal+sintan,apal+sintan,apal+sintan,apal+sintan,apal+sintan,apal+sintan,apal+sintan,apal+sintan,apal+s+int+an,apal+s+int+an,apal+s+int+an,a+palsintan
siran,suffixation,B_moderate_silver,sir+an,s+iran,s+iran,siran,s+iran,s+iran,siran,s+iran,s+iran,siran,s+iran,s+iran,siran,si+ran,si+ran,siran,siran,siran,siran,si+ran,si+ran,siran,si+ran,si+ran,siran,s+iran
mitakutan,suffixation,B_moderate_silver,mitakut+an,mit+akutan,mit+akutan,mitakutan,mit+ak+utan,mit+ak+utan,mit+ak+utan,mit+ak+utan,mit+ak+utan,mit+ak+utan,mit+ak+utan,mit+ak+utan,mit+ak+utan,m+ita+kut+an,mita+kut+an,mita+kut+an,mi+takut+an,mi+takut+an,mi+takut+an,mi+ta+ku+tan,mi+ta+kutan,mi+ta+kutan,mi+takut+an,mi+takut+an,mi+takut+an,mi+takutan
tikpan,suffixation,B_moderate_silver,tikp+an,tik+pan,tik+pan,tik+pan,tik+pan,tik+pan,tik+pan,tik+pan,tik+pan,tik+pan,tik+pan,tik+pan,tik+pan,tik+pan,tik+pan,tik+pan,tik+pan,tik+pan,tik+pan,tik+pan,tik+pan,tik+pan,tik+p+an,tik+p+an,tik+p+an,tik+pan
tipunan,suffixation,A_strong_silver,tipun+an,t+ipunan,t+ipunan,tipunan,tip+unan,tip+unan,tip+unan,tipun+an,tipun+an,tipun+an,tipun+an,tipun+an,tipun+an,tipun+an,tipun+an,tipun+an,tipun+an,tipun+an,tipun+an,tipun+an,tipun+an,tipun+an,tipun+an,tipun+an,tipun+an,tipun+an
capitan,suffixation,F_conflicts_with_reconciliation_evidence,capitan,cap+itan,cap+itan,cap+itan,cap+itan,cap+itan,cap+itan,capit+an,capit+an,capit+an,capit+an,capit+an,capit+an,cap+itan,cap+itan,cap+itan,capit+an,capit+an,capit+an,capit+an,capit+an,capit+an,capit+an,capit+an,capit+an,cap+itan
kekaban,suffixation,B_moderate_silver,kekab+an,keka+ban,keka+ban,kekaban,keka+ban,keka+ban,kekaban,keka+ban,keka+ban,kekaban,keka+ban,keka+ban,kekaban,keka+ban,keka+ban,kekaban,keka+ban,keka+ban,kekaban,keka+ban,keka+ban,kekaban,keka+ban,keka+ban,kekaban,keka+ban
kelinguan,suffixation,B_moderate_silver,kelingu+an,kel+inguan,kel+inguan,kelinguan,kel+ing+uan,kel+ing+uan,kelinguan,kel+ing+uan,kel+ing+uan,kelinguan,kel+ing+uan,kel+ing+uan,kelinguan,ke+ling+uan,ke+ling+uan,kelinguan,ke+linguan,ke+linguan,kelinguan,ke+li+ng+uan,ke+li+ng+uan,kelinguan,ke+li+ng+uan,ke+li+ng+uan,kelinguan,ke+ling+uan
nanuman,suffixation,B_moderate_silver,nanum+an,nanuman,nanuman,nanuman,nanuman,nanuman,nanuman,nanuman,nanuman,nanuman,nanuman,nanuman,nanuman,nanuman,nanuman,nanuman,nanuman,nanuman,nanuman,nanuman,nanuman,nanuman,nanuman,nanuman,nanuman,nanuman
pilan,suffixation,B_moderate_silver,pil+an,pilan,pilan,pilan,pilan,pilan,pilan,pilan,pilan,pilan,pilan,pilan,pilan,pilan,pilan,pilan,pilan,pilan,pilan,pilan,pilan,pilan,pilan,pilan,pilan,pilan
sibukan,suffixation,B_moderate_silver,sibuk+an,sib+ukan,sib+ukan,sibukan,sib+ukan,sib+ukan,sibukan,sib+ukan,sib+ukan,sibukan,sib+uk+an,sib+ukan,sibukan,sib+u+kan,sib+ukan,sibukan,si+bukan,si+bukan,sibukan,sibu+kan,sibu+kan,sibukan,sibu+kan,sibu+kan,sibukan,s+ibukan
bamban,suffixation,F_conflicts_with_reconciliation_evidence,bamban,b+amban,b+amban,b+amban,b+amban,b+amban,b+amban,b+amban,b+amban,b+amban,b+amban,b+amban,b+amban,b+amban,b+amban,b+amban,b+amban,b+amban,b+amban,b+amban,b+amban,b+amban,b+amban,b+amban,b+amban,ba+m+ban
bayaran,suffixation,B_moderate_silver,bayar+an,bay+aran,bay+aran,bayaran,bay+aran,bay+aran,bayaran,baya+ran,baya+ran,bayaran,baya+ran,baya+ran,bayaran,baya+ran,baya+ran,bayaran,baya+ran,baya+ran,bayaran,baya+ran,baya+ran,bayaran,baya+ran,baya+ran,bayaran,bayaran
kealan,suffixation,B_moderate_silver,keal+an,ke+alan,ke+alan,ke+alan,ke+alan,ke+alan,ke+alan,ke+alan,ke+alan,ke+alan,ke+alan,ke+alan,ke+alan,ke+alan,ke+alan,ke+alan,ke+alan,ke+alan,ke+alan,ke+alan,ke+alan,ke+alan,ke+alan,ke+alan,ke+alan,kea+lan
kimutan,suffixation,A_strong_silver,kimut+an,k+im+utan,kim+utan,kimutan,k+im+utan,k+im+utan,kim+utan,kimut+an,kimut+an,kimut+an,kimut+an,kimut+an,kimut+an,ki+mu+tan,ki+mu+tan,ki+mu+tan,ki+mu+tan,ki+mu+tan,ki+mu+tan,ki+mu+tan,ki+mu+tan,ki+mu+tan,ki+mu+tan,ki+mu+tan,ki+mu+tan,kimut+an
mipanuanan,suffixation,B_moderate_silver,mipanuan+an,mip+anu+anan,mip+anu+anan,mipanu+anan,mipan+uanan,mipan+uanan,mipan+uanan,mipan+uanan,mipan+uanan,mipan+uanan,mipan+uanan,mipan+uanan,mipan+uanan,mi+pan+uanan,mipan+uanan,mipan+uanan,mi+panu+anan,mi+panu+anan,mi+panuanan,mi+pan+uan+an,mipan+uan+an,mipan+uanan,mi+panu+anan,mi+panu+anan,mi+panu+anan,mi+pan+uanan
dasnan,suffixation,B_moderate_silver,dasn+an,das+nan,das+nan,das+nan,das+nan,das+nan,dasnan,das+nan,das+nan,dasnan,das+nan,das+nan,dasnan,das+nan,das+nan,dasnan,das+nan,das+nan,dasnan,das+nan,das+nan,dasnan,das+nan,das+nan,dasnan,da+s+nan
degulan,suffixation,B_moderate_silver,degul+an,de+g+ulan,deg+ulan,degulan,de+g+ulan,deg+ulan,degulan,de+g+ulan,deg+ulan,degulan,de+g+ulan,deg+ulan,degulan,de+gul+an,de+gul+an,degulan,de+g+ulan,deg+ulan,degulan,de+gul+an,de+gul+an,degulan,de+gul+an,de+gul+an,degulan,de+gul+an
haran,suffixation,B_moderate_silver,har+an,h+aran,h+aran,h+aran,h+aran,h+aran,h+aran,h+aran,h+aran,h+aran,h+aran,h+aran,h+aran,h+aran,h+aran,h+aran,har+an,har+an,har+an,h+aran,h+aran,h+aran,h+aran,h+aran,h+aran,har+an
lasakan,suffixation,A_strong_silver,lasak+an,las+akan,las+akan,las+akan,las+akan,las+akan,las+akan,las+akan,las+akan,las+akan,las+akan,las+akan,las+akan,lasa+kan,lasa+kan,lasa+kan,lasa+kan,lasa+kan,lasa+kan,lasa+kan,lasa+kan,lasa+kan,lasa+kan,lasa+kan,lasa+kan,la+sak+an
talan,suffixation,A_strong_silver,tal+an,t+alan,talan,talan,talan,talan,talan,talan,talan,talan,talan,talan,talan,talan,talan,talan,talan,talan,talan,talan,talan,talan,talan,talan,talan,talan
telanan,suffixation,B_moderate_silver,telan+an,tel+anan,tel+anan,telanan,tel+anan,tel+anan,tel+anan,tel+anan,tel+anan,tel+anan,tel+anan,tel+anan,tel+anan,tel+anan,tel+anan,tel+anan,tel+anan,tel+anan,tel+anan,te+lan+an,te+lan+an,te+lanan,te+lan+an,te+lan+an,te+lanan,te+lan+an
uvasan,suffixation,B_moderate_silver,uvas+an,u+v+asan,uv+asan,uvasan,u+v+asan,uv+asan,uvasan,u+v+asan,u+v+asan,uvasan,u+v+asan,u+v+asan,uvasan,u+v+asan,u+v+asan,uvasan,u+vas+an,u+vas+an,uvasan,u+v+asan,u+v+asan,uvasan,u+v+asan,uv+asan,uvasan,u+va+san
akalingwan,suffixation,B_moderate_silver,akalingw+an,akal+ingwan,akal+ingwan,akal+ingwan,akal+ing+wan,akaling+wan,akalingwan,akal+ing+wan,akaling+wan,akalingwan,akal+ing+wan,akaling+wan,akalingwan,akal+ing+wan,akal+ing+wan,akalingwan,aka+lingwan,aka+lingwan,akalingwan,aka+li+ng+wan,aka+li+ng+wan,akalingwan,aka+li+ng+wan,aka+li+ng+wan,aka+li+ng+wan,a+kalingwan
albugan,suffixation,A_strong_silver,albug+an,albugan,albugan,albugan,albugan,albugan,albugan,albugan,albugan,albugan,albugan,albugan,albugan,albugan,albugan,albugan,albugan,albugan,albugan,albugan,albugan,albugan,albugan,albugan,albugan,albugan
atbusan,suffixation,A_strong_silver,atbus+an,at+b+usan,at+b+usan,at+busan,at+bus+an,atbus+an,atbus+an,at+bus+an,atbus+an,atbus+an,at+bus+an,atbus+an,atbus+an,at+bus+an,atbus+an,atbus+an,at+bus+an,atbus+an,atbus+an,at+bus+an,at+bus+an,atbus+an,at+bus+an,atbus+an,atbus+an,at+bus+an
camatayan,suffixation,F_conflicts_with_reconciliation_evidence,ca+matay+an,c+amat+ayan,camat+ayan,camatayan,c+amat+ayan,c+amatayan,camatayan,c+amat+ayan,c+amatayan,camatayan,c+amat+ayan,c+amatayan,camatayan,c+amat+ayan,camatayan,camatayan,cam+ata+yan,camatayan,camatayan,cam+ata+yan,cam+atayan,camatayan,cam+at+ayan,cam+at+ayan,camatayan,camatayan
kibkuban,suffixation,B_moderate_silver,kibkub+an,k+ib+ku+ban,k+ib+ku+ban,kib+kuban,k+ib+ku+ban,k+ib+ku+ban,kib+kuban,k+ib+ku+ban,k+ib+ku+ban,kib+kuban,k+ib+ku+ban,k+ib+ku+ban,kib+kuban,k+ib+ku+ban,k+ib+ku+ban,kib+kuban,ki+b+ku+ban,ki+b+ku+ban,kib+kuban,ki+b+ku+ban,ki+b+ku+ban,kib+kuban,ki+b+ku+ban,ki+b+ku+ban,ki+b+kuban,ki+b+ku+ban
kundiman,suffixation,B_moderate_silver,kundim+an,kund+i+man,kund+iman,kund+iman,kun+di+man,kun+di+man,kun+diman,kun+di+man,kun+di+man,kun+diman,kun+di+man,kun+di+man,kun+diman,kun+di+man,kun+di+man,kun+diman,kundi+man,kundi+man,kundi+man,kun+di+man,kun+di+man,kun+di+man,kun+di+man,kun+di+man,kun+di+man,kundi+man
kwayan,suffixation,B_moderate_silver,kway+an,kw+ayan,kw+ayan,kw+ayan,kw+ayan,kw+ayan,kw+ayan,kw+ayan,kw+ayan,kw+ayan,kw+ayan,kw+ayan,kw+ayan,kw+ayan,kw+ayan,kwayan,k+wayan,k+wayan,kwayan,kwa+yan,kwa+yan,kwa+yan,k+wa+yan,k+wa+yan,k+wayan,k+wayan
lakwan,suffixation,B_moderate_silver,lakw+an,lak+wan,lak+wan,lakwan,lak+wan,lakwan,lakwan,lak+wan,lakwan,lakwan,lak+wan,lakwan,lakwan,lak+wan,lakwan,lakwan,lakwan,lakwan,lakwan,lak+wan,lakwan,lakwan,lak+wan,lakwan,lakwan,lakwan
likuan,suffixation,B_moderate_silver,liku+an,likuan,likuan,likuan,likuan,likuan,likuan,likuan,likuan,likuan,likuan,likuan,likuan,likuan,likuan,likuan,likuan,likuan,likuan,likuan,likuan,likuan,likuan,likuan,likuan,likuan
mirinan,suffixation,B_moderate_silver,mirin+an,mirinan,mirinan,mirinan,mirinan,mirinan,mirinan,mirinan,mirinan,mirinan,mirinan,mirinan,mirinan,mirinan,mirinan,mirinan,mirinan,mirinan,mirinan,mirinan,mirinan,mirinan,mirinan,mirinan,mirinan,mirinan
