canonical_id,lang_code,source_name_normalized,prompt_family,prompt_label,prompt_ordinal,canonical_text,granularity,observed_variants,recorded_speaker_count,not_recorded_count,placeholder_like
fil_8f3275ac13e3,FIL,Airlines.txt,Other,Airlines,1,Cotabato Airport,phrase,13,16,0,False
fil_826173e0d4b3,FIL,Airlines.txt,Other,Airlines,2,Ninoy Aquino International Airport,phrase,13,16,0,False
fil_f6b903b37af9,FIL,Airlines.txt,Other,Airlines,3,Tagbilaran Airport,phrase,14,16,0,False
fil_d3abd8ec7e52,FIL,Airlines.txt,Other,Airlines,4,Legazpi Airport,phrase,12,16,0,False
fil_aa59d585e8cf,FIL,Airlines.txt,Other,Airlines,5,Kalibo International Airport,phrase,11,16,0,False
fil_9c69b2c65bcf,FIL,Airlines.txt,Other,Airlines,6,Manila International Airport,phrase,3,3,0,False
fil_5b3f4832f450,FIL,Airlines.txt,Other,Airlines,7,Davao International Airport,phrase,3,3,0,False
fil_ddc0649b2f19,FIL,Airlines.txt,Other,Airlines,8,Pagadian Airport,phrase,3,3,0,False
fil_0da7d6e358eb,FIL,Airlines.txt,Other,Airlines,9,New Iloilo International Airport,phrase,2,3,0,False
fil_80839eb9ea65,FIL,Airlines.txt,Other,Airlines,10,Puerto Princesa International Airport,phrase,3,3,0,False
fil_ee41f9c2d4cc,FIL,Cities.txt,Other,Cities,1,Nueva Ecija,phrase,15,16,0,False
fil_a5e252537484,FIL,Cities.txt,Other,Cities,2,Manila,word,16,16,0,False
fil_bf73cdacc773,FIL,Cities.txt,Other,Cities,3,Laguna,word,16,16,0,False
fil_b8104998e830,FIL,Cities.txt,Other,Cities,4,Parañaque,word,15,16,0,False
fil_5ec9e7078f6f,FIL,Cities.txt,Other,Cities,5,Roxas,word,15,16,0,False
fil_5cbd6a70a155,FIL,Cities.txt,Other,Cities,6,Rizal,word,3,3,0,False
fil_22f30dc7c85b,FIL,Cities.txt,Other,Cities,7,Bayugan,word,3,3,0,False
fil_db23f04fb63d,FIL,Cities.txt,Other,Cities,8,Mandaluyong,word,3,3,0,False
fil_74ff1ed8e850,FIL,Cities.txt,Other,Cities,9,Taguig,word,3,3,0,False
fil_8dbcf26ea9be,FIL,Cities.txt,Other,Cities,10,Bogo,word,3,3,0,False
fil_8d03969d50af,FIL,Companies.txt,Other,Companies,1,Philippine Dealing Exchange,phrase,16,16,0,False
fil_42842b996ff0,FIL,Companies.txt,Other,Companies,2,Far Eastern University,phrase,14,16,0,False
fil_9ebc11188e58,FIL,Companies.txt,Other,Companies,3,Jollibee,word,15,16,0,False
fil_3b4a82d998bb,FIL,Companies.txt,Other,Companies,4,Philippine Bank of Communications,phrase,16,16,0,False
fil_4d9f3fd68337,FIL,Companies.txt,Other,Companies,5,Union Bank of the Philippines,sentence,15,16,0,False
fil_f09d63092474,FIL,Companies.txt,Other,Companies,6,DMCI Holdings,phrase,3,3,0,False
fil_f63fd295dd9d,FIL,Companies.txt,Other,Companies,7,First Philippine Holdings Corporation,phrase,3,3,0,False
fil_e16cc643a618,FIL,Companies.txt,Other,Companies,8,First Gen,phrase,3,3,0,False
fil_d242b34798d6,FIL,Companies.txt,Other,Companies,9,Megaworld Corporation,phrase,3,3,0,False
fil_a7aab01133a0,FIL,Companies.txt,Other,Companies,10,Universal Robina,phrase,3,3,0,False
fil_7fad1be474a8,FIL,Cuisines.txt,Other,Cuisines,1,Tokwa't Baboy,phrase,15,16,0,False
fil_f8a6bbe25b35,FIL,Cuisines.txt,Other,Cuisines,2,Hamonado,word,13,16,0,False
fil_367dbd0ee78c,FIL,Cuisines.txt,Other,Cuisines,3,Prito,word,16,16,0,False
fil_e0b53387c384,FIL,Cuisines.txt,Other,Cuisines,4,Tokwa't Baboy,phrase,13,16,0,False
fil_d37b5236bb4b,FIL,Cuisines.txt,Other,Cuisines,5,Mechado,word,16,16,0,False
fil_2566deac0a07,FIL,Cuisines.txt,Other,Cuisines,6,Pandesal,word,3,3,0,False
fil_15d9f73234e7,FIL,Cuisines.txt,Other,Cuisines,7,Inadobo,word,3,3,0,False
fil_7821f7df6567,FIL,Cuisines.txt,Other,Cuisines,8,Laing,word,3,3,0,False
fil_4a2285885341,FIL,Cuisines.txt,Other,Cuisines,9,Guinataan,word,3,3,0,False
fil_440577f52451,FIL,Cuisines.txt,Other,Cuisines,10,Ginisa,word,3,3,0,False
fil_fc90ed085eb1,FIL,Hotels.txt,Other,Hotels,1,Millennium Plaza Serviced Residences,phrase,16,16,0,False
fil_01e9835cfbc6,FIL,Hotels.txt,Other,Hotels,2,Cebu Parklane International Hotel,phrase,14,16,0,False
fil_3af29414066f,FIL,Hotels.txt,Other,Hotels,3,Le Soleil De Boracay Hotel,sentence,14,16,0,False
fil_0f395f087fd2,FIL,Hotels.txt,Other,Hotels,4,Crimson Beach Resort & Spa Mactan Island,sentence,15,16,0,False
fil_ba962c9717fd,FIL,Hotels.txt,Other,Hotels,5,The Orchard Cebu Hotel & Suites,sentence,15,16,0,False
fil_20ea501d54e3,FIL,Hotels.txt,Other,Hotels,6,Somerset Olympia Makati,phrase,3,3,0,False
fil_d72307c39134,FIL,Hotels.txt,Other,Hotels,7,Dusit Thani Hotel,phrase,3,3,0,False
fil_347a0fb6cd78,FIL,Hotels.txt,Other,Hotels,8,Makati Palace Hotel,phrase,3,3,0,False
fil_0dd44bd5a64a,FIL,Hotels.txt,Other,Hotels,9,Pearl Lane Hotel,phrase,3,3,0,False
fil_d184a40a3c89,FIL,Hotels.txt,Other,Hotels,10,Makati Shangri-La Hotel,phrase,3,3,0,False
fil_bd140ab6a4b8,FIL,Iso_BodyParts.txt,Iso,BodyParts,1,balunbalunan,word,67,109,0,False
fil_d324f8a5fccf,FIL,Iso_BodyParts.txt,Iso,BodyParts,2,galáng-galáng,word,63,109,0,False
fil_9965c7c6e509,FIL,Iso_BodyParts.txt,Iso,BodyParts,3,palakingkingan,word,60,109,0,False
fil_95bdd1f70287,FIL,Iso_BodyParts.txt,Iso,BodyParts,4,sakong,word,62,109,0,False
fil_3f51f921ccfd,FIL,Iso_BodyParts.txt,Iso,BodyParts,5,buto,word,59,109,0,False
fil_06f2e5b80b8d,FIL,Iso_BodyParts.txt,Iso,BodyParts,6,palasingsingan,word,61,109,0,False
fil_456dafd2417a,FIL,Iso_BodyParts.txt,Iso,BodyParts,7,alak-alakan,word,63,109,0,False
fil_8d420658b3a9,FIL,Iso_BodyParts.txt,Iso,BodyParts,8,balunbalunan,word,59,109,0,False
fil_ad4fedea8655,FIL,Iso_BodyParts.txt,Iso,BodyParts,9,talampakan,word,62,109,0,False
fil_749847ff9328,FIL,Iso_BodyParts.txt,Iso,BodyParts,10,galáng-galangán,word,65,109,0,False
fil_b734b0e09286,FIL,Iso_BodyParts.txt,Iso,BodyParts,11,pilikmata,word,61,109,0,False
fil_b1d304db99b4,FIL,Iso_BodyParts.txt,Iso,BodyParts,12,bunganga,word,60,109,0,False
fil_8fa5d201f88c,FIL,Iso_BodyParts.txt,Iso,BodyParts,13,kalingkingan,word,61,109,0,False
fil_e05843571567,FIL,Iso_BodyParts.txt,Iso,BodyParts,14,talampakan,word,65,109,0,False
fil_8dcb3f3ccd43,FIL,Iso_BodyParts.txt,Iso,BodyParts,15,súso,word,63,109,0,False
fil_aa2393d4c16e,FIL,Iso_Educ.txt,Iso,Educ,1,itong,word,59,83,0,False
fil_6f8403a53092,FIL,Iso_Educ.txt,Iso,Educ,2,Maynila,word,64,83,0,False
fil_cf51e836010f,FIL,Iso_Educ.txt,Iso,Educ,3,itlog,word,57,83,0,False
fil_f2c5e5a1cdeb,FIL,Iso_Educ.txt,Iso,Educ,4,Soliman,word,55,83,0,False
fil_36e64f0d855d,FIL,Iso_Educ.txt,Iso,Educ,5,parang,word,55,83,0,False
fil_73ca544368da,FIL,Iso_Educ.txt,Iso,Educ,6,nagulat,word,58,83,0,False
fil_073c0641ef7e,FIL,Iso_Educ.txt,Iso,Educ,7,dumating,word,58,83,0,False
fil_3652e38d3970,FIL,Iso_Educ.txt,Iso,Educ,8,Espanya,word,58,83,0,False
fil_5ca6654c83c5,FIL,Iso_Educ.txt,Iso,Educ,9,noong,word,56,83,0,False
fil_264dca7b5a4a,FIL,Iso_Educ.txt,Iso,Educ,10,nilang,word,56,83,0,False
fil_223c76be3ded,FIL,Iso_Educ.txt,Iso,Educ,11,maraming,word,57,83,0,False
fil_bff2e241c827,FIL,Iso_Educ.txt,Iso,Educ,12,minsan,word,62,83,0,False
fil_ddb30b290425,FIL,Iso_Educ.txt,Iso,Educ,13,tulad,word,66,83,0,False
fil_8331949ad761,FIL,Iso_Educ.txt,Iso,Educ,14,dalawa,word,59,83,0,False
fil_fd296f19396b,FIL,Iso_Educ.txt,Iso,Educ,15,Soliman,word,57,83,0,False
fil_899e18af0af4,FIL,Iso_Kinship.txt,Iso,Kinship,1,bayaw,word,51,109,0,False
fil_eee397c2c7d2,FIL,Iso_Kinship.txt,Iso,Kinship,2,diko,word,58,109,0,False
fil_e429e881306e,FIL,Iso_Kinship.txt,Iso,Kinship,3,madrasta,word,57,109,0,False
fil_cfcb3c40833a,FIL,Iso_Kinship.txt,Iso,Kinship,4,manugang,word,51,109,0,False
fil_ebbc6b6a6455,FIL,Iso_Kinship.txt,Iso,Kinship,5,pamangkin,word,59,109,0,False
fil_f7af691c1ff0,FIL,Iso_Kinship.txt,Iso,Kinship,6,balo,word,51,109,0,False
fil_14fe2830c0ee,FIL,Iso_Kinship.txt,Iso,Kinship,7,tiya,word,52,109,0,False
fil_cbeda2b135ca,FIL,Iso_Kinship.txt,Iso,Kinship,8,kamag-anak,word,58,109,0,False
fil_234393717228,FIL,Iso_Kinship.txt,Iso,Kinship,9,katambal,word,55,109,0,False
fil_7cefdc3d9c77,FIL,Iso_Kinship.txt,Iso,Kinship,10,manugang,word,55,109,0,False
fil_3ad85dbb6153,FIL,Iso_Kinship.txt,Iso,Kinship,11,kasintahan,word,52,109,0,False
fil_d9fd7329f5fc,FIL,Iso_MinPairs.txt,Iso,MinPairs,1,bakas-bakás (financial partnership-footprint),phrase,48,109,0,False
fil_c271ff4190c4,FIL,Iso_MinPairs.txt,Iso,MinPairs,2,hapò-hapô (weariness-weary),phrase,44,109,0,False
fil_ec676ed587c1,FIL,Iso_MinPairs.txt,Iso,MinPairs,3,dala-dalá-dalâ (net-take-taught by experience),phrase,40,109,0,False
fil_4073191bf666,FIL,Iso_MinPairs.txt,Iso,MinPairs,4,kaka-kakâ (uncle/aunt-elder sister/brother),phrase,47,109,0,False
fil_b30bf064b8c5,FIL,Iso_MinPairs.txt,Iso,MinPairs,5,bulo-bulô (hairs (of fruits)-young carabao),phrase,45,109,0,False
fil_8ce4cd817c4d,FIL,Iso_MinPairs.txt,Iso,MinPairs,6,sukat-sukát (measurement-measured),phrase,46,109,0,False
fil_500c39c26cb0,FIL,Iso_MinPairs.txt,Iso,MinPairs,7,nahuli-nahulí (was caught-arrived late),phrase,49,109,0,False
fil_06679cc4b49f,FIL,Iso_MinPairs.txt,Iso,MinPairs,8,pasò-pasô (scald/burn-flower pot),phrase,54,109,0,False
fil_8ebf90abf7ad,FIL,Iso_MinPairs.txt,Iso,MinPairs,9,agáwan-agawán (to take by force-struggle),phrase,48,109,0,False
fil_3c73681a94fc,FIL,Iso_Ordinal.txt,Iso,Ordinal,1,ikatatlumpu't pitong,phrase,54,109,0,False
fil_13d3ef2e0a98,FIL,Iso_Ordinal.txt,Iso,Ordinal,2,ikadalawampu't walong,phrase,58,109,0,False
fil_e846ef17f69e,FIL,Iso_Ordinal.txt,Iso,Ordinal,3,ikadalawampu't pitong,phrase,57,109,0,False
fil_0c9b2352e864,FIL,Iso_Ordinal.txt,Iso,Ordinal,4,ikadalawampu't pitong,phrase,51,109,0,False
fil_180d428694f3,FIL,Iso_Ordinal.txt,Iso,Ordinal,5,ikadalawampu't tatlo,phrase,55,109,0,False
fil_47bc718bf5ae,FIL,Iso_Ordinal.txt,Iso,Ordinal,6,ikadalawampu't isang,phrase,58,109,0,False
fil_e133a5672c70,FIL,Iso_Ordinal.txt,Iso,Ordinal,7,ikadalawampu't tatlo,phrase,57,109,0,False
fil_1df5045c146f,FIL,Iso_Ordinal.txt,Iso,Ordinal,8,ikadalawampu't siyam,phrase,56,109,0,False
fil_0872bcf18324,FIL,Iso_Ordinal.txt,Iso,Ordinal,9,ikatatlumpu't walong,phrase,54,109,0,False
fil_5ab7cd0174ca,FIL,Iso_Ordinal.txt,Iso,Ordinal,10,ikalawa,word,62,109,0,False
fil_7adf39488621,FIL,Iso_Ordinal.txt,Iso,Ordinal,11,ikadalawampu't walong,phrase,58,109,0,False
fil_d7080b75674d,FIL,Iso_Ordinal.txt,Iso,Ordinal,12,ikatatlumpu't limang,phrase,60,109,0,False
fil_71c7cbb446e7,FIL,Iso_Time.txt,Iso,Time,1,labinlimang,word,72,109,0,False
fil_675a2da981c8,FIL,Iso_Time.txt,Iso,Time,2,Miyerkules,word,68,109,0,False
fil_9ecc75a68c0b,FIL,Iso_Time.txt,Iso,Time,3,dapithapon,word,81,109,0,False
fil_79fe00420a89,FIL,Iso_Time.txt,Iso,Time,4,kinagabihan,word,71,109,0,False
fil_2e133195ba2c,FIL,Iso_Time.txt,Iso,Time,5,kasalukuyang,word,78,109,0,False
fil_e7b0339dc79e,FIL,Iso_Time.txt,Iso,Time,6,dapit-tanghali,word,68,109,0,False
fil_5ff5a546bd7e,FIL,Iso_Time.txt,Iso,Time,7,pagkatapos,word,74,109,0,False
fil_8d8e35236603,FIL,Iso_Time.txt,Iso,Time,8,kasalukuyang,word,68,109,0,False
fil_2c1db8674b61,FIL,Iso_Time.txt,Iso,Time,9,bágo,word,76,109,0,False
fil_f712b37e3a89,FIL,Iso_Time.txt,Iso,Time,10,segusegundo,word,76,109,0,False
fil_d93859fdaf62,FIL,Iso_Time.txt,Iso,Time,11,mamaya,word,68,109,0,False
fil_bd9145970423,FIL,Iso_Time.txt,Iso,Time,12,bágo,word,65,109,0,False
fil_c161d3eb69e4,FIL,Iso_Time.txt,Iso,Time,13,kamakatlo,word,69,109,0,False
fil_13153a7cc59a,FIL,Iso_Time.txt,Iso,Time,14,kalahati,word,72,109,0,False
fil_bdb4622ba5d1,FIL,Iso_Time.txt,Iso,Time,15,mamaya,word,74,109,0,False
fil_afba3d03ef00,FIL,Iso_Time.txt,Iso,Time,16,dati,word,69,109,0,False
fil_c30be86559c3,FIL,Iso_Time.txt,Iso,Time,17,dapit-umaga,word,69,109,0,False
fil_bd4f8b1d8124,FIL,Iso_Time.txt,Iso,Time,18,minuminuto,word,65,109,0,False
fil_98dfb94a4a1a,FIL,Iso_Time.txt,Iso,Time,19,ngayong,word,76,109,0,False
fil_14ee3b8120a0,FIL,Iso_Time.txt,Iso,Time,20,Miyerkules,word,72,109,0,False
fil_5a90d6d1d582,FIL,Iso_Time.txt,Iso,Time,21,kinagabihan,word,63,109,0,False
fil_cd518440839e,FIL,Iso_Weather.txt,Iso,Weather,1,El Nino,phrase,42,109,0,False
fil_cb7ccc4a08b0,FIL,Iso_Weather.txt,Iso,Weather,2,taglagas,word,42,109,0,False
fil_d14d1e05cc3b,FIL,Iso_Weather.txt,Iso,Weather,3,biglaang pagbaha,phrase,42,109,0,False
fil_a59e295be8d8,FIL,Iso_Weather.txt,Iso,Weather,4,maalinsángan,word,44,109,0,False
fil_017cd836f4c1,FIL,Iso_Weather.txt,Iso,Weather,5,makulimlim,word,47,109,0,False
fil_2a50700c8090,FIL,Iso_Weather.txt,Iso,Weather,6,halumigmig,word,47,109,0,False
fil_858198b39ad3,FIL,Iso_Weather.txt,Iso,Weather,7,biglaang pagbaha,phrase,48,109,0,False
fil_4f9235f622e0,FIL,Iso_Weather.txt,Iso,Weather,8,bugso ng hangin,phrase,49,109,0,False
fil_597b075073dd,FIL,Iso_Weather.txt,Iso,Weather,9,bugso ng hangin,phrase,46,109,0,False
fil_d5fce47c8239,FIL,Iso_airlines_Shib.txt,Iso,airlines_Shib,1,General Santos International Airport,phrase,44,109,0,False
fil_007f299c2bca,FIL,Iso_airlines_Shib.txt,Iso,airlines_Shib,2,Ninoy Aquino International Airport,phrase,38,109,0,False
fil_44a6ef678025,FIL,Iso_airlines_Shib.txt,Iso,airlines_Shib,3,bunrok (Morong Tagalog),phrase,44,109,0,False
fil_309350925877,FIL,Iso_airlines_Shib.txt,Iso,airlines_Shib,4,Diosdado Macapagal International Airport,phrase,44,109,0,False
fil_c8a542f114a4,FIL,Iso_airlines_Shib.txt,Iso,airlines_Shib,5,"gan-on (Batangas, Marinduque)",phrase,43,109,0,False
fil_bdb9d02261af,FIL,Iso_airlines_Shib.txt,Iso,airlines_Shib,6,Francisco Bangoy International Airport,phrase,48,109,0,False
fil_a7799c269c5f,FIL,Iso_airlines_Shib.txt,Iso,airlines_Shib,7,isra (Morong Tagalog),phrase,45,109,0,False
fil_b84d9611a7f5,FIL,Iso_airlines_Shib.txt,Iso,airlines_Shib,8,Zamboanga International Airport,phrase,44,109,0,False
fil_f578952897f2,FIL,Iso_airlines_Shib.txt,Iso,airlines_Shib,9,Butuan Airport,phrase,44,109,0,False
fil_eccfe40abbb2,FIL,Iso_cities.txt,Iso,cities,1,Bacolod,word,56,109,0,False
fil_0a92d817b4ae,FIL,Iso_cities.txt,Iso,cities,2,Puerto Princesa,phrase,55,109,0,False
fil_9e5e8a726ded,FIL,Iso_cities.txt,Iso,cities,3,Navotas,word,53,109,0,False
fil_86a083100b7d,FIL,Iso_cities.txt,Iso,cities,4,Singalong,word,53,109,0,False
fil_f8ec893ce006,FIL,Iso_cities.txt,Iso,cities,5,Mandaluyong,word,51,109,0,False
fil_3c44abc6aeea,FIL,Iso_cities.txt,Iso,cities,6,Rizal,word,56,109,0,False
fil_4acd61271bb6,FIL,Iso_cities.txt,Iso,cities,7,Lapu-Lapu,word,53,109,0,False
fil_c54cbcf876db,FIL,Iso_cities.txt,Iso,cities,8,Malate,word,53,109,0,False
fil_7126a185f421,FIL,Iso_cities.txt,Iso,cities,9,Zamboanga,word,56,109,0,False
fil_22b640ad1601,FIL,Iso_cities.txt,Iso,cities,10,Naga,word,55,109,0,False
fil_c0dd863aa3c0,FIL,Iso_cities.txt,Iso,cities,11,Parañaque,word,48,109,0,False
fil_bab43a690630,FIL,Iso_colors_Pronouns.txt,Iso,colors_Pronouns,1,kitá (you and i),phrase,42,109,0,False
fil_dcc561b9c4bf,FIL,Iso_colors_Pronouns.txt,Iso,colors_Pronouns,2,kanya (his or her),phrase,45,109,0,False
fil_739fbdcb588c,FIL,Iso_colors_Pronouns.txt,Iso,colors_Pronouns,3,"diyan (there, near)",phrase,48,109,0,False
fil_0c2881b7e96e,FIL,Iso_colors_Pronouns.txt,Iso,colors_Pronouns,4,"riyan (there, near)",phrase,46,109,0,False
fil_d8a3ee5c5a5d,FIL,Iso_colors_Pronouns.txt,Iso,colors_Pronouns,5,"kayó (you, plural)",phrase,44,109,0,False
fil_9a4d13eb87c9,FIL,Iso_colors_Pronouns.txt,Iso,colors_Pronouns,6,"riyan (there, near)",phrase,45,109,0,False
fil_cda354863342,FIL,Iso_colors_Pronouns.txt,Iso,colors_Pronouns,7,"riyan (there, near)",phrase,42,109,0,False
fil_977c04be4ba6,FIL,Iso_colors_Pronouns.txt,Iso,colors_Pronouns,8,heto (here),phrase,51,109,0,False
fil_ca9377f17a69,FIL,Iso_colors_Pronouns.txt,Iso,colors_Pronouns,9,"roon (there, far)",phrase,47,109,0,False
fil_662d00d2b810,FIL,Iso_companies.txt,Iso,companies,1,Metro Pacific Investments,phrase,59,109,0,False
fil_003908695a50,FIL,Iso_companies.txt,Iso,companies,2,Digital Telecommunications Philippines,phrase,57,109,0,False
fil_0a32ac53f433,FIL,Iso_companies.txt,Iso,companies,3,International Container Terminal Services Inc.,phrase,56,109,0,False
fil_705f4389e6ca,FIL,Iso_companies.txt,Iso,companies,4,Banco de Oro,phrase,60,109,0,False
fil_d40ca9aa932d,FIL,Iso_companies.txt,Iso,companies,5,JG Summit Holdings,phrase,60,109,0,False
fil_2cef675870be,FIL,Iso_companies.txt,Iso,companies,6,GMA Artist Center,phrase,53,109,0,False
fil_f9e46a644875,FIL,Iso_companies.txt,Iso,companies,7,Rizal Commercial Banking Corporation,phrase,61,109,0,False
fil_6545c14ef378,FIL,Iso_companies.txt,Iso,companies,8,Philippine Stock Exchange,phrase,56,109,0,False
fil_436bbfaa624b,FIL,Iso_companies.txt,Iso,companies,9,Philippine Bank of Communications,phrase,56,109,0,False
fil_a856b1431a51,FIL,Iso_companies.txt,Iso,companies,10,Metro Pacific Investments Corporation,phrase,59,109,0,False
fil_2b0437afd171,FIL,Iso_companies.txt,Iso,companies,11,Universal Robina,phrase,54,109,0,False
fil_8edf9e1df9bf,FIL,Iso_companies.txt,Iso,companies,12,Metropolitan Bank and Trust Company,phrase,52,109,0,False
fil_c0c9f3eeee2e,FIL,Iso_companies.txt,Iso,companies,13,SM Prime Holdings,phrase,59,109,0,False
fil_f69f73487e85,FIL,Iso_companies.txt,Iso,companies,14,Union Bank of the Philippines,phrase,58,109,0,False
fil_7da229282fad,FIL,Iso_female.txt,Iso,female,1,Mary Ann,phrase,61,109,0,False
fil_239188e38b77,FIL,Iso_female.txt,Iso,female,2,Catherine,word,59,109,0,False
fil_da7f35212507,FIL,Iso_female.txt,Iso,female,3,Glaiza,word,60,109,0,False
fil_8287bb819e73,FIL,Iso_female.txt,Iso,female,4,Danielle,word,57,109,0,False
fil_6326a12a8f81,FIL,Iso_female.txt,Iso,female,5,Jinky,word,61,109,0,False
fil_ee480c672daf,FIL,Iso_female.txt,Iso,female,6,Patricia,word,60,109,0,False
fil_6b01fedf8731,FIL,Iso_female.txt,Iso,female,7,Criselda,word,65,109,0,False
fil_e56f57baee9d,FIL,Iso_female.txt,Iso,female,8,Irene,word,62,109,0,False
fil_cfbf4dae262c,FIL,Iso_female.txt,Iso,female,9,Danielle,word,57,109,0,False
fil_975fa6737864,FIL,Iso_female.txt,Iso,female,10,Marivic,word,63,109,0,False
fil_e99e4cf318de,FIL,Iso_female.txt,Iso,female,11,Criselda,word,65,109,0,False
fil_6a8634c1c095,FIL,Iso_female.txt,Iso,female,12,Marissa,word,61,109,0,False
fil_32181c4a2ff9,FIL,Iso_female.txt,Iso,female,13,Eliza,word,62,109,0,False
fil_be74766ccf50,FIL,Iso_female.txt,Iso,female,14,Jillian,word,60,109,0,False
fil_fd32f85d0a08,FIL,Iso_female.txt,Iso,female,15,Analyn,word,63,109,0,False
fil_d61def5dee34,FIL,Iso_hotels.txt,Iso,hotels,1,Cebu Parklane International Hotel,phrase,54,109,0,False
fil_b32007dc5386,FIL,Iso_hotels.txt,Iso,hotels,2,The Orchard Cebu Hotel & Suites,phrase,52,109,0,False
fil_1167eac2c5e2,FIL,Iso_hotels.txt,Iso,hotels,3,Shangri-La's Mactan Resort & Spa,phrase,55,109,0,False
fil_3506a3c152cd,FIL,Iso_hotels.txt,Iso,hotels,4,The Heritage Hotel,phrase,53,109,0,False
fil_f36b7ff328fd,FIL,Iso_hotels.txt,Iso,hotels,5,Boracay Grand Vista Resort & Spa,phrase,52,109,0,False
fil_dfda3326b162,FIL,Iso_hotels.txt,Iso,hotels,6,Crown Regency Prince Resort,phrase,55,109,0,False
fil_d307bce1e0b6,FIL,Iso_hotels.txt,Iso,hotels,7,Waterfront Airport Hotel & Casino,phrase,52,109,0,False
fil_691848b75368,FIL,Iso_hotels.txt,Iso,hotels,8,Boracay Grand Vista Resort & Spa,phrase,52,109,0,False
fil_b0a455dfd0c1,FIL,Iso_hotels.txt,Iso,hotels,9,Crimson Beach Resort & Spa Mactan Island,phrase,53,109,0,False
fil_f6987bf39bcf,FIL,Iso_hotels.txt,Iso,hotels,10,Manila Pavilion Hotel,phrase,55,109,0,False
fil_6e92534a62bc,FIL,Iso_hotels.txt,Iso,hotels,11,Hyatt Hotel & Casino,phrase,53,109,0,False
fil_8150d2e12eff,FIL,Iso_landmarks.txt,Iso,landmarks,1,Malacañang Palace,phrase,53,109,0,False
fil_410d1acd6e4c,FIL,Iso_landmarks.txt,Iso,landmarks,2,Anilao Dive spots,phrase,59,109,0,False
fil_8d7c48f51508,FIL,Iso_landmarks.txt,Iso,landmarks,3,University of the Philippines,phrase,54,109,0,False
fil_a20aff97b3d6,FIL,Iso_landmarks.txt,Iso,landmarks,4,Bamboo Organ of Las Piñas,phrase,53,109,0,False
fil_363d56318c14,FIL,Iso_landmarks.txt,Iso,landmarks,5,University of the Philippines,phrase,54,109,0,False
fil_92e76463f1c4,FIL,Iso_landmarks.txt,Iso,landmarks,6,Hinulugang Taktak,phrase,53,109,0,False
fil_7fccde5f70f2,FIL,Iso_landmarks.txt,Iso,landmarks,7,Fort Bonifacio,phrase,57,109,0,False
fil_e6bea3869516,FIL,Iso_landmarks.txt,Iso,landmarks,8,University of the Philippines,phrase,57,109,0,False
fil_f51f26bb9766,FIL,Iso_landmarks.txt,Iso,landmarks,9,Bamboo Organ of Las Piñas,phrase,59,109,0,False
fil_cb590e317cf6,FIL,Iso_landmarks.txt,Iso,landmarks,10,University of the Philippines,phrase,54,109,0,False
fil_5126e5678d0d,FIL,Iso_landmarks.txt,Iso,landmarks,11,Bamboo Organ of Las Piñas,phrase,56,109,0,False
fil_b78afa5bcd85,FIL,Iso_landmarks.txt,Iso,landmarks,12,Powerplant Rockwell Mall,phrase,58,109,0,False
fil_8c8c24079b6e,FIL,Iso_local_cuisines.txt,Iso,local_cuisines,1,Binanlian,word,72,109,0,False
fil_5e73bc72fb0e,FIL,Iso_local_cuisines.txt,Iso,local_cuisines,2,Sinigang,word,66,109,0,False
fil_330002fc31b4,FIL,Iso_local_cuisines.txt,Iso,local_cuisines,3,Chopsuey,word,66,109,0,False
fil_926fd9680300,FIL,Iso_local_cuisines.txt,Iso,local_cuisines,4,Suman,word,65,109,0,False
fil_ff1727bc7154,FIL,Iso_local_cuisines.txt,Iso,local_cuisines,5,Kaldereta,word,62,109,0,False
fil_2ef0a8b83c88,FIL,Iso_local_cuisines.txt,Iso,local_cuisines,6,La Paz Batchoy,phrase,66,109,0,False
fil_5ef55ddf40e7,FIL,Iso_local_cuisines.txt,Iso,local_cuisines,7,Pinangat,word,64,109,0,False
fil_1fde34be590a,FIL,Iso_local_cuisines.txt,Iso,local_cuisines,8,Patis,word,65,109,0,False
fil_b6b105f8132d,FIL,Iso_local_cuisines.txt,Iso,local_cuisines,9,Crispy Pata,phrase,70,109,0,False
fil_16fe52c87359,FIL,Iso_local_cuisines.txt,Iso,local_cuisines,10,Hamonado,word,65,109,0,False
fil_6e55925baa4b,FIL,Iso_local_cuisines.txt,Iso,local_cuisines,11,Suman,word,70,109,0,False
fil_89c14e4a5cc1,FIL,Iso_local_cuisines.txt,Iso,local_cuisines,12,Tinapa,word,69,109,0,False
fil_559f85cc1bf7,FIL,Iso_local_cuisines.txt,Iso,local_cuisines,13,Hamonado,word,67,109,0,False
fil_d987874341c8,FIL,Iso_local_cuisines.txt,Iso,local_cuisines,14,Puto,word,68,109,0,False
fil_5b4d0d2602d5,FIL,Iso_local_cuisines.txt,Iso,local_cuisines,15,Hamonado,word,64,109,0,False
fil_22b33606944a,FIL,Iso_local_cuisines.txt,Iso,local_cuisines,16,Pinirito,word,66,109,0,False
fil_81705f342280,FIL,Iso_local_cuisines.txt,Iso,local_cuisines,17,Pancit Molo,phrase,68,109,0,False
fil_7011769876eb,FIL,Iso_local_cuisines.txt,Iso,local_cuisines,18,Pancit Molo,phrase,66,109,0,False
fil_44b73c19b712,FIL,Iso_male.txt,Iso,male,1,Roger,word,62,109,0,False
fil_d509ec9bcb4b,FIL,Iso_male.txt,Iso,male,2,Ariel,word,65,109,0,False
fil_08a3613a2e72,FIL,Iso_male.txt,Iso,male,3,Christopher,word,65,109,0,False
fil_a809323517e3,FIL,Iso_male.txt,Iso,male,4,Alfred,word,68,109,0,False
fil_a9c4d7f59089,FIL,Iso_male.txt,Iso,male,5,Mark Anthony,phrase,65,109,0,False
fil_917c27a128c3,FIL,Iso_male.txt,Iso,male,6,Anthony,word,67,109,0,False
fil_e9202aef1ba8,FIL,Iso_male.txt,Iso,male,7,Enrico,word,65,109,0,False
fil_1480de220ad1,FIL,Iso_male.txt,Iso,male,8,Victor,word,69,109,0,False
fil_83f377e0550e,FIL,Iso_male.txt,Iso,male,9,Luke,word,64,109,0,False
fil_0807601d7da4,FIL,Iso_male.txt,Iso,male,10,Erwin,word,63,109,0,False
fil_990411c7d749,FIL,Iso_male.txt,Iso,male,11,Dante,word,68,109,0,False
fil_7cb3b22e640e,FIL,Iso_male.txt,Iso,male,12,Michael,word,68,109,0,False
fil_1077b407b2d8,FIL,Iso_male.txt,Iso,male,13,Christian,word,67,109,0,False
fil_bf7b3698b6f0,FIL,Iso_male.txt,Iso,male,14,Joseph,word,65,109,0,False
fil_7859d057a69a,FIL,Iso_male.txt,Iso,male,15,Roger,word,68,109,0,False
fil_d828c99cebc1,FIL,Iso_male.txt,Iso,male,16,Lester,word,70,109,0,False
fil_7ea02dbae4b2,FIL,Iso_surnames_countries.txt,Iso,surnames_countries,1,Garcia,word,44,109,0,False
fil_3e94a88fae4b,FIL,Iso_surnames_countries.txt,Iso,surnames_countries,2,Bautista,word,44,109,0,False
fil_66da581f3f87,FIL,Iso_surnames_countries.txt,Iso,surnames_countries,3,Dela Cruz,phrase,45,109,0,False
fil_1d8b783bda79,FIL,Iso_surnames_countries.txt,Iso,surnames_countries,4,Bautista,word,47,109,0,False
fil_e53e88e25937,FIL,Iso_surnames_countries.txt,Iso,surnames_countries,5,De Castro,phrase,43,109,0,False
fil_1f4b523d5fb0,FIL,Iso_surnames_countries.txt,Iso,surnames_countries,6,Delos Reyes,phrase,43,109,0,False
fil_4b57cf17ee8d,FIL,Iso_surnames_countries.txt,Iso,surnames_countries,7,Ramos,word,43,109,0,False
fil_c76fac67ad6f,FIL,Iso_surnames_countries.txt,Iso,surnames_countries,8,Delos Reyes,phrase,43,108,0,False
fil_af8fbde31568,FIL,Landmarks.txt,Other,Landmarks,1,Malacañang Palace,phrase,14,16,0,False
fil_9426a07bcd31,FIL,Landmarks.txt,Other,Landmarks,2,Simbahan ng San Agustin,phrase,16,16,0,False
fil_c063c7c63146,FIL,Landmarks.txt,Other,Landmarks,3,Monumento ni Bonifacio,phrase,13,16,0,False
fil_15f5a05e2a2d,FIL,Landmarks.txt,Other,Landmarks,4,Manila Cathedral,phrase,13,16,0,False
fil_095ed0d3efef,FIL,Landmarks.txt,Other,Landmarks,5,Ayala Center,phrase,12,16,0,False
fil_9ead9da93eb6,FIL,Landmarks.txt,Other,Landmarks,6,Biyak na Bato,phrase,3,3,0,False
fil_5134aac701c3,FIL,Landmarks.txt,Other,Landmarks,7,Tagaytay Highlands,phrase,3,3,0,False
fil_9d74e1f824de,FIL,Landmarks.txt,Other,Landmarks,8,University of the Philippines,phrase,3,3,0,False
fil_e0a1029ef13c,FIL,Landmarks.txt,Other,Landmarks,9,Banaue Rice Terraces,phrase,3,3,0,False
fil_dee383c11584,FIL,Landmarks.txt,Other,Landmarks,10,Fort Santiago,phrase,3,3,0,False
fil_7f4ac0da5dbc,FIL,NameFem.txt,Other,NameFem,1,Hazel,word,15,16,0,False
fil_87421099e6cf,FIL,NameFem.txt,Other,NameFem,2,Marissa,word,15,16,0,False
fil_a016fb592d8b,FIL,NameFem.txt,Other,NameFem,3,Jean,word,15,16,0,False
fil_e38e822f0bbb,FIL,NameFem.txt,Other,NameFem,4,Vanessa,word,15,16,0,False
fil_a825c66b716b,FIL,NameFem.txt,Other,NameFem,5,Ericka,word,14,16,0,False
fil_e549d18294b0,FIL,NameFem.txt,Other,NameFem,6,Jem,word,3,3,0,False
fil_5cf2afbfa41c,FIL,NameFem.txt,Other,NameFem,7,Vanessa,word,3,3,0,False
fil_52c845331f07,FIL,NameFem.txt,Other,NameFem,8,Cherry,word,3,3,0,False
fil_69240d74d90f,FIL,NameFem.txt,Other,NameFem,9,Irene,word,3,3,0,False
fil_3faf82bb1bee,FIL,NameFem.txt,Other,NameFem,10,Jinky,word,3,3,0,False
fil_24798228d18a,FIL,NameMale.txt,Other,NameMale,1,Mark Anthony,phrase,14,16,0,False
fil_99859261c5c2,FIL,NameMale.txt,Other,NameMale,2,Daniel,word,14,16,0,False
fil_b1ee274ab783,FIL,NameMale.txt,Other,NameMale,3,Don,word,14,16,0,False
fil_796fcefb66b8,FIL,NameMale.txt,Other,NameMale,4,Emil,word,11,16,0,False
fil_aaf2cc9a4d39,FIL,NameMale.txt,Other,NameMale,5,Mark Anthony,phrase,16,16,0,False
fil_c9d4807c5990,FIL,NameMale.txt,Other,NameMale,6,Benjamin,word,3,3,0,False
fil_aa43cc4fdc5f,FIL,NameMale.txt,Other,NameMale,7,Ricardo,word,3,3,0,False
fil_bf7216e36438,FIL,NameMale.txt,Other,NameMale,8,Janus,word,3,3,0,False
fil_54cc393c001b,FIL,NameMale.txt,Other,NameMale,9,Enrico,word,3,3,0,False
fil_2ed1afdc98ec,FIL,NameMale.txt,Other,NameMale,10,Paul,word,3,3,0,False
fil_dbd949a7b832,FIL,Random Digit,Random,Digit,1,51,number,76,109,0,False
fil_58e7c24c73a5,FIL,Random Digit,Random,Digit,2,55,number,70,109,0,False
fil_68c39905c1cb,FIL,Random Digit,Random,Digit,3,47,number,69,109,0,False
fil_a675c623739e,FIL,Random Digit,Random,Digit,4,87,number,71,109,0,False
fil_8e70bf81ed4e,FIL,Random Digit,Random,Digit,5,22,number,77,109,0,False
fil_96820e988c46,FIL,Random Digit,Random,Digit,6,67,number,71,109,0,False
fil_8634934c6f0f,FIL,Random Digit,Random,Digit,7,84,number,76,109,0,False
fil_2a1f40616711,FIL,Random Digit,Random,Digit,8,28,number,76,109,0,False
fil_ee2f7afcea1d,FIL,Random Digit,Random,Digit,9,21,number,69,109,0,False
fil_96f171279bf9,FIL,Random Digit,Random,Digit,10,92,number,71,109,0,False
fil_f37f0eed18fd,FIL,Spo_xaa.txt,Spo,xaa,1,"Ikuwento sa amin ang iyong pang-araw-araw na gawain. Mga sinasakyan patungo sa trabaho o paaralan, mga lakarin, at iba pa. Banggitin lahat ng maiisip mo sa iyong pang-araw-araw na karanasan.",sentence,6,22,0,False
fil_c897a17c9d40,FIL,Spo_xab.txt,Spo,xab,1,Magbanggit ng isang lugar sa Pilipinas na mairerekomenda mo para sa mga turista. Ilarawan ang lahat ng maiisip mo pati ang mga na-experience mo dito.,sentence,6,22,0,False
fil_eaefe9ab3335,FIL,Spo_xac.txt,Spo,xac,1,Ano ang kadalasang ginagawa mo kapag may sakit ka? Ikuwento lahat ng mga posibleng gawin mo.,sentence,5,22,0,False
fil_88811f85c444,FIL,SurnamesCountries.txt,Other,SurnamesCountries,1,Santos,word,3,3,0,False
fil_5c2e09974089,FIL,SurnamesCountries.txt,Other,SurnamesCountries,2,Ocampo,word,3,3,0,False
fil_3df7416927f5,FIL,SurnamesCountries.txt,Other,SurnamesCountries,3,Del Rosario,phrase,3,3,0,False
fil_499cd2fc99e7,FIL,SurnamesCountries.txt,Other,SurnamesCountries,4,Castillo,word,2,3,0,False
fil_141008ad93ba,FIL,SurnamesCountries.txt,Other,SurnamesCountries,5,Santos,word,3,3,0,False
fil_5577615364da,FIL,SurnamesCountries.txt,Other,SurnamesCountries,6,Navarro,word,3,3,0,False
fil_1c77272b9179,FIL,SurnamesCountries.txt,Other,SurnamesCountries,7,De Castro,phrase,3,3,0,False
fil_9eee6e4e64e9,FIL,SurnamesCountries.txt,Other,SurnamesCountries,8,Alemanya,word,3,3,0,False
fil_d01cd36bb6d2,FIL,SurnamesCountries.txt,Other,SurnamesCountries,9,Montalbo,word,3,3,0,False
fil_489bb98d27fe,FIL,SurnamesCountries.txt,Other,SurnamesCountries,10,Delos Reyes,phrase,3,3,0,False
fil_19d3452d1967,FIL,TGLNEW_Education.txt,TGLNEW,Education,1,"Kung ibig nating patuloy tayong pagkatiwalaan ng ating kapwa, kinakailangan nating matutong tumupad sa kasunduan sa lahat ng oras at sandali.",sentence,3,3,0,False
fil_4b20a94c45c2,FIL,TGLNEW_Education.txt,TGLNEW,Education,2,May utang ka sa iyong kaklase minsang kinulang ang iyong pambili ng papel. Mabait ang kaibigan mong ito. Tila nakalimutan ka niyang singilin nang muli kayong magkita. Babayaran mo pa ba siya?,sentence,3,3,0,False
fil_1f0d57cf35b5,FIL,TGLNEW_Education.txt,TGLNEW,Education,3,Piliin ang tamang sagot sa kahon at isulat ito sa patlang.,sentence,3,3,0,False
fil_f1499e29b4d5,FIL,TGLNEW_Education.txt,TGLNEW,Education,4,Kulayan ang pugad kung nangyari sa kuwento.,sentence,3,3,0,False
fil_fef6fdfc1f04,FIL,TGLNEW_Education.txt,TGLNEW,Education,5,Sagutin ang palaisipan sa ibaba.,sentence,3,3,0,False
fil_97cc6a0c9d51,FIL,TGLNEW_Education.txt,TGLNEW,Education,6,Anu-ano ang iyong maaaring gawin?,sentence,3,3,0,False
fil_68f522aa194e,FIL,TGLNEW_Education.txt,TGLNEW,Education,7,Madaling makapagsasagawa ng paghahambing sa tulong ng isang grap o dayagram dahil mas nagiging malinaw at tiyak ang ugnayan ng mga datos.,sentence,2,3,0,False
fil_e92b4dfbde61,FIL,TGLNEW_Education.txt,TGLNEW,Education,8,Maaari ka bang makalikha ng sarili mong balangkas?,sentence,3,3,0,False
fil_9c0d57ecf14f,FIL,TGLNEW_Education.txt,TGLNEW,Education,9,Tukuyin din kung ano ang hanapbuhay ng mga tao.,sentence,3,3,0,False
fil_47da41f7dbd6,FIL,TGLNEW_Education.txt,TGLNEW,Education,10,Ang payak na pamumuhay ng mga taga-nayon ang siyang kinagisnang katangian ng ating mga ninuno.,sentence,3,3,0,False
fil_d844a186c53f,FIL,TGLNEW_Education.txt,TGLNEW,Education,11,Kaya malaki ang maitutulong kung magtatala tayo ng mahahalagang impormasyon o detalye ng panutong ating napakinggan.,sentence,3,3,0,False
fil_4a90633007be,FIL,TGLNEW_Education.txt,TGLNEW,Education,12,Natataranta ang kapitbahay ninyo dahil daw sa may sunog malapit sa inyong kalye.,sentence,3,3,0,False
fil_1abb911dbaea,FIL,TGLNEW_Education.txt,TGLNEW,Education,13,Natataranta ang kapitbahay ninyo dahil daw sa may sunog malapit sa inyong kalye.,sentence,3,3,0,False
fil_49d4c94945fc,FIL,TGLNEW_Education.txt,TGLNEW,Education,14,Kulayan naman ng itim ang kahon kung hindi tama.,sentence,3,3,0,False
fil_1a004ae58ec5,FIL,TGLNEW_Education.txt,TGLNEW,Education,15,Maaaring sa halip na toyo ay katas ng atsuwete ang gamiting pangkulay.,sentence,3,3,0,False
fil_b5ae3ae819d8,FIL,TGLNEW_Education.txt,TGLNEW,Education,16,Siguraduhing isulat ang mga sumusunod,sentence,3,3,0,False
fil_9a26487e9401,FIL,TGLNEW_Education.txt,TGLNEW,Education,17,Ikaw ba ay may mga pinsan o kaibigan na nakatira sa ibang bahagi ng Pilipinas?,sentence,3,3,0,False
fil_d43dc14fd397,FIL,TGLNEW_Education.txt,TGLNEW,Education,18,Kulayan ang larawan.,phrase,3,3,0,False
fil_46b2edb45998,FIL,TGLNEW_Education.txt,TGLNEW,Education,19,Basahin ang tanong.,phrase,3,3,0,False
fil_3a4638522ca3,FIL,TGLNEW_Education.txt,TGLNEW,Education,20,Lagyan ng tsek ang patlang kung ang sinasabi ng pangungusap ay wasto at ekis kung hindi.,sentence,3,3,0,False
fil_a4e09c944e88,FIL,TGLNEW_Education.txt,TGLNEW,Education,21,Makinilya ang ginagamit ng mga tao noon bago dumating ang mga computer.,sentence,3,3,0,False
fil_e44c8b4dff38,FIL,TGLNEW_Education.txt,TGLNEW,Education,22,Isulat ang titik lamang.,phrase,3,3,0,False
fil_2428116ceb5a,FIL,TGLNEW_Education.txt,TGLNEW,Education,23,"mababa, katamtaman ang boses",phrase,3,3,0,False
fil_f7c00482e9f7,FIL,TGLNEW_Education.txt,TGLNEW,Education,24,Ang tubig nito ay matabang at umaagos.,sentence,3,3,0,False
fil_ca6065279428,FIL,TGLNEW_Education.txt,TGLNEW,Education,25,Ito ay ikinakabit sa unang pantig ng salitang ugat.,sentence,3,3,0,False
fil_2c49c4a2797c,FIL,TGLNEW_Education.txt,TGLNEW,Education,26,Bilugan ang angkop na sagot para sa pangungusap.,sentence,3,3,0,False
fil_fb74b71323f5,FIL,TGLNEW_Education.txt,TGLNEW,Education,27,Gumawa ng isang poster na naghihikayat sa mga taong magtipid ng tubig.,sentence,3,3,0,False
fil_a05e36d9917a,FIL,TGLNEW_Education.txt,TGLNEW,Education,28,Gumuhit ng X kung hindi.,sentence,3,3,0,False
fil_abe9a884a237,FIL,TGLNEW_Education.txt,TGLNEW,Education,29,"Mula sa ating listahan ng kambal-katinig, basahin ang kwento at hanapin mo ang mga salitang may kambal-katinig.",sentence,3,3,0,False
fil_c6128c46f2ca,FIL,TGLNEW_Education.txt,TGLNEW,Education,30,"Sa loob ng kahon, gumuhit ng larawang nagpapakita kung paano mo mapapangalagaan ang ating mga kalupaan.",sentence,3,3,0,False
fil_b8f7f4f8c4b8,FIL,TGLNEW_Education.txt,TGLNEW,Education,31,"Kung ibig nating patuloy tayong pagkatiwalaan ng ating kapwa, kinakailangan nating matutong tumupad sa kasunduan sa lahat ng oras at sandali.",sentence,3,3,0,False
fil_408a32b4361b,FIL,TGLNEW_Education.txt,TGLNEW,Education,32,"Dahil dito, iba-iba ang pamumuhay at hanapbuhay sa iba't ibang pamayanan.",sentence,3,3,0,False
fil_1ea527af2a14,FIL,TGLNEW_Education.txt,TGLNEW,Education,33,"Kapag pumula na, ibuhos ang sabaw na pinagpalambutan.",sentence,3,3,0,False
fil_1d2b11042d78,FIL,TGLNEW_Education.txt,TGLNEW,Education,34,"Isulat sa patlang ang L kung lantay, PH kung pahambing at PS kung pasukdol.",sentence,3,3,0,False
fil_6258464a9a8f,FIL,TGLNEW_Education.txt,TGLNEW,Education,35,Hindi ba't kapag mataas ang kanyang tono at malakas ang kanyang boses.,sentence,3,3,0,False
fil_5225794b6118,FIL,TGLNEW_Education.txt,TGLNEW,Education,36,Ano ang kabuluhan sa iyo ng impormasyong napakinggan?,sentence,3,3,0,False
fil_944f62bbd504,FIL,TGLNEW_Education.txt,TGLNEW,Education,37,Idikit ang mga larawan sa isang papel at sumulat ng mga pangungusap na nagsasabi ng katangian ng mga ito.,sentence,3,3,0,False
fil_6dec5883bb77,FIL,TGLNEW_Education.txt,TGLNEW,Education,38,Sumulat ng isang maikling ulat ng isinagawang panayam at isabmit ito sa lokal na pahayagan sa bayan.,sentence,3,3,0,False
fil_5334a640baaa,FIL,TGLNEW_Education.txt,TGLNEW,Education,39,Lagyan ng bilog ang titik na bago sa mga sumusunod.,sentence,3,3,0,False
fil_574a50cab8fc,FIL,TGLNEW_Education.txt,TGLNEW,Education,40,Iguhit mo ang bawat isa sa mga kahon sa ilalim.,sentence,3,3,0,False
fil_0fbd8c12c0d6,FIL,TGLNEW_Education01.txt,TGLNEW,Education01,1,"Okay children, are you ready to pray?",sentence,15,15,0,False
fil_636dc639a91e,FIL,TGLNEW_Education01.txt,TGLNEW,Education01,2,Kumuha ng isang pirasong papel at lagyan ng pangalan.,sentence,14,15,0,False
fil_eba3866d815a,FIL,TGLNEW_Education01.txt,TGLNEW,Education01,3,"O, mga bata recess na, pumila lang ng maayos.",sentence,15,15,0,False
fil_d0bca4b35058,FIL,TGLNEW_Education01.txt,TGLNEW,Education01,4,Huwag ilagay sa drawer.,phrase,15,15,0,False
fil_958f4c82f6f2,FIL,TGLNEW_Education01.txt,TGLNEW,Education01,5,"Malapit na ang uwian, hindi pa kayo tapos.",sentence,15,15,0,False
fil_c2647ca22cda,FIL,TGLNEW_Education01.txt,TGLNEW,Education01,6,"Isa... Dalawa... pagbilang ko ng tatlo, palalabasin ko ang maingay.",sentence,15,15,0,False
fil_0a9521b2aeaf,FIL,TGLNEW_Education01.txt,TGLNEW,Education01,7,Lakasan ang pagbasa para marinig ko.,sentence,15,15,0,False
fil_4cb9c2da37df,FIL,TGLNEW_Education01.txt,TGLNEW,Education01,8,Nasaan ang pambura ng pisara?,sentence,13,15,0,False
fil_13209bbe4d1d,FIL,TGLNEW_Education01.txt,TGLNEW,Education01,9,"Ang maingay, pangit.",phrase,15,15,0,False
fil_6c4ef388fc4c,FIL,TGLNEW_Education01.txt,TGLNEW,Education01,10,"O mga bata magdasal na tayo, o hala tayo o tumayo na ang lahat.",sentence,15,15,0,False
fil_05adb24ce3d1,FIL,TGLNEW_Education01.txt,TGLNEW,Education01,11,"Ang may binalot na bata, sa loob ng room kakain. Bawal ang nanay sa loob ng room natin.",sentence,15,15,0,False
fil_818bf33f249f,FIL,TGLNEW_Education01.txt,TGLNEW,Education01,12,Huwag kayong maingay andyan na ang principal.,sentence,15,15,0,False
fil_76e1383114da,FIL,TGLNEW_Education01.txt,TGLNEW,Education01,13,"Mga bata, tumayo ang lahat at magdadasal na tayo.",sentence,15,15,0,False
fil_4b1d1dcacbf9,FIL,TGLNEW_Education01.txt,TGLNEW,Education01,14,'Pag hindi nakabasa babalik ni man sa Grade One.,sentence,15,15,0,False
fil_286a7a632fdf,FIL,TGLNEW_Education01.txt,TGLNEW,Education01,15,"Okay, ayusin ang upuan at kuhanin ang gamit.",sentence,15,15,0,False
fil_edf1b7d27a3f,FIL,TGLNEW_Education01.txt,TGLNEW,Education01,16,Ang dumi mo.,phrase,15,15,0,False
fil_0678c7c5c130,FIL,TGLNEW_Education01.txt,TGLNEW,Education01,17,"Pagkatapos ko magkuwento, may mga tanong ako para sa inyo.",sentence,15,15,0,False
fil_83835e396d0d,FIL,TGLNEW_Education01.txt,TGLNEW,Education01,18,Mata dito.,phrase,15,15,0,False
fil_a1bb2b2690eb,FIL,TGLNEW_Education01.txt,TGLNEW,Education01,19,Lumabas ang ayaw makinig.,phrase,15,15,0,False
fil_ba45b6f4481f,FIL,TGLNEW_Education01.txt,TGLNEW,Education01,20,Huwag lalabas.,phrase,15,15,0,False
fil_88a9030bafc1,FIL,TGLNEW_Education01.txt,TGLNEW,Education01,21,Iguhit ang sumusunod.,phrase,15,15,0,False
fil_b502e4e1cbd2,FIL,TGLNEW_Education01.txt,TGLNEW,Education01,22,"Oh, lahat ng bibili ng hotmeal humanay.",sentence,15,15,0,False
fil_9c1687aa3abf,FIL,TGLNEW_Education01.txt,TGLNEW,Education01,23,Makinig kayong mabuti!,phrase,15,15,0,False
fil_897ba87cb59f,FIL,TGLNEW_Education01.txt,TGLNEW,Education01,24,Hindi uuwi pag hindi natapos ang 'seatwork'.,sentence,15,15,0,False
fil_c9419d2c4cfc,FIL,TGLNEW_Education01.txt,TGLNEW,Education01,25,Pumasok kayong lahat.,phrase,15,15,0,False
fil_32bb1fed6935,FIL,TGLNEW_Education01.txt,TGLNEW,Education01,26,Ang hindi makabasa maiiwan ang makakabasa lalabas,sentence,14,14,0,False
fil_988e5f771dd2,FIL,TGLNEW_Education01.txt,TGLNEW,Education01,27,Huwag gamitin ang bibig habang nagsusulat.,sentence,14,14,0,False
fil_a851a4937c23,FIL,TGLNEW_Education01.txt,TGLNEW,Education01,28,Lahat yumuko; ang hindi yumuko hindi lalabas.,sentence,14,14,0,False
fil_5f8ea048418e,FIL,TGLNEW_Education01.txt,TGLNEW,Education01,29,Itapon ang mga basura sa basurahan.,sentence,14,14,0,False
fil_0e33a90e8e65,FIL,TGLNEW_Education01.txt,TGLNEW,Education01,30,May kapatid ka ba sa ibang grade?,sentence,13,14,0,False
fil_1773cef80e81,FIL,TGLNEW_Education01.txt,TGLNEW,Education01,31,Mamaya na kumain.,phrase,9,9,0,False
fil_a51071f9cfb5,FIL,TGLNEW_Education01.txt,TGLNEW,Education01,32,"Oh, lahat ng bibili ng hotmeal humanay.",sentence,9,9,0,False
fil_5ef5d4ba8be7,FIL,TGLNEW_Education01.txt,TGLNEW,Education01,33,"Oo, siyempre!",phrase,9,9,0,False
fil_2561f2493ef5,FIL,TGLNEW_Education01.txt,TGLNEW,Education01,34,"Isa... Dalawa... pagbilang ko ng tatlo, palalabasin ko ang maingay.",sentence,9,9,0,False
fil_71b2a1dc0db4,FIL,TGLNEW_Education01.txt,TGLNEW,Education01,35,Ang maingay papupuntahin na sa office.,sentence,9,9,0,False
fil_9c18a75de1e7,FIL,TGLNEW_Education01.txt,TGLNEW,Education01,36,"Itatapon ko 'yang notebook nyo eh, sinasabi ng humanay pag magpapatsek.",sentence,9,9,0,False
fil_76ae665912cd,FIL,TGLNEW_Education01.txt,TGLNEW,Education01,37,Kunin ang sanayang aklat at answeran ang mga tanong.,sentence,9,9,0,False
fil_3f49c24bd06e,FIL,TGLNEW_Education01.txt,TGLNEW,Education01,38,Punasan ang pisara,phrase,9,9,0,False
fil_fb8093e3b196,FIL,TGLNEW_Education01.txt,TGLNEW,Education01,39,Iayos ninyo ang inyong upo.,sentence,9,9,0,False
fil_35d778b7e6cf,FIL,TGLNEW_Education01.txt,TGLNEW,Education01,40,Kunin ang notebook no. three.,sentence,9,9,0,False
fil_28daaf3b895e,FIL,TGLNEW_Education02.txt,TGLNEW,Education02,1,Ibili mo naman ako tinapay sa labas.,sentence,4,4,0,False
fil_d35ac25d07d5,FIL,TGLNEW_Education02.txt,TGLNEW,Education02,2,"Kapag natapos nang magsagot, tumahimik.",sentence,4,4,0,False
fil_bf7f642d82a8,FIL,TGLNEW_Education02.txt,TGLNEW,Education02,3,"O ikaw, bakit di ka bumili?",sentence,4,4,0,False
fil_3084f50f5b07,FIL,TGLNEW_Education02.txt,TGLNEW,Education02,4,Hindi i-tsek ang test paper kapag hindi bayad.,sentence,4,4,0,False
fil_0747a3e111ee,FIL,TGLNEW_Education02.txt,TGLNEW,Education02,5,Ano ang ibig sabihin kung ang mean ay three point five at ang perfect score ng pagtataya ay ten?,sentence,4,4,0,False
fil_10255ee83cf0,FIL,TGLNEW_Education02.txt,TGLNEW,Education02,6,"Oo, sino pang bibili, wala ng bibili? Bumalik sa upuan.",sentence,4,4,0,False
fil_d9603fe226f1,FIL,TGLNEW_Education02.txt,TGLNEW,Education02,7,Ano ang naintindihan niyo?,phrase,4,4,0,False
fil_41bd7f6f6589,FIL,TGLNEW_Education02.txt,TGLNEW,Education02,8,Huwag ng kakalimutang magdala ng papel at lapis ha.,sentence,4,4,0,False
fil_40809f3ed415,FIL,TGLNEW_Education02.txt,TGLNEW,Education02,9,"Magsulat mula sa kulay blue na guhit, dadaan sa red hanggang blue na guhit.",sentence,4,4,0,False
fil_7559507b0130,FIL,TGLNEW_Education02.txt,TGLNEW,Education02,10,"Kyle, Isulat mo ang iyong pangalan sa pisara.",sentence,4,4,0,False
fil_3bf0641969a1,FIL,TGLNEW_Education02.txt,TGLNEW,Education02,11,Kumuha ng notebook number seven o papel para sa spelling.,sentence,4,4,0,False
fil_d261a3144c14,FIL,TGLNEW_Education02.txt,TGLNEW,Education02,12,"Pagdating ba sa bahay, kayo ba ay nagbubuklat ng inyong kwaderno?",sentence,4,4,0,False
fil_b0ebdca7269b,FIL,TGLNEW_Education02.txt,TGLNEW,Education02,13,Makinig nang mabuti at mamaya may itatanong ako.,sentence,4,4,0,False
fil_cb0fc757a841,FIL,TGLNEW_Education02.txt,TGLNEW,Education02,14,Ikaw ang pagtuturuin ko kapag hindi tumigil diyan.,sentence,4,4,0,False
fil_414b37d64e47,FIL,TGLNEW_Education02.txt,TGLNEW,Education02,15,Manalangin tayo.,phrase,4,4,0,False
fil_d7566baf00a9,FIL,TGLNEW_Education02.txt,TGLNEW,Education02,16,Ano sumbong na naman?,phrase,4,4,0,False
fil_60f583ad2451,FIL,TGLNEW_Education02.txt,TGLNEW,Education02,17,Huwag kang bura nang bura.,sentence,4,4,0,False
fil_81c645e6197d,FIL,TGLNEW_Education02.txt,TGLNEW,Education02,18,May bisita sa office. Huwag maingay.,sentence,4,4,0,False
fil_4486535afa6c,FIL,TGLNEW_Education02.txt,TGLNEW,Education02,19,Kumuha po ng walis at walisan ang sahig.,sentence,4,4,0,False
fil_e9b6e209cab7,FIL,TGLNEW_Education02.txt,TGLNEW,Education02,20,Ipatong ang inyong mga kamay sa inyong mesa.,sentence,4,4,0,False
fil_16c86ced4be0,FIL,TGLNEW_Education02.txt,TGLNEW,Education02,21,Pumunta ka kay Ma'am Royo at humiram ka Lesson Plan.,sentence,4,4,0,False
fil_a20f046374cc,FIL,TGLNEW_Education02.txt,TGLNEW,Education02,22,Kumuha ng noteook no. one at isulat ang Takdang Aralin.,sentence,4,4,0,False
fil_48974b22c50f,FIL,TGLNEW_Education02.txt,TGLNEW,Education02,23,Lumabas naman kayo pag uutot!,sentence,4,4,0,False
fil_f1b404d2db70,FIL,TGLNEW_Education02.txt,TGLNEW,Education02,24,Punasan mo ang mesa,phrase,4,4,0,False
fil_43be09dda4f2,FIL,TGLNEW_Education02.txt,TGLNEW,Education02,25,Pakisara ang mga bintana.,phrase,4,4,0,False
fil_8cc114eace87,FIL,TGLNEW_Education02.txt,TGLNEW,Education02,26,Kita ko kayo kahit nakatalikod ako.,sentence,4,4,0,False
fil_0ad102ad97c9,FIL,TGLNEW_Education02.txt,TGLNEW,Education02,27,"Ok lang kahit pangit ang drawing, basta't ang mahalaga 'yon sagot nyo.",sentence,4,4,0,False
fil_8428d50ff975,FIL,TGLNEW_Education02.txt,TGLNEW,Education02,28,"Okay sige, maglalaro tayo ng halaan.",sentence,4,4,0,False
fil_8ebb35f7f6b3,FIL,TGLNEW_Education02.txt,TGLNEW,Education02,29,Ang hindi makabasa babalik sa grade one,sentence,4,4,0,False
fil_a3d5c19a0ee8,FIL,TGLNEW_Education02.txt,TGLNEW,Education02,30,Pakidakot nga po yung basura sa gate.,sentence,4,4,0,False
fil_042f28bc2c0b,FIL,TGLNEW_Education02.txt,TGLNEW,Education02,31,Itapon ang iyong basura sa basurahan.,sentence,4,4,0,False
fil_5ac066b298c3,FIL,TGLNEW_Education02.txt,TGLNEW,Education02,32,O gandahan n`yo ang sulat para maintindihan ng magulang n`yo.,sentence,4,4,0,False
fil_89c9c92f08ef,FIL,TGLNEW_Education02.txt,TGLNEW,Education02,33,Makinig mabuti.,phrase,4,4,0,False
fil_544268258541,FIL,TGLNEW_Education02.txt,TGLNEW,Education02,34,Okay upo! Tayo! Upo! Tayo!,sentence,4,4,0,False
fil_9e6f7ce5d4a1,FIL,TGLNEW_Education02.txt,TGLNEW,Education02,35,"O ikaw, bakit di ka bumili?",sentence,4,4,0,False
fil_bca78117987f,FIL,TGLNEW_Education02.txt,TGLNEW,Education02,36,"Ok, magkita nalang tayo sa susunod na taon. Ibabalik kita sa grade one.",sentence,4,4,0,False
fil_34146b5c95b8,FIL,TGLNEW_Education02.txt,TGLNEW,Education02,37,"Kumuha ng papel, lagyan ng pangalan grade at section.",sentence,4,4,0,False
fil_b5c0a48f402e,FIL,TGLNEW_Education02.txt,TGLNEW,Education02,38,Pulutin ang basura.,phrase,4,4,0,False
fil_137e662e2b35,FIL,TGLNEW_Education02.txt,TGLNEW,Education02,39,Ipunas ang mga paa bago pumasok sa room.,sentence,4,4,0,False
fil_ca4ebeb8ed0d,FIL,TGLNEW_Education02.txt,TGLNEW,Education02,40,Lagyan ng tubig ang timba.,sentence,4,4,0,False
fil_7900390d39d6,FIL,TGLNEW_Literature_xaa.txt,TGLNEW,Literature_xaa,1,"Ilang araw pa lamang ang nakalilipas mula nang magkita kami ay nadama na ni Tristan ang pangingilabot, isang mahiwagang kutob na nagbabadya ng isang kapangyarihang hindi maitatakwil.",sentence,15,15,0,False
fil_2eb3172e9634,FIL,TGLNEW_Literature_xaa.txt,TGLNEW,Literature_xaa,2,"""Sa tingin ko ay mas mabuti pang umalis na tayo sa bahay na ito bukas ng umaga at baka may masama pang mangyari sa atin dito, "" ani Maria.",sentence,15,15,0,False
fil_e5f662df72b7,FIL,TGLNEW_Literature_xaa.txt,TGLNEW,Literature_xaa,3,Ba't parang nawala yata ako doon sa equation?,sentence,15,15,0,False
fil_b69e209330fe,FIL,TGLNEW_Literature_xaa.txt,TGLNEW,Literature_xaa,4,Saksakan ka ng yabang!,phrase,15,15,0,False
fil_5fa1c7d6dba8,FIL,TGLNEW_Literature_xaa.txt,TGLNEW,Literature_xaa,5,Isama pati mga kapitbahay 'yong buong bayan n'yo.,sentence,14,15,0,False
fil_0d934a2af096,FIL,TGLNEW_Literature_xaa.txt,TGLNEW,Literature_xaa,6,"Ang mahabang nilakaran nila mula sa Mariveles hanggang sa San Fernando, Pampanga, na may limampu't limang milya ay nagtila-impiyerno",sentence,15,15,0,False
fil_ea21a3921990,FIL,TGLNEW_Literature_xaa.txt,TGLNEW,Literature_xaa,7,"Kaya naman pala hindi mapakali ang mga langaw, ang kanilang tumpok ay pilit ginigiba ng ilang basurero na siguro 'y aabutin na ng siyam-siyam bago mailipat sa trak ang dini-demolish na basurahan.",sentence,15,15,0,False
fil_993f14228b1c,FIL,TGLNEW_Literature_xaa.txt,TGLNEW,Literature_xaa,8,"""Mabili naman ang tinda kong inihaw na mais at mga kastanyog.",sentence,14,15,0,False
fil_82e4671e7e69,FIL,TGLNEW_Literature_xaa.txt,TGLNEW,Literature_xaa,9,Lalayo si JOAQUIN sa SEKRETARYA.,sentence,15,15,0,False
fil_57bb19a0afa8,FIL,TGLNEW_Literature_xaa.txt,TGLNEW,Literature_xaa,10,Bakla!,word,15,15,0,False
fil_123af35a6a52,FIL,TGLNEW_Literature_xaa.txt,TGLNEW,Literature_xaa,11,"""Sapat na iyong mga naibigay at nagawa niya para sa amin.",sentence,15,15,0,False
fil_d08ac18a9156,FIL,TGLNEW_Literature_xaa.txt,TGLNEW,Literature_xaa,12,"Nakakapagod umagapay, nakakahinayang namang magpaiwan.",sentence,15,15,0,False
fil_2cbfd8f0f237,FIL,TGLNEW_Literature_xaa.txt,TGLNEW,Literature_xaa,13,"Nais ko mang iwasan ang pagdalo sa mga pagkakataong alam kong gigiyagis sa akin, hindi ko magawa; bahagi ng tungkulin ng Kagawaran.",sentence,14,15,0,False
fil_4b4b3dd0c94f,FIL,TGLNEW_Literature_xaa.txt,TGLNEW,Literature_xaa,14,"Ang patnubay na ibinigay ay napakalawak at may-kalabuan; walang iminungkahing kahabaan o kaiklian ng mabubuong aklat, gayundin sa pagsasa-larawan.",sentence,15,15,0,False
fil_564874052ab6,FIL,TGLNEW_Literature_xaa.txt,TGLNEW,Literature_xaa,15,"Ang lahat ay maaaring maganap sa isipan, sa loob ng sampung minuto, mula sa sandaling ipaliwanag ang marahas na pagguho ng isang pedestal.",sentence,14,15,0,False
fil_798aec96a50e,FIL,TGLNEW_Literature_xaa.txt,TGLNEW,Literature_xaa,16,"Ang naturang tsunami marker ang naging simbolo ng "" Earthquake and Tsunami Awareness and Preparedness Workshop "" ng PHIVOLCS at UNDP para sa mga lokal na opisyal at guro ng Baler, Aurora, noong Enero dalawampu't anim hanggang dalawampu't pito sa Amco Beach Resort, Baler.",sentence,15,15,0,False
fil_0bd7d2573e23,FIL,TGLNEW_Literature_xaa.txt,TGLNEW,Literature_xaa,17,Wala akong pakialam kung mapuno ng pimples ang noo ko dahil sa puyat sa pangangarir ng mga school project.,sentence,15,15,0,False
fil_0fcef92568a9,FIL,TGLNEW_Literature_xaa.txt,TGLNEW,Literature_xaa,18,Gusto mo ba ang ginagawa mo?,sentence,15,15,0,False
fil_c690956c3526,FIL,TGLNEW_Literature_xaa.txt,TGLNEW,Literature_xaa,19,Masama talagang maghalo ang lamig ng hangin at init ng pawis.,sentence,15,15,0,False
fil_e172538ec98a,FIL,TGLNEW_Literature_xaa.txt,TGLNEW,Literature_xaa,20,"Hindi naman ako makatayo o makakilos, huli na ang lahat, may nararamdaman din akong tumaas-bumaba sa pagitan ng aking hita.",sentence,15,15,0,False
fil_49d2e9b91208,FIL,TGLNEW_Literature_xaa.txt,TGLNEW,Literature_xaa,21,"Puwedeng maging magkakaugnay ang mga mahilig magsulat ng tula, o ang mga adik sa basketbol, o ang mga nahuhumaling sa pagbabasa ng HarryPotter.",sentence,15,15,0,False
fil_6a0a684ccb65,FIL,TGLNEW_Literature_xaa.txt,TGLNEW,Literature_xaa,22,"Nagtagpo ang Babae at Lalake sa isang motel, bilang bahagi ng pangako nila sa isa 't isa na magsasalo nang walang hanggan sa pagmamahal, kahit bawal.",sentence,15,15,0,False
fil_5834e3cd0d73,FIL,TGLNEW_Literature_xaa.txt,TGLNEW,Literature_xaa,23,Masayang lumabas ng opisina ang dalagita.,sentence,15,15,0,False
fil_3a4353828157,FIL,TGLNEW_Literature_xaa.txt,TGLNEW,Literature_xaa,24,"Nakikinig ako sa AM radio kahapon ng umaga habang papunta sa ospital para dalawin ang ate ko, ooperahan kasi siya sa puso.",sentence,15,15,0,False
fil_5fee27c88ea7,FIL,TGLNEW_Literature_xaa.txt,TGLNEW,Literature_xaa,25,Hindi kumibo si Maria.,phrase,15,15,0,False
fil_2a800a00adb3,FIL,TGLNEW_Literature_xaa.txt,TGLNEW,Literature_xaa,26,"Siguro'y sinusumpong na naman ako, o talaga lang hindi ko pa gamay ang bagong barkada.",sentence,14,14,0,False
fil_ea36e6f945fb,FIL,TGLNEW_Literature_xaa.txt,TGLNEW,Literature_xaa,27,"Dito nagsimulang sumibol ang kaniyang career; nakasama siya sa Extra Challenge, isang reality show, at nagkaroon siya rito ng bahagi na pinamagatang Pasaway Challenge; tampok dito ang mga artistang maaarte at ayaw sumubok sa challenge; may espesyal pa ngang awitin para dito, tungkol sa pasaway, ang J Brothers Band.",sentence,14,14,0,False
fil_16acab96634e,FIL,TGLNEW_Literature_xaa.txt,TGLNEW,Literature_xaa,28,"Nakikinig ako sa AM radio kahapon ng umaga habang papunta sa ospital para dalawin ang ate ko, ooperahan kasi siya sa puso.",sentence,14,14,0,False
fil_d51be9d84d67,FIL,TGLNEW_Literature_xaa.txt,TGLNEW,Literature_xaa,29,"Pinasabog nila ang mga tulay sa Ilog Pasig, maliban sa Ayala Bridge, upang pigilin ang pagtawid ng mga kawal-Amerikanong patungo sa Timog-Maynila.",sentence,14,14,0,False
fil_5824a2c79693,FIL,TGLNEW_Literature_xaa.txt,TGLNEW,Literature_xaa,30,Tila sa may Balut pa nakatira si Bernie Carpio -- sabi ni Tony.,sentence,14,14,0,False
fil_4f11f3ac22b3,FIL,TGLNEW_Literature_xaa.txt,TGLNEW,Literature_xaa,31,Isara ang bibig.,phrase,9,9,0,False
fil_de4d2d6ffab1,FIL,TGLNEW_Literature_xaa.txt,TGLNEW,Literature_xaa,32,"Si Yaya po niya, Ma'am.",sentence,9,9,0,False
fil_a34bd8cdc87d,FIL,TGLNEW_Literature_xaa.txt,TGLNEW,Literature_xaa,33,"Pero, hindi pala nag-iisa si Ma'am M. Habang tinatapos ko ang kolehiyo, marami pa akong nakilalang tulad niya.",sentence,9,9,0,False
fil_2aa36b5f1851,FIL,TGLNEW_Literature_xaa.txt,TGLNEW,Literature_xaa,34,Obserbahan mo kung lalaki nga ang titi mo.,sentence,9,9,0,False
fil_ebcc7ef9dfe3,FIL,TGLNEW_Literature_xaa.txt,TGLNEW,Literature_xaa,35,Kaagad ko naman siyang napatawad dahil wala naman siyang kasalanan sa akin.,sentence,9,9,0,False
fil_76a1f1bd5566,FIL,TGLNEW_Literature_xaa.txt,TGLNEW,Literature_xaa,36,"Pilit na kinikilala ni Bernie ang kanyang katunggali sa may lilim ng hardin subalit makapal ang karimlang tabing, ang dilim na lumamon sa mga bituin sa langit at tuwirang nag-anyong isang malaking dambuhalang nakapagitan sa kanya at mga kapanalig, nakapagitna sa kanyang nagluksang pangitain at naghahamon, nanunukso.",sentence,8,9,0,False
fil_b827b9f8a83a,FIL,TGLNEW_Literature_xaa.txt,TGLNEW,Literature_xaa,37,Iniabot ni Bader ang mga pagkain kay Maria na ipinatong naman ang mga ito sa ibabaw ng kalang de gaas.,sentence,9,9,0,False
fil_dd4154a8f917,FIL,TGLNEW_Literature_xaa.txt,TGLNEW,Literature_xaa,38,"Ang naturang tsunami marker ang naging simbolo ng "" Earthquake and Tsunami Awareness and Preparedness Workshop "" ng PHIVOLCS at UNDP para sa mga lokal na opisyal at guro ng Baler, Aurora, noong Enero dalawampu't anim hanggang dalawampu't pito sa Amco Beach Resort, Baler.",sentence,9,9,0,False
fil_f0b890dd96c5,FIL,TGLNEW_Literature_xaa.txt,TGLNEW,Literature_xaa,39,Nakatutuwa sapagkat pati sa mga horror movie ay dominado nila ang ating libangan.,sentence,9,9,0,False
fil_2f6e55d8541f,FIL,TGLNEW_Literature_xaa.txt,TGLNEW,Literature_xaa,40,Ang prutas nama 'y ipinamimigay sa mga naglalamay.,sentence,9,9,0,False
fil_06d2fc19b9af,FIL,TGLNEW_Literature_xab.txt,TGLNEW,Literature_xab,1,"Sa lahat ng mga travel ko rito sa Asia Pacific, isa ang Sydney sa paborito ko.",sentence,7,7,0,False
fil_fc25972fa186,FIL,TGLNEW_Literature_xab.txt,TGLNEW,Literature_xab,2,Ang akala ko'y marunong kang magmahal...,sentence,7,7,0,False
fil_9aa6c98f50a2,FIL,TGLNEW_Literature_xab.txt,TGLNEW,Literature_xab,3,"Pero ako, Nay, hayaan n 'yo na lang ako sa gusto ko.",sentence,7,7,0,False
fil_6278119bf5e7,FIL,TGLNEW_Literature_xab.txt,TGLNEW,Literature_xab,4,"Samantalang noong nasa Heart Center ako, sampung minuto lamang ang biyahe ko mula sa bahay namin.",sentence,7,7,0,False
fil_0af551120b09,FIL,TGLNEW_Literature_xab.txt,TGLNEW,Literature_xab,5,"Nakatutukso ang itsura ng babae: naka-jeans, malakl ang hita 't puwit, mataas ang balakang.",sentence,7,7,0,False
fil_d03b26ab9fc8,FIL,TGLNEW_Literature_xab.txt,TGLNEW,Literature_xab,6,"Kayang tumbasan ng mga kobrador ang gahum ng konsehal o baranggay kapitan, at siyang higit na nakakikilala sa mga tao doon sa mga sulok-sulok ng kalyehon at purok; ang mga kabo ay waring mafiosi na makapagbubulong kung sino ang dapat manalo, at kung sino ang dapat balatuhang kandidatong politiko o kaya 'y suhulan o pataying kalaban, tiktik, o awtoridad; at ang "" jueteng lord "" ay sukdulang sambahing gaya ng diyos na kayang magpamudmod ng biyaya sa mga karaniwang mamamayang karamihan ay dukha, o dili kaya 'y magpaulan ng salapi para sa mga heneral, artista, mambabatas, huwes, obispo, at maging sa pangulo ng bansa tuwing may halalan, kalamidad, piyesta, rali, at kung ano-ano pang pangyayaring nangangailangan ng salapi.",sentence,7,7,0,False
fil_2ac3a4cc085d,FIL,TGLNEW_Literature_xab.txt,TGLNEW,Literature_xab,7,"Wala mang mga tangke at sandatahang lakas na kumubkob sa mga lansangan gaya nang nailarawan sa ibang bansang nagpairal ng Batas Militar, hinuli naman at ikinulong nang walang kaukulang sakdal ang mga tinawag na "" subersibo "", sina Benigno Aquino, Jr., Chino Roces, Jose Diokno, Max Soliven, Soc Rodrigo, Nap Rama, Ramon Mitra, atb.",sentence,7,7,0,False
fil_c01c6d5373f2,FIL,TGLNEW_Literature_xab.txt,TGLNEW,Literature_xab,8,Maganda at maamo ang mukha.,sentence,7,7,0,False
fil_23f4ce20029a,FIL,TGLNEW_Literature_xab.txt,TGLNEW,Literature_xab,9,""" Iniangat ni Maria ang ulo na nakadantay sa salamin ng bintana ng kotse.",sentence,7,7,0,False
fil_9b17b0cd88fd,FIL,TGLNEW_Literature_xab.txt,TGLNEW,Literature_xab,10,"Anumang pintig ng pananabik, tibok ng pagnanais, silakbo ng galak sa pagmimithi ng kaligayahan, ito ay blyayang dulot ng paglahok sa tunggalian ng mga uri na walang makaiiwas.",sentence,7,7,0,False
fil_48791d0e21ff,FIL,TGLNEW_Literature_xab.txt,TGLNEW,Literature_xab,11,""" Mabilis na nagmaneho si Kuya.",sentence,7,7,0,False
fil_359045068db7,FIL,TGLNEW_Literature_xab.txt,TGLNEW,Literature_xab,12,"Nang dumating siya sa emergency room, nakita niya na tinatakpan na ng isang doktor ang bangkay ni Maria.",sentence,7,7,0,False
fil_7dbac6226fb2,FIL,TGLNEW_Literature_xab.txt,TGLNEW,Literature_xab,13,"Sa huli 'y nakalimbag ang pangalang Ana Villacorta na ikakasal kay Ted Agoncillo, isa ring kilalang manunulat at historyador.",sentence,7,7,0,False
fil_e9f1d0a1d619,FIL,TGLNEW_Literature_xab.txt,TGLNEW,Literature_xab,14,Maiiwan sina Celine at Danny.,sentence,7,7,0,False
fil_831bfaf31a12,FIL,TGLNEW_Literature_xab.txt,TGLNEW,Literature_xab,15,""" Patuloy ang kanyang pag-iyak nang dumating ang nakababatang kapatid na si Alex.",sentence,7,7,0,False
fil_f13b218bbbde,FIL,TGLNEW_Literature_xab.txt,TGLNEW,Literature_xab,16,Itinulak ng mga guwardiya si Maria papasok sa isang maliit at makipot na kuwarto.,sentence,7,7,0,False
fil_a9a64fa964eb,FIL,TGLNEW_Literature_xab.txt,TGLNEW,Literature_xab,17,Mainit na hangin lang naman ang ibinubuga.,sentence,7,7,0,False
fil_84c09afed063,FIL,TGLNEW_Literature_xab.txt,TGLNEW,Literature_xab,18,"Tungkulin kong alagaan kayo,"" sagot ni Maria habang inuunanan ang ina.",sentence,7,7,0,False
fil_6aafc0dbecc8,FIL,TGLNEW_Literature_xab.txt,TGLNEW,Literature_xab,19,"Siguro 'y inaantok din ang mga attendant, tinanong pa kung sino sa amin ang maysakit.",sentence,7,7,0,False
fil_dec4fa8d96c4,FIL,TGLNEW_Literature_xab.txt,TGLNEW,Literature_xab,20,""" "" Ilang ulit ko nang narinig sa kanya na sinasabi sa mga anak na mag-ayos ng bahay; dapat daw silang palaging nag-aayos -- ang kanilang ama ay isang kilalang writer.",sentence,7,7,0,False
fil_6798e2bcf8ad,FIL,TGLNEW_Literature_xab.txt,TGLNEW,Literature_xab,21,"Nang matapos kong galugarin ang paligid, pati na rin ang unan, kumot, at banig na aking ginagamit, muli kong inisip kung ano ang isasagot sa tanong ni Mamay.",sentence,7,7,0,False
fil_726f9949b22d,FIL,TGLNEW_Literature_xab.txt,TGLNEW,Literature_xab,22,"Napilitang magsinungaling ni Kiko -- sa kahilingan na rin ng mga nagkukunwaring tagahanga: "" A, ilang taludtod na lamang at mailuluwal ko na ang bugtong na anak ko sa dapithapon ng aking pakikipagsapalaran.",sentence,7,7,0,False
fil_cfc500a73e3b,FIL,TGLNEW_Literature_xab.txt,TGLNEW,Literature_xab,23,Lagi siyang pumapalya sa pagbibigay ng mga proyekto dahil sa kakulangan ng panustos sa mga ito.,sentence,7,7,0,False
fil_afc8bfa862aa,FIL,TGLNEW_Literature_xab.txt,TGLNEW,Literature_xab,24,Naisip siguro niyang baka may sayad na ako sa utak.,sentence,7,7,0,False
fil_9e238624cac9,FIL,TGLNEW_Literature_xab.txt,TGLNEW,Literature_xab,25,Mamumulubi ka kapag sumunod sa bisyo ng mga kaibigan mong iyon.,sentence,7,7,0,False
fil_8273201bbbe7,FIL,TGLNEW_Literature_xab.txt,TGLNEW,Literature_xab,26,Doon kami unang natuto ng wastong pagpapahalaga at pagmamahal sa may-uring panitikan.,sentence,7,7,0,False
fil_92a9d6075357,FIL,TGLNEW_Literature_xab.txt,TGLNEW,Literature_xab,27,"Kayang tumbasan ng mga kobrador ang gahum ng konsehal o baranggay kapitan, at siyang higit na nakakikilala sa mga tao doon sa mga sulok-sulok ng kalyehon at purok; ang mga kabo ay waring mafiosi na makapagbubulong kung sino ang dapat manalo, at kung sino ang dapat balatuhang kandidatong politiko o kaya 'y suhulan o pataying kalaban, tiktik, o awtoridad; at ang "" jueteng lord "" ay sukdulang sambahing gaya ng diyos na kayang magpamudmod ng biyaya sa mga karaniwang mamamayang karamihan ay dukha, o dili kaya 'y magpaulan ng salapi para sa mga heneral, artista, mambabatas, huwes, obispo, at maging sa pangulo ng bansa tuwing may halalan, kalamidad, piyesta, rali, at kung ano-ano pang pangyayaring nangangailangan ng salapi.",sentence,7,7,0,False
fil_791dfad80a6e,FIL,TGLNEW_Literature_xab.txt,TGLNEW,Literature_xab,28,Nagiging parang napalaking kayamanan ang bente pesos na baon ko sa isang linggo kumpara sa baon niyang limang piso isang semestre.,sentence,7,7,0,False
fil_02e2e1c3b90c,FIL,TGLNEW_Literature_xab.txt,TGLNEW,Literature_xab,29,"Sa pagkakalupasay sa sahig, iginala ko ang aking tingin sa paligid.",sentence,7,7,0,False
fil_5f3f373f796e,FIL,TGLNEW_Literature_xab.txt,TGLNEW,Literature_xab,30,"Nasa sala din sina Loleng at Art, na dumalaw para ibigay sa ina ang monthly allowance at grocery supply nito.",sentence,7,7,0,False
fil_f09651776488,FIL,TGLNEW_Literature_xab.txt,TGLNEW,Literature_xab,31,"Kay Mrs. Flores, napakalaki ng utang na loob ko sa inyong pagsubaybay sa akin.",sentence,7,7,0,False
fil_081da16131cd,FIL,TGLNEW_Literature_xab.txt,TGLNEW,Literature_xab,32,"Panimula ng May-Akda Bukod sa dalawang kuwento sa dakong hulihan, ang lahat ng mga akdang naitipon dito ay unang matutunghayan sa librong Ang mga Mangwawasak at iba pang Maikling Katha na inilimbag ng New Day Publishers ( sa pamamahala ni Gloria F. Rodriguez ) noong nineteen seventy six.",sentence,7,7,0,False
fil_aeb5492e8e94,FIL,TGLNEW_Literature_xab.txt,TGLNEW,Literature_xab,33,"Binibilang ko ang oras ko sa loob ng kotse sa isang taon, one thousand fifty six hours!",sentence,7,7,0,False
fil_fc3e1e32d9d8,FIL,TGLNEW_Literature_xab.txt,TGLNEW,Literature_xab,34,Noon lang nakakita si Maria ng lalaking umiiyak.,sentence,6,6,0,False
fil_f4f5fb4f6b4f,FIL,TGLNEW_Literature_xab.txt,TGLNEW,Literature_xab,35,"Na kesyo, kesyo, kesyo, na ayaw kong paniwalaan.",sentence,6,6,0,False
fil_ae1edea5ab78,FIL,TGLNEW_Literature_xab.txt,TGLNEW,Literature_xab,36,"Ang ilaw nito ay itinapat sa loob ng aming kotse, over-acting na nagpapa-action star sa paglapit sa amin; na para bang nangbibitag ng makamandag na mga kriminal.",sentence,6,6,0,False
fil_349d2f6079cc,FIL,TGLNEW_Literature_xab.txt,TGLNEW,Literature_xab,37,"Ngunit nuong unang idilat mo ang iyong mga mata, mayroon ka bang ibang tao na nakita o natatandaan na nasa tabi mo bukod sa akin?",sentence,6,6,0,False
fil_0160c4a0b96e,FIL,TGLNEW_Literature_xab.txt,TGLNEW,Literature_xab,38,"Kayang tumbasan ng mga kobrador ang gahum ng konsehal o baranggay kapitan, at siyang higit na nakakikilala sa mga tao doon sa mga sulok-sulok ng kalyehon at purok; ang mga kabo ay waring mafiosi na makapagbubulong kung sino ang dapat manalo, at kung sino ang dapat balatuhang kandidatong politiko o kaya 'y suhulan o pataying kalaban, tiktik, o awtoridad; at ang "" jueteng lord "" ay sukdulang sambahing gaya ng diyos na kayang magpamudmod ng biyaya sa mga karaniwang mamamayang karamihan ay dukha, o dili kaya 'y magpaulan ng salapi para sa mga heneral, artista, mambabatas, huwes, obispo, at maging sa pangulo ng bansa tuwing may halalan, kalamidad, piyesta, rali, at kung ano-ano pang pangyayaring nangangailangan ng salapi.",sentence,6,6,0,False
fil_683a26c0a5eb,FIL,TGLNEW_Literature_xab.txt,TGLNEW,Literature_xab,39,"Punung-puno ng mga taong galing sa iba 't ihang bansa ang simbahan, pati mga paligid ng grotto; pati na sa bukal na kinukunan ng tubig na nagpapagaling.",sentence,6,6,0,False
fil_33b59d265e71,FIL,TGLNEW_Literature_xab.txt,TGLNEW,Literature_xab,40,"Kusang pinakawalan sa palad ang isang dakot ng buhanging matingkad ang kulay, pulbong busilak ang pagkaluntian.",sentence,5,5,0,False
fil_182e2424cea0,FIL,TGLNEW_Medical_xaa.txt,TGLNEW,Medical_xaa,1,"Kung mapapansin ninyo, ang mga sintomas ng trangkaso ay napaka-pangkaraniwang mga sintomas at hindi sila specific sa trangkaso ; may mga sakit na mukhang trangkaso pero kung susuriing mabuti ay iba palang kalalagayan gaya ng Dengue Fever o Typhoid.",sentence,15,15,0,False
fil_e46518755b7f,FIL,TGLNEW_Medical_xaa.txt,TGLNEW,Medical_xaa,2,Kahit tinatamad ka ay subukan mong gumalaw-galaw.,sentence,15,15,0,False
fil_b2cb060d72b5,FIL,TGLNEW_Medical_xaa.txt,TGLNEW,Medical_xaa,3,ANG MOTHER KO PO AY NAI-STROKE JUST A MONTH AGO. MAYROON DIN PO SIYANG SAKIT SA PUSO AT HIGH BLOOD PERO ANG LAKAS LAKAS NA NIYA NGAYON NAGAGAWA NA NIYA YUNG MGA DAILY ROUTINES NIYA DATI.,sentence,15,15,0,False
fil_b8b93cee694c,FIL,TGLNEW_Medical_xaa.txt,TGLNEW,Medical_xaa,4,ang tawag dito ay gestational diabetes.,sentence,15,15,0,False
fil_acbe2b810487,FIL,TGLNEW_Medical_xaa.txt,TGLNEW,Medical_xaa,5,Ugaliing sabunang maigi ang mga singit at kili-kili at magbanlaw ng maigi.,sentence,15,15,0,False
fil_9c2bbe76234e,FIL,TGLNEW_Medical_xaa.txt,TGLNEW,Medical_xaa,6,Ang mga cream na ito ay ipinapahid saapektadong bahagi sa loob ng lima hangang sampung araw.,sentence,15,15,0,False
fil_6022edddafb1,FIL,TGLNEW_Medical_xaa.txt,TGLNEW,Medical_xaa,7,"Ang iba dito ay masama tulad ng pani nigarilyo, pagsusugal at pagsali sa mga delikadong sports.",sentence,15,15,0,False
fil_a4246bf76cde,FIL,TGLNEW_Medical_xaa.txt,TGLNEW,Medical_xaa,8,ano po ang dapat gawin bilang first aid dahil wala po akong gamot dito sa bahay sa ganitong dis oras ng gabi.,sentence,15,15,0,False
fil_8c4ed0b7f32f,FIL,TGLNEW_Medical_xaa.txt,TGLNEW,Medical_xaa,9,"Ngunit kung makikipag-sex ka sa nakababatang partner, magkakaroon ng dobleng stress sa iyong puso.",sentence,15,15,0,False
fil_4643b9d9920a,FIL,TGLNEW_Medical_xaa.txt,TGLNEW,Medical_xaa,10,Ang balisawsaw ay maaaring tumukol sa kombinasyon ng mga sumusunod na karanasan ng mga pasyante Maya't maya o palagiang pag-ihi masakit ang puson mahapdi o masakit na pag-ihi Hindi nailalabas lahat ng ihi paunti-unti ngunit maya-maya ang pag-ihi Ano ang sanhi ng balisawsaw?,sentence,15,15,0,False
fil_985f04461fbe,FIL,TGLNEW_Medical_xaa.txt,TGLNEW,Medical_xaa,11,"Isa pa, kailangan rin nating bigyang pansin ang kalusugan ng mga OFWs.",sentence,14,15,0,False
fil_a5dae42d5be2,FIL,TGLNEW_Medical_xaa.txt,TGLNEW,Medical_xaa,12,"Mula tatlong hanggang limang, maaari ng turuan ang bata tungkol sa apoy at mga delikadong bagay.",sentence,15,15,0,False
fil_d74d0478fc26,FIL,TGLNEW_Medical_xaa.txt,TGLNEW,Medical_xaa,13,"Totoong kalimitang nakikita ang acne sa yugto ng puberty hindi lang dahil sa aktibong pamumuhay at produksyon ng langis, kundi dahil sa kakulangan sa pangangalaga sa katawan.",sentence,14,15,0,False
fil_c7cc81de514c,FIL,TGLNEW_Medical_xaa.txt,TGLNEW,Medical_xaa,14,Napag-alamang mas ubuhin at hikain ang mga anak ng taong naninigarilyo.,sentence,15,15,0,False
fil_a52afda5ad47,FIL,TGLNEW_Medical_xaa.txt,TGLNEW,Medical_xaa,15,Magpakonsulta kung paano ka maaaring ma-screen para sa kanser sa bituka sa pamamagitan ng FOBT Fecal Occult Blood Test o colonscopy o pagsilip sa bituka gamit ang isang tubo na ipapasok sa puwit.,sentence,15,15,0,False
fil_a463d2ae91fa,FIL,TGLNEW_Medical_xaa.txt,TGLNEW,Medical_xaa,16,"Maging maingat po tayo sa ating kalusugan, mamuhay nang tama at malinis upang tayo ay makaiwas sa mga sakit gaya nito.",sentence,14,15,0,False
fil_b66a58f7d372,FIL,TGLNEW_Medical_xaa.txt,TGLNEW,Medical_xaa,17,O may nais ka pang malaman?,sentence,15,15,0,False
fil_8e124ac184fd,FIL,TGLNEW_Medical_xaa.txt,TGLNEW,Medical_xaa,18,Gumamit ng suyod para matanggal ang mga itlog at kuto sa buhok.,sentence,15,15,0,False
fil_c6133bc9c291,FIL,TGLNEW_Medical_xaa.txt,TGLNEW,Medical_xaa,19,"Dahil ang buni ay nakakahawa, hindi rin maiiiwasan na makuha mo ito sa direktang pakikipag-ugnayan mo sa taong mayroon din nito tulad ng paghiram ng damit, pagligo sa swimming pool, paggamit ng kanilang suklay atbp.",sentence,14,15,0,False
fil_fcb839759ae5,FIL,TGLNEW_Medical_xaa.txt,TGLNEW,Medical_xaa,20,Dahil nga ito ay madalas na nakukuha sa pakikipagtalik ay makabubuting iwasan na ang pakikipagtalik sa iba 't ibang tao.,sentence,15,15,0,False
fil_87a9f05693a7,FIL,TGLNEW_Medical_xaa.txt,TGLNEW,Medical_xaa,21,"Sa katunayan, milyun-milyong piso ang ginagas tos ng STAR bawat taon para lang makatulong sa mahihirap.",sentence,15,15,0,False
fil_af0f0f321c6b,FIL,TGLNEW_Medical_xaa.txt,TGLNEW,Medical_xaa,22,e paano naman po yung sa armpit?,sentence,15,15,0,False
fil_806e7de7e065,FIL,TGLNEW_Medical_xaa.txt,TGLNEW,Medical_xaa,23,"Ngunit, sa kabilang banda, hindi maiiwasan na makatanggap ito ng batikos o mga negatibong komento kung saan kumuwestiyon sa pagiging ligtas nito.",sentence,14,15,0,False
fil_11399d5b8cf1,FIL,TGLNEW_Medical_xaa.txt,TGLNEW,Medical_xaa,24,"Kung mayroon kang sintomas ng Hepatitis B, magpatingin ka sa doktor.",sentence,15,15,0,False
fil_48a9dcf19265,FIL,TGLNEW_Medical_xaa.txt,TGLNEW,Medical_xaa,25,I-check ito sa internet.,phrase,15,15,0,False
fil_c085c2b3b81f,FIL,TGLNEW_Medical_xaa.txt,TGLNEW,Medical_xaa,26,Gumamit ng bra na tama ang sukat at comportable upang makasuporta ng mabuti.,sentence,14,14,0,False
fil_8638f0589e40,FIL,TGLNEW_Medical_xaa.txt,TGLNEW,Medical_xaa,27,"Mga isdang galing sa dagat saltwater fish Sardinas, bagoong at alamang Kabute o mushroom Sitaw, bataw, patani mga beans Beer at alak Tinapay Ang magandang balita ay ang ating paboritong kanin o plain rice ay hindi mataas sa purines.",sentence,14,14,0,False
fil_a34ef47f2ea4,FIL,TGLNEW_Medical_xaa.txt,TGLNEW,Medical_xaa,28,Doktor ang makapagsasabi kung alin sa mga ito ang sanhi ng at solusyon para sa pagkabaog ng lalaki.,sentence,14,14,0,False
fil_12e7ea6cdac5,FIL,TGLNEW_Medical_xaa.txt,TGLNEW,Medical_xaa,29,Hindi nga lahat ng fungi ay may dalang pakinabang sa ating katawan pagkat mayroon ding may dulot na impeksyon at tunay ngang nakakapinsala.,sentence,14,14,0,False
fil_5d3d29f9c3bd,FIL,TGLNEW_Medical_xaa.txt,TGLNEW,Medical_xaa,30,"Maaari ko bang makuha ang HIV sa pagdonate ng dugo, o sa pagsalin ng dugo sa akin?",sentence,14,14,0,False
fil_fc71e2618b92,FIL,TGLNEW_Medical_xaa.txt,TGLNEW,Medical_xaa,31,Painumin ng tubig at juice ang mga may lagnat.,sentence,9,9,0,False
fil_2c1561b6d7ed,FIL,TGLNEW_Medical_xaa.txt,TGLNEW,Medical_xaa,32,"Bago umuwi ang pasyente mula sa ospital, siguraduhing nasagot na ang lahat ng katungan.",sentence,9,9,0,False
fil_edac167b4782,FIL,TGLNEW_Medical_xaa.txt,TGLNEW,Medical_xaa,33,"Kung may lahi ka ng sakit sa puso, diabetes o kanser, magpa-check up din.",sentence,9,9,0,False
fil_6a4d78e4d9a5,FIL,TGLNEW_Medical_xaa.txt,TGLNEW,Medical_xaa,34,Mas mabuti kung magpatingin sa doktor at itanong kung anong antibiotiko ang angkop kung ikaw ay may UTI.,sentence,9,9,0,False
fil_d9acfd3e6692,FIL,TGLNEW_Medical_xaa.txt,TGLNEW,Medical_xaa,35,"Sa edad trenta, gusto mong mag-sex three times a night.",sentence,9,9,0,False
fil_1c513b23c464,FIL,TGLNEW_Medical_xaa.txt,TGLNEW,Medical_xaa,36,"Noong nakita ko kasing masama, hininto ko na.",sentence,9,9,0,False
fil_ef3f1879c4e8,FIL,TGLNEW_Medical_xaa.txt,TGLNEW,Medical_xaa,37,Naka ka-addict ang caffeine at naka bi bilis pa ng tibok ng puso.,sentence,9,9,0,False
fil_dfc86b145f61,FIL,TGLNEW_Medical_xaa.txt,TGLNEW,Medical_xaa,38,Pangangayayat nang walang dahilan,phrase,9,9,0,False
fil_3d924e1746ce,FIL,TGLNEW_Medical_xaa.txt,TGLNEW,Medical_xaa,39,"Ang aerobic exercise ay mga pag-eehersisyo gaya nang pagtakbo, jogging, swimming, at iba pa ay magbibigay ng pagkakataon na tumaas ang konsumo mo ng enerhiya sa bawat araw.",sentence,9,9,0,False
fil_d5b0e7b101e1,FIL,TGLNEW_Medical_xaa.txt,TGLNEW,Medical_xaa,40,"Ang pagsusuri ng suso ay dapat gawin bawat buwan, kung puwede ay bago magregla at pagkatapos ng regla.",sentence,9,9,0,False
fil_d6a936fae247,FIL,TGLNEW_Medical_xab.txt,TGLNEW,Medical_xab,1,"Sa babae namang may tulo, karaniwang asymptomatic at halos walumpung porsiyento ng babaeng may tulo ay walang sintomas o parang walang impeksiyon at bumibilang muna ng maraming buwan bago ito mapansin sa babae.",sentence,7,7,0,False
fil_3b3dda67b90e,FIL,TGLNEW_Medical_xab.txt,TGLNEW,Medical_xab,2,Ang paghuhugas ng kamay o handwashing ay isang gawaing pangkalusugan at isang mahusay ng paraan upang makaiwas sa mga impeksyon o sakit na dulot ng mga mikrobyo gaya ng mga bacteria o virus.,sentence,7,7,0,False
fil_367667794ee5,FIL,TGLNEW_Medical_xab.txt,TGLNEW,Medical_xab,3,Mainam kung itatanong sa nagse-serve kung saan gawa ang dressing at pumili na lamang ng ibang menu item kung kinabibilangan ang salad ng hilaw na itlog.,sentence,7,7,0,False
fil_e3441c847903,FIL,TGLNEW_Medical_xab.txt,TGLNEW,Medical_xab,4,"Isipin mo na lang, paano gagamitin ng katawan lahat ng calories na ito?",sentence,7,7,0,False
fil_273114dcf43e,FIL,TGLNEW_Medical_xab.txt,TGLNEW,Medical_xab,5,Maaari ding gumamit ng apple cider vinegar.,sentence,7,7,0,False
fil_a17d1e9503f0,FIL,TGLNEW_Medical_xab.txt,TGLNEW,Medical_xab,6,Ipahid sa apektadong bahagi at laanan ng dalawampung minuto bago hugasan ng maligamgam na tubig.,sentence,7,7,0,False
fil_dbef9c0041c8,FIL,TGLNEW_Medical_xab.txt,TGLNEW,Medical_xab,7,"Tandaan na dahil ang calcium nga ay nasa buto, ang pagkain ng buto ng mga isda ay magbibigay ng calcium sa katawan.",sentence,7,7,0,False
fil_10358409d677,FIL,TGLNEW_Medical_xab.txt,TGLNEW,Medical_xab,8,"Hirap huminga ang mga ito, at ang ubo ay pasumpong-sumpong, kadalasan sa gabi o kaya naman pagkatapos ng nakakapagod na gawain.",sentence,7,7,0,False
fil_965d0f07bb97,FIL,TGLNEW_Medical_xab.txt,TGLNEW,Medical_xab,9,Tomas Realiza sa kanilang pagtulong sa amin para matulungan si Ronwell.,sentence,7,7,0,False
fil_d988ec68e6d9,FIL,TGLNEW_Medical_xab.txt,TGLNEW,Medical_xab,10,Kumonsulta muna sa duktor ukol sa mga gamut na hindi makakasama para sa bata bago uminom ng kahit ano.,sentence,7,7,0,False
fil_fda5167705de,FIL,TGLNEW_Medical_xab.txt,TGLNEW,Medical_xab,11,"Sa sore eyes, hindi lumalabo, nagdidilim, o nagkakaroon ng anumang pagbabago sa paningin.",sentence,7,7,0,False
fil_d6f458f23649,FIL,TGLNEW_Medical_xab.txt,TGLNEW,Medical_xab,12,Ang rhythm ay magagamit ng babaing regular ang pagregla.,sentence,7,7,0,False
fil_5852dc94c912,FIL,TGLNEW_Medical_xab.txt,TGLNEW,Medical_xab,13,Laging inuubo — Maraming Pinoy ang inuubo dahil sa polusyon at panini garilyo.,sentence,7,7,0,False
fil_715c0ef6b526,FIL,TGLNEW_Medical_xab.txt,TGLNEW,Medical_xab,14,"If your baby is bottle fed, hypoallergenic milk is usually advised.",sentence,7,7,0,False
fil_b0313ab12273,FIL,TGLNEW_Medical_xab.txt,TGLNEW,Medical_xab,15,"Para sa nahihirapan o may nararamdaman, ku munsulta muna sa doktor bago simulan ang pina planong pag-eeher sisyo.",sentence,7,7,0,False
fil_fe4e602089a2,FIL,TGLNEW_Medical_xab.txt,TGLNEW,Medical_xab,16,"Bungang araw, paano iwasan at malunasan Mga iba pang ka-uring artikulo Sanhi at Sintomas ng Trangkaso Flu Paano Matanggal ang Beer Belly Apat na Hakbang na Pampaliit ng Tiyan Mga Simpleng Lunas at Pangkaraniwang Gamot sa Sipon Halamang Gamot Para sa Ubo Lagundi Halamang Gamot Para sa Ubo 't Sipon Oregano Allergic Rhinitis Sanhi, Sintomas at Gamot sa Sore Throat Ang nilalaman ng website na kalusugan.",sentence,7,7,0,False
fil_06a82c7abe40,FIL,TGLNEW_Medical_xab.txt,TGLNEW,Medical_xab,17,"Ayon sa maraming pagsusuri, ang aspirin ay nababagay sa mga sumusunod na sakit Makatutulong ang aspirin kung kayo ay nagkaroon na ng atake sa puso o istrok iyung istrok na may bara sa utak, dalawa kasi ang klase ng istrok.",sentence,7,7,0,False
fil_f647f37bde28,FIL,TGLNEW_Medical_xab.txt,TGLNEW,Medical_xab,18,"Maraming ointments ang nirecommend, until now di pa gumagaling.",sentence,7,7,0,False
fil_cd7a4e4f7291,FIL,TGLNEW_Medical_xab.txt,TGLNEW,Medical_xab,19,"At kung ikaw ay nagpapawis lalo na 't kung galing ka sa pag-eehersisyo, maiging punasan mo ito ng malinis na towel bago pa ito matuyo nang kusa sa iyong kilikili.",sentence,7,7,0,False
fil_fcb6d4443a8b,FIL,TGLNEW_Medical_xab.txt,TGLNEW,Medical_xab,20,"Una, ang pangkarinawang ubo na kasa-kasama ng sipon.",sentence,7,7,0,False
fil_80cb8e827401,FIL,TGLNEW_Medical_xab.txt,TGLNEW,Medical_xab,21,"It could be due to stress, peer pressure or for weight control.",sentence,7,7,0,False
fil_ee2a82818d0c,FIL,TGLNEW_Medical_xab.txt,TGLNEW,Medical_xab,22,Maaaring makalubha ng iyong kondisyon ito o mag-aksaya ng pera sa gamot na walang bisa.,sentence,7,7,0,False
fil_dd93fffdb54f,FIL,TGLNEW_Medical_xab.txt,TGLNEW,Medical_xab,23,"Kapag umaabot na sa edad na sixty, isa sa dalawang Pilipino ay may altapresyon na.",sentence,7,7,0,False
fil_813c9e7abd4d,FIL,TGLNEW_Medical_xab.txt,TGLNEW,Medical_xab,24,"its Blue Miracle,, a product of KINETICS BTL Global its located at Salcedo Village, Makati, kaya ang simpleng acne at tagyawat.",sentence,7,7,0,False
fil_822f69a02843,FIL,TGLNEW_Medical_xab.txt,TGLNEW,Medical_xab,25,Ngunit hindi lahat ng ubo ay dala ng mikrobyo.,sentence,7,7,0,False
fil_d54a6f753fb6,FIL,TGLNEW_Medical_xab.txt,TGLNEW,Medical_xab,26,"Tandaan na dahil ang calcium nga ay nasa buto, ang pagkain ng buto ng mga isda ay magbibigay ng calcium sa katawan.",sentence,7,7,0,False
fil_640a8a368c46,FIL,TGLNEW_Medical_xab.txt,TGLNEW,Medical_xab,27,Marilyn Ruaro mabigat man ang responsibilidad kailangang itawid ng cousin mo ang hamon sa kalusugan ng masyadiong magkalapit na kabuntisan.,sentence,7,7,0,False
fil_bad144fed354,FIL,TGLNEW_Medical_xab.txt,TGLNEW,Medical_xab,28,Mag-ingat at baka tumuloy sa kidney failure at dialysis.,sentence,7,7,0,False
fil_bd1d70d4bf22,FIL,TGLNEW_Medical_xab.txt,TGLNEW,Medical_xab,29,"HINDI ito nakukuha sa paglanghap ng hangin, at hindi maaaring makahawa ang taong may leptospirosis.",sentence,7,7,0,False
fil_522e285ea22d,FIL,TGLNEW_Medical_xab.txt,TGLNEW,Medical_xab,30,Irekord ang tangkad at timbang ng bata para may pangunang basehan sakali mang magpakonsulta sa doktor.,sentence,7,7,0,False
fil_92f1961848ac,FIL,TGLNEW_Medical_xab.txt,TGLNEW,Medical_xab,31,"Biglaang panghihina ng kalahating bahagi ng katawan face, arm leg Biglaang pamamanhid ng kalahating parti ng katawan Biglaang pagkabulol o garalgal na salita Biglaang pagkabulag ng isa o dalawang mata Biglaang pag katulala, hinde na makaintindi at hinde maka express kung ano gusto niya sabihin Biglaang sobrang sakit sa ulo, parang minamartilyo JADE DELA CRUZ DOK, PANO MAIIWASAN ANG STROKE AT ANO ANG MGA GAMOT PARA MAIBSAN ANG GANITONG SAKIT.",sentence,7,7,0,False
fil_8495486c10cc,FIL,TGLNEW_Medical_xab.txt,TGLNEW,Medical_xab,32,Iminungkahi ng isang eksperto ang pagkakaroon ng sapat na vitamin D at calcium ng isang babae para sa mas matibay niyang buto.,sentence,7,7,0,False
fil_279f7bee483e,FIL,TGLNEW_Medical_xab.txt,TGLNEW,Medical_xab,33,Bumibilis ang tibok ng puso.,sentence,7,7,0,False
fil_4e3b5f303cf4,FIL,TGLNEW_Medical_xab.txt,TGLNEW,Medical_xab,34,"Kung masyadong madalas ang paghilamos, susubuking gumawa ng maraming langis ang ating balat dahil nararmdaman nitong natutuyuan na ito.",sentence,7,7,0,False
fil_435ce7d673d6,FIL,TGLNEW_Medical_xab.txt,TGLNEW,Medical_xab,35,"Isa pang dapat tandaan Josh, ang naka-relax na ari ay sadyang maikli at malambot.",sentence,7,7,0,False
fil_6d8f429eb821,FIL,TGLNEW_Medical_xab.txt,TGLNEW,Medical_xab,36,"Kung magkaroon ng emergency sa puso, halimbawa kung sinususpetsya ang atake sa puso o heart attack, maaaring suriin ang dugo sa mga enzymes na ito para makita kung naapektuhan ba ang mga maselng puso.",sentence,7,7,0,False
fil_4506318ef90b,FIL,TGLNEW_Medical_xab.txt,TGLNEW,Medical_xab,37,"Huwag Sunugin ang Karne Ang pagkaka-overcooked ng karne mula sa mataas na temperatura ng apoy hanggang sa masunog ito ay nagbubunsod sa pormasyon ng compounds na tinatawag na heterocyclic amines HCAs, na maaaring makapagpabilis ng development at mismong pagkalat ng prostate, breast, stomach, at colon cancers, ayon sa isang pananaliksik.",sentence,7,7,0,False
fil_8956deedb84d,FIL,TGLNEW_Medical_xab.txt,TGLNEW,Medical_xab,38,"Ang iba pang lugar na nagpapa-excite ay ang batok, ang mga daliri, ang nipples at ang sexual organs.",sentence,7,7,0,False
fil_67afebe8bb92,FIL,TGLNEW_Medical_xab.txt,TGLNEW,Medical_xab,39,Hair follicles ang tawag sa dulo ng buhok na nasa loob ng balat.,sentence,6,6,0,False
fil_7d4f6eecbaec,FIL,TGLNEW_Medical_xab.txt,TGLNEW,Medical_xab,40,"WHO emphasized that malnutrition undermines economic growth and perpetuates poverty, affecting productivity by reducing capacity to perform physical work and lessening earning ability.",sentence,6,6,0,False
fil_1c192e007fef,FIL,TGLNEW_News01.txt,TGLNEW,News01,1,Ang pondong ito ay gagamitin para sa rehabilitasyon ng Maynilad na siyang nagsusuplay ng tubig sa west zone ng Metro Manila.,sentence,15,15,0,False
fil_5cedede5b731,FIL,TGLNEW_News01.txt,TGLNEW,News01,2,Ayon kay Regional Agriculture Officer Emma Molina mula sa walumpung piso hanggang siyamnapung piso bawat kilo ng bangus noon ay mabibili na lamang ito ngayon mula sa halagang animnapu't walong piso hanggang pitumpung piso bawat kilo.,sentence,15,15,0,False
fil_bbf490f13a9d,FIL,TGLNEW_News01.txt,TGLNEW,News01,3,"Rehabilitasyon sa rice land, popondohan ng DA.",sentence,15,15,0,False
fil_a620155cc1df,FIL,TGLNEW_News01.txt,TGLNEW,News01,4,"LPGMA, nagpatupad ng sinkwenta sentimos na rollback.",sentence,15,15,0,False
fil_0f99c62aaaed,FIL,TGLNEW_News01.txt,TGLNEW,News01,5,"Ayon kay BFAR Dir. Malcolm Sarmiento, mataas ang toxin levels ng mga tahong at shellfish na nakuha sa Sorsogon Bay at hindi sila akmang kainin.",sentence,15,15,0,False
fil_0e07b2d7ee65,FIL,TGLNEW_News01.txt,TGLNEW,News01,6,"Ang Tele-OFW ay isang proyektong magpapahintulot sa mga OFWs na maka-usap ang kanilang pamilya, kamag-anak o kaibigan sa pamamagitan ng Internet sa mababang halaga lamang at nagkakaloob din ang naturang programa ng faster on-line remittances.",sentence,15,15,0,False
fil_90afe7f1dde7,FIL,TGLNEW_News01.txt,TGLNEW,News01,7,"Ayon sa ilang mga opisyal, nagkaroon din ng shift mula sa short-term ninety one-day t-bills hanggang sa longer tenor three hundred sisxty four-day t-bills at ang benchmark treasury bonds.",sentence,15,15,0,False
fil_136cb0465eac,FIL,TGLNEW_News01.txt,TGLNEW,News01,8,"Ipinahayag ni Press Secretary at Presidential Spokesperson Ignacio R. Bunye, na ito umano ay isang pagkilala sa patuloy na paglakas ng ating ekonomiya kaakibat ng political stability at enterprising spirit ng mga tao sa kabila ng ingay sa pulitika.",sentence,15,15,0,False
fil_e7f5fa8307c6,FIL,TGLNEW_News01.txt,TGLNEW,News01,9,"Aniya, hindi nagpapatupad ng hoarding sa asukal ang mga negosyante patunay aniya rito ang ginawa nilang pag-iinspeksyon sa mga warehouse ng asukal.",sentence,15,15,0,False
fil_eb039fd72199,FIL,TGLNEW_News01.txt,TGLNEW,News01,10,"Ang Tele-OFW ay isang proyektong magpapahintulot sa mga OFWs na maka-usap ang kanilang pamilya, kamag-anak o kaibigan sa pamamagitan ng Internet sa mababang halaga lamang at nagkakaloob din ang naturang programa ng faster on-line remittances.",sentence,15,15,0,False
fil_049c9ba77b14,FIL,TGLNEW_News01.txt,TGLNEW,News01,11,"Nineteen eighty-nine din nang lusubin ito ng iba't ibang ""world class locator companies"" nang ilunsad ang three hundred eighty-seven ektaryang industrial estate sa bansa sa pamamagitan ng Laguna Techono-Park na nagbigay ng libong bilang ng trabaho hindi lamang sa mga tagarito kundi sa mga taga ibang lugar.",sentence,15,15,0,False
fil_4213992f5d7f,FIL,TGLNEW_News01.txt,TGLNEW,News01,12,"Kaugnay dito, upang maging madali ang pagbabayad sa housing loan, ang Department of Budget and Management ay sinisimulan na ang paghahanda ng salary hike para sa state workers ng pamahalaan.",sentence,15,15,0,False
fil_1afd956d659f,FIL,TGLNEW_News01.txt,TGLNEW,News01,13,Iginiit ni Favilla na kailangan na aksyunan na agad ng gobyerno ang panawagan ng mga exporters na mapababa ang labor cost sa bansa gayun na rin ang raw materials at ang power cost upang hindi maka-apekto sa industriya ang pagbaba ng halaga ng dolyar.,sentence,15,15,0,False
fil_4fa73d69bd06,FIL,TGLNEW_News01.txt,TGLNEW,News01,14,"""Itinuturing na isa sa malalakas na industriya sa Bulacan ang pangisdaan kaya kumpiyansa ako na ang kasunduang ito ay magdudulot sa ating mga nasa sektor ng pangisdaan ng karagdagang ani at kita,"" ani Mendoza.",sentence,15,15,0,False
fil_9d71af9783a5,FIL,TGLNEW_News01.txt,TGLNEW,News01,15,"Hindi pa man naipalabas ang quarter figure sa Gross Domestic Product, inaasahan ni Economic Planning Secretary Romulo Neri ang third quarter GDP ay tataas sa five point five percent o higit pa na siyang magdadala sa ekonomiya sa pagtaas na five point six percent sa taong two thousand six.",sentence,15,15,0,False
fil_21aefdace24d,FIL,TGLNEW_News01.txt,TGLNEW,News01,16,"Ayon naman kay Bangko Sentral ng Pilipinas Governonr Amando Tetangco Juniior, malaki ang naitulong ng matatag na presyo ng bilihin at financial systems para magkaroon ng magandang environment para sa paglago ng ekonomiya.",sentence,15,15,0,False
fil_6398e916d1f7,FIL,TGLNEW_News01.txt,TGLNEW,News01,17,"Sa kauna-unahang pagkakataon sa kasaysayan ng overseas employment ng mga Filipino seafarers na umabot sa two hundred sixty thousand eighty four ang mga Filipino sailors na nakapagtrabaho sa abroad noong nakaraang taon, na hinigitan pa nito ang annual average na two hundred fifty thousand.",sentence,15,15,0,False
fil_8180854c6ddd,FIL,TGLNEW_News01.txt,TGLNEW,News01,18,"Ayon kay Finance Secretary Margarito Teves, ang nasabing halaga ay katumbas sa one point four percent na Gross Domestic Product ng Pilipinas, na isang mahalagang pagbabago sa two thousand five ratio na two point seven percent.",sentence,15,15,0,False
fil_99ea2eb34ff9,FIL,TGLNEW_News01.txt,TGLNEW,News01,19,"At dahil sampu sa mga ASEAN member nations ay Muslims, ang kanilang isisilbing pagkain ay walang halong karneng baboy at halal foods.",sentence,15,15,0,False
fil_41f3b73ff3c0,FIL,TGLNEW_News01.txt,TGLNEW,News01,20,"Sa datos ng pagkakautang ng gobyerno, kung hahatiin sa may eighty seven million Filipinos, ang bawat isa ay tila may pagkakautang na aabot sa forty four thousand seven hundred ninety three.",sentence,15,15,0,False
fil_6c355fc8f287,FIL,TGLNEW_News01.txt,TGLNEW,News01,21,Binuo ni Pangulong Gloria Macapagal Arroyo ng task force na aatasang magsagawa ng mga hakbangin para sa tuluyang mahinto ang mga insidente ng pandaraya sa credit card dito sa ating bansa.,sentence,15,15,0,False
fil_0894458f73fa,FIL,TGLNEW_News01.txt,TGLNEW,News01,22,"Ayon kay Bangko Sentral ng Pilipinas Governor Amando Tetangco Junior, ito'y dahil wala pang kailangang baguhin sa kanilang mga polisiya ngayon tulad ng pag-papatupad ng twenty five-point interest rate hike ng US Federal Reserve kamakalawa.",sentence,14,15,0,False
fil_0ca404221689,FIL,TGLNEW_News01.txt,TGLNEW,News01,23,Dahilan ito sa kakulangan ng merkado at paunti ng paunting bilang ng mga naaning de-kaledad na saging.,sentence,15,15,0,False
fil_bbaebb84cc3f,FIL,TGLNEW_News01.txt,TGLNEW,News01,24,Target ngayon ng Bureau of Internal Revenue ang mga entertainment establishments partikular ang mga nightclubs at bar na pinaniniwalaang 'di nagbabayad ng tamang buwis at may paglabag sa labor laws.,sentence,15,15,0,False
fil_d53a8f41b93d,FIL,TGLNEW_News01.txt,TGLNEW,News01,25,"Tulad ng mga kabaro ni Gabriela Silang sa kasalukuyang panahon, buong tapang na nilabanan nito ang pinaka-matinding kalaban kahit pa ito ay may mataas na posisyon sa pamahalaan at malayong kaanak.",sentence,15,15,0,False
fil_bf2574039bdf,FIL,TGLNEW_News01.txt,TGLNEW,News01,26,Nagbabala naman ang pamahalaan ng syudad na agad kumpletuhin ng mga estudyante ang mga kakulungan pang mga dokumento bago pa sila maisama sa mga ididiskwalipika sa dahilang hindi sila nakasunod sa hinihingi ng city government at ng DOLE.,sentence,14,14,0,False
fil_28f07a573bfa,FIL,TGLNEW_News01.txt,TGLNEW,News01,27,"Ayon naman kay Foreign Affairs Assistant Secretary at hepe ng ASEAN Affairs ng DFA Luis T. Cruz, may ninety five percent ng mga document papers na ngayon ay handa nang lalagdaan ng mga pinuno ng ASEAN.",sentence,14,14,0,False
fil_cb54c95da3f1,FIL,TGLNEW_News01.txt,TGLNEW,News01,28,"Ayon sa Bangko Sentral ng Pilipinas, base sa pagtaya na inaprubahan ng Development Budget Coordinating Committee, ang two thousand seven GIR level ay inaasahang makapagtala ng higit sa five hundred million dollars mula sa original projection noong two thousand six.",sentence,14,14,0,False
fil_d3ca7147bf99,FIL,TGLNEW_News01.txt,TGLNEW,News01,29,"Ayon sa IFC, gumagawa ngayon ng development plan ang pangkat ng mga Pinoy at German consultants para sa Boracay upang lalo itong maging kaakit-akit sa mata ng mga turista.",sentence,14,14,0,False
fil_cb55ce23f618,FIL,TGLNEW_News01.txt,TGLNEW,News01,30,"Mas pipiliin pa umano ng mamamayan ang may mga economic plan kaysa sa wala, sa mga umaalalay sa momentum ng pag-usbong, tiwala at trabaho kaysa sa nag-aabang ng oras, pahayag ng Malacaang.",sentence,14,14,0,False
fil_0f9e838be316,FIL,TGLNEW_News01.txt,TGLNEW,News01,31,Ang paniwalang ito ng Pangulo ay dala ng tiwalang ipinakita ng mga ASEAN leaders at ng napipintong pagbubukas ng Asean economic markets base sa napagkasunduang pagpapalakas ng economic integration sa buong Asian region sa taong twenty fifteen.,sentence,9,9,0,False
fil_8e2f71147313,FIL,TGLNEW_News01.txt,TGLNEW,News01,32,Ito ang pinahayag ni DTI Regional Director Joel B. Valera sa pagbubukas ng SME week kahapon sa Puerto Princesa City Coliseum.,sentence,9,9,0,False
fil_cba8c2304a83,FIL,TGLNEW_News01.txt,TGLNEW,News01,33,Ang paniwalang ito ng Pangulo ay dala ng tiwalang ipinakita ng mga ASEAN leaders at ng napipintong pagbubukas ng Asean economic markets base sa napagkasunduang pagpapalakas ng economic integration sa buong Asian region sa taong twenty fifteen.,sentence,9,9,0,False
fil_d1c3198d6d6e,FIL,TGLNEW_News01.txt,TGLNEW,News01,34,"PGMA's Caravan for National Unity, ipagpapatuloy",sentence,9,9,0,False
fil_297fb0855d17,FIL,TGLNEW_News01.txt,TGLNEW,News01,35,"Ayon sa UBS, ang outlook nila sa ekonomiya ng bansa ay hindi nagbabago at naniniwala silang fiscal stabilization year ang two thousand six para sa bansa.",sentence,9,9,0,False
fil_12c3403e09e5,FIL,TGLNEW_News01.txt,TGLNEW,News01,36,"Sinabi ni Lacdang na sa pagdating ng naturang mga kagamitan, inaasahang maibibigay ang maganda at angkop na serbisyo ng mga bantay-dagat partikular yaong nakatalagang magpatrolya sa Sorsogon Bay.",sentence,9,9,0,False
fil_e9d2c3695e81,FIL,TGLNEW_News01.txt,TGLNEW,News01,37,Nakatakdang magtaas ng singil ang Philippine Long Distance Telephone Company sa mga local services nito.,sentence,9,9,0,False
fil_f4cda9844023,FIL,TGLNEW_News01.txt,TGLNEW,News01,38,Si Chinese Premier Wen Jiabao naman ay lumipad patungong Manila para sa dalawang araw na pagbisita sa Pilipinas at ang mga iba pang mga lider ay nagsi-uwian na rin kahapon.,sentence,9,9,0,False
fil_3b6b5cfdac6c,FIL,TGLNEW_News01.txt,TGLNEW,News01,39,"Ayon kay Arnel Ty, pangulo ng LPGMA, pinagpasyahan nilang magtapyas ng singkwenta sentimos kada kilo ng kanilang liquefied petroleum gas (lpg) upang maibsan ang mabigat na pasanin ng mga consumer sa patuloy na pagtaas ng halaga ng mga produktong petrolyo.",sentence,9,9,0,False
fil_24c6570ddf50,FIL,TGLNEW_News01.txt,TGLNEW,News01,40,Nagsara ang piso sa limampu't isang piso at limang sentimo kahapon mula sa limampu't isang piso at labing apat na sentimo na pagsasara nito noong Martes kasunod ng ulat na tumaas ang naipadalang remittances ng mga Overseas Filipino Workers noong Enero.,sentence,9,9,0,False
fil_166618f7dcde,FIL,TGLNEW_News02.txt,TGLNEW,News02,1,"Ayon pa sa pamahalaan, ang mga kandidato ng oposisyon ay walang tiyak na plano para sa bansa. Matatandaang sa kanilang proklamasyon ay puro lamang paninira kay Pangulong Arroyo na hindi naman ang dapat na isyu sa kampanya.",sentence,7,7,0,False
fil_96ce7535ba73,FIL,TGLNEW_News02.txt,TGLNEW,News02,2,"Ayon kay Trade Secretary Peter Favila, minsan lamang magkaroon ng negosyo ang Pilipinas at Laos na parehong miyembro ng Association of Southeast Asian Nations.",sentence,7,7,0,False
fil_cc0c9f651495,FIL,TGLNEW_News02.txt,TGLNEW,News02,3,"Sinabi ni Robles na kanilang naitala ang pinakama-raming pasaherong sumakay sa Line one noong ika-siyam ng,taong dalawang libo at pito sa bilang na apat na daan tatlumpu't dalawang libo, at tatlumpu't anim habang sa Line two ay umabot sa isandaa't siyamnapung libo at limampu't tatlo ang pinakamataas noong ika-dalawampu't dalawa ng Hunyo.",sentence,7,7,0,False
fil_3d88d58bbc5e,FIL,TGLNEW_News02.txt,TGLNEW,News02,4,"Kaugnay nito, ang DBM ay nagpalabas na ng mga guidelines kung paano aayusin ng mga ahensiya ng pamahalaan ang kanilang budgetary allocations na makakatulong para sa pagpapatupad ng President's priority projects.",sentence,7,7,0,False
fil_cae14a8824b7,FIL,TGLNEW_News02.txt,TGLNEW,News02,5,Inaasahan ang pagbaba ng singil sa serbisyo ng mga international voice calls. Kaugnay ito sa inilabas na memorandum circular ng National Telecommunication Commission na nagpapahintulot sa mga Internet Service Providers na mag-alok na rin ng Voice Over Internet Protocol. Sa pamamagitan ng voice over internet protocol maaaring makipag-ugnayan ang sinuman sa pamamagitan ng internet o data networks sa halip na public switched telephone network.,sentence,7,7,0,False
fil_c01fe3857951,FIL,TGLNEW_News02.txt,TGLNEW,News02,6,"Binigyang-diin ng Pangulo na bagaman hindi nito masisisi ang mga nakaraang administrasyon, maari pa ring mabayaran ng bansa ang utang nito kung hindi na bibigyang pansin ang pamumulitika at magkaisa ang lahat upang maging produktibo.",sentence,7,7,0,False
fil_3208b457a601,FIL,TGLNEW_News02.txt,TGLNEW,News02,7,Bumagsak ng mahigit isang dolyar ang presyo ng langis sa pandaigdigang pamilihan matapos lumabas ang balitang tumaas ang US energy stocks across the board noong nakaraang linggo.,sentence,7,7,0,False
fil_42056d6099ff,FIL,TGLNEW_News02.txt,TGLNEW,News02,8,"Simula pa lamang, ang mga Roseñian (tawag sa mga residente rito), ay nagkaroon na ng malaki at markadong bahagi sa kasaysayan ng bansa. Kasama ng iba mula sa iba't ibang lugar, sila ay naging instrumento sa proklamasyon ng Philippine Independence nang sa pamamagitan ni Francisco Arambulo ay nakiisa sa paglagda sa Act of Independence noong Hunyo twelve, taong eighteen ninety eight.",sentence,7,7,0,False
fil_3fde99a3ecbe,FIL,TGLNEW_News02.txt,TGLNEW,News02,9,Ang pagluluwas ng produkto sa ibang bansa ang isa sa inaasahang mag-aangat ng ekonomiya ng Pilipinas at mga bansa sa Asya. Base pa rin ito sa ginawang pag-aaral ng Asian Development Bank na tinawag nilang Asian Development Outlook twenty o five report. Ayon sa ADB maituturing na tagumpay ang ekonomiya ng bansa kung may demand sa produkto nito sa ibang bansa at maging sa domestic market.,sentence,7,7,0,False
fil_3a6e2de3eaaf,FIL,TGLNEW_News02.txt,TGLNEW,News02,10,"Ayon naman sa City Environment and Natural Resources Office, tuturuan nila ang mga mag-aaral ng waste segregation na nakapaloob sa RA nine zero zero three o Solid Waste Management Program at nai-cluster na nila ang mga ito sa tatlong distrito at pinagpangkat-pangkat naman sa mga magkakatabing barangay para sa mas sistematikong galaw o aksyon ng mga ito.",sentence,7,7,0,False
fil_f7265e54cb97,FIL,TGLNEW_News02.txt,TGLNEW,News02,11,"Nabatid rin na nakikipag-kumpitensya ang Pilipinas sa ibang mga bansa gaya ng Malaysia, Thailand, Singapore at Hongkong para sa nasabing investment.",sentence,7,7,0,False
fil_631b99b07317,FIL,TGLNEW_News02.txt,TGLNEW,News02,12,Gagastos ang gobyerno ng Php13-bilyon para buhayin ang Oil Price Stabilization Fund na siyang pipigil sa patuloy na pagtaas sa presyo ng langis. Reaksyon ito ng Department of Energy sa kahilingan ng ilang sektor dahil sa sunod-sunod na pagtataas sa presyo ng mga oil companies. Ayon kay Energy Undersecretary Peter Anthony Abaya mas malaki pa ang gagastusin dito ng gobyerno kaysa sa inaasahang kita mula naman sa value added tax na ipapataw sa mga power at petroleum products.,sentence,7,7,0,False
fil_a55d7b84dd61,FIL,TGLNEW_News02.txt,TGLNEW,News02,13,Ayon sa Agriculture Department mahalaga ang kalidad ng ating food export bungsod na rin ng paghihigpit ng maraming mga bansa o maging ng global food security regulations.,sentence,7,7,0,False
fil_49c6ee18b52a,FIL,TGLNEW_News02.txt,TGLNEW,News02,14,"Sa two thousand seven International Quest for Miss Laoag City Pamulinawen sa Centennial Arena, sinabi ng pangulo na gusto niyang ang pagtatrabaho sa ibang bansa ay sa paraang kung gusto lamang nito at hindi dahil ito lamang ang angkop sa lahat ng Pilipino.",sentence,7,7,0,False
fil_a70528824b25,FIL,TGLNEW_News02.txt,TGLNEW,News02,15,Gawa ang hydro-gel sa Carrageenan na produkto ng katas ng halamang-dagat na eucheuma at ng poly-vinyl py-rolidone at nabuo sa pamamagitan ng radiation.,sentence,7,7,0,False
fil_e74a0c1d6e62,FIL,TGLNEW_News02.txt,TGLNEW,News02,16,Pinasalamatan naman ni SunPower President at Chief Executive Officer (CEO) Tom Werner ang Pangulo sa patuloy na suporta nito sa kanilang kompanya. Ang unang manufacturing site nito sa bansa ay matatagpuan sa Laguna Techno-Park sa Sta. Rosa City na pinasinayaan din ng Pangulo ng nakalipas na March taong dalawang libo at lima.,sentence,7,7,0,False
fil_2152b57664d5,FIL,TGLNEW_News02.txt,TGLNEW,News02,17,Dapat din daw ay iwasan na ng mga local government units ang red tape at pagandahin pang lalo ang infrastucture upang magkaroon ng access ang mga mamamayan lalo na ang mga mahihirap sa mga negosyo sa pamamagitan ng pagpapatatag ng institutional capacity ng pamahalaan.,sentence,7,6,0,False
fil_57a8c7f2f54b,FIL,TGLNEW_News02.txt,TGLNEW,News02,18,Ayon sa Bangko Sentral ng Pilipinas tumaas ang investment portfolio nitong nakalipas na buwan ng agosto na umabot sa one hundred thirty one million dollars kumpara sa sixty three point nine million dollars noong isang taon.,sentence,7,6,0,False
fil_663d65c99b5c,FIL,TGLNEW_News02.txt,TGLNEW,News02,19,Sisimulan na ng Pilipinas na i-explore ang pag-e-export ng Halal products sa United Arab Emirates ngayong taon.,sentence,7,6,0,False
fil_a1cebc8cb202,FIL,TGLNEW_News02.txt,TGLNEW,News02,20,"Hindi lang nabibigyan ng pansin, pero napakahalaga ng civic mission component ng bawat joint military training na nailulunsad sa bansa sapagkat direkta itong nakakatulong sa mga mahihirap, ani National Security Adviser Norberto Gonzales.",sentence,7,6,0,False
fil_0b4ea4c17a3f,FIL,TGLNEW_News02.txt,TGLNEW,News02,21,Pinag-aaralan na ng Bangko Sentral ng Pilipinas kung tataasan ba nila ang limitasyong ipinapataw nila sa mga bangko pagdating sa pagbili nito ng US dollar.,sentence,7,6,0,False
fil_1819ca6c7c1c,FIL,TGLNEW_News02.txt,TGLNEW,News02,22,"Pinulong kamakailan ni Pangulo Gloria Macapagal Arroyo ang National Security Council kung saan pangunahing pinag-usapan sa pagpupulong ang hangarin nito na magkaroon ng kapayapaan, hustisya, pagkakasundo at seguridad sa mga Mindanaoans at maging sa lahat ng mamamayang Pilipino.",sentence,7,6,0,False
fil_6b5e0bc33c08,FIL,TGLNEW_News02.txt,TGLNEW,News02,23,Kinokonsidera ng Saudi Arabia ang pagtatayo ng isang oil refinery sa Bataan o kaya naman ay sa Mindanao. Ito ang ipinarating na mensahe ni Saudi Petroleum Minister Ali al-Naimi ng pagkalooban Congressional Medal of Achievement. Ayon kay Naimi seryoso na nilang pinag-aaralan ang pagtatayo ng naphtha cracker plant na popondohan nila ng isang bilyong dolyar.,sentence,7,6,0,False
fil_3ca5b8ff01a6,FIL,TGLNEW_News02.txt,TGLNEW,News02,24,Habang ang LGU-RAS ay isa ring monitoring system na maghahambing sa mga data ng BIR at LGU gamit ang BIR Data Quality at Matching Infrastructure. Tutukuyin nito ang mga inconsistent declarations ng mga taxpayers at ang mga kaduda-dudang Tax Identification Numbers (TIN) registration at declarations.,sentence,7,6,0,False
fil_b73a8251ebca,FIL,TGLNEW_News02.txt,TGLNEW,News02,25,Tumaas naman ng seventy six cents ang Brent North Sea Crude at nasa sixty point seventy nine dollars per barell sa electronic deals.,sentence,7,6,0,False
fil_447bfd22f2ef,FIL,TGLNEW_News02.txt,TGLNEW,News02,26,Nagpasalamat naman ang Pangulong Arroyo sa tagumpay ng implemestasyon ng tax reforms na naging daan upang madagdagan ang pondo para sa pagsagawa ng Rural Electrification Program.,sentence,5,4,0,False
fil_4362b1687af2,FIL,TGLNEW_News02.txt,TGLNEW,News02,27,"Maliban dito, inaasahang ibabahagi rin ng mga Us Experts ang kanilang mga bagong kaalaman sa paggagatas ng hayop.",sentence,5,4,0,False
fil_c7ab4e24a2fb,FIL,TGLNEW_News02.txt,TGLNEW,News02,28,Mas magiging mataas din ang level ng playing field dahil maari nang makipag-compete ang mga investor sa regional at global markets.,sentence,5,4,0,False
fil_204f4e297912,FIL,TGLNEW_News02.txt,TGLNEW,News02,29,"Sinegundahan din ito ng Malacaang na naniniwalang masusi lamang na binalanse ng wage board ang pangangailangan ng mga manggagawa at kapasidad ng mga employers. ""All things considered,"" ani Press Sec. Ignacio Bunye.",sentence,5,4,0,False
fil_c531c64c2f6e,FIL,TGLNEW_News02.txt,TGLNEW,News02,30,Tatlong sentimo lamang ang itinaas ng New York Light Sweet Crude at ngayo'y puma-palo sa animnapu at limang sentimong dolyar per barell sa pit trading.,sentence,5,4,0,False
fil_c16dea7b5ca0,FIL,TGLNEW_News02.txt,TGLNEW,News02,31,"Nabatid pa na hindi umano sa kanya nakapangalan ang permit ng bar, kaya't walang makikita sa record ng City Hall, dahil tatlo silang nagmamay-ari ng naturang establishment. Ang dalawa pang kabilang ay ang composer na si Lito Camo at negosyanteng nagngangalang Arthur Tio.",sentence,5,4,0,False
fil_6ddc67855d8e,FIL,TGLNEW_News02.txt,TGLNEW,News02,32,Noong nakaraang December umano ay hinikayat ng Pangulong Arroyo ang organization na pinamumunuan ni Reyes na magsagawa ng livelihood training sa Bicol upang tulungang makabangon ang mga residente naapektuhan sa sunod-sunod na bagyo na tumama sa Pilipinas at sa nasabing rehiyon.,sentence,5,4,0,False
fil_6c2a248958ca,FIL,TGLNEW_News02.txt,TGLNEW,News02,33,"Sinabi pa ng S & P na kung patuloy na maaantala ang pagsasa-pribado ng NAPOCOR, lalong mahihirapan itong baguhin ang credit outlook ng Pilipinas.",sentence,5,4,0,False
fil_cfc772f7f6bb,FIL,TGLNEW_News02.txt,TGLNEW,News02,34,Tuluyan nang ibinasura ng Department of Energy ang pagbuhay sa Oil Price Stabilization Fund o OPSF. Ayon kay Energy Secretary Raphael Lotilla hindi makakayanan ng gobyerno na i-subsidize ang presyo ng langis dahil tiyak na mababaon ito sa utang. Iginiit ni Sec. Lotilla na nagpapatupad na ng pagtitipid ang gobyerno na maaari anilang makabawas sa presyo ng langis gaya ng 4-day work week at ang pamamasada ng mga pampasaherong bus na gumagamit ng natural gas.,sentence,5,4,0,False
fil_aa9e088185a2,FIL,TGLNEW_News02.txt,TGLNEW,News02,35,"Ayon pa sa Finance Department Data, ang Gross Domestic Borrowing ng nakaraang taon ay nagkakahalaga ng six hundred fifty-two point two billion pesos samantalang ang utang na nabayaran sa taong iyon ay umabot sa five hundred forty-four point three billion pesos na tumaas ng forty-four percent sa three hundred seventy-nine point one billion pesos na naitala noong nakaraang taon.",sentence,5,4,0,False
fil_8c60f5e47c88,FIL,TGLNEW_News02.txt,TGLNEW,News02,36,Lumalakas ang tiwala ni Pangulong Gloria Macapagal-Arroyo na maabot ang vision nitong maging logistics at services hub ng Asia-Pacific region ang Subic Bay Freeport Zone dito sa Pilipinas. Ito’y kasunod sa pagpapasinaya ng Boeing seven three seven ng Pacific Pearl Airways sa Subic Bay International Airport kamakailan.,sentence,5,4,0,False
fil_282a1956f89e,FIL,TGLNEW_News02.txt,TGLNEW,News02,37,"Ayon sa Napocor, nagkaproblema sa kanilang planta kasunod ng pagtaas ng demand sa kuryente na naranasan noong miyerkules kasunod naman ng pagtaas ng temperatura.",sentence,5,4,0,False
fil_b145c52435fb,FIL,TGLNEW_News02.txt,TGLNEW,News02,38,Kampanya sinimulan para sa pagbasura sa Senate Bill two five nine five.,sentence,5,4,0,False
fil_43d7e476cfc0,FIL,TGLNEW_News02.txt,TGLNEW,News02,39,"Pahayag pa ni Abaya, ang algae ay cost-effective, renewable at space efficient. Malaki din umano ang na-itutulong nito sa pangangalaga sa kalikasan dahil ina-absorbumano nito ang carbon dioxide mula sa hangin, ang primary component ng greenhouse gases na s'yang responsable ng global warming.",sentence,5,4,0,False
fil_0009fcd5236b,FIL,TGLNEW_News02.txt,TGLNEW,News02,40,Maglalaan ang pamahalaan ng pondo para sa mga enhanced basic services at infrastructure kabilang na rito ang AFP Modernization Program. Matatandaang ang pagpapatupad nito ay naantala dahil sa kakulangan ng pondo.,sentence,5,4,0,False
fil_04add386c360,FIL,TGLNEW_Tourism01.txt,TGLNEW,Tourism01,1,Chili con carne 'yan.,phrase,15,15,0,False
fil_76175ba0cf2e,FIL,TGLNEW_Tourism01.txt,TGLNEW,Tourism01,2,"Mahilig akong maggolf, katulad ng karamihan sa mga businessman. Ngunit di ako masyadong naglalaro kasi mahal ang singil sa Japan.",sentence,13,15,0,False
fil_1e5491851220,FIL,TGLNEW_Tourism01.txt,TGLNEW,Tourism01,3,May maipapayo ka bang salon para sa mga dalagita?,sentence,15,15,0,False
fil_94fd5105930f,FIL,TGLNEW_Tourism01.txt,TGLNEW,Tourism01,4,Hindi ko makita ang aking mga kasama.,sentence,15,15,0,False
fil_65a614e9d91e,FIL,TGLNEW_Tourism01.txt,TGLNEW,Tourism01,5,Sa tingin mo ba La Salle ang mananalo sa serye?,sentence,15,15,0,False
fil_fa1982895c06,FIL,TGLNEW_Tourism01.txt,TGLNEW,Tourism01,6,Hinde ah. Nagsasabon at nagbabanlaw muna kami sa labas ng tub at saka lulublob.,sentence,15,15,0,False
fil_be71e523711e,FIL,TGLNEW_Tourism01.txt,TGLNEW,Tourism01,7,Ang mahal ng renta dito.,sentence,15,15,0,False
fil_346f684d1c9b,FIL,TGLNEW_Tourism01.txt,TGLNEW,Tourism01,8,May malapit bang comedy bar dito?,sentence,15,15,0,False
fil_916718a2016d,FIL,TGLNEW_Tourism01.txt,TGLNEW,Tourism01,9,Ang ganda ng pantalong 'to!,sentence,15,15,0,False
fil_d5b0d3c06ab7,FIL,TGLNEW_Tourism01.txt,TGLNEW,Tourism01,10,Hinde ah. Nagsasabon at nagbabanlaw muna kami sa labas ng tub at saka lulublob.,sentence,15,15,0,False
fil_39e1aa82889f,FIL,TGLNEW_Tourism01.txt,TGLNEW,Tourism01,11,May kasamang kape na ba ito?,sentence,15,15,0,False
fil_7bf1f8eaed0c,FIL,TGLNEW_Tourism01.txt,TGLNEW,Tourism01,12,"Ayon sa pambansang batas, ang paninigarilyo ay maaari lamang sa bandang likod ng bus, maliban na lang kung ipinagbabawal ito ng batas ng siyudad.",sentence,15,15,0,False
fil_8e40660a0001,FIL,TGLNEW_Tourism01.txt,TGLNEW,Tourism01,13,Tayo ay lumilipad malapit sa Panay Islands.,sentence,14,15,0,False
fil_5dc273fcb7bc,FIL,TGLNEW_Tourism01.txt,TGLNEW,Tourism01,14,"Kung di mo kayang i-meet ang deadline, kinakailangan nating suriing muli ang proyektong ito.",sentence,15,15,0,False
fil_4d78548ddbaa,FIL,TGLNEW_Tourism01.txt,TGLNEW,Tourism01,15,Akala niya siguro ipinagbabawal na gamot.,sentence,15,15,0,False
fil_dcaaaa2c13cd,FIL,TGLNEW_Tourism01.txt,TGLNEW,Tourism01,16,Puwede mo silang bilhin nang mura.,sentence,15,15,0,False
fil_20f8be26b44d,FIL,TGLNEW_Tourism01.txt,TGLNEW,Tourism01,17,Ito ba ay suede?,phrase,14,15,0,False
fil_1b16f765ea60,FIL,TGLNEW_Tourism01.txt,TGLNEW,Tourism01,18,"Unuulit ko lang po, sumangayon po kayo sa kontrata para makapagtrabaho pa tayo ng matagal at makapagplano para sa susunod na taon, hindi po ba?",sentence,15,15,0,False
fil_db69abf5ad05,FIL,TGLNEW_Tourism01.txt,TGLNEW,Tourism01,19,Mayroon akong damit na di sa akin.,sentence,15,15,0,False
fil_8282974025df,FIL,TGLNEW_Tourism01.txt,TGLNEW,Tourism01,20,Ang pagpapagayag ng susunod na pagtigil ay ginagawa sa bawat tren ng walang mintis.,sentence,15,15,0,False
fil_066737062f3f,FIL,TGLNEW_Tourism01.txt,TGLNEW,Tourism01,21,"Dirediretsuhin mo lang itong kalyeng ito, at nasa pangatlong kanto ang hinahanap mo.",sentence,15,15,0,False
fil_b5b8060b5186,FIL,TGLNEW_Tourism01.txt,TGLNEW,Tourism01,22,Nagsusuot kami ng barong kapag may mahalagang okasyon.,sentence,14,15,0,False
fil_c0731d035921,FIL,TGLNEW_Tourism01.txt,TGLNEW,Tourism01,23,Gawa ba to sa one hundred percent abaca?,sentence,15,15,0,False
fil_398d3fb6f619,FIL,TGLNEW_Tourism01.txt,TGLNEW,Tourism01,24,Maaaring totoo ang balita.,phrase,15,15,0,False
fil_26805a68e324,FIL,TGLNEW_Tourism01.txt,TGLNEW,Tourism01,25,Ang taxi number yata ay one two three four five.,sentence,15,15,0,False
fil_b0b5d597e890,FIL,TGLNEW_Tourism01.txt,TGLNEW,Tourism01,26,Maaari bang tumawag ka ng repair truck?,sentence,14,14,0,False
fil_f24b5db350dd,FIL,TGLNEW_Tourism01.txt,TGLNEW,Tourism01,27,May I have some airsick medicine?,sentence,14,14,0,False
fil_92e122e167b2,FIL,TGLNEW_Tourism01.txt,TGLNEW,Tourism01,28,Kailngan mo na daw magpacheck-up sa doktor para sa kalusugan mo.,sentence,14,14,0,False
fil_078d4b32c909,FIL,TGLNEW_Tourism01.txt,TGLNEW,Tourism01,29,Nabali ang kanang paa mo.,sentence,13,14,0,False
fil_349abc354e8f,FIL,TGLNEW_Tourism01.txt,TGLNEW,Tourism01,30,"Narinig kong mahal daw sumali sa golf dito sa inyo. Sa America, marami kaming country clubs na kailangan mong salihan para makapaglaro. Minsan hindi ka pa rin maaaring makasali kahit mayaman ka. Pero may mga pampublikong lugar naman na Puwedeng paglaruan ng kahit sino para sa murang halaga. Gusto mo bang magpareserve?",sentence,13,14,0,False
fil_b30a217d1285,FIL,TGLNEW_Tourism01.txt,TGLNEW,Tourism01,31,May mga otomatik ba kayong kotse?,sentence,9,9,0,False
fil_b15998f3639b,FIL,TGLNEW_Tourism01.txt,TGLNEW,Tourism01,32,Interesado ako sa mga kikay na bagay.,sentence,9,9,0,False
fil_e46594775c95,FIL,TGLNEW_Tourism01.txt,TGLNEW,Tourism01,33,Iba iba ang presyo ko. Yung watawat ng Amerika halimbawa ay isang libong piso. Yung ibang artistang gumagawa nito ay sumisingil ng dalawang libong piso.,sentence,9,9,0,False
fil_1378b76edd1e,FIL,TGLNEW_Tourism01.txt,TGLNEW,Tourism01,34,May gumagamit ba nito?,phrase,9,9,0,False
fil_f68738497f49,FIL,TGLNEW_Tourism01.txt,TGLNEW,Tourism01,35,"Dahil mainit sa Pilipinas tuwing Marso, masayang pumunta sa isa sa mga napakaraming beach.",sentence,9,9,0,False
fil_b74bf94babc9,FIL,TGLNEW_Tourism01.txt,TGLNEW,Tourism01,36,Nasa dulong kaliwa po.,phrase,9,9,0,False
fil_71cffd0e70a3,FIL,TGLNEW_Tourism01.txt,TGLNEW,Tourism01,37,Mayroon ho ba kayong asin?,sentence,9,9,0,False
fil_05a2dae0dcf4,FIL,TGLNEW_Tourism01.txt,TGLNEW,Tourism01,38,"Kamusta na, Gab?",phrase,9,9,0,False
fil_c980d360d521,FIL,TGLNEW_Tourism01.txt,TGLNEW,Tourism01,39,Ang ganda ng pantalong 'to!,sentence,9,9,0,False
fil_1af1b439a8a1,FIL,TGLNEW_Tourism01.txt,TGLNEW,Tourism01,40,Puwedeng magpadala ng package dito.,sentence,9,9,0,False
fil_b48208c57c3d,FIL,TGLNEW_Tourism02.txt,TGLNEW,Tourism02,1,Lalo na't ang sakit ng paa ko dahil sa kalalakad.,sentence,7,7,0,False
fil_4fa670334c05,FIL,TGLNEW_Tourism02.txt,TGLNEW,Tourism02,2,Hindi gumagana ang bentilador.,phrase,7,7,0,False
fil_c6e4f3257a73,FIL,TGLNEW_Tourism02.txt,TGLNEW,Tourism02,3,"Isang cream soup, fried prawn na may lemon, butter, parsley potatoes, green salad, rolls, at kape o tsaa.",sentence,7,7,0,False
fil_3227ed95372a,FIL,TGLNEW_Tourism02.txt,TGLNEW,Tourism02,4,Tapos na ako sa aking mga aralin.,sentence,7,7,0,False
fil_4bc40ab4b6c4,FIL,TGLNEW_Tourism02.txt,TGLNEW,Tourism02,5,"Isang cream soup, fried prawn na may lemon, butter, parsley potatoes, green salad, rolls, at kape o tsaa.",sentence,7,7,0,False
fil_7d84a7674b6d,FIL,TGLNEW_Tourism02.txt,TGLNEW,Tourism02,6,Diyan ka lang.,phrase,7,7,0,False
fil_2e2c16819c64,FIL,TGLNEW_Tourism02.txt,TGLNEW,Tourism02,7,Medium na diet coke.,phrase,7,7,0,False
fil_317c22a62a96,FIL,TGLNEW_Tourism02.txt,TGLNEW,Tourism02,8,"Isang cream soup, fried prawn na may lemon, butter, parsley potatoes, green salad, rolls, at kape o tsaa.",sentence,7,7,0,False
fil_e23d1cc2d398,FIL,TGLNEW_Tourism02.txt,TGLNEW,Tourism02,9,I forgot tax free yesterday. (Nalimutan kong sale nga pala sa SM kahapon.),sentence,7,7,0,False
fil_cddbd40de2f5,FIL,TGLNEW_Tourism02.txt,TGLNEW,Tourism02,10,Sigurado ka ba sa number niya?,sentence,7,7,0,False
fil_03ba9355fd06,FIL,TGLNEW_Tourism02.txt,TGLNEW,Tourism02,11,Hindi pa ako nakakasisid ever.,sentence,7,7,0,False
fil_7512f339dbe6,FIL,TGLNEW_Tourism02.txt,TGLNEW,Tourism02,12,Magkano ang parenta ng float?,sentence,7,7,0,False
fil_99dbe49a598b,FIL,TGLNEW_Tourism02.txt,TGLNEW,Tourism02,13,May maganda bang paliguan dito?,sentence,7,7,0,False
fil_644fc56812cc,FIL,TGLNEW_Tourism02.txt,TGLNEW,Tourism02,14,Maaari bang makausap si Ms. Ana na nasa kwartong fifteen o eight?,sentence,7,7,0,False
fil_4ab596aba34b,FIL,TGLNEW_Tourism02.txt,TGLNEW,Tourism02,15,Nagsisimula na ang kasiyahan.,phrase,7,7,0,False
fil_74fe16d53466,FIL,TGLNEW_Tourism02.txt,TGLNEW,Tourism02,16,Ang Gold fish ay para sa katulad na layunin. Makikita natin ito at makakaramdam tayo ng kapreskuhan.,sentence,6,7,0,False
fil_3b6afbc9fd6c,FIL,TGLNEW_Tourism02.txt,TGLNEW,Tourism02,17,"Kung sobra na yan sa isang libo, masyado nang mahal yan.",sentence,7,7,0,False
fil_d85f6352ab31,FIL,TGLNEW_Tourism02.txt,TGLNEW,Tourism02,18,Wala ng tuwalya.,phrase,7,7,0,False
fil_e860f4b44841,FIL,TGLNEW_Tourism02.txt,TGLNEW,Tourism02,19,That car has good handling. (Maganda ang gawa sa kotseng iyan.),sentence,7,7,0,False
fil_03920b5fd79a,FIL,TGLNEW_Tourism02.txt,TGLNEW,Tourism02,20,Umiinom po ako ng gamot para sa ubo.,sentence,7,7,0,False
fil_c4943e75152a,FIL,TGLNEW_Tourism02.txt,TGLNEW,Tourism02,21,May fourth. (Mayo a-kwatro.),phrase,7,7,0,False
fil_19a3028b067f,FIL,TGLNEW_Tourism02.txt,TGLNEW,Tourism02,22,Hindi pa ba handa ang kwarto namin?,sentence,7,7,0,False
fil_6215d2a8f791,FIL,TGLNEW_Tourism02.txt,TGLNEW,Tourism02,23,May connecting flight po ako sa Cebu Pacific.,sentence,7,7,0,False
fil_83d69dabc86f,FIL,TGLNEW_Tourism02.txt,TGLNEW,Tourism02,24,Which ferry should I take? (Anong jeep ang dapat kong sakyan?),sentence,7,7,0,False
fil_28cb3859c7b9,FIL,TGLNEW_Tourism02.txt,TGLNEW,Tourism02,25,Tatanungin ko lang si ale doon.,sentence,7,7,0,False
fil_80c5b23ff317,FIL,TGLNEW_Tourism02.txt,TGLNEW,Tourism02,26,Gusto ko ng bond paper.,sentence,7,7,0,False
fil_fc0929af1122,FIL,TGLNEW_Tourism02.txt,TGLNEW,Tourism02,27,Kapareho ho nung sa kanya.,sentence,7,7,0,False
fil_189e4dcaf2a8,FIL,TGLNEW_Tourism02.txt,TGLNEW,Tourism02,28,Kahit anong trabahong may mataas na sweldo.,sentence,6,7,0,False
fil_1347af2b7b3c,FIL,TGLNEW_Tourism02.txt,TGLNEW,Tourism02,29,Pinanganak ako sa Maynila at lumaki sa Cebu.,sentence,7,7,0,False
fil_4711abdbfde8,FIL,TGLNEW_Tourism02.txt,TGLNEW,Tourism02,30,Anong maipapayo mong tindahang de-diskwento?,sentence,7,7,0,False
fil_edea9505667b,FIL,TGLNEW_Tourism02.txt,TGLNEW,Tourism02,31,Bakit sobrang natagalan ng tren?,sentence,7,7,0,False
fil_e9482564c9f9,FIL,TGLNEW_Tourism02.txt,TGLNEW,Tourism02,32,Anong istasyon ng bus ang pinakamalapit?,sentence,7,7,0,False
fil_cc2d0e21841f,FIL,TGLNEW_Tourism02.txt,TGLNEW,Tourism02,33,"Opo, maaaring makuha ang iyong card para mamarkahan.",sentence,7,7,0,False
fil_a931ee65a0c6,FIL,TGLNEW_Tourism02.txt,TGLNEW,Tourism02,34,Pwede ba akong makakuha ng mapa ng lugar na ito?,sentence,7,7,0,False
fil_ec3a8df34354,FIL,TGLNEW_Tourism02.txt,TGLNEW,Tourism02,35,"Magandang araw. Pakiprint naman ito ng dalawang beses, yung malaki.",sentence,7,7,0,False
fil_f4c7c0309ef0,FIL,TGLNEW_Tourism02.txt,TGLNEW,Tourism02,36,Ipapadala ko sa iyo ang litrato mamaya.,sentence,7,7,0,False
fil_6129ac2dd8e5,FIL,TGLNEW_Tourism02.txt,TGLNEW,Tourism02,37,Limampung sentimo bawat salita papuntang Hapon.,sentence,7,7,0,False
fil_99414c6c943d,FIL,TGLNEW_Tourism02.txt,TGLNEW,Tourism02,38,Five-one-four ang kwarto ko.,phrase,7,7,0,False
fil_3b961174692e,FIL,TGLNEW_Tourism02.txt,TGLNEW,Tourism02,39,Ano kaya kung magtampisaw tayo?,sentence,7,7,0,False
fil_7fb2f39c44e1,FIL,TGLNEW_Tourism02.txt,TGLNEW,Tourism02,40,Stay loose.(Kalma lang.),phrase,7,7,0,False
fil_1269ffd97f4a,FIL,Utt_Batangas1_Shib.txt,Utt,Batangas1_Shib,1,Punasi mo muna iyang lamesa,sentence,1,62,0,False
fil_684f5a65192c,FIL,Utt_Batangas2_Shib.txt,Utt,Batangas2_Shib,1,"Ay siya, lutui.",phrase,1,62,0,False
fil_23672643c51d,FIL,Utt_Batangas3_Shib.txt,Utt,Batangas3_Shib,1,Maalam ka gang magsalita ng Espanyol?,sentence,1,62,0,False
fil_72cec0d92d3d,FIL,Utt_Batangas4_Shib.txt,Utt,Batangas4_Shib,1,Kita na.,phrase,1,62,0,False
fil_26fe90f96b71,FIL,Utt_CommonExpressions.txt,Utt,CommonExpressions,1,Maraming salamat.,phrase,68,109,0,False
fil_37d70b4a9bed,FIL,Utt_CommonExpressions.txt,Utt,CommonExpressions,2,Maligayang bati po sa inyo.,sentence,66,109,0,False
fil_41f601858770,FIL,Utt_CommonExpressions.txt,Utt,CommonExpressions,3,Maligayang kaarawan po sa inyo.,sentence,66,109,0,False
fil_8ca51361a581,FIL,Utt_CommonExpressions.txt,Utt,CommonExpressions,4,Gusto niyo pong kumain?,phrase,60,109,0,False
fil_1c90cb7d8777,FIL,Utt_CommonExpressions.txt,Utt,CommonExpressions,5,Ano hong pangalan ninyo?,phrase,60,109,0,False
fil_d4801f0734d6,FIL,Utt_CommonExpressions.txt,Utt,CommonExpressions,6,Wala pong anuman.,phrase,68,109,0,False
fil_f59f5827b17a,FIL,Utt_CommonExpressions.txt,Utt,CommonExpressions,7,Ilang taon na ho kayo?,sentence,66,109,0,False
fil_7658c9dfd76d,FIL,Utt_CommonExpressions.txt,Utt,CommonExpressions,8,Magandang umaga po sa inyo.,sentence,61,109,0,False
fil_fff2ce68dd1e,FIL,Utt_CommonExpressions.txt,Utt,CommonExpressions,9,Maligayang bati ho sa inyo.,sentence,63,109,0,False
fil_e81c59a2c5a8,FIL,Utt_CommonExpressions.txt,Utt,CommonExpressions,10,Maligayang kaarawan ho sa inyo.,sentence,65,109,0,False
fil_a577b57f05ed,FIL,Utt_CommonExpressions.txt,Utt,CommonExpressions,11,Maligayang bati ho sa inyo.,sentence,61,109,0,False
fil_cd8efad748b0,FIL,Utt_CommonExpressions.txt,Utt,CommonExpressions,12,Magkita na lang po tayo sa susunod.,sentence,66,109,0,False
fil_46021927d107,FIL,Utt_CommonExpressions.txt,Utt,CommonExpressions,13,Magandang umaga po sa inyo.,sentence,61,109,0,False
fil_96452d386dde,FIL,Utt_CommonExpressions.txt,Utt,CommonExpressions,14,Marami ka bang gagawin?,phrase,66,109,0,False
fil_3bb0920aec6b,FIL,Utt_CommonExpressions.txt,Utt,CommonExpressions,15,Maraming salamat po.,phrase,64,109,0,False
fil_bd98dacb1a65,FIL,Utt_CommonExpressions.txt,Utt,CommonExpressions,16,Maligayang bati po.,phrase,58,109,0,False
fil_60e3259508d7,FIL,Utt_CommonExpressions.txt,Utt,CommonExpressions,17,Saan po kayo nakatira?,phrase,62,109,0,False
fil_c9f99f896977,FIL,Utt_CommonExpressions.txt,Utt,CommonExpressions,18,Magkita na lang po tayo sa susunod.,sentence,59,109,0,False
fil_cfba22ca06df,FIL,Utt_Educ.txt,Utt,Educ,1,Itaas lang ang kamay 'wag nang magsabi ng Ma'am.,sentence,58,63,0,False
fil_53dfee445ccb,FIL,Utt_Educ.txt,Utt,Educ,2,Tumahimik at makinig.,phrase,56,63,0,False
fil_496fc3933285,FIL,Utt_Educ.txt,Utt,Educ,3,Sino'ng hindi naintindihan?,phrase,60,63,0,False
fil_b7901dd28c31,FIL,Utt_Educ.txt,Utt,Educ,4,magpasa ng tahimik,phrase,56,63,0,False
fil_45680494e8bf,FIL,Utt_Educ.txt,Utt,Educ,5,Lagyan ng cover ang aklat.,sentence,61,63,0,False
fil_c7ea5302651c,FIL,Utt_Educ.txt,Utt,Educ,6,Sino ang tutulong sa kanya para maiwasto ang sagot.,sentence,59,63,0,False
fil_b614b2bac7d1,FIL,Utt_Educ.txt,Utt,Educ,7,Tingnan ko nga kung sino ang mabait?,sentence,58,63,0,False
fil_3867ecf20105,FIL,Utt_Educ.txt,Utt,Educ,8,Sino ang dito kakain?,phrase,56,63,0,False
fil_f04ad08719c0,FIL,Utt_Educ.txt,Utt,Educ,9,Sabihin sa nanay na may meeting.,sentence,58,63,0,False
fil_b94bcc739414,FIL,Utt_Educ.txt,Utt,Educ,10,Magpuputol ng kuko sa nanay kapag mahaba na ang mga kuko.,sentence,59,63,0,False
fil_f18f193b2639,FIL,Utt_Educ.txt,Utt,Educ,11,Sabay-sabay walang mauuna.,phrase,57,63,0,False
fil_e8e94b22de88,FIL,Utt_Educ.txt,Utt,Educ,12,Huwag palaging tasa ng tasa,sentence,59,63,0,False
fil_3542ac57df88,FIL,Utt_Educ.txt,Utt,Educ,13,Naiintindihan ba mga bata?,phrase,60,63,0,False
fil_f9b98fb2ab56,FIL,Utt_Educ.txt,Utt,Educ,14,ilagay sa tamang lagayan ang basura,sentence,61,63,0,False
fil_654d89d66d30,FIL,Utt_Educ.txt,Utt,Educ,15,Umupo ng maayos.,phrase,62,63,0,False
fil_f5188b23a4ec,FIL,Utt_Eng1_Shib.txt,Utt,Eng1_Shib,1,She had your dark suit in greasy wash water all year.,sentence,1,62,0,False
fil_4e34adb5f3fa,FIL,Utt_Eng2_Shib.txt,Utt,Eng2_Shib,1,Don't ask me to carry an oily rag like that.,sentence,1,62,0,False
fil_6eb9ec9ddcf3,FIL,Utt_Essay.txt,Utt,Essay,1,"Tangi pa rito, ang mga punong saging ay madalas na binubunot ng mga tao, gaya ng ginawa ng pangunang mga tauhan ng ating kuwento, itinatanim nila at pinipitas ang mga bunga (o ang pusong nagbibigay ng mga bunga) sa loob ng tatlo o apat na araw.",sentence,79,109,0,False
fil_5173ad7c073f,FIL,Utt_Essay.txt,Utt,Essay,2,"May nagsabi sa akin nang ako'y nasa Hapon na ang pagong sa mga tao roon ay isang tanda ng kawalang-hanggan o kaya'y tanda ng isang bagay na kagalang-galang, banal, at iba pa, na maaaring may kinalaman ang kabihasnang Intsik.",sentence,68,109,0,False
fil_4419028d3192,FIL,Utt_Essay.txt,Utt,Essay,3,"""Ngunit ang alimango'y hindi maaaring umakyat sa punongkahoy."" ang pariralang ito ay magiging lalong tama sa pagong; sa aming paniwala, ang alimangong may sipit at mga paa ay maaaring umakyat na katulad ng matsing; madaling naaakyat ng alimango ang alin mang bato, moog, at iba pa.",sentence,70,109,0,False
fil_79ec2329df8f,FIL,Utt_Essay.txt,Utt,Essay,4,"Ito'y isang magandang puno, may malalaki't luntiang dahon, at may mga ugat pang wari'y kabubuwal lamang pagkatapos ng bagyo.",sentence,68,109,0,False
fil_0d203f985b5a,FIL,Utt_Essay.txt,Utt,Essay,5,"Ang matsing sa dalawang pabulang ito'y gumaganap ng isang papel, masakim, magaspang, balakyot at mapaghiganti; ang sa Hapong puno ng kaki ay siyang punong saging sa Pilipinas, madaling tumubo at mamunga kaysa ibang mga punongkahoy.",sentence,66,109,0,False
fil_6e41da471361,FIL,Utt_Essay.txt,Utt,Essay,6,"Tangi pa rito, ang mga punong saging ay madalas na binubunot ng mga tao, gaya ng ginawa ng pangunang mga tauhan ng ating kuwento, itinatanim nila at pinipitas ang mga bunga (o ang pusong nagbibigay ng mga bunga) sa loob ng tatlo o apat na araw.",sentence,69,109,0,False
fil_b7c0118752a5,FIL,Utt_Essay.txt,Utt,Essay,7,"Ang matsing sa dalawang pabulang ito'y gumaganap ng isang papel, masakim, magaspang, balakyot at mapaghiganti; ang sa Hapong puno ng kaki ay siyang punong saging sa Pilipinas, madaling tumubo at mamunga kaysa ibang mga punongkahoy.",sentence,68,109,0,False
fil_709e10538f33,FIL,Utt_Essay.txt,Utt,Essay,8,"Sa kuwentong Pilipino, ang paghihiganti ng pagong kahit na may kaunting kamulalaan ay nagpapakilala ng una't pambihirang pamamaraan, ""may matutulis na susó"", samantalang sa kuwentong Hapon ay may bakas ng lalong maunlad na kalagayan ng kapisanan, gaya ng digmaan ng mga alimango at mga matsing.",sentence,69,109,0,False
fil_b27d26a7dacc,FIL,Utt_Essay.txt,Utt,Essay,9,"Tangi pa rito, ang mga punong saging ay madalas na binubunot ng mga tao, gaya ng ginawa ng pangunang mga tauhan ng ating kuwento, itinatanim nila at pinipitas ang mga bunga (o ang pusong nagbibigay ng mga bunga) sa loob ng tatlo o apat na araw.",sentence,72,109,0,False
fil_45d9ab1dd6fd,FIL,Utt_Essay.txt,Utt,Essay,10,"May nagsabi sa akin nang ako'y nasa Hapon na ang pagong sa mga tao roon ay isang tanda ng kawalang-hanggan o kaya'y tanda ng isang bagay na kagalang-galang, banal, at iba pa, na maaaring may kinalaman ang kabihasnang Intsik.",sentence,74,109,0,False
fil_547a66a7a1d3,FIL,Utt_Essay.txt,Utt,Essay,11,"Ang katotohanang, ang kuwentong ito ay alam kahit saan mang dako ng Pilipinas; sa bawat pulo, lalawigan, at nayon, ay nagpapakilalang ito'y minana sa isang naglahong kabihasnang karaniwan sa mga lahing nanirahan nang panahong iyon.",sentence,64,109,0,False
fil_658ba07faeac,FIL,Utt_Essay.txt,Utt,Essay,12,"Ang tingin nila sa pagong ay isang kaawa-awa, maliit at walang malay na bagay, ngunit maingat sa pamamaraan, higit na kinaaawaan kaysa hangaan o igalang kaya.",sentence,72,109,0,False
fil_2971b5bda04d,FIL,Utt_Greetings.txt,Utt,Greetings,1,Ipagpaumanhin po ninyo ang aking pagkakamali.,sentence,60,109,0,False
fil_b5b827bd1c81,FIL,Utt_Greetings.txt,Utt,Greetings,2,Tanggapin po ninyo ang aming taós pusong pasasalamat!,sentence,54,109,0,False
fil_43ed49c3c0d8,FIL,Utt_Greetings.txt,Utt,Greetings,3,Magandang araw sa iyo.,phrase,62,109,0,False
fil_0934d4f65e58,FIL,Utt_Greetings.txt,Utt,Greetings,4,Ipagpaumanhin po ninyo ang aking pagkakamali.,sentence,56,109,0,False
fil_36f065b22bc8,FIL,Utt_Greetings.txt,Utt,Greetings,5,Ipagpaumanhin po ninyo ang aking pagkakamali.,sentence,61,109,0,False
fil_f2025531c1ed,FIL,Utt_Greetings.txt,Utt,Greetings,6,Tanggapin po ninyo ang aming taós pusong pasasalamat!,sentence,59,109,0,False
fil_459bc708ffef,FIL,Utt_Greetings.txt,Utt,Greetings,7,Isang taós pusong pasasalamat!,phrase,59,109,0,False
fil_5dc5f432d883,FIL,Utt_Greetings.txt,Utt,Greetings,8,Maligayang Pasko po at manígong bagong taon.,sentence,57,109,0,False
fil_5033e2c4aee5,FIL,Utt_Greetings.txt,Utt,Greetings,9,Tanggapin mo ang aking pakikiramay.,sentence,58,109,0,False
fil_46f62531c228,FIL,Utt_Greetings.txt,Utt,Greetings,10,Maligayang bati sa iyong pagtatapos.,sentence,64,109,0,False
fil_758863e2ca38,FIL,Utt_Greetings.txt,Utt,Greetings,11,Ikinagagalak ko po kayong makilala.,sentence,58,109,0,False
fil_1863b5001959,FIL,Utt_Greetings.txt,Utt,Greetings,12,Maligayang Pasko po at manígong bagong taon.,sentence,61,109,0,False
fil_61ac1bc5e1e1,FIL,Utt_Greetings.txt,Utt,Greetings,13,Maligayang Pasko at manígong bagong taon.,sentence,58,109,0,False
fil_f396c9987239,FIL,Utt_Greetings.txt,Utt,Greetings,14,Tanggapin po ninyo ang aming taós pusong pasasalamat!,sentence,56,109,0,False
fil_84ff204ebea7,FIL,Utt_Greetings.txt,Utt,Greetings,15,Maligayang Pasko po at manígong bagong taon.,sentence,58,109,0,False
fil_8941f82dc837,FIL,Utt_Greetings.txt,Utt,Greetings,16,Tanggapin po ninyo ang aming taós pusong pasasalamat!,sentence,60,108,0,False
fil_335102a713f3,FIL,Utt_Interrogatives.txt,Utt,Interrogatives,1,"Gusto mo bang sumáma, o hindi?",sentence,59,109,0,False
fil_3939edfdea12,FIL,Utt_Interrogatives.txt,Utt,Interrogatives,2,Nawawala ba ang gamit niya?,sentence,60,109,0,False
fil_9f546f964c9e,FIL,Utt_Interrogatives.txt,Utt,Interrogatives,3,Paano niya nahanap ang gamit ni James?,sentence,56,109,0,False
fil_4d1ca3c892e2,FIL,Utt_Interrogatives.txt,Utt,Interrogatives,4,Sinu-sino ang nagdala ng pagkain?,sentence,56,109,0,False
fil_30b6943bc6f4,FIL,Utt_Interrogatives.txt,Utt,Interrogatives,5,"Hindi siya kumain, 'no?",phrase,52,109,0,False
fil_a944cae76e24,FIL,Utt_Interrogatives.txt,Utt,Interrogatives,6,Bibili ba siya ng pagkain?,sentence,59,109,0,False
fil_cd6bce56702e,FIL,Utt_Interrogatives.txt,Utt,Interrogatives,7,Nakanino ang susi ng bahay?,sentence,60,109,0,False
fil_bd06f17daa53,FIL,Utt_Interrogatives.txt,Utt,Interrogatives,8,Tutugtog ba si Francisco?,phrase,56,109,0,False
fil_28c2c6edeb2a,FIL,Utt_Interrogatives.txt,Utt,Interrogatives,9,Kailan magkikita sa bahay sina Ronald?,sentence,55,109,0,False
fil_d6b09d2acc1e,FIL,Utt_Interrogatives.txt,Utt,Interrogatives,10,Paano niya nahanap ang gamit ni James?,sentence,55,109,0,False
fil_074af0718069,FIL,Utt_Interrogatives.txt,Utt,Interrogatives,11,Mabait ba siya?,phrase,56,109,0,False
fil_b9902a53dba8,FIL,Utt_Interrogatives.txt,Utt,Interrogatives,12,"Tutugtog ba si Francisco, o kakanta?",sentence,62,109,0,False
fil_0e8999e14f16,FIL,Utt_Interrogatives.txt,Utt,Interrogatives,13,"Tutugtog si Francisco, 'di ba?",sentence,58,109,0,False
fil_935c15d8dae6,FIL,Utt_Interrogatives.txt,Utt,Interrogatives,14,"Tutugtog si Francisco, 'di ba?",sentence,59,109,0,False
fil_f3c3c47449fe,FIL,Utt_Interrogatives.txt,Utt,Interrogatives,15,"Gusto mo bang kumain, o magpahinga?",sentence,56,109,0,False
fil_31ae9ec139c9,FIL,Utt_Letter.txt,Utt,Letter,1,Ngayon panahon nang dapat simulan ang pagsisiwalat ng mga mahal at dakilang ani na magwawasak sa masinsing tabing na bumubulag sa ating kaisipan; panahon na ngayong dapat makilala ng mga Tagalog ang pinagbuhatan ng kanilang mga kahirapan.,sentence,43,109,0,False
fil_84d1516ae44e,FIL,Utt_Letter.txt,Utt,Letter,2,"Panahon na ngayong dapat na lumitaw ang liwanag ng katotohanan; panahon nang dapat nating ipakilala na tayo'y may sariling pagdaramdam, may puri, may hiya at pagdadamayan.",sentence,47,109,0,False
fil_250e3d40ecc8,FIL,Utt_Letter.txt,Utt,Letter,3,"Itinuturo na katuwiran ang tayo'y magkaisang-loob, magkaisang isip at akala at nang tayo'y magkaisa na maihanap ng lunas ang naghaharing kasamaan sa ating Bayan.",sentence,44,109,0,False
fil_c3eba0430502,FIL,Utt_Letter.txt,Utt,Letter,4,Ngayon panahon nang dapat simulan ang pagsisiwalat ng mga mahal at dakilang ani na magwawasak sa masinsing tabing na bumubulag sa ating kaisipan; panahon na ngayong dapat makilala ng mga Tagalog ang pinagbuhatan ng kanilang mga kahirapan.,sentence,46,109,0,False
fil_5b68996b6cc1,FIL,Utt_Letter.txt,Utt,Letter,5,at yao'y inihalo't ininom nila kapwa tanda ng tunay at lubos na pagtatapat na di magtataksil sa pinagkayarian.,sentence,47,109,0,False
fil_c17552e5c673,FIL,Utt_Manila1_Shib.txt,Utt,Manila1_Shib,1,Kumakain ako ng mangga.,phrase,1,62,0,False
fil_7b1c43dff6fd,FIL,Utt_Manila2_Shib.txt,Utt,Manila2_Shib,1,Pupunta ka ba ngayon sa palengke?,sentence,1,62,0,False
fil_9a288ca96d55,FIL,Utt_Marinduque1_Shib.txt,Utt,Marinduque1_Shib,1,Masulat da Maria at Pedro kay Juan.,sentence,1,62,0,False
fil_5a954dee258e,FIL,Utt_Marinduque2_Shib.txt,Utt,Marinduque2_Shib,1,Inatawag ngani kita ni Tatay.,sentence,1,62,0,False
fil_276f699d6f24,FIL,Utt_Marinduque3_Shib.txt,Utt,Marinduque3_Shib,1,Atulungan ga kamo ni Pedro?,sentence,1,62,0,False
fil_19cce58d1c1b,FIL,Utt_Medical.txt,Utt,Medical,1,Pangalawang beses na siyang inatake sa puso.,sentence,66,109,0,False
fil_b16471d59e48,FIL,Utt_Medical.txt,Utt,Medical,2,Hindi siya makahinga ng ayos,sentence,73,109,0,False
fil_a1ce901ca246,FIL,Utt_Medical.txt,Utt,Medical,3,Hindi po umeepekto ang gamot,sentence,65,109,0,False
fil_75e647ece7a4,FIL,Utt_Medical.txt,Utt,Medical,4,Isang linggo na po akong inuubo,sentence,77,109,0,False
fil_efd70f812b29,FIL,Utt_Medical.txt,Utt,Medical,5,Nasa dugo niyo ba yung ganyang sakit?,sentence,74,109,0,False
fil_8dda3b48f3b4,FIL,Utt_Medical.txt,Utt,Medical,6,May kakilala ka ba sa pamilya mo na may ganyang sakit din?,sentence,68,109,0,False
fil_8d79fe9c22c9,FIL,Utt_Medical.txt,Utt,Medical,7,May kakilala ka ba sa pamilya mo na may ganyang sakit din?,sentence,71,109,0,False
fil_00bb2af4dd32,FIL,Utt_Medical.txt,Utt,Medical,8,Inumin mo itong gamot tatlong beses sa isang araw,sentence,61,109,0,False
fil_d1f16ca4b9af,FIL,Utt_Medical.txt,Utt,Medical,9,May asthma po ako,phrase,66,109,0,False
fil_09cee2e457c0,FIL,Utt_Medical.txt,Utt,Medical,10,May kakilala ka ba sa pamilya mo na may ganyang sakit din?,sentence,73,109,0,False
fil_2775aba81cff,FIL,Utt_Medical.txt,Utt,Medical,11,Di po ako tumataba kahit anong gawin kong kain,sentence,75,109,0,False
fil_e2950ba96772,FIL,Utt_Medical.txt,Utt,Medical,12,Magandang gabi ho Dok,phrase,69,109,0,False
fil_77b30e0c025f,FIL,Utt_Medical.txt,Utt,Medical,13,Wala siyang ganang kumain,phrase,74,109,0,False
fil_2d25cc153181,FIL,Utt_Medical.txt,Utt,Medical,14,Ano ba ang mabisang gamot diyan?,sentence,68,109,0,False
fil_00db5071f8c4,FIL,Utt_Medical.txt,Utt,Medical,15,Magandang umaga po Doktor,phrase,71,109,0,False
fil_9aeb0b389c4c,FIL,Utt_Medical.txt,Utt,Medical,16,Nahihirapan ka bang huminga?,phrase,70,109,0,False
fil_cfa4a5a04524,FIL,Utt_Medical.txt,Utt,Medical,17,Ano po ang gamot sa singaw ng bata?,sentence,68,109,0,False
fil_8bdfe7e20038,FIL,Utt_Medical.txt,Utt,Medical,18,Gaano katagal na siyang nilalagnat?,sentence,76,109,0,False
fil_24f91080a09c,FIL,Utt_Medical.txt,Utt,Medical,19,May kakilala ka ba sa pamilya mo na may ganyang sakit din?,sentence,69,109,0,False
fil_19ea24aa79fb,FIL,Utt_Medical.txt,Utt,Medical,20,Itigil mo na ang paninigarilyo,sentence,73,109,0,False
fil_9b59d7f99f35,FIL,Utt_Medical.txt,Utt,Medical,21,Di po ako tumataba kahit anong gawin kong kain,sentence,64,109,0,False
fil_50b11a023091,FIL,Utt_Medical.txt,Utt,Medical,22,Gaano katagal na siyang nilalagnat?,sentence,70,109,0,False
fil_c989b3210e11,FIL,Utt_MinPairs.txt,Utt,MinPairs,1,Ibinili niya ang mama (mother) niya ng pasalubong. / Tinulungan niya ang isang mamà (man) na tumawid ng daan.,sentence,37,94,0,False
fil_b7f214dd00c2,FIL,Utt_MinPairs.txt,Utt,MinPairs,2,Umaakyat ng ligaw (courting) si Ben kina Dina tuwing Sabado. / Nakakita siya ng isang ligáw (lost) na pusa.,sentence,37,94,0,False
fil_7aad041fb326,FIL,Utt_MinPairs.txt,Utt,MinPairs,3,Pupunta tayo (you and I) kina Mang Ben ngayon. / Ayusin mo ang tayô (stance) mo.,sentence,34,94,0,False
fil_8048ac46d308,FIL,Utt_MinPairs.txt,Utt,MinPairs,4,Ang kapatid niya ay isang mangingisda (fisherman). / Mangingisda (will fish) siya bukas ng umaga.,sentence,36,94,0,False
fil_64060ed6f13d,FIL,Utt_MinPairs.txt,Utt,MinPairs,5,Hindi niya naitago ang muhi (noun) na nararamdaman niya. / Muhing-muhî (verb) siya sa kanyang ama.,sentence,37,94,0,False
fil_64c1e2febf06,FIL,Utt_Mindoro1_Shib.txt,Utt,Mindoro1_Shib,1,Ngay-on ka ga maparine sa amin?,sentence,1,62,0,False
fil_6e4764eaf9d2,FIL,Utt_Mindoro2_Shib.txt,Utt,Mindoro2_Shib,1,Ay katam-is naman niyang ginagawa mong leche flan na iyan.,sentence,1,62,0,False
fil_50415a2f8799,FIL,Utt_Mindoro3_Shib.txt,Utt,Mindoro3_Shib,1,Nakain ako ng mangga.,phrase,1,62,0,False
fil_77bc3661fd44,FIL,Utt_MorongRizal1_Shib.txt,Utt,MorongRizal1_Shib,1,May butas ang ringring nila.,sentence,1,62,0,False
fil_428f0b76dff2,FIL,Utt_MorongRizal2_Shib.txt,Utt,MorongRizal2_Shib,1,Ang isra ay lumalangoy sa ragat.,sentence,1,62,0,False
fil_5dc093dfb70b,FIL,Utt_MorongRizal3_Shib.txt,Utt,MorongRizal3_Shib,1,Ang Bunrok Apo ang pinakamataas na bunrok sa Pilipinas.,sentence,1,62,0,False
fil_38193725b706,FIL,Utt_News.txt,Utt,News,1,"Dahil sa mahusay na liderato ng mga pinuno ng bayan, nakabalik ito sa pang-unang pwesto nang umabot sa limampu't apat na milyong piso ang kita noong taong isang libo siyam na raan walumpu't siyam.",sentence,81,109,0,False
fil_a5c6127e3b28,FIL,Utt_News.txt,Utt,News,2,Patok sa mga dayuhang kapitalista ang kampanya ng gobyerno sa turismo,sentence,98,109,0,False
fil_dbff4ca019fa,FIL,Utt_News.txt,Utt,News,3,Sinabi rin ni Aspe na susuriin ng ahensya ang libro ng naturang mga establisimyento para malaman kung sino sa mga may-ari nito ang nagdedeklara ng tamang kinikita ng kanilang negosyo.,sentence,93,109,0,False
fil_a0316bba725c,FIL,Utt_News.txt,Utt,News,4,Umabot sa apat na raan siyamnapu't tatlo at kalahating milyong dolyar ang nakalap sa palitan kahapon sa bansa.,sentence,81,109,0,False
fil_482157766179,FIL,Utt_News.txt,Utt,News,5,Sinabi ni Baterina na matatapos ang proyekto sa taong dalawang libo at walo na matutulungan ang mga magsasaka sa anim na bayan sa unang distrito ng lalawigan.,sentence,88,109,0,False
fil_f12393c04df1,FIL,Utt_News.txt,Utt,News,6,"Sa palitan kahapon, pumalo ito sa limampu't isang piso at pitumpu't isang sentimo kontra sa dolyar bago tuluyang magsara sa limampu't isang piso at animnapu't siyam na sentimo.",sentence,84,109,0,False
fil_853ad57b12ce,FIL,Utt_News.txt,Utt,News,7,Samantalang umabot naman sa five hundred four point five na milyong dolyar ang naipon sa takbo ng negosyo kahapon sa merkado.,sentence,82,109,0,False
fil_dbd826808557,FIL,Utt_News.txt,Utt,News,8,"Katunayan, sinabi ng BSP na kumpara noong mga nakaraang taon, bumaba ng mahigit isang dolyar ang singil sa pagpapadala ng dolyar.",sentence,88,109,0,False
fil_ee0dba3c8af5,FIL,Utt_News.txt,Utt,News,9,"Ayon kay Bunye, ihahayag ni PGMA sa kanyang SONA ang tungkol sa pagpapalago sa ekonomiya",sentence,87,109,0,False
fil_f905a88dfa1b,FIL,Utt_News.txt,Utt,News,10,"Sa kasalukuyan, matatagpuan sa Zamboanga Sibugay ang pinakamalawak na plantasyon ng mga puno ng goma, kasunod ang Basilan.",sentence,90,109,0,False
fil_dfed768496c1,FIL,Utt_News.txt,Utt,News,11,"Ayon kay Pangulong Arroyo, sa pakikipagpulong nito sa mga negosyante, sila umano'y pawang naghahangad na magbuhos ng puhunan sa Pilipinas ngayong paangat na ang ekonomiya ng bansa.",sentence,86,109,0,False
fil_52b4e633d25e,FIL,Utt_News.txt,Utt,News,12,Diniskwento ng Bangko Sentral ang kakapusan ng dolyar,sentence,93,109,0,False
fil_7c15e5879706,FIL,Utt_News.txt,Utt,News,13,Ipagpapatuloy ng administrasyon ang nasimulan nito upang mabayaran na ang lahat ng utang nito na siyang lalong nagpapahirap sa mga Pilipino para sa kabutihan ng sambayanang Pilipino.,sentence,91,109,0,False
fil_34a66c926352,FIL,Utt_News.txt,Utt,News,14,Tiniyak naman ng gobyerno na walang magaganap na pagtaas ng presyo ng kuryente upang maibsan ang kasalukuyang paghihirap ng maraming mamamayan.,sentence,87,109,0,False
fil_cbc641490e68,FIL,Utt_News.txt,Utt,News,15,Sinabi ni Baterina na matatapos ang proyekto sa taong dalawang libo at walo na matutulungan ang mga magsasaka sa anim na bayan sa unang distrito ng lalawigan.,sentence,94,109,0,False
fil_6218f581678c,FIL,Utt_News.txt,Utt,News,16,Ipinahayag rin ng pangulo na pagtutuunan ng pansin ng pamahalaan ngayong taon ang pagpapalakas ng burukrasya upang makapagbigay ito ng mabuting serbisyo sa bawat mamamayang Pilipino.,sentence,95,109,0,False
fil_18ccc8c265f9,FIL,Utt_News.txt,Utt,News,17,Ang paglakas ng piso ay posibleng magpatuloy hanggang matapos ang taong dalawang libo at anim,sentence,93,109,0,False
fil_98fa822cfc2d,FIL,Utt_News.txt,Utt,News,18,Ipupursigi ng gobyerno ang pagtugis sa mga hindi nagbabayad ng tamang buwis.,sentence,93,109,0,False
fil_72af83b6af9b,FIL,Utt_News.txt,Utt,News,19,Mga peste ang numero unong dahilan kung bakit mahina ngayon ang produksyon ng saging sa bansa.,sentence,91,109,0,False
fil_82aaee7a8ae5,FIL,Utt_News.txt,Utt,News,20,Sinabi rin ni Aspe na susuriin ng ahensya ang libro ng naturang mga establisimyento para malaman kung sino sa mga may-ari nito ang nagdedeklara ng tamang kinikita ng kanilang negosyo.,sentence,94,109,0,False
fil_9cccb9e110c1,FIL,Utt_News.txt,Utt,News,21,Malaki rin ang naitutulong nito sa paglalako ng mga magsasaka sa kanilang mga produkto.,sentence,89,109,0,False
fil_c5db09834924,FIL,Utt_News.txt,Utt,News,22,"Nagsara ang piso sa limampu't isang piso at labing walong sentimo kontra sa isang dolyar kahapon, ang pinakamataas na halaga nito simula noong Hulyo ng taong dalawang libo't dalawa.",sentence,90,109,0,False
fil_fd33196825d1,FIL,Utt_News.txt,Utt,News,23,Dalawang milyong piso ang pondong ilalaan ng DA sa pag-angkat ng gulay mula sa mga lalawigan,sentence,95,109,0,False
fil_065dbf252df9,FIL,Utt_News.txt,Utt,News,24,"Ayon kay Teves, nais mabayaran ng pamahalaan ang mga pagkakautang",sentence,93,109,0,False
fil_2283faee7793,FIL,Utt_News.txt,Utt,News,25,"Ayon kay Pangulong Arroyo, sa pakikipagpulong nito sa mga negosyante, sila umano'y pawang naghahangad na magbuhos ng puhunan sa Pilipinas ngayong paangat na ang ekonomiya ng bansa.",sentence,91,109,0,False
fil_7a15683b3c02,FIL,Utt_News.txt,Utt,News,26,"Ayon kay Arroyo, dapat tiyakin ng pamahalaan na nakokolekta ang mga buwis.",sentence,88,109,0,False
fil_ef502efc11c1,FIL,Utt_News.txt,Utt,News,27,Ipagpapatuloy ng administrasyon ang nasimulan nito upang mabayaran na ang lahat ng utang nito na siyang lalong nagpapahirap sa mga Pilipino para sa kabutihan ng sambayanang Pilipino.,sentence,96,109,0,False
fil_ec9fe31013b8,FIL,Utt_News.txt,Utt,News,28,Ipinaliwanag ng pangulo na ibig niyang lumikha ng mga trabahong malaki ang suweldo sa Ilocos Norte upang hindi na mangibang bansa ang mga Pilipino para kumita lamang nang malaki.,sentence,92,109,0,False
fil_e4826315ecb8,FIL,Utt_News.txt,Utt,News,29,Naglaro naman ang palitan ng dolyar kahapon sa pagitan ng apatnapu't walong piso at animnapu't limang sentimo hanggang apatnapu't walong piso at pitumpu't limang sentimo.,sentence,88,109,0,False
fil_8437a3e10d8b,FIL,Utt_News.txt,Utt,News,30,Masusing pinag-aaralan ngayon ng lokal na pamahalaan ng lungsod ng Manila kung anu-anong kaso ang maaaring isampa laban sa mga kilalang personalidad na nagtayo ng negosyo sa baywalk sa kahabaan ng Roxas Blvd.,sentence,86,109,0,False
fil_ea537bce56b0,FIL,Utt_News.txt,Utt,News,31,Lalong pinalakas ang reporma ni PGMA,sentence,92,109,0,False
fil_9f4e2b72e05c,FIL,Utt_News.txt,Utt,News,32,Tumaas ng dalawang porsiyento ang produkto ng mga pagawaan sa bansa sa pagpasok ng buwan ng Enero kumpara sa produksyon ng nakaraang taon.,sentence,90,109,0,False
fil_5ab1cda25ba8,FIL,Utt_News.txt,Utt,News,33,Samantalang umabot naman sa five hundred four point five na milyong dolyar ang naipon sa takbo ng negosyo kahapon sa merkado.,sentence,84,109,0,False
fil_0787c1e92941,FIL,Utt_News.txt,Utt,News,34,Una nang nagpahayag ang naturang kumpanya na ihinto ang sentro ng kanilang operasyon sa Subic pagdating ng Disyembre taong dalawang libo at walo kung saan pinaplano nila ang paglipat sa China.,sentence,91,109,0,False
fil_dad9bbb75fa6,FIL,Utt_News.txt,Utt,News,35,Tumaas ng dalawang porsiyento ang produkto ng mga pagawaan sa bansa sa pagpasok ng buwan ng Enero kumpara sa produksyon ng nakaraang taon.,sentence,94,109,0,False
fil_5a01223d3882,FIL,Utt_News.txt,Utt,News,36,"Umuwi ang pangulo mula sa Davos na dala ang mga magagandang balita para sa mga Pilipino, lalo na ang balak ng mga malalaking negosyante sa daigdig na mamuhunan dito sa ating bansa.",sentence,88,109,0,False
fil_f30644935393,FIL,Utt_News.txt,Utt,News,37,"Inatasan ni PGMA ang TLRC, DOST na magtayo ng planta ng VCO sa mga lalawigang maraming niyog",sentence,90,109,0,False
fil_9e530bb8e577,FIL,Utt_News.txt,Utt,News,38,Plano ng Bangko Sentral ng Pilipinas na alisin sa sirkulasyon ang tinatayang limampung bilyong pisong labis na salapi.,sentence,90,109,0,False
fil_11f6ce73b831,FIL,Utt_News.txt,Utt,News,39,Naglaro naman ang palitan ng dolyar kahapon sa pagitan ng apatnapu't walong piso at animnapu't limang sentimo hanggang apatnapu't walong piso at pitumpu't limang sentimo.,sentence,95,109,0,False
fil_8e375b2a1139,FIL,Utt_News.txt,Utt,News,40,Mga ahensyang dapat puntahan sa pagrerehistro ng negosyo,sentence,92,109,0,False
fil_792488ee1d79,FIL,Utt_Salawikain.txt,Utt,Salawikain,1,"Tikatik man kung panay ang ulan, malalim mang ilog ay mapapaapaw.",sentence,76,109,0,False
fil_6a4ae284cf3b,FIL,Utt_Salawikain.txt,Utt,Salawikain,2,"Ang gawa sa pagkabata, dala hanggang sa pagkamatanda.",sentence,76,109,0,False
fil_66f351945233,FIL,Utt_Salawikain.txt,Utt,Salawikain,3,"Ang langaw na dumapo sa kalabaw, mataas pa sa kalabaw ang pakiramdam.",sentence,79,109,0,False
fil_049c74e2fff7,FIL,Utt_Salawikain.txt,Utt,Salawikain,4,Walang mahirap na gawa pag dinaan sa tiyaga.,sentence,82,109,0,False
fil_226ce203e7a7,FIL,Utt_Salawikain.txt,Utt,Salawikain,5,"Kapag ang ilog ay matahimik, asahan mo at malalim. Kapag ang ilog ay maingay, asahan mo at mababaw.",sentence,78,109,0,False
fil_21ceea4529ec,FIL,Utt_Salawikain.txt,Utt,Salawikain,6,Mainam na ang pipit na nasa kamay kaysa lawing lumilipad.,sentence,77,109,0,False
fil_e263248ee91f,FIL,Utt_Salawikain.txt,Utt,Salawikain,7,"Pagkahaba-haba man ng prusisyon, sa simbahan din ang tuloy.",sentence,70,109,0,False
fil_75b32e7200e9,FIL,Utt_Salawikain.txt,Utt,Salawikain,8,"Ako ang nagbayo, ako ang nagsaing, saka ng maluto'y iba ang kumain.",sentence,75,109,0,False
fil_3b1ef87a2baa,FIL,Utt_Salawikain.txt,Utt,Salawikain,9,"Kapag ang ilog ay matahimik, asahan mo at malalim. Kapag ang ilog ay maingay, asahan mo at mababaw.",sentence,83,109,0,False
fil_4f9bf4663f4e,FIL,Utt_Salawikain.txt,Utt,Salawikain,10,Ang hindi marunong lumingon sa pinanggalingan ay hindi makararatíng sa paroroonan.,sentence,87,109,0,False
fil_b9b90e9de104,FIL,Utt_Salawikain.txt,Utt,Salawikain,11,"Tikatik man kung panay ang ulan, malalim mang ilog ay mapapaapaw.",sentence,71,109,0,False
fil_bdda68c65c96,FIL,Utt_Salawikain.txt,Utt,Salawikain,12,Ang hindî marunong lumingón sa pinanggalingan ay hindî makararatíng sa paroroonan.,sentence,78,109,0,False
fil_d11b446ba1d9,FIL,Utt_Salawikain.txt,Utt,Salawikain,13,"Kapag apaw na ang takalan, kailangan kalusan.",sentence,75,109,0,False
fil_02b63e0c9d2c,FIL,Utt_Salawikain.txt,Utt,Salawikain,14,"Ang hindi lumingon sa pinanggalingan, hindi makakarating sa paruruonan.",sentence,70,109,0,False
fil_375e647fa00d,FIL,Utt_Salawikain.txt,Utt,Salawikain,15,Ang tunay na kaibigan karamay kailan man.,sentence,83,109,0,False
fil_4a89a5e037d3,FIL,Utt_Story.txt,Utt,Story,1,"Bukod duon, biniyayaan din ni Bathala ang sanggol ng pambihirang lakas at kisig simbolo ng lakas ng pananalig at kagandahang loob na ipinamalas ng kanyang mga magulang.",sentence,77,109,0,False
fil_80f26a013684,FIL,Utt_Story.txt,Utt,Story,2,"Nang makita ng matsing ang mga bungang hinog na nangagbitin sa pagitan ng malalaki't luntiang dahon, siya ay umakyat, matuling namitas, at kumain nang kumain.",sentence,76,109,0,False
fil_dce4ec4129c8,FIL,Utt_Story.txt,Utt,Story,3,Diumano ay inanyayahan nila si Bernardo sa isang pagpupulong upang diumano ay dinggin ang karaingan ng mga Pilipino subalit eto ay bitag lamang upang sa tulong ng isang engkanto ay maipit sa nag-uuntugang bato at hindi na makapamuno sa himagsikan.,sentence,75,109,0,False
fil_ab30e9939bd7,FIL,Utt_Story.txt,Utt,Story,4,"Nang makarating sa kanilang kaalaman ang nagbabantang himagsikan ng mga Pilipino, lalu na nang mapag-alaman nilang si Bernardo ang napipisil na mamuno, ay labis na ikinabahala eto ng mga Kastila.",sentence,70,109,0,False
fil_95e686bc7aae,FIL,Utt_Story.txt,Utt,Story,5,"""Hoy, Iput-Iput, bakit lagi kang may dala-dalang ilaw?"" Sumagot si Iput-Iput: "" Dahil natatakot ako sa mga lamok.""",sentence,77,109,0,False
fil_5eb2d61beef8,FIL,Utt_Story.txt,Utt,Story,6,"Bukod duon, biniyayaan din ni Bathala ang sanggol ng pambihirang lakas at kisig simbolo ng lakas ng pananalig at kagandahang loob na ipinamalas ng kanyang mga magulang.",sentence,84,109,0,False
fil_0610bacac335,FIL,Utt_Story.txt,Utt,Story,7,Agad nilang inanyayahan si Bernardo sa isang pagpupulong upang diumano ay dinggin ang karaingan ng mga Pilipino.,sentence,79,109,0,False
fil_3d1815fd8558,FIL,Utt_Story.txt,Utt,Story,8,"Ito'y isang magandang puno, may malalaki't luntiang dahon, at may mga ugat pang wari'y kabubuwal lamang pagkatapos ng bagyo.",sentence,82,109,0,False
fil_cdeca258ece7,FIL,Utt_Story.txt,Utt,Story,9,Dahil sa kanyang matatag na pamumuno at pambihirang lakas ay nabahala ang mga kastila sa magagawa ni Bernardo upang maging matagumpay ang himagsikan laban sa mga mananakop.,sentence,81,109,0,False
fil_a1d1e1d36688,FIL,Utt_Story.txt,Utt,Story,10,"""Nagdadala ako ng ilaw para kapag nilapitan ako ng mga lamok at kakagatin ay makikita ko sila kaagad at nang sa gayo'y maipagtanggol ko ang aking sarili,"" ang tugon ni Iput-Iput.",sentence,76,109,0,False
fil_affcac57805f,FIL,Utt_Story.txt,Utt,Story,11,Diumano ay inanyayahan nila si Bernardo sa isang pagpupulong upang diumano ay dinggin ang karaingan ng mga Pilipino subalit eto ay bitag lamang upang sa tulong ng isang engkanto ay maipit sa nag-uuntugang bato at hindi na makapamuno sa himagsikan.,sentence,80,109,0,False
fil_57194688d387,FIL,Utt_Story.txt,Utt,Story,12,Sa mahabang panahon nang kanilang pagsasama ay hindi sila agad nagkaanak.,sentence,79,109,0,False
fil_8b4390eef9ca,FIL,Utt_Story.txt,Utt,Story,13,"Maya- maya, tumunog ang kampana ng simbahan bilang hudyat ng oras ng orasyon o pagdarasal.",sentence,76,109,0,False
fil_8366dd7ffe7a,FIL,Utt_Story.txt,Utt,Story,14,"Sinabi ito ni Amomongo upang takutin ang alitaptap,"" na sa pakiwari niya ay nasisiraan ng ulo.",sentence,78,109,0,False
fil_f73138929a32,FIL,Utt_Story.txt,Utt,Story,15,Diumano ay inanyayahan nila si Bernardo sa isang pagpupulong upang diumano ay dinggin ang karaingan ng mga Pilipino subalit eto ay bitag lamang upang sa tulong ng isang engkanto ay maipit sa nag-uuntugang bato at hindi na makapamuno sa himagsikan.,sentence,82,109,0,False
fil_29ffb3114aed,FIL,Utt_Story.txt,Utt,Story,16,"Babayuhin ba kita sa lusóng o itatapon sa ilog? Alin ang ibig mo?""",sentence,83,109,0,False
fil_aeb3b205144c,FIL,Utt_Story.txt,Utt,Story,17,Dagling lumipad si Iput-Iput sa ilong ng gorilya at inilawan niya ito.,sentence,76,109,0,False
fil_1556a55070b6,FIL,Utt_Story.txt,Utt,Story,18,Dahil sa takot na magtagumpay ang himagsikan sa pamumuno ni Bernardo ay nakipagkasundo ang mga paring Kastila sa ispiritu na sumapi sa engkantado na ititigil nila ang eksorsismo (exorcism) kung tutulungan sila nito na masupil si Bernardo.,sentence,78,109,0,False
fil_700c0ccbd82a,FIL,Utt_Story.txt,Utt,Story,19,Mabilis na bumalik si Hagibis sa kapatagan upang humingi ng tulong sa mga mamamayan subali't natagalan bago naunawaan ng mga tao ang ibig sabihin ng mga halinghing at pag-aalma ng kabayo.,sentence,79,109,0,False
fil_1908b5362b2f,FIL,Utt_Tula1.txt,Utt,Tula1,1,"Sa mga tahana't pook na dakila,",sentence,33,109,0,False
fil_60ebb286beaf,FIL,Utt_Tula1.txt,Utt,Tula1,2,Sa mabuting anak ay buhay na nasa.,sentence,31,109,0,False
fil_625546d53f0f,FIL,Utt_Tula1.txt,Utt,Tula1,3,Ang tanging biyaya'y moral na adhika;,sentence,33,109,0,False
fil_a728804c7e90,FIL,Utt_Tula1.txt,Utt,Tula1,4,"Ngunit tila yata nalilimutan mo,",sentence,35,109,0,False
fil_ee315b6c325f,FIL,Utt_Tula1.txt,Utt,Tula1,5,Ang tanging biyaya'y moral na adhika;,sentence,35,109,0,False
fil_5883267039c5,FIL,Utt_Tula1.txt,Utt,Tula1,6,"Nag-usbong sa diwa't lahing makabayan,",sentence,31,109,0,False
fil_39712452bea2,FIL,Utt_Tula1.txt,Utt,Tula1,7,"Ang lahat ng ito'y pamana ng lahi,",sentence,34,109,0,False
fil_a0004820269c,FIL,Utt_Tula2_Shib.txt,Utt,Tula2_Shib,1,Ang hindi magmahal sa kanyang salita,sentence,37,109,0,False
fil_c2b4c3d85fea,FIL,Utt_Tula2_Shib.txt,Utt,Tula2_Shib,2,Inatawag ngani kita ni Tatay. (Marinduque),sentence,37,109,0,False
fil_ce05bc706f8a,FIL,Utt_Tula2_Shib.txt,Utt,Tula2_Shib,3,Tinatawag tayo ni Tatay. (Manila),sentence,38,109,0,False
fil_5fc10214e1ee,FIL,Utt_Tula2_Shib.txt,Utt,Tula2_Shib,4,Masulat da Maria at Pedro kay Juan. (Marinduque),sentence,37,109,0,False
fil_7015a60930af,FIL,Utt_Tula2_Shib.txt,Utt,Tula2_Shib,5,"Ang siyang naggagawad, nagbibigay sa atin.",sentence,37,109,0,False
fil_659a6120d064,FIL,Utt_Tula2_Shib.txt,Utt,Tula2_Shib,6,Susulat sina Maria at Pedro kay Juan. (Manila),sentence,38,109,0,False
fil_73a55d1ff169,FIL,Utt_Tula2_Shib.txt,Utt,Tula2_Shib,7,Susulat sina Maria at Pedro kay Juan. (Manila),sentence,37,109,0,False
fil_e0eba052ae61,FIL,Utt_Tula2_Shib.txt,Utt,Tula2_Shib,8,Sapagkat ang Poong maalam tumingin,sentence,38,109,0,False
fil_06243a3ff5c1,FIL,spontaneous.txt,Other,spontaneous,1,"Noong high school, anong subject o mga subject ang pinakainteresado ka? Bakit? Ilarawan lahat ng maiisip tungkol dito.",sentence,17,108,1,False
fil_16bbf63de70d,FIL,spontaneous.txt,Other,spontaneous,2,"Ikuwento sa amin ang iyong pang-araw-araw na gawain. Mga sinasakyan patungo sa trabaho o paaralan, mga lakarin, at iba pa. Banggitin lahat ng maiisip mo sa iyong pang-araw-araw na karanasan.",sentence,17,62,0,False
fil_74cd518d8cd6,FIL,spontaneous.txt,Other,spontaneous,3,Magbanggit ng isa sa mga paborito mong artistang Filipino. Puwedeng babae o lalaki. Ilarawan ang mga katangiang nagustuhan mo sa kanya. Saan mo siya napanood o pinapanood?,sentence,15,62,0,False
pam_e662ebf2b8f6,PAM,4675_ans.txt,4675,ans,1,academe,word,1,39,5,False
pam_162ee3f36678,PAM,4676_ans.txt,4676,ans,1,preview,word,1,39,5,False
pam_61ab036fc6c8,PAM,4677_ans.txt,4677,ans,1,meeting,word,1,39,5,False
pam_2ba61e2503e5,PAM,4678_ans.txt,4678,ans,1,leave,word,1,39,5,False
pam_cffe0771a687,PAM,4679_ans.txt,4679,ans,1,reading,word,1,39,5,False
pam_dbec5d22d206,PAM,4680_ans.txt,4680,ans,1,internship,word,1,39,5,False
pam_6d813c786c29,PAM,4681_ans.txt,4681,ans,1,disturbance,word,1,39,5,False
pam_9765b00a9f65,PAM,4682_ans.txt,4682,ans,1,inconsistent,word,1,39,5,False
pam_cdcc671b5bb0,PAM,4683_ans.txt,4683,ans,1,difficult,word,1,39,5,False
pam_d13141e8160c,PAM,4684_ans.txt,4684,ans,1,six,word,1,39,5,False
pam_169fc35dd683,PAM,4685_ans.txt,4685,ans,1,examples,word,1,38,6,False
pam_332416bff32b,PAM,4686_ans.txt,4686,ans,1,advisor,word,1,38,6,False
pam_dd44e65e655a,PAM,4687_ans.txt,4687,ans,1,stand,word,1,38,6,False
pam_236c182f5eec,PAM,4688_ans.txt,4688,ans,1,manager,word,1,38,6,False
pam_223434031d2a,PAM,4689_ans.txt,4689,ans,1,application,word,1,39,5,False
pam_503ff370e6a4,PAM,4690_ans.txt,4690,ans,1,impressed,word,1,39,5,False
pam_94acee11f3b7,PAM,4691_ans.txt,4691,ans,1,end,word,1,39,5,False
pam_9b7a02dc6fcc,PAM,4692_ans.txt,4692,ans,1,presentation,word,1,38,6,False
pam_3a8134cd5aad,PAM,4693_ans.txt,4693,ans,1,heavy,word,1,39,5,False
pam_ac0c4fe6a297,PAM,4694_ans.txt,4694,ans,1,whenever,word,1,39,5,False
pam_436d078f930d,PAM,4695_ans.txt,4695,ans,1,political,word,1,39,5,False
pam_f6c192a718a0,PAM,4696_ans.txt,4696,ans,1,started,word,1,39,5,False
pam_0ae311509c71,PAM,4697_ans.txt,4697,ans,1,project,word,1,39,5,False
pam_924584876864,PAM,4698_ans.txt,4698,ans,1,large,word,1,39,5,False
pam_3075a165bdcd,PAM,4699_ans.txt,4699,ans,1,mop,word,1,39,5,False
pam_4389027899b2,PAM,4700_ans.txt,4700,ans,1,organization,word,1,38,6,False
pam_de8546251b7f,PAM,4701_ans.txt,4701,ans,1,authenticity,word,1,37,7,False
pam_828a37f0a339,PAM,4702_ans.txt,4702,ans,1,forwarded,word,1,38,6,False
pam_c36b728a6bb8,PAM,4703_ans.txt,4703,ans,1,normal,word,1,39,5,False
pam_6cd64e4509c9,PAM,4704_ans.txt,4704,ans,1,organ,word,1,39,5,False
pam_250db266fa97,PAM,4705_ans.txt,4705,ans,1,woman,word,1,39,5,False
pam_aefee2908b7f,PAM,4706_ans.txt,4706,ans,1,cook,word,1,39,5,False
pam_c663f3d18b57,PAM,4707_ans.txt,4707,ans,1,neighborhood,word,1,39,5,False
pam_84ea271af6dd,PAM,4708_ans.txt,4708,ans,1,rookie,word,1,39,5,False
pam_114fd4532d0c,PAM,4709_ans.txt,4709,ans,1,book,word,1,39,5,False
pam_bfba67c06c17,PAM,4710_ans.txt,4710,ans,1,mood,word,1,39,5,False
pam_07a4e853f25d,PAM,4711_ans.txt,4711,ans,1,afternoon,word,1,39,5,False
pam_b360832b271e,PAM,4712_ans.txt,4712,ans,1,group,word,1,39,5,False
pam_aeb444c5665d,PAM,4713_ans.txt,4713,ans,1,new,word,1,39,5,False
pam_d30117ed6ac7,PAM,4714_ans.txt,4714,ans,1,rules,word,1,39,5,False
pam_7b08d460e48d,PAM,4715_ans.txt,4715,ans,1,apron,word,1,33,3,False
pam_0f6da425ddf3,PAM,4716_ans.txt,4716,ans,1,replayed,word,1,33,3,False
pam_125a3c7bcf69,PAM,4717_ans.txt,4717,ans,1,bacon,word,1,33,3,False
pam_0c03b6f71857,PAM,4718_ans.txt,4718,ans,1,praise,word,1,33,3,False
pam_6fe83df52c0a,PAM,4719_ans.txt,4719,ans,1,Tuesday,word,1,33,3,False
pam_f42e50686e24,PAM,4720_ans.txt,4720,ans,1,craze,word,1,33,3,False
pam_c1ead59a7fae,PAM,4721_ans.txt,4721,ans,1,statement,word,1,33,3,False
pam_ee10f25d5c64,PAM,4722_ans.txt,4722,ans,1,paint,word,1,33,3,False
pam_c9dce3f1b238,PAM,4723_ans.txt,4723,ans,1,grapes,word,1,33,3,False
pam_9c58d14353d8,PAM,4724_ans.txt,4724,ans,1,gray,word,1,33,3,False
pam_42933af8417d,PAM,4725_ans.txt,4725,ans,1,microscope,word,1,33,3,False
pam_68b3fd8c6c2a,PAM,4726_ans.txt,4726,ans,1,striker,word,1,33,3,False
pam_40a466d0e613,PAM,4727_ans.txt,4727,ans,1,find,word,1,33,3,False
pam_67d205138361,PAM,4728_ans.txt,4728,ans,1,dining,word,1,33,3,False
pam_45e1b0fa3095,PAM,4729_ans.txt,4729,ans,1,hiring,word,1,33,3,False
pam_d895080bcc47,PAM,4730_ans.txt,4730,ans,1,advisory,word,1,33,3,False
pam_260f934e821d,PAM,4731_ans.txt,4731,ans,1,design,word,1,33,3,False
pam_bd3a9ce177bd,PAM,4732_ans.txt,4732,ans,1,final,word,1,33,3,False
pam_c6fed2490008,PAM,4733_ans.txt,4733,ans,1,like,word,1,33,3,False
pam_880e2e80bc90,PAM,4734_ans.txt,4734,ans,1,idea,word,1,33,3,False
pam_99021c86fdca,PAM,4735_ans.txt,4735,ans,1,mountains,word,1,33,3,False
pam_bbd6a9f50416,PAM,4736_ans.txt,4736,ans,1,round,word,1,33,3,False
pam_54e938a6055f,PAM,4737_ans.txt,4737,ans,1,south,word,1,33,3,False
pam_5045581f31d8,PAM,4738_ans.txt,4738,ans,1,counter-charge,word,1,33,3,False
pam_fdf6cd0be708,PAM,4739_ans.txt,4739,ans,1,Scouts,word,1,33,3,False
pam_677599b6b4aa,PAM,4740_ans.txt,4740,ans,1,founder,word,1,33,3,False
pam_127e770f60ca,PAM,4741_ans.txt,4741,ans,1,crowd,word,1,33,3,False
pam_493a31734add,PAM,4742_ans.txt,4742,ans,1,ground,word,1,33,3,False
pam_acd25ea5b40e,PAM,4743_ans.txt,4743,ans,1,about,word,1,33,3,False
pam_d11bb5d99923,PAM,4744_ans.txt,4744,ans,1,council,word,1,33,3,False
pam_b695a9669fa0,PAM,4745_ans.txt,4745,ans,1,Employment,word,1,33,3,False
pam_25a70e0563d3,PAM,4746_ans.txt,4746,ans,1,deployed,word,1,33,3,False
pam_e7c6b3cfab17,PAM,4747_ans.txt,4747,ans,1,toy,word,1,33,3,False
pam_82b663e62e55,PAM,4748_ans.txt,4748,ans,1,voice,word,1,33,3,False
pam_22dc2e014c11,PAM,4749_ans.txt,4749,ans,1,join,word,1,33,3,False
pam_68f09bc1146c,PAM,4750_ans.txt,4750,ans,1,loyal,word,1,33,3,False
pam_ca6ab8db5bc3,PAM,4751_ans.txt,4751,ans,1,noisy,word,1,33,3,False
pam_2026de7e4e70,PAM,4752_ans.txt,4752,ans,1,destroyed,word,1,33,3,False
pam_a8b4afee5b49,PAM,4753_ans.txt,4753,ans,1,oil,word,1,33,3,False
pam_0d2500cdc2c7,PAM,4754_ans.txt,4754,ans,1,coils,word,1,33,3,False
pam_d0986bb021d8,PAM,EngSen.txt,Other,EngSen,1,"That's great, Rose! I'll see you on Friday, October 24. Please put me on your schedule. And if you have questions or concerns about our company, or should anything come up requiring us to reschedule our meeting, please do not hesitate to contact me at five five five zero zero nine nine. I'll do all that I can to accommodate you.",sentence,25,24,1,False
pam_eb12f386fd03,PAM,EngSen.txt,Other,EngSen,2,Please include the latest sales statistics in the content of your presentation this afternoon.,sentence,25,25,0,False
pam_75384fcba820,PAM,EngSen.txt,Other,EngSen,3,I watch the news with my parents or watch serials with my siblings. What time do you usually go to sleep?,sentence,25,25,0,False
pam_257b52eda44a,PAM,EngSen.txt,Other,EngSen,4,Thank you for your honest opinion. I'll keep that in mind. How about the overall design of the building? I changed the frontage a little because I wanted it to be more environmentally sound.,sentence,24,25,0,False
pam_051c617681b7,PAM,EngSen.txt,Other,EngSen,5,"Like we mentioned in our letter, A-Tech Company specializes in working with businesses and companies to provide them office systems solutions, and we have a substantial offer that is now available, and I'm sure it can be very beneficial to an organization such as NetSupport.",sentence,24,25,0,False
pam_7a937a2bb235,PAM,EngSen.txt,Other,EngSen,6,"Well, Miss Murphy, I understand that your company Lambert & Associates is a newly established business but it is also emerging as one of the key players in the industry. Now, I am sure you know just how important it is to select the best alarm and surveillance system that could provide complete security for your offices and retail stores. Our firm Sonicare Premium Security Systems is dedicated to providing rapid response, high-quality alarm services, and loss prevention solutions to help protect businesses like Lambert & Associates. Would you be interested in having a 24-hour alarm monitoring service installed in your company?",sentence,24,25,0,False
pam_c6b1d08b6558,PAM,EngSen.txt,Other,EngSen,7,"In the long history of the world, only a few generations have been granted the role of defending freedom in its hour of maximum danger; I do not shrink from this responsibility ... I welcome it.",sentence,25,25,0,False
pam_000932774b94,PAM,EngSen.txt,Other,EngSen,8,"Now when he had spent everything, a severe famine occurred in that country and he began to be impoverished. So he went and hired himself out to one of the citizens of that country, and he sent him into his fields to feed swine. And he would have gladly filled his stomach with the pods that the swine were eating, and no one was giving anything to him.",sentence,24,25,0,False
pam_5f17dd62ff7e,PAM,EngSen.txt,Other,EngSen,9,I forgot to remove the lens cap of the video camera before shooting the scene.,sentence,25,25,0,False
pam_93338e43be98,PAM,EngSen.txt,Other,EngSen,10,Better vision is possible if you eat more squash and other orange vegetables.,sentence,25,25,0,False
pam_39c86bce1256,PAM,EngW.txt,Other,EngW,1,training,word,25,25,0,False
pam_ef2fec98e864,PAM,EngW.txt,Other,EngW,2,NOTABLE,word,25,25,0,False
pam_c7b00aee0996,PAM,EngW.txt,Other,EngW,3,kite,word,25,25,0,False
pam_ac676824d9bd,PAM,EngW.txt,Other,EngW,4,mango,word,25,25,0,False
pam_bd262f053fbd,PAM,EngW.txt,Other,EngW,5,could,word,25,25,0,False
pam_435012a6a5f8,PAM,EngW.txt,Other,EngW,6,voting,word,25,25,0,False
pam_d0398f9d9ede,PAM,EngW.txt,Other,EngW,7,onion,word,25,25,0,False
pam_6d3f4f596a1a,PAM,EngW.txt,Other,EngW,8,souvenir,word,25,25,0,False
pam_03089c84adde,PAM,EngW.txt,Other,EngW,9,being,word,25,25,0,False
pam_38b6592724cd,PAM,EngW.txt,Other,EngW,10,appetizer,word,24,25,0,False
pam_822b1ff14d7f,PAM,EngW.txt,Other,EngW,11,nominate,word,22,25,0,False
pam_29475f6f3c7e,PAM,EngW.txt,Other,EngW,12,whiteboard,word,25,25,0,False
pam_c9a3d76d023a,PAM,EngW.txt,Other,EngW,13,godparent,word,23,25,0,False
pam_864acdacf32f,PAM,EngW.txt,Other,EngW,14,education,word,25,25,0,False
pam_095b463fb782,PAM,EngW.txt,Other,EngW,15,approach,word,24,25,0,False
pam_134e2d4a2f72,PAM,EngW.txt,Other,EngW,16,whirling,word,24,25,0,False
pam_e0910f1ff4fd,PAM,EngW.txt,Other,EngW,17,souvenir,word,25,25,0,False
pam_8d0d2e0118a4,PAM,EngW.txt,Other,EngW,18,virtual,word,25,25,0,False
pam_57b2fbb7bb37,PAM,EngW.txt,Other,EngW,19,temple,word,25,25,0,False
pam_ebdeca6e9bd8,PAM,EngW.txt,Other,EngW,20,sponge,word,25,25,0,False
pam_a6fc6aad0ff1,PAM,Iso_Airlines.txt,Iso,Airlines,1,Diosdado Macapagal International Airport,phrase,36,174,3,False
pam_d11bf649acb2,PAM,Iso_Airlines.txt,Iso,Airlines,2,Puerto Princesa International Airport,phrase,37,176,1,False
pam_d47dfc34993d,PAM,Iso_Airlines.txt,Iso,Airlines,3,Subic Bay International Airport,phrase,35,176,1,False
pam_99c521e8dac6,PAM,Iso_Airlines.txt,Iso,Airlines,4,Laoag International Airport,phrase,38,176,1,False
pam_9489a96f038d,PAM,Iso_Airlines.txt,Iso,Airlines,5,Kalibo International Airport,phrase,36,176,1,False
pam_3c29f7dc4371,PAM,Iso_Airlines.txt,Iso,Airlines,6,Francisco Bangoy International Airport,phrase,38,176,1,False
pam_213e717b3018,PAM,Iso_Airlines.txt,Iso,Airlines,7,Mactan-Cebu International Airport,phrase,36,176,1,False
pam_e97139340459,PAM,Iso_Airlines.txt,Iso,Airlines,8,Kalibo International Airport,phrase,36,176,1,False
pam_fef281637597,PAM,Iso_Airlines.txt,Iso,Airlines,9,Iloilo International Airport,phrase,37,175,2,False
pam_75d7af251caf,PAM,Iso_Airlines.txt,Iso,Airlines,10,Clark International Airport,phrase,32,105,2,False
pam_febc22746bb4,PAM,Iso_Airlines.txt,Iso,Airlines,11,Davao International Airport,phrase,31,80,2,False
pam_effaa3e8efa4,PAM,Iso_Airlines.txt,Iso,Airlines,12,Cagayan de Oro Airport,phrase,31,81,1,False
pam_5b69eabdc626,PAM,Iso_Airlines.txt,Iso,Airlines,13,Kalibo International Airport,phrase,31,81,1,False
pam_ea4157cb0d39,PAM,Iso_Airlines.txt,Iso,Airlines,14,Laoag International Airport,phrase,35,81,1,False
pam_ac00096a922a,PAM,Iso_Airlines.txt,Iso,Airlines,15,General Santos International Airport,phrase,31,81,1,False
pam_bd140ab6a4b8,PAM,Iso_BodyParts.txt,Iso,BodyParts,1,Cayucut (end of the spinal column at the buttocks),phrase,45,70,0,False
pam_d324f8a5fccf,PAM,Iso_BodyParts.txt,Iso,BodyParts,2,Balbas,word,45,70,0,False
pam_9965c7c6e509,PAM,Iso_BodyParts.txt,Iso,BodyParts,3,Cayucut (end of the spinal column at the buttocks),phrase,46,70,0,False
pam_95bdd1f70287,PAM,Iso_BodyParts.txt,Iso,BodyParts,4,Cayucut (end of the spinal column at the buttocks),phrase,45,70,0,False
pam_3f51f921ccfd,PAM,Iso_BodyParts.txt,Iso,BodyParts,5,Cayucut (end of the spinal column at the buttocks),phrase,47,70,0,False
pam_06f2e5b80b8d,PAM,Iso_BodyParts.txt,Iso,BodyParts,6,Balat buntuc,phrase,53,70,0,False
pam_456dafd2417a,PAM,Iso_BodyParts.txt,Iso,BodyParts,7,Cayucut (end of the spinal column at the buttocks),phrase,46,70,0,False
pam_8d420658b3a9,PAM,Iso_BodyParts.txt,Iso,BodyParts,8,Lilitid,word,48,70,0,False
pam_ad4fedea8655,PAM,Iso_BodyParts.txt,Iso,BodyParts,9,tindaragul,word,47,70,0,False
pam_749847ff9328,PAM,Iso_BodyParts.txt,Iso,BodyParts,10,Bucung-bucung,word,48,70,0,False
pam_b734b0e09286,PAM,Iso_BodyParts.txt,Iso,BodyParts,11,Buldit,word,47,70,0,False
pam_b1d304db99b4,PAM,Iso_BodyParts.txt,Iso,BodyParts,12,Cayucut (end of the spinal column at the buttocks),phrase,47,70,0,False
pam_8fa5d201f88c,PAM,Iso_BodyParts.txt,Iso,BodyParts,13,palakingkingan,word,49,70,0,False
pam_e05843571567,PAM,Iso_BodyParts.txt,Iso,BodyParts,14,Malingmingan,word,46,70,0,False
pam_8dcb3f3ccd43,PAM,Iso_BodyParts.txt,Iso,BodyParts,15,Cayucut (end of the spinal column at the buttocks),phrase,44,70,0,False
pam_eccfe40abbb2,PAM,Iso_Cities.txt,Iso,Cities,1,Binondo,word,63,176,1,False
pam_0a92d817b4ae,PAM,Iso_Cities.txt,Iso,Cities,2,Rizal,word,55,176,1,False
pam_9e5e8a726ded,PAM,Iso_Cities.txt,Iso,Cities,3,Pasig,word,62,176,1,False
pam_86a083100b7d,PAM,Iso_Cities.txt,Iso,Cities,4,Las Piñas,phrase,61,176,1,False
pam_f8ec893ce006,PAM,Iso_Cities.txt,Iso,Cities,5,El Salvador,phrase,59,176,1,False
pam_3c44abc6aeea,PAM,Iso_Cities.txt,Iso,Cities,6,Marawi,word,64,176,1,False
pam_4acd61271bb6,PAM,Iso_Cities.txt,Iso,Cities,7,Las Piñas,phrase,57,176,1,False
pam_c54cbcf876db,PAM,Iso_Cities.txt,Iso,Cities,8,Rizal,word,60,176,1,False
pam_7126a185f421,PAM,Iso_Cities.txt,Iso,Cities,9,Navotas,word,59,176,1,False
pam_22b640ad1601,PAM,Iso_Cities.txt,Iso,Cities,10,Batangas,word,61,176,1,False
pam_c0dd863aa3c0,PAM,Iso_Cities.txt,Iso,Cities,11,Naga,word,61,151,1,False
pam_09849eed6b44,PAM,Iso_Cities.txt,Iso,Cities,12,Las Piñas,phrase,51,81,1,False
pam_fb7eb074cd0b,PAM,Iso_Cities.txt,Iso,Cities,13,Lamitan,word,43,81,1,False
pam_06ef2d38886e,PAM,Iso_Cities.txt,Iso,Cities,14,Valenzuela,word,46,81,1,False
pam_91817e34a996,PAM,Iso_Cities.txt,Iso,Cities,15,Las Piñas,phrase,48,81,1,False
pam_7e4964f0c4e3,PAM,Iso_ColorsPronouns.txt,Iso,ColorsPronouns,1,Dalandan,word,36,70,0,False
pam_87a10cec2c91,PAM,Iso_ColorsPronouns.txt,Iso,ColorsPronouns,2,Matuling,word,34,70,0,False
pam_077460767d11,PAM,Iso_ColorsPronouns.txt,Iso,ColorsPronouns,3,Macanian,word,36,70,0,False
pam_67a09d2f3b59,PAM,Iso_ColorsPronouns.txt,Iso,ColorsPronouns,4,Rosas,word,37,70,0,False
pam_ce95752fcb95,PAM,Iso_ColorsPronouns.txt,Iso,ColorsPronouns,5,Cael,word,36,70,0,False
pam_ac3ba369e5a4,PAM,Iso_ColorsPronouns.txt,Iso,ColorsPronouns,6,Magcanu,word,36,69,1,False
pam_49ed8976fa40,PAM,Iso_ColorsPronouns.txt,Iso,ColorsPronouns,7,Macananu,word,35,70,0,False
pam_f80503ef32a1,PAM,Iso_ColorsPronouns.txt,Iso,ColorsPronouns,8,Asul,word,36,70,0,False
pam_d42db0dcec40,PAM,Iso_ColorsPronouns.txt,Iso,ColorsPronouns,9,Matuling,word,36,70,0,False
pam_662d00d2b810,PAM,Iso_Companies.txt,Iso,Companies,1,International Container Terminal Services Inc.,phrase,68,176,1,False
pam_003908695a50,PAM,Iso_Companies.txt,Iso,Companies,2,Digital Telecommunications Philippines,phrase,63,176,1,False
pam_0a32ac53f433,PAM,Iso_Companies.txt,Iso,Companies,3,Metro Pacific Investments Corporation,phrase,66,176,1,False
pam_705f4389e6ca,PAM,Iso_Companies.txt,Iso,Companies,4,First Philippine Holdings Corporation,phrase,60,176,1,False
pam_d40ca9aa932d,PAM,Iso_Companies.txt,Iso,Companies,5,Philippine Savings Bank,phrase,67,176,1,False
pam_2cef675870be,PAM,Iso_Companies.txt,Iso,Companies,6,Manila Broadcasting Company,phrase,65,176,1,False
pam_f9e46a644875,PAM,Iso_Companies.txt,Iso,Companies,7,Union Bank of the Philippines,phrase,68,176,1,False
pam_6545c14ef378,PAM,Iso_Companies.txt,Iso,Companies,8,Centro Escolar University,phrase,63,176,1,False
pam_436bbfaa624b,PAM,Iso_Companies.txt,Iso,Companies,9,Digital Telecommunications Philippines,phrase,60,175,2,False
pam_a856b1431a51,PAM,Iso_Companies.txt,Iso,Companies,10,Rizal Commercial Banking Corporation,phrase,64,175,2,False
pam_2b0437afd171,PAM,Iso_Companies.txt,Iso,Companies,11,SM Investments,phrase,62,151,1,False
pam_8edf9e1df9bf,PAM,Iso_Companies.txt,Iso,Companies,12,First Philippine Holdings Corporation,phrase,63,151,1,False
pam_c0c9f3eeee2e,PAM,Iso_Companies.txt,Iso,Companies,13,Metro Pacific Investments,phrase,62,151,1,False
pam_f69f73487e85,PAM,Iso_Companies.txt,Iso,Companies,14,Metropolitan Bank and Trust Company,phrase,57,150,2,False
pam_9acb560af1a6,PAM,Iso_Companies.txt,Iso,Companies,15,Metropolitan Bank and Trust Company,phrase,45,80,2,False
pam_441d91c5a1f8,PAM,Iso_Cuisine.txt,Iso,Cuisine,1,Tókwa ug Báboy,phrase,85,176,1,False
pam_798f3ca29404,PAM,Iso_Cuisine.txt,Iso,Cuisine,2,Pinangát,word,88,176,1,False
pam_bc0ebc408649,PAM,Iso_Cuisine.txt,Iso,Cuisine,3,Pangát,word,81,176,1,False
pam_9bdf63efbdb2,PAM,Iso_Cuisine.txt,Iso,Cuisine,4,Súkà,word,92,176,1,False
pam_d6090098ed20,PAM,Iso_Cuisine.txt,Iso,Cuisine,5,Keséyo nga Putî,phrase,92,176,1,False
pam_7f867d282a62,PAM,Iso_Cuisine.txt,Iso,Cuisine,6,Tinunuáng Gábi,phrase,87,176,1,False
pam_4fa5c3028945,PAM,Iso_Cuisine.txt,Iso,Cuisine,7,Gibábad,word,85,176,1,False
pam_6f6a34190aa4,PAM,Iso_Cuisine.txt,Iso,Cuisine,8,Crispy Páta,phrase,83,176,1,False
pam_7a2e1acf2243,PAM,Iso_Cuisine.txt,Iso,Cuisine,9,La Paz Bátchoy,phrase,81,176,1,False
pam_5c8606f40249,PAM,Iso_Cuisine.txt,Iso,Cuisine,10,Nilát-an,word,87,176,1,False
pam_6564a56d1cf6,PAM,Iso_Cuisine.txt,Iso,Cuisine,11,Pansít Cantón,phrase,78,151,1,False
pam_b4255f5d1102,PAM,Iso_Cuisine.txt,Iso,Cuisine,12,Karé-karé,word,77,151,1,False
pam_cc10e6427f1c,PAM,Iso_Cuisine.txt,Iso,Cuisine,13,Buwád Dánggit,phrase,81,151,1,False
pam_2c6d5e43591b,PAM,Iso_Cuisine.txt,Iso,Cuisine,14,Keséyo nga Putî,phrase,76,151,1,False
pam_22daf609498e,PAM,Iso_Cuisine.txt,Iso,Cuisine,15,Sapín-sapín,word,80,151,1,False
pam_c2fbe21697b3,PAM,Iso_Cuisine.txt,Iso,Cuisine,16,Kutsintá,word,51,70,0,False
pam_36ca125395c3,PAM,Iso_Cuisine.txt,Iso,Cuisine,17,Pansít Cantón,phrase,52,70,0,False
pam_acfb484200b5,PAM,Iso_Cuisine.txt,Iso,Cuisine,18,Crispy Páta,phrase,54,70,0,False
pam_aa2393d4c16e,PAM,Iso_Educ.txt,Iso,Educ,1,Isku,word,46,70,0,False
pam_6f8403a53092,PAM,Iso_Educ.txt,Iso,Educ,2,Casi,word,53,70,0,False
pam_cf51e836010f,PAM,Iso_Educ.txt,Iso,Educ,3,Pilanduc,word,49,70,0,False
pam_f2c5e5a1cdeb,PAM,Iso_Educ.txt,Iso,Educ,4,Rizal,word,50,70,0,False
pam_36e64f0d855d,PAM,Iso_Educ.txt,Iso,Educ,5,Cacung,word,55,70,0,False
pam_73ca544368da,PAM,Iso_Educ.txt,Iso,Educ,6,Cailangan,word,47,70,0,False
pam_073c0641ef7e,PAM,Iso_Educ.txt,Iso,Educ,7,Gulisac,word,48,70,0,False
pam_3652e38d3970,PAM,Iso_Educ.txt,Iso,Educ,8,Pasibayung,word,51,70,0,False
pam_5ca6654c83c5,PAM,Iso_Educ.txt,Iso,Educ,9,Espana,word,49,70,0,False
pam_264dca7b5a4a,PAM,Iso_Educ.txt,Iso,Educ,10,Usman,word,51,70,0,False
pam_223c76be3ded,PAM,Iso_Educ.txt,Iso,Educ,11,Meyakit,word,52,70,0,False
pam_bff2e241c827,PAM,Iso_Educ.txt,Iso,Educ,12,Anggang,word,54,70,0,False
pam_ddb30b290425,PAM,Iso_Educ.txt,Iso,Educ,13,Pangaratang,word,51,70,0,False
pam_8331949ad761,PAM,Iso_Educ.txt,Iso,Educ,14,Niti,word,49,70,0,False
pam_fd296f19396b,PAM,Iso_Educ.txt,Iso,Educ,15,Pangaratang,word,47,70,0,False
pam_d61def5dee34,PAM,Iso_Hotels.txt,Iso,Hotels,1,Edsa Shangri-La Hotel,phrase,58,176,1,False
pam_b32007dc5386,PAM,Iso_Hotels.txt,Iso,Hotels,2,Cebu Parklane International Hotel,phrase,59,176,1,False
pam_1167eac2c5e2,PAM,Iso_Hotels.txt,Iso,Hotels,3,Shangri-La's Mactan Resort & Spa,phrase,64,175,2,False
pam_3506a3c152cd,PAM,Iso_Hotels.txt,Iso,Hotels,4,Waterfront Cebu City Hotel & Casino,phrase,62,175,2,False
pam_f36b7ff328fd,PAM,Iso_Hotels.txt,Iso,Hotels,5,Alta Cebu Resort,phrase,61,175,2,False
pam_dfda3326b162,PAM,Iso_Hotels.txt,Iso,Hotels,6,Crown Regency Residences,phrase,66,175,2,False
pam_d307bce1e0b6,PAM,Iso_Hotels.txt,Iso,Hotels,7,Somerset Olympia Makati,phrase,63,175,2,False
pam_691848b75368,PAM,Iso_Hotels.txt,Iso,Hotels,8,Ascott Makati Serviced Residence,phrase,63,175,2,False
pam_b0a455dfd0c1,PAM,Iso_Hotels.txt,Iso,Hotels,9,The Orchard Cebu Hotel & Suites,phrase,57,174,3,False
pam_f6987bf39bcf,PAM,Iso_Hotels.txt,Iso,Hotels,10,Waterfront Airport Hotel & Casino,phrase,60,174,3,False
pam_6e92534a62bc,PAM,Iso_Hotels.txt,Iso,Hotels,11,Somerset Salcedo Makati,phrase,62,149,3,False
pam_39f33c75e534,PAM,Iso_Hotels.txt,Iso,Hotels,12,Waterfront Airport Hotel & Casino,phrase,41,79,3,False
pam_444c3f69f4df,PAM,Iso_Hotels.txt,Iso,Hotels,13,The A.Venue Hotel Suites,phrase,38,79,3,False
pam_1705bf21bc3f,PAM,Iso_Hotels.txt,Iso,Hotels,14,Crown Regency Hotel & Towers,phrase,48,80,2,False
pam_56718b559f40,PAM,Iso_Hotels.txt,Iso,Hotels,15,New Horizon Hotel,phrase,43,79,3,False
pam_899e18af0af4,PAM,Iso_Kinship.txt,Iso,Kinship,1,Caluguran,word,41,70,0,False
pam_eee397c2c7d2,PAM,Iso_Kinship.txt,Iso,Kinship,2,Caca (matuang capatad),phrase,39,70,0,False
pam_e429e881306e,PAM,Iso_Kinship.txt,Iso,Kinship,3,Caca (matuang capatad),phrase,47,70,0,False
pam_cfcb3c40833a,PAM,Iso_Kinship.txt,Iso,Kinship,4,Cabit (querida),phrase,46,70,0,False
pam_ebbc6b6a6455,PAM,Iso_Kinship.txt,Iso,Kinship,5,Capusu,word,41,70,0,False
pam_f7af691c1ff0,PAM,Iso_Kinship.txt,Iso,Kinship,6,Cabit (querida),phrase,35,70,0,False
pam_14fe2830c0ee,PAM,Iso_Kinship.txt,Iso,Kinship,7,Tegauang lalaki,phrase,44,70,0,False
pam_cbeda2b135ca,PAM,Iso_Kinship.txt,Iso,Kinship,8,Capalsintan,word,40,70,0,False
pam_234393717228,PAM,Iso_Kinship.txt,Iso,Kinship,9,Manuyang,word,43,70,0,False
pam_7cefdc3d9c77,PAM,Iso_Kinship.txt,Iso,Kinship,10,Siping bale,phrase,43,70,0,False
pam_3ad85dbb6153,PAM,Iso_Kinship.txt,Iso,Kinship,11,Cacambal,word,38,70,0,False
pam_8150d2e12eff,PAM,Iso_Landmarks.txt,Iso,Landmarks,1,Talon ng Maria Cristina,phrase,69,175,2,False
pam_410d1acd6e4c,PAM,Iso_Landmarks.txt,Iso,Landmarks,2,Hagdan-Hagdang Palayan,phrase,61,175,2,False
pam_8d7c48f51508,PAM,Iso_Landmarks.txt,Iso,Landmarks,3,University of the Philippines,phrase,63,175,2,False
pam_a20aff97b3d6,PAM,Iso_Landmarks.txt,Iso,Landmarks,4,Emilio Aguinaldo Shrine,phrase,66,174,3,False
pam_363d56318c14,PAM,Iso_Landmarks.txt,Iso,Landmarks,5,Talon ng Maria Cristina,phrase,64,174,3,False
pam_92e76463f1c4,PAM,Iso_Landmarks.txt,Iso,Landmarks,6,Puerto Princesa,phrase,66,174,3,False
pam_7fccde5f70f2,PAM,Iso_Landmarks.txt,Iso,Landmarks,7,Powerplant Rockwell Mall,phrase,67,174,3,False
pam_e6bea3869516,PAM,Iso_Landmarks.txt,Iso,Landmarks,8,Powerplant Rockwell Mall,phrase,64,174,3,False
pam_f51f26bb9766,PAM,Iso_Landmarks.txt,Iso,Landmarks,9,Isla ng Corregidor,phrase,68,174,3,False
pam_cb590e317cf6,PAM,Iso_Landmarks.txt,Iso,Landmarks,10,Hagdan-Hagdang Palayan,phrase,63,174,3,False
pam_5126e5678d0d,PAM,Iso_Landmarks.txt,Iso,Landmarks,11,Manila Cathedral,phrase,62,148,4,False
pam_b78afa5bcd85,PAM,Iso_Landmarks.txt,Iso,Landmarks,12,University of the Philippines,phrase,63,148,4,False
pam_2a0eb3e04e6d,PAM,Iso_Landmarks.txt,Iso,Landmarks,13,Simbahan ng San Agustin,phrase,50,79,3,False
pam_739e6c20049f,PAM,Iso_Landmarks.txt,Iso,Landmarks,14,Monumento ni Magellan,phrase,55,79,3,False
pam_6290afb400dd,PAM,Iso_Landmarks.txt,Iso,Landmarks,15,Hagdan-Hagdang Palayan,phrase,46,79,3,False
pam_d9fd7329f5fc,PAM,Iso_MinPairs.txt,Iso,MinPairs,1,kabud (adv. immediately) -- kabud (adj. only),phrase,21,70,0,False
pam_c271ff4190c4,PAM,Iso_MinPairs.txt,Iso,MinPairs,2,pati (n. ganta) -- pati (prep. including),phrase,20,70,0,False
pam_ec676ed587c1,PAM,Iso_MinPairs.txt,Iso,MinPairs,3,palac (n. residue) -- palac (adj. much greater),phrase,21,70,0,False
pam_4073191bf666,PAM,Iso_MinPairs.txt,Iso,MinPairs,4,"sepu (v. caught) -- sepu (adj. end, extremity)",phrase,21,70,0,False
pam_b30bf064b8c5,PAM,Iso_MinPairs.txt,Iso,MinPairs,5,kabud (adv. immediately) -- kabud (adj. only),phrase,21,70,0,False
pam_8ce4cd817c4d,PAM,Iso_MinPairs.txt,Iso,MinPairs,6,baldug (v. fall) -- baldug (v. translate),phrase,22,70,0,False
pam_500c39c26cb0,PAM,Iso_MinPairs.txt,Iso,MinPairs,7,masakit (adj. difficult) -- masakit (adj. painful),phrase,20,70,0,False
pam_06679cc4b49f,PAM,Iso_MinPairs.txt,Iso,MinPairs,8,piling (v. shake the head to say no) -- piling (n. bunch of bananas),phrase,20,69,1,False
pam_8ebf90abf7ad,PAM,Iso_MinPairs.txt,Iso,MinPairs,9,piling (v. shake the head to say no) -- piling (n. bunch of bananas),phrase,22,70,0,False
pam_ce603018c9bf,PAM,Iso_NamesFem.txt,Iso,NamesFem,1,Jinky,word,82,175,2,False
pam_b47356f860d7,PAM,Iso_NamesFem.txt,Iso,NamesFem,2,Christine,word,82,175,2,False
pam_be68a893fa88,PAM,Iso_NamesFem.txt,Iso,NamesFem,3,Catherine,word,78,175,2,False
pam_bed0c4f0e399,PAM,Iso_NamesFem.txt,Iso,NamesFem,4,Margarita,word,82,174,3,False
pam_cd92a43b5fc7,PAM,Iso_NamesFem.txt,Iso,NamesFem,5,Victoria,word,80,174,3,False
pam_bfa8814c7e31,PAM,Iso_NamesFem.txt,Iso,NamesFem,6,Sharon,word,83,174,3,False
pam_2bd8df450165,PAM,Iso_NamesFem.txt,Iso,NamesFem,7,Michelle,word,83,174,3,False
pam_71a57d323222,PAM,Iso_NamesFem.txt,Iso,NamesFem,8,Jennifer,word,83,174,3,False
pam_f9825ae23370,PAM,Iso_NamesFem.txt,Iso,NamesFem,9,Michelle,word,81,174,3,False
pam_27a2a8bb602c,PAM,Iso_NamesFem.txt,Iso,NamesFem,10,Sharon,word,79,174,3,False
pam_a355340663d0,PAM,Iso_NamesFem.txt,Iso,NamesFem,11,Christy,word,75,149,3,False
pam_1487f4190b93,PAM,Iso_NamesFem.txt,Iso,NamesFem,12,Rowena,word,74,149,3,False
pam_0351bce33cb2,PAM,Iso_NamesFem.txt,Iso,NamesFem,13,Marites,word,72,149,3,False
pam_14709cfaacab,PAM,Iso_NamesFem.txt,Iso,NamesFem,14,Inahan,word,74,149,3,False
pam_7cd7fc07d080,PAM,Iso_NamesFem.txt,Iso,NamesFem,15,Rachelle,word,74,149,3,False
pam_81494d155317,PAM,Iso_NamesMale.txt,Iso,NamesMale,1,Christian,word,79,175,2,False
pam_53e5bf6248a9,PAM,Iso_NamesMale.txt,Iso,NamesMale,2,Peter,word,75,175,2,False
pam_62fa56864b47,PAM,Iso_NamesMale.txt,Iso,NamesMale,3,Benjamin,word,81,175,2,False
pam_7fbadb0ad6b9,PAM,Iso_NamesMale.txt,Iso,NamesMale,4,Oliver,word,83,174,3,False
pam_349f7c1ebdd1,PAM,Iso_NamesMale.txt,Iso,NamesMale,5,Elijah,word,85,174,3,False
pam_c644123e309a,PAM,Iso_NamesMale.txt,Iso,NamesMale,6,Dennis,word,78,174,3,False
pam_bfcade828153,PAM,Iso_NamesMale.txt,Iso,NamesMale,7,Benjamin,word,83,174,3,False
pam_2ad2440a63d3,PAM,Iso_NamesMale.txt,Iso,NamesMale,8,Christian,word,83,174,3,False
pam_91c786a4b37d,PAM,Iso_NamesMale.txt,Iso,NamesMale,9,Elijah,word,78,174,3,False
pam_d76c18680a53,PAM,Iso_NamesMale.txt,Iso,NamesMale,10,Mark Anthony,phrase,77,174,3,False
pam_a95912f1d0a8,PAM,Iso_NamesMale.txt,Iso,NamesMale,11,Dwight,word,79,149,3,False
pam_2d3e9ad8e087,PAM,Iso_NamesMale.txt,Iso,NamesMale,12,Mark Anthony,phrase,78,149,3,False
pam_487a3fa27c0e,PAM,Iso_NamesMale.txt,Iso,NamesMale,13,Arnold,word,73,149,3,False
pam_10dfe7d965a4,PAM,Iso_NamesMale.txt,Iso,NamesMale,14,Pablo,word,77,149,3,False
pam_c5b6f8b64797,PAM,Iso_NamesMale.txt,Iso,NamesMale,15,Allan,word,70,149,3,False
pam_a3d8636692c2,PAM,Iso_NamesMale.txt,Iso,NamesMale,16,Elijah,word,56,70,0,False
pam_3c73681a94fc,PAM,Iso_Ordinal.txt,Iso,Ordinal,1,Calabing apat,phrase,43,70,0,False
pam_13d3ef2e0a98,PAM,Iso_Ordinal.txt,Iso,Ordinal,2,Caduampulu't apat,phrase,46,70,0,False
pam_e846ef17f69e,PAM,Iso_Ordinal.txt,Iso,Ordinal,3,Calabingpitu,word,41,70,0,False
pam_0c9b2352e864,PAM,Iso_Ordinal.txt,Iso,Ordinal,4,Catlumpulu't atlu,phrase,44,70,0,False
pam_180d428694f3,PAM,Iso_Ordinal.txt,Iso,Ordinal,5,Cawalumpulung,word,45,70,0,False
pam_47bc718bf5ae,PAM,Iso_Ordinal.txt,Iso,Ordinal,6,Calabing metung,phrase,48,70,0,False
pam_e133a5672c70,PAM,Iso_Ordinal.txt,Iso,Ordinal,7,Caduampulu't pitung,phrase,42,70,0,False
pam_1df5045c146f,PAM,Iso_Ordinal.txt,Iso,Ordinal,8,cadinalang,word,44,70,0,False
pam_0872bcf18324,PAM,Iso_Ordinal.txt,Iso,Ordinal,9,Catlumpulu't metung,phrase,44,70,0,False
pam_5ab7cd0174ca,PAM,Iso_Ordinal.txt,Iso,Ordinal,10,Catlumpulu't aduang,phrase,45,70,0,False
pam_7adf39488621,PAM,Iso_Ordinal.txt,Iso,Ordinal,11,Catlumpulu't apat,phrase,43,70,0,False
pam_d7080b75674d,PAM,Iso_Ordinal.txt,Iso,Ordinal,12,Caduampulu't atlu,phrase,38,70,0,False
pam_7ea02dbae4b2,PAM,Iso_Surnames_Countries.txt,Iso,Surnames_Countries,1,Delos Reyes,phrase,47,175,2,False
pam_3e94a88fae4b,PAM,Iso_Surnames_Countries.txt,Iso,Surnames_Countries,2,Singapore,word,47,175,2,False
pam_66da581f3f87,PAM,Iso_Surnames_Countries.txt,Iso,Surnames_Countries,3,Dela Cruz,phrase,49,175,2,False
pam_1d8b783bda79,PAM,Iso_Surnames_Countries.txt,Iso,Surnames_Countries,4,Delos Santos,phrase,47,174,3,False
pam_e53e88e25937,PAM,Iso_Surnames_Countries.txt,Iso,Surnames_Countries,5,Aquino,word,49,174,3,False
pam_1f4b523d5fb0,PAM,Iso_Surnames_Countries.txt,Iso,Surnames_Countries,6,Delos Santos,phrase,48,173,4,False
pam_4b57cf17ee8d,PAM,Iso_Surnames_Countries.txt,Iso,Surnames_Countries,7,Delos Santos,phrase,48,174,3,False
pam_c76fac67ad6f,PAM,Iso_Surnames_Countries.txt,Iso,Surnames_Countries,8,Delos Reyes,phrase,49,174,3,False
pam_fba8965c4a83,PAM,Iso_Surnames_Countries.txt,Iso,Surnames_Countries,9,Dela Vega,phrase,41,104,3,False
pam_5cbcf544cfac,PAM,Iso_Surnames_Countries.txt,Iso,Surnames_Countries,10,Delos Reyes,phrase,42,104,3,False
pam_71c7cbb446e7,PAM,Iso_Time.txt,Iso,Time,1,Salucuiang,word,39,70,0,False
pam_675a2da981c8,PAM,Iso_Time.txt,Iso,Time,2,nandin,word,38,70,0,False
pam_9ecc75a68c0b,PAM,Iso_Time.txt,Iso,Time,3,cabang,word,42,70,0,False
pam_79fe00420a89,PAM,Iso_Time.txt,Iso,Time,4,Salucuiang,word,40,70,0,False
pam_2e133195ba2c,PAM,Iso_Time.txt,Iso,Time,5,Salucuian,word,46,70,0,False
pam_e7b0339dc79e,PAM,Iso_Time.txt,Iso,Time,6,potang bagia,phrase,41,70,0,False
pam_5ff5a546bd7e,PAM,Iso_Time.txt,Iso,Time,7,capilanman,word,36,70,0,False
pam_8d8e35236603,PAM,Iso_Time.txt,Iso,Time,8,panaun,word,36,70,0,False
pam_2c1db8674b61,PAM,Iso_Time.txt,Iso,Time,9,anggang capilanman,phrase,41,70,0,False
pam_f712b37e3a89,PAM,Iso_Time.txt,Iso,Time,10,anggang capilanman,phrase,34,70,0,False
pam_d93859fdaf62,PAM,Iso_Time.txt,Iso,Time,11,anggang capilanman,phrase,43,70,0,False
pam_bd9145970423,PAM,Iso_Time.txt,Iso,Time,12,capilanman,word,43,70,0,False
pam_c161d3eb69e4,PAM,Iso_Time.txt,Iso,Time,13,ganing aldo,phrase,37,70,0,False
pam_13153a7cc59a,PAM,Iso_Time.txt,Iso,Time,14,anggang capilanman,phrase,44,70,0,False
pam_bdb4622ba5d1,PAM,Iso_Time.txt,Iso,Time,15,panaun,word,43,70,0,False
pam_afba3d03ef00,PAM,Iso_Time.txt,Iso,Time,16,Meyari,word,40,70,0,False
pam_c30be86559c3,PAM,Iso_Time.txt,Iso,Time,17,capilanman,word,43,70,0,False
pam_bd4f8b1d8124,PAM,Iso_Time.txt,Iso,Time,18,ganing aldo,phrase,42,70,0,False
pam_98dfb94a4a1a,PAM,Iso_Time.txt,Iso,Time,19,Salucuian,word,41,70,0,False
pam_14ee3b8120a0,PAM,Iso_Time.txt,Iso,Time,20,Salucuian,word,44,70,0,False
pam_5a90d6d1d582,PAM,Iso_Time.txt,Iso,Time,21,linabas a,phrase,39,70,0,False
pam_cd518440839e,PAM,Iso_Weather.txt,Iso,Weather,1,Madalumdum,word,37,70,0,False
pam_cb7ccc4a08b0,PAM,Iso_Weather.txt,Iso,Weather,2,Banua,word,31,70,0,False
pam_d14d1e05cc3b,PAM,Iso_Weather.txt,Iso,Weather,3,Tagsibul,word,41,70,0,False
pam_a59e295be8d8,PAM,Iso_Weather.txt,Iso,Weather,4,Panaun,word,35,70,0,False
pam_017cd836f4c1,PAM,Iso_Weather.txt,Iso,Weather,5,Maialiualas,word,38,70,0,False
pam_2a50700c8090,PAM,Iso_Weather.txt,Iso,Weather,6,Bugsu ning angin,phrase,37,70,0,False
pam_858198b39ad3,PAM,Iso_Weather.txt,Iso,Weather,7,Maialumigmig,word,33,70,0,False
pam_4f9235f622e0,PAM,Iso_Weather.txt,Iso,Weather,8,Bugsu ning angin,phrase,37,70,0,False
pam_597b075073dd,PAM,Iso_Weather.txt,Iso,Weather,9,Maialumigmig,word,38,70,0,False
pam_dbd949a7b832,PAM,Random Digit,Random,Digit,1,95,number,81,160,17,False
pam_58e7c24c73a5,PAM,Random Digit,Random,Digit,2,95,number,87,161,16,False
pam_68c39905c1cb,PAM,Random Digit,Random,Digit,3,96,number,79,159,18,False
pam_a675c623739e,PAM,Random Digit,Random,Digit,4,12,number,85,157,20,False
pam_8e70bf81ed4e,PAM,Random Digit,Random,Digit,5,23,number,77,156,21,False
pam_96820e988c46,PAM,Random Digit,Random,Digit,6,35,number,86,156,21,False
pam_8634934c6f0f,PAM,Random Digit,Random,Digit,7,50,number,83,156,21,False
pam_2a1f40616711,PAM,Random Digit,Random,Digit,8,8,number,83,156,21,False
pam_ee2f7afcea1d,PAM,Random Digit,Random,Digit,9,49,number,84,155,22,False
pam_96f171279bf9,PAM,Random Digit,Random,Digit,10,79,number,83,155,22,False
pam_8d5f53156b9c,PAM,Spontaneous01.txt,Other,Spontaneous01,1,"Icuentu mu kecami ing pang-aldo-aldo mung gaga wan. Ding sasaken papuntang obra o escue la, ding lacaran, at aliua pa. Banggitan sabla mung aisip king pang-aldo-aldo mung caranasan.",sentence,5,173,4,False
pam_601643aa6b62,PAM,Spontaneous02.txt,Other,Spontaneous02,1,Banggitan me ing metung caring pecaimportanting personalidad king kecatamung bansa at ilarauan ing cayang catungculan o gagauan. Angaan mia o ding tao? Obat?,sentence,4,172,5,False
pam_bd64ec768e12,PAM,Spontaneous03.txt,Other,Spontaneous03,1,Nanung obra ing mas pilinan mu: matas a sueldo pero e mu buri ing obra o obrang buring-buri mu dapot sobrang baba ing pasalud? Obat?,sentence,5,173,4,False
pam_26fe90f96b71,PAM,Utt_CommonExpressions.txt,Utt,CommonExpressions,1,Mayap a bengi pu kecayu.,sentence,51,70,0,False
pam_37d70b4a9bed,PAM,Utt_CommonExpressions.txt,Utt,CommonExpressions,2,Nucarin cayu pu macatucnang?,phrase,44,70,0,False
pam_41f601858770,PAM,Utt_CommonExpressions.txt,Utt,CommonExpressions,3,Nucarin cayu hu macatucnang?,phrase,55,70,0,False
pam_8ca51361a581,PAM,Utt_CommonExpressions.txt,Utt,CommonExpressions,4,Pacencia na pu kecayu.,phrase,51,70,0,False
pam_1c90cb7d8777,PAM,Utt_CommonExpressions.txt,Utt,CommonExpressions,5,Mayap a gatpanapun pu kecayu.,sentence,48,70,0,False
pam_d4801f0734d6,PAM,Utt_CommonExpressions.txt,Utt,CommonExpressions,6,Maligayang bati pu.,phrase,53,70,0,False
pam_f59f5827b17a,PAM,Utt_CommonExpressions.txt,Utt,CommonExpressions,7,Nucarin ya pu ing terminal ning bus?,sentence,44,70,0,False
pam_7658c9dfd76d,PAM,Utt_CommonExpressions.txt,Utt,CommonExpressions,8,Mayap a bengi hu kecayu.,sentence,44,70,0,False
pam_fff2ce68dd1e,PAM,Utt_CommonExpressions.txt,Utt,CommonExpressions,9,Mayap a abac pu kecayu.,sentence,52,70,0,False
pam_e81c59a2c5a8,PAM,Utt_CommonExpressions.txt,Utt,CommonExpressions,10,E na co hu mangabala.,sentence,47,70,0,False
pam_a577b57f05ed,PAM,Utt_CommonExpressions.txt,Utt,CommonExpressions,11,Pilang na co pung banua?,sentence,49,70,0,False
pam_cd8efad748b0,PAM,Utt_CommonExpressions.txt,Utt,CommonExpressions,12,Maligayang kebaitan hu kecayu.,phrase,54,70,0,False
pam_46021927d107,PAM,Utt_CommonExpressions.txt,Utt,CommonExpressions,13,Bibilugan mucu yata?,phrase,45,70,0,False
pam_96452d386dde,PAM,Utt_CommonExpressions.txt,Utt,CommonExpressions,14,Nucarin ya hu ing terminal ning bus?,sentence,46,70,0,False
pam_3bb0920aec6b,PAM,Utt_CommonExpressions.txt,Utt,CommonExpressions,15,Maligayang kebaitan pu.,phrase,48,70,0,False
pam_bd98dacb1a65,PAM,Utt_CommonExpressions.txt,Utt,CommonExpressions,16,Nanung pamangan tamu ngeni?,phrase,52,70,0,False
pam_60e3259508d7,PAM,Utt_CommonExpressions.txt,Utt,CommonExpressions,17,Calugurang caluguran daca.,phrase,44,70,0,False
pam_c9f99f896977,PAM,Utt_CommonExpressions.txt,Utt,CommonExpressions,18,Bibilugan mucu yata?,phrase,49,70,0,False
pam_cfba22ca06df,PAM,Utt_Educ.txt,Utt,Educ,1,Linisan ing silid-pagaralan.,phrase,62,70,0,False
pam_53dfee445ccb,PAM,Utt_Educ.txt,Utt,Educ,2,Agnan-agnan alang mumuna.,phrase,64,70,0,False
pam_496fc3933285,PAM,Utt_Educ.txt,Utt,Educ,3,Buclat ya ing aclat king pagina catlu.,sentence,60,70,0,False
pam_b7901dd28c31,PAM,Utt_Educ.txt,Utt,Educ,4,Dalan ya king opisina.,phrase,62,70,0,False
pam_45680494e8bf,PAM,Utt_Educ.txt,Utt,Educ,5,Mengan na cayu wari?,phrase,65,70,0,False
pam_c7ea5302651c,PAM,Utt_Educ.txt,Utt,Educ,6,Iwasang makisabi king casiping.,phrase,62,70,0,False
pam_b614b2bac7d1,PAM,Utt_Educ.txt,Utt,Educ,7,Bilisan ing pamangan.,phrase,62,70,0,False
pam_3867ecf20105,PAM,Utt_Educ.txt,Utt,Educ,8,Pakibatang tahimic ding cutang king pakibatang papil.,sentence,64,70,0,False
pam_f04ad08719c0,PAM,Utt_Educ.txt,Utt,Educ,9,Makiramdam.,word,62,70,0,False
pam_b94bcc739414,PAM,Utt_Educ.txt,Utt,Educ,10,Cumang metung a mabilug a papil dinan yeng lagiu,sentence,62,70,0,False
pam_f18f193b2639,PAM,Utt_Educ.txt,Utt,Educ,11,Dalan ya king opisina.,phrase,59,70,0,False
pam_e8e94b22de88,PAM,Utt_Educ.txt,Utt,Educ,12,E co pupulayi king kilub ning cuarto.,sentence,66,70,0,False
pam_3542ac57df88,PAM,Utt_Educ.txt,Utt,Educ,13,E yu ulitan ing pamanyulud ning imalan yu.,sentence,65,70,0,False
pam_f9b98fb2ab56,PAM,Utt_Educ.txt,Utt,Educ,14,"Lumacad mu, e pupulayi.",phrase,63,70,0,False
pam_654d89d66d30,PAM,Utt_Educ.txt,Utt,Educ,15,Magsane mamasa at mamilang.,phrase,64,70,0,False
pam_732647fddac6,PAM,Utt_Education_Set02.txt,Utt,Education_Set02,1,"Parati, tatakut ya keng pamagbayu uling ena balu nung nanu ing puede nang dalan ini keng bie na.",sentence,65,70,1,False
pam_2f9926a827a3,PAM,Utt_Education_Set02.txt,Utt,Education_Set02,2,Sinabi na nitang kahera nung mamye lang resibu kekayu mitas ing singilan da uling keng buwis.,sentence,62,70,1,False
pam_19bf8bffe2de,PAM,Utt_Education_Set02.txt,Utt,Education_Set02,3,Ali mu aintindian ing kayang sabian uling mabilis ing kayang pag-iagkas.,sentence,63,70,1,False
pam_20ed2ae9a5e1,PAM,Utt_Education_Set02.txt,Utt,Education_Set02,4,"Gamitan ya ing Venn diagram, piparewan ing paralan keng pamakibat karening problema da reng babai ampong lalaki.",sentence,67,70,1,False
pam_8ffcaa853bf4,PAM,Utt_Education_Set02.txt,Utt,Education_Set02,5,Isulat ing T istung USTU ing isip ning balang telatag.,sentence,61,70,1,False
pam_6b878230002a,PAM,Utt_Education_Set02.txt,Utt,Education_Set02,6,Kaya malaki ang maitutulong kung magtatala tayo ng mahahalagang impormasyon o detalye ng panutong ating napakinggan.,sentence,65,70,1,False
pam_119ea04f29b0,PAM,Utt_Education_Set02.txt,Utt,Education_Set02,7,Gumulis ning baleng maragul istung maragul ing sambitlan na pamilya.,sentence,66,70,1,False
pam_078b8ad80b8e,PAM,Utt_Education_Set02.txt,Utt,Education_Set02,8,Ipakat ing larawan keng metung a papil at isulat deng pakibat keng lalam ning larawan.,sentence,62,70,1,False
pam_05e02ecd0e37,PAM,Utt_Education_Set02.txt,Utt,Education_Set02,9,"Pisabian mu deng apilan a tindera, negociante, o komerciante tungkul king karelang delanan king deng suking mapaniwalan o mapamirait.",sentence,66,69,2,False
pam_5452c6240513,PAM,Utt_Education_Set02.txt,Utt,Education_Set02,10,Inutus na kang Ima mung saling sangkap keng ka yang pamaglutu.,sentence,64,70,1,False
pam_addbb1d07e9a,PAM,Utt_Education_Set02.txt,Utt,Education_Set02,11,Panyiguraduang ustu ing pamiagkas.,phrase,66,70,1,False
pam_c6facf5685fb,PAM,Utt_Education_Set02.txt,Utt,Education_Set02,12,"Parati, tatakut ya keng pamagbayu uling ena balu nung nanu ing puede nang dalan ini keng bie na.",sentence,60,70,1,False
pam_27a94d237786,PAM,Utt_Education_Set02.txt,Utt,Education_Set02,13,Apansinan mung mura mu ing singil da kekayu. Apansinan mu naman a ela memye resibu.,sentence,67,70,1,False
pam_0db7975e2676,PAM,Utt_Education_Set02.txt,Utt,Education_Set02,14,"Uling kanini, ali-aliwa la deng obra ampong kabiayan kareng ali-aliwang lugar.",sentence,59,70,1,False
pam_7b84ca717f68,PAM,Utt_Education_Set02.txt,Utt,Education_Set02,15,"Pisabian mu deng apilan a tindera, negociante, o komerciante tungkul king karelang delanan king deng suking mapaniwalan o mapamirait.",sentence,63,70,1,False
pam_d17790f9becc,PAM,Utt_Education_Set02.txt,Utt,Education_Set02,16,Pilinan ya ing letra na ning ustung pakibat.,sentence,65,70,1,False
pam_8d061c958c37,PAM,Utt_Education_Set02.txt,Utt,Education_Set02,17,Nanu kaya ing dapat tamung gawan bang enaka tamu kanan ning pamagbayung ini?,sentence,63,70,1,False
pam_0ef50753a53c,PAM,Utt_Education_Set02.txt,Utt,Education_Set02,18,"Importante ya ing informacion anyaduan na ning formulario anya dapat yang sagutan ketang paralan a masalese, dalise, ampong ustu.",sentence,65,70,1,False
pam_a49d6da6dee5,PAM,Utt_Education_Set02.txt,Utt,Education_Set02,19,Pakibaluan la deng lagyu da reng dalan a daralanan mu pauli.,sentence,59,70,1,False
pam_96433dfb6502,PAM,Utt_Education_Set02.txt,Utt,Education_Set02,20,Kutnan yu la deng pengari yu nung makananu da lang pagsadian ampong dinang kabaldugan deng pagmasusian a aldo na ning balen.,sentence,58,70,1,False
pam_94d5c507d03b,PAM,Utt_Education_Set02.txt,Utt,Education_Set02,21,Nanu ing karampatang gagawan keng kekatamung paligid agpang keng istoryang itamung binasan?,sentence,48,53,1,False
pam_0cfd3259238a,PAM,Utt_Education_Set02.txt,Utt,Education_Set02,22,Kayabe ning kekatamung pegaralan ampong pamibie-bie keng hinaharap ing paglamnan deng papelis o dokumento.,sentence,48,53,1,False
pam_02ff7565ec16,PAM,Utt_Education_Set02.txt,Utt,Education_Set02,23,Ikutang mu keng kekayung pengari nung ninu deng kamag-anak o kaluguran yung Pilipino a makatuknang keng aliwa liwang lugal king Pilipinas ampong king aliwang bansa.,sentence,51,53,1,False
pam_0775c8364149,PAM,Utt_Education_Set02.txt,Utt,Education_Set02,24,Basan la deng tutuking amanu.,sentence,48,52,2,False
pam_a2392ffef297,PAM,Utt_Education_Set02.txt,Utt,Education_Set02,25,"Pisabian mu deng apilan a tindera, negociante, o komerciante tungkul king karelang delanan king deng suking mapaniwalan o mapamirait.",sentence,47,53,1,False
pam_79742859f04b,PAM,Utt_Education_Set02.txt,Utt,Education_Set02,26,Mamayad ka istung atandanan ya pamayaran ka.,sentence,51,53,1,False
pam_5051519fdc2c,PAM,Utt_Education_Set02.txt,Utt,Education_Set02,27,Kutnan yu la deng pengari yu nung makananu da lang pagsadian ampong dinang kabaldugan deng pagmasusian a aldo na ning balen.,sentence,51,53,1,False
pam_fc67092a67ea,PAM,Utt_Education_Set02.txt,Utt,Education_Set02,28,"Keng kekang palage, nanu mo ing pwdeng gawan na ning tau ban eya malumud",sentence,51,53,1,False
pam_f5639e29a869,PAM,Utt_Education_Set02.txt,Utt,Education_Set02,29,Gumamit tamung mapa keng pamaglawe keng metung a lugar.,sentence,47,53,1,False
pam_22933e718a19,PAM,Utt_Education_Set02.txt,Utt,Education_Set02,30,"Keng kekang palage, nanu mo ing pwdeng gawan na ning tau ban eya malumud",sentence,48,53,1,False
pam_ee28b1dbb71c,PAM,Utt_Education_Set02.txt,Utt,Education_Set02,31,Kayabe ning kekatamung pegaralan ampong pamibie-bie keng hinaharap ing paglamnan deng papelis o dokumento.,sentence,44,45,1,False
pam_a9de4aa3601f,PAM,Utt_Education_Set02.txt,Utt,Education_Set02,32,Bayaran me anggang ditak-ditak mu.,sentence,42,45,1,False
pam_634d3cbf8d36,PAM,Utt_Education_Set02.txt,Utt,Education_Set02,33,Dininan dia namang Theater World Award ampong Tony Award.,sentence,43,45,1,False
pam_06854f20b4fc,PAM,Utt_Education_Set02.txt,Utt,Education_Set02,34,Sulat me ing letra keng blanko ning ustung pakibat.,sentence,39,45,1,False
pam_345b8d08ae12,PAM,Utt_Education_Set02.txt,Utt,Education_Set02,35,Basan ya ing kabilian ampong pakibatan ya ing tutuking kutang.,sentence,41,45,1,False
pam_3c41aab3025f,PAM,Utt_Education_Set02.txt,Utt,Education_Set02,36,Nanu ing pamialiwa na ning tulang dadalan na ketang tulang bibie na ning bayung bale.,sentence,44,45,1,False
pam_5e0771713bd4,PAM,Utt_Education_Set02.txt,Utt,Education_Set02,37,Tukyan ya ing alimbawa.,phrase,46,45,1,False
pam_c030a8f277f7,PAM,Utt_Education_Set02.txt,Utt,Education_Set02,38,Sinali kang gamit ketang metung a tindaan malapit kekayu para keng proyekto yu keng eskuela.,sentence,43,45,1,False
pam_6a0032c7dd89,PAM,Utt_Education_Set02.txt,Utt,Education_Set02,39,Malyaring imbes na toyo ing katas ning atswete namu ing gawan pangule.,sentence,43,45,1,False
pam_8497551dc285,PAM,Utt_Education_Set02.txt,Utt,Education_Set02,40,Piabayan mu din ing toyu oneng ditak mu naman kasi ining mamye kule lamang keng sabo.,sentence,41,45,1,False
pam_29bf4e1d6c8b,PAM,Utt_Education_Set03.txt,Utt,Education_Set03,1,Nanu yng gawan mu quing sitwasyung ini?,sentence,36,36,0,False
pam_41d8549c29b4,PAM,Utt_Education_Set03.txt,Utt,Education_Set03,2,Capmuan yng talata ning ustung panaunan ning pandiwang atyu quing panaclung.,sentence,34,36,0,False
pam_9164d8593686,PAM,Utt_Education_Set03.txt,Utt,Education_Set03,3,"Y Lea, mepagcaluban yang Sir Laurence Olivier Award anyang 1990 bilang pecamagaling a aktres quing dulaang musikal.",sentence,35,36,0,False
pam_87fa875207a9,PAM,Utt_Education_Set03.txt,Utt,Education_Set03,4,Mayan ta yang apantun yng impormasyung direktahang babanggitan quing cecatamung binasa uling ini makasaad ya mismu quing tekstu.,sentence,35,36,0,False
pam_b1660888a7fd,PAM,Utt_Education_Set03.txt,Utt,Education_Set03,5,Isaisip a atin lang dahilan reng tagapagsalita careng pamagtuknang at pamanustung carelang gagawan.,sentence,35,36,0,False
pam_4a621d573859,PAM,Utt_Education_Set03.txt,Utt,Education_Set03,6,Pilinan quing cahun yng ustung sagut.,sentence,34,35,1,False
pam_e0378d5cdb52,PAM,Utt_Education_Set03.txt,Utt,Education_Set03,7,Lalu na istung icit ta yang magbayu itsura yng lupa ning cecatamung casabi.,sentence,35,36,0,False
pam_a5701d4c0c69,PAM,Utt_Education_Set03.txt,Utt,Education_Set03,8,Manalbe metung talkshow quing telebisyun a atyu wikang Filipinu.,sentence,34,36,0,False
pam_4723eba3fa95,PAM,Utt_Education_Set03.txt,Utt,Education_Set03,9,Isulat yng letra ning balang lalawigan at kabiserang amanwan.,sentence,35,33,3,False
pam_4f96c82830c3,PAM,Utt_Education_Set03.txt,Utt,Education_Set03,10,Nandin na ca pa utusan ning quecang ima a tucnangan mu na yng pamanalbe tv.,sentence,35,35,1,False
pam_0a430fe7b448,PAM,Utt_Education_Set03.txt,Utt,Education_Set03,11,Inutusan na ca ning quecang Ima a saling sangkap quing caiang pamaglutu.,sentence,35,35,1,False
pam_5a25751f44cb,PAM,Utt_Education_Set03.txt,Utt,Education_Set03,12,"Cumbaga, maliban quing pamangilatis tamu ning tonu, bilis, at intonasyun na queng caiang pamanyalita, cailanganan ta ya ring atukuy yng buung kontekstu o sitwasyung capapaluban na niti.",sentence,33,36,0,False
pam_e128e162200b,PAM,Utt_Education_Set03.txt,Utt,Education_Set03,13,Malyaring isulat yng impormasyung ikwa quing lalam ning cecayung gulis.,sentence,35,35,1,False
pam_8f291c249613,PAM,Utt_Education_Set03.txt,Utt,Education_Set03,14,Gawan lang gabe reng salitang makagulis lalam.,sentence,36,34,2,False
pam_c7ae054b1b91,PAM,Utt_Education_Set03.txt,Utt,Education_Set03,15,Sagutan yng cutang.,phrase,36,36,0,False
pam_224427c59f41,PAM,Utt_Education_Set03.txt,Utt,Education_Set03,16,Gumulis metung a pamagdiriwang nung nocarin buri mung macyabe.,sentence,34,35,1,False
pam_65259e50940a,PAM,Utt_Education_Set03.txt,Utt,Education_Set03,17,Idikit la reng carelang litratu queng lalam at ipacilala mu la quecami.,sentence,36,35,1,False
pam_8f1df42f0bc3,PAM,Utt_Education_Set03.txt,Utt,Education_Set03,18,"Quing cecatamung pamamasa, adwang uri ning maulagang impormasyun yng cailangan tamung payntunan—impormasyung diretsahang babanggitan quing binasa, at impormasyung e diretsahang babanggitan quing binasa.",sentence,34,36,0,False
pam_3465cc95141a,PAM,Utt_Education_Set03.txt,Utt,Education_Set03,19,"Igulis yng pusu nung yng papacit, casantingan-lub quing aliwa-liwang pamayan at igulis yng pacerang linya nung ali.",sentence,33,36,0,False
pam_6658db42b206,PAM,Utt_Education_Set03.txt,Utt,Education_Set03,20,Isulat yng DW nung ali ustu.,sentence,35,36,0,False
pam_f15b89544e2e,PAM,Utt_Education_Set03.txt,Utt,Education_Set03,21,Sumangguni quing mapa ning NCR at cilalanan yng lugar a amanwan.,sentence,34,35,1,False
pam_95079e6755db,PAM,Utt_Education_Set03.txt,Utt,Education_Set03,22,Pumiling metung a malagung lugar o tanawin quing Rehiyun IV.,sentence,33,36,0,False
pam_4df2bee3e5c5,PAM,Utt_Education_Set03.txt,Utt,Education_Set03,23,Bilugan yng letra ning peca-ustung sagut.,sentence,36,36,0,False
pam_7cc15897b765,PAM,Utt_Education_Set03.txt,Utt,Education_Set03,24,"Nung agawa tamung ipaulit ini quing menyabi quing panutu, gawan tamu banta makatiyak tamu a ustu at sapat la reng cailangang detalyeng cecatamung atala.",sentence,35,36,0,False
pam_9b1a85c47187,PAM,Utt_Education_Set03.txt,Utt,Education_Set03,25,"Capilan milyari yng cuentu, quing panaun da ren quecatamung ninunu, o quing casalucuiang panaun.",sentence,35,36,0,False
pam_d1627891f1cd,PAM,Utt_Education_Set03.txt,Utt,Education_Set03,26,Pilan la mu reni caring cutang a magsilbing gabe quing pamagbuu mung reaksyun.,sentence,32,35,1,False
pam_e29a97548596,PAM,Utt_Education_Set03.txt,Utt,Education_Set03,27,Manalbe metung talkshow quing telebisyun a atyu wikang Filipinu.,sentence,35,35,1,False
pam_a5b9929992c4,PAM,Utt_Education_Set03.txt,Utt,Education_Set03,28,Aasahang paciramdaman ta lang lubus reng panutung lalahad quing paralang pasalita.,sentence,34,36,0,False
pam_378d9767b720,PAM,Utt_Education_Set03.txt,Utt,Education_Set03,29,"Quing macatulid, cailangang antindyan neng lubus ning mamasa yng caiang babasan bacanta aturan ne yng impormasyung ali direktang sasabyan quing tekstu.",sentence,36,35,1,False
pam_583d26c828b7,PAM,Utt_Education_Set03.txt,Utt,Education_Set03,30,"A da pin, quing cecatamung pamakiramdam, “cacailanganan ta yang pakiramdaman ali mu yng caiang sasabian; maigit quing egana-gana, nung macananu ne nini sinabi cecatamu.”",sentence,32,35,1,False
pam_c6960fe3c67b,PAM,Utt_Education_Set03.txt,Utt,Education_Set03,31,Miyabe lang ilage quing calderu yng babi at manuc.,sentence,35,36,0,False
pam_e0e3c9cffeb8,PAM,Utt_Education_Set03.txt,Utt,Education_Set03,32,Aturing mu bang tutu o natural at ali scripted o apag-adyan reng sagot?,sentence,34,35,1,False
pam_b1201946fbab,PAM,Utt_Education_Set03.txt,Utt,Education_Set03,33,"Capanayaman reng pilang tindera, businessman, o mangangalakal tungkul quing carelang meging caranasan careng kostumer a matapat o mapamirayat.",sentence,33,36,0,False
pam_17c3b9ccc59d,PAM,Utt_Education_Set03.txt,Utt,Education_Set03,34,Calimitan ya ining gagamitan ban apaghambing la reng datus at akit la reng mikaka-ugnay a idiya.,sentence,34,34,2,False
pam_a4d6e2f093cb,PAM,Utt_Education_Set03.txt,Utt,Education_Set03,35,"Yng salita o lipun da reng salita, ala masyadung ulaga ning ali ya ini apiyabe-yabe ban macabuung metung a macabuluhang diwang malyaring adamdam, abasa at agamit quing pamacisabi at pamanyulat.",sentence,32,35,1,False
pam_caf54c8b596c,PAM,Utt_Education_Set03.txt,Utt,Education_Set03,36,"Samantala, ating casacitan pero maragul a hamun para quing caninu mang mamasa yng atucuy yng impormasyung ali direktang babanggitan pero makasaad quing cabuuan ning tekstung binasa.",sentence,35,36,0,False
pam_7565e34b3d3b,PAM,Utt_Education_Set03.txt,Utt,Education_Set03,37,Ireport mu la yng piyuyuculan calupa ning quing BIR o kaya quing DTI.,sentence,35,35,1,False
pam_6a23c1875817,PAM,Utt_Education_Set03.txt,Utt,Education_Set03,38,Isulat yng ustung antas ning pang-uri quing patlang.,sentence,36,35,1,False
pam_57a61684d4e3,PAM,Utt_Education_Set03.txt,Utt,Education_Set03,39,"Quing palage mu, bakit ala lang susi ring bale-kubu.",sentence,35,33,3,False
pam_925c2fea1eeb,PAM,Utt_Education_Set03.txt,Utt,Education_Set03,40,"Capanayaman reng pilang tindera, businessman, o mangangalakal tungkul quing carelang meging caranasan careng kostumer a matapat o mapamirayat.",sentence,36,34,2,False
pam_561637e28599,PAM,Utt_EngShib1.txt,Utt,EngShib1,1,She had your dark suit in greasy wash water all year.,sentence,1,35,0,False
pam_567d784ec15a,PAM,Utt_EngShib2.txt,Utt,EngShib2,1,Don't ask me to carry an oily rag like that.,sentence,1,35,0,False
pam_6eb9ec9ddcf3,PAM,Utt_Essay.txt,Utt,Essay,1,"Melaus ya ing matsing king cayang maroc a gawa cabang king tauli, e na tipdan ing cayang pangacu at inatsa ne ing pau king danum.",sentence,54,70,0,False
pam_5173ad7c073f,PAM,Utt_Essay.txt,Utt,Essay,2,"Metung yang maingat a pamaniuri at pamipareu ing mituru kecatamu ing tune nang buud ding aduang cuentu ibat sa king Mauli ning Sumatra, Java, Mindanao o nung ali man caya king capuluang Filipinas, at caibat dela de ding tau o liping linipat king bandang Pangulu ban manucnangan caring Pulu ning Japon at Riu-kiu.",sentence,50,69,1,False
pam_4419028d3192,PAM,Utt_Essay.txt,Utt,Essay,3,"Ing panakit da king pau metung yang macalunus, malati at alang male a bage, dapot maingat king capamaralan, migit yang calunusan kesa hangaan o igalang caya.",sentence,55,68,2,False
pam_79ec2329df8f,PAM,Utt_Essay.txt,Utt,Essay,4,"Ing matsing caring aduang pabulang deti ginanap yang metung a papil, sakim, magaspang, maroc at mapag-iganti; ing king Japong mitmung kaki ya ing pun saging king Filipinas, saguling tumubu at mamunga kesa caring aliuang pun dutung.",sentence,41,47,1,False
pam_0d203f985b5a,PAM,Utt_Essay.txt,Utt,Essay,5,Malagua yang tinubu ing butul anggang meging metung yang matas a pun dutung.,sentence,39,46,2,False
pam_6e41da471361,PAM,Utt_Essay.txt,Utt,Essay,6,"Nung ding matsing migit lang masican kesa caring alimangong magnasang capayapan, ing bage iti e macapanamuyut king ari a lungub king lungga a alang cayabe, anting e da neman pinilit ning lalung mas masican a calaban; dapot ing maliari munta la ding alimango caring matsing ban makipagcasundu.",sentence,27,33,2,False
pam_b7c0118752a5,PAM,Utt_Essay.txt,Utt,Essay,7,"Ing pamanyaup nang lusung, alu, bonbuan at ning ebun caring mimumuang alimango magpatune kecatamung malayang caisipan ding Japon.",sentence,28,32,3,False
pam_709e10538f33,PAM,Utt_Essay.txt,Utt,Essay,8,Miras ya king mainang pau ing bandang ilalam a king lawe matsura ya dapot magtagle nemang dacal a uyat.,sentence,26,34,1,False
pam_b27d26a7dacc,PAM,Utt_Essay.txt,Utt,Essay,9,"E apaglinlangan sabian a ding aduang pabulang deti, agiang miyaliua la sepu atin lang metung a penibatan, o nung caya ating yang pamicatmu ing metung king metung.",sentence,26,31,4,False
pam_45d9ab1dd6fd,PAM,Utt_Essay.txt,Utt,Essay,10,"Ing panakit da king pau metung yang macalunus, malati at alang male a bage, dapot maingat king capamaralan, migit yang calunusan kesa hangaan o igalang caya.",sentence,29,33,2,False
pam_547a66a7a1d3,PAM,Utt_Essay.txt,Utt,Essay,11,"Samantala, magcasia tana pa king metung a pamaniuri at pamamunie mapilang casian manibat king metung a masusing pamipareu ding aduang cuentu.",sentence,29,33,2,False
pam_658ba07faeac,PAM,Utt_Essay.txt,Utt,Essay,12,"""Mayap, atme cayapan!"" ing pakibat ning pau. "" E cu mu pin miukyat king pun at macapanagtal caring cayang bunga.""",sentence,32,33,2,False
pam_2971b5bda04d,PAM,Utt_Greetings.txt,Utt,Greetings,1,Mayalang galang na po.,phrase,45,70,0,False
pam_b5b827bd1c81,PAM,Utt_Greetings.txt,Utt,Greetings,2,Catutula cu pu ing akilala da cayu.,sentence,42,70,0,False
pam_43ed49c3c0d8,PAM,Utt_Greetings.txt,Utt,Greetings,3,Tanggapan ye pu ing kecaming taus pusung pamipasalamat!,sentence,42,70,0,False
pam_0934d4f65e58,PAM,Utt_Greetings.txt,Utt,Greetings,4,Mapaling pamamuge keco ngan.,phrase,43,70,0,False
pam_36f065b22bc8,PAM,Utt_Greetings.txt,Utt,Greetings,5,Maligayang Pascu pu at masaplalang bayung banua.,sentence,44,70,0,False
pam_f2025531c1ed,PAM,Utt_Greetings.txt,Utt,Greetings,6,Maligayang Pascu pu at masaplalang bayung banua.,sentence,48,70,0,False
pam_459bc708ffef,PAM,Utt_Greetings.txt,Utt,Greetings,7,Mayap naman pu.,phrase,43,70,0,False
pam_5dc5f432d883,PAM,Utt_Greetings.txt,Utt,Greetings,8,Maligayang puge king kecang kebaitan.,sentence,45,70,0,False
pam_5033e2c4aee5,PAM,Utt_Greetings.txt,Utt,Greetings,9,Anga keng pasibayung pamiikit.,phrase,42,70,0,False
pam_46f62531c228,PAM,Utt_Greetings.txt,Utt,Greetings,10,Catutula cu pu ing akilala da cayu.,sentence,45,70,0,False
pam_758863e2ca38,PAM,Utt_Greetings.txt,Utt,Greetings,11,Ipagpaumahin yu pu ing cacung pamagcamali.,sentence,46,70,0,False
pam_1863b5001959,PAM,Utt_Greetings.txt,Utt,Greetings,12,Maligayang Pascu at masaplalang bayung banua.,sentence,43,70,0,False
pam_61ac1bc5e1e1,PAM,Utt_Greetings.txt,Utt,Greetings,13,Tanggapan ye pu ing cacung pamakirame.,sentence,45,70,0,False
pam_f396c9987239,PAM,Utt_Greetings.txt,Utt,Greetings,14,Tanggapan ye pu ing kecaming taus pusung pamipasalamat!,sentence,44,70,0,False
pam_84ff204ebea7,PAM,Utt_Greetings.txt,Utt,Greetings,15,Maligayang puge king kecang pamamupus.,sentence,48,70,0,False
pam_8941f82dc837,PAM,Utt_Greetings.txt,Utt,Greetings,16,Tanggapan ye pu ing kecaming taus pusung pamipasalamat!,sentence,41,70,0,False
pam_335102a713f3,PAM,Utt_Interrogatives.txt,Utt,Interrogatives,1,"I Micahel wari ing magcanta, o i James?",sentence,47,70,0,False
pam_3939edfdea12,PAM,Utt_Interrogatives.txt,Utt,Interrogatives,2,Mawawala wari ing gamit na?,sentence,43,70,0,False
pam_9f546f964c9e,PAM,Utt_Interrogatives.txt,Utt,Interrogatives,3,"Tigtig ya wari i Francisco, o magcanta?",sentence,44,70,0,False
pam_4d1ca3c892e2,PAM,Utt_Interrogatives.txt,Utt,Interrogatives,4,"Munta ca wari king Menila, o king Baguiu?",sentence,49,70,0,False
pam_30b6943bc6f4,PAM,Utt_Interrogatives.txt,Utt,Interrogatives,5,"Filipinu ya wari I James, o Americanu?",sentence,42,70,0,False
pam_a944cae76e24,PAM,Utt_Interrogatives.txt,Utt,Interrogatives,6,Macananu nang ikit ing gamit nang James?,sentence,47,70,0,False
pam_cd6bce56702e,PAM,Utt_Interrogatives.txt,Utt,Interrogatives,7,Nucarin ya ing seli cung lapis nandin?,sentence,44,70,0,False
pam_bd06f17daa53,PAM,Utt_Interrogatives.txt,Utt,Interrogatives,8,Pilang banua na ca?,phrase,46,70,0,False
pam_28c2c6edeb2a,PAM,Utt_Interrogatives.txt,Utt,Interrogatives,9,Obat dela de king ospital I Maricel?,sentence,46,70,0,False
pam_d6b09d2acc1e,PAM,Utt_Interrogatives.txt,Utt,Interrogatives,10,I Michael wari ing mengan king mangga?,sentence,42,70,0,False
pam_074af0718069,PAM,Utt_Interrogatives.txt,Utt,Interrogatives,11,Macananu casakit ing exam yu?,sentence,48,70,0,False
pam_b9902a53dba8,PAM,Utt_Interrogatives.txt,Utt,Interrogatives,12,Nanu ing gagawan ng Michael king bale?,sentence,47,70,0,False
pam_0e8999e14f16,PAM,Utt_Interrogatives.txt,Utt,Interrogatives,13,"Bisa ca waring tuke, o ali?",sentence,43,70,0,False
pam_935c15d8dae6,PAM,Utt_Interrogatives.txt,Utt,Interrogatives,14,King bale la wari mikit di James?,sentence,41,70,0,False
pam_f3c3c47449fe,PAM,Utt_Interrogatives.txt,Utt,Interrogatives,15,Nanu ing gagawan ng Michael king bale?,sentence,45,70,0,False
pam_31ae9ec139c9,PAM,Utt_Letter.txt,Utt,Letter,1,"Ala nune purus catacsilan ing ganti king kecatamung pamagpala at pamanupad king carelang pengacung itamu lalung gisingan king cayapan bagus itamung bilagan da, inawa daca tamu king carelang amac a asal, pinilit a sinira ing mal at malagung ugali ning kecatamung Bal’yan; iminulat da catamu king metung a maling pamaniampalataya at bigsac king lubac ning carocan ing capurian ning kecatamung bal’yan; at nung itamu mangangas maniad agiang ditac a lingap, ing maging pakibat ya ing iyugse at ilaut king siping ding kecatamung pacamalan a anac, asaua at matuang pengari.",sentence,27,61,9,False
pam_84d1516ae44e,PAM,Utt_Letter.txt,Utt,Letter,2,"Ngeni ala nang aituring a capanatagan king kecatamung pamanucnangan; ngeni pane da nang gagambalan ing kecatamung catahimican ning mamalingongo a daing at tagulele, saldac pangisnaua at pagsalbat ding macapal a mengulila, balu’t ding pengari ding cabaleng pemanyira ding mapanyupil a Castila; ngeni malulumud tamu king mamalbug a lua ding Indu caring meyangu da bie anac, caring pamanangis ding bingut a pepangulila ning calupitan a ing balang patac calupa na ning metung a bubucal a tingga, a sasala king makirut a sugat ning kecatamung pusung manamdaman; ngeni lalu tamung macabilibid king tanicalang macapaglibac caring balang lalaking ating ingatang capurian.",sentence,25,62,8,False
pam_250e3d40ecc8,PAM,Utt_Letter.txt,Utt,Letter,3,"Ngeni ala nang aituring a capanatagan king kecatamung pamanucnangan; ngeni pane da nang gagambalan ing kecatamung catahimican ning mamalingongo a daing at tagulele, saldac pangisnaua at pagsalbat ding macapal a mengulila, balu’t ding pengari ding cabaleng pemanyira ding mapanyupil a Castila; ngeni malulumud tamu king mamalbug a lua ding Indu caring meyangu da bie anac, caring pamanangis ding bingut a pepangulila ning calupitan a ing balang patac calupa na ning metung a bubucal a tingga, a sasala king makirut a sugat ning kecatamung pusung manamdaman; ngeni lalu tamung macabilibid king tanicalang macapaglibac caring balang lalaking ating ingatang capurian.",sentence,23,55,15,False
pam_c3eba0430502,PAM,Utt_Letter.txt,Utt,Letter,4,"King mayap dang amuyut a ngara canu, acayan da catamu king lalung cayapan at lalung imulat ding kecatamung caisipan, ing miniabing magsipanibala miliaring melamukus king yumu ning carelang dila king pamaglinlang.",sentence,23,56,14,False
pam_5b68996b6cc1,PAM,Utt_Letter.txt,Utt,Letter,5,"Ngeni ala nang aituring a capanatagan king kecatamung pamanucnangan; ngeni pane da nang gagambalan ing kecatamung catahimican ning mamalingongo a daing at tagulele, saldac pangisnaua at pagsalbat ding macapal a mengulila, balu’t ding pengari ding cabaleng pemanyira ding mapanyupil a Castila; ngeni malulumud tamu king mamalbug a lua ding Indu caring meyangu da bie anac, caring pamanangis ding bingut a pepangulila ning calupitan a ing balang patac calupa na ning metung a bubucal a tingga, a sasala king makirut a sugat ning kecatamung pusung manamdaman; ngeni lalu tamung macabilibid king tanicalang macapaglibac caring balang lalaking ating ingatang capurian.",sentence,26,56,14,False
pam_407594ac899a,PAM,Utt_Literature_Set02.txt,Utt,Literature_Set02,1,Cauen que ing ilug potang sisilim ayala nang macapansing cacu.,sentence,66,66,5,False
pam_e84021a3c095,PAM,Utt_Literature_Set02.txt,Utt,Literature_Set02,2,“Balu cune… inta eyu balu qñg nung ninung minunang quinimut ya ing migalpatoc?”,sentence,68,68,3,False
pam_bbc08b5cc35a,PAM,Utt_Literature_Set02.txt,Utt,Literature_Set02,3,"Iquit ne carin—ing caya ampun ing cang Conrado—nanu caya ing sabian ding tau, ñganang migunam, lalu ding matilus a dila",sentence,66,69,2,False
pam_6a5cbe0c581b,PAM,Utt_Literature_Set02.txt,Utt,Literature_Set02,4,"Dikil king camataya’nang Del Pilar: nanu ing cabalduga’ning pangamate na king marangle, samantalang king mabilug a yatu baling oras emo abilang king taliri mu ding mangamate tau?",sentence,66,68,3,False
pam_dedaa6b90eda,PAM,Utt_Literature_Set02.txt,Utt,Literature_Set02,5,"Ya ing ausan dang Luzing, ing “malagu, maganaca at matimtiman a Luzing,” ing Sampaga ning Jardin ning Angeles, ing pagmaragul nang anac ning Capampañgan.",sentence,65,68,3,False
pam_40b47dc570e5,PAM,Utt_Literature_Set02.txt,Utt,Literature_Set02,6,Maranun cung manese uling penabili’nang Doru.,sentence,65,68,3,False
pam_a9aa54d0ca38,PAM,Utt_Literature_Set02.txt,Utt,Literature_Set02,7,ñganang tinalacad menatyat gamat at mamayagpag at sinias qñg buntuc na at linaue maticdi qñg susulud nang dimpulan “ay—eya mipatauran—yanang palsintan cu—baragan que!”,sentence,68,66,5,False
pam_4cc8040f3a61,PAM,Utt_Literature_Set02.txt,Utt,Literature_Set02,8,"Uling y Juan pepaimate ya king uli ku, at y Del Pilar pepaimate ya king uli na ning Belen.",sentence,64,67,4,False
pam_e437b1b365b1,PAM,Utt_Literature_Set02.txt,Utt,Literature_Set02,9,"Balang penandit maulaga, at ing pamicacunu e caring pamicatagun ayanti ring deti.",sentence,69,65,6,False
pam_75b6cc88b660,PAM,Utt_Literature_Set02.txt,Utt,Literature_Set02,10,"Meyari ing pamanlalaue ra qñg grupu ra, y Nena caibat nong pepainum strawberry quine ne ing retratu qñg album na, uling y Leopoldo milacuan yang adua caring daralana. Ing metung binie ne cang Conrado.",sentence,64,67,4,False
pam_a4d16005b629,PAM,Utt_Literature_Set02.txt,Utt,Literature_Set02,11,"a nung tañgalan mulang banayad qñg laue ding talasulat ñgamu carela qñg ela tau nune hadas no ning caquewan, ding anac ning masangting, ning malagu at ning casayan.",sentence,65,64,7,False
pam_57e093668d20,PAM,Utt_Literature_Set02.txt,Utt,Literature_Set02,12,"Nung emu pa atanggap ing yampang ning Gobiernu kecang yan, buri mu nang talaga ing bie magulu. Bucas muli nacu at isipan mung miamasamas iting sinabi cu keca. Nung nanu ing pamalac mu, panayan daca Menila ba’",sentence,65,66,5,False
pam_967ccc6df490,PAM,Utt_Literature_Set02.txt,Utt,Literature_Set02,13,"Mamanican yang abac tipa yang beñgi. Macanian man, cabang y Luzing sasaua ya at tatacasane’t munta ya queta cari Nena o caring apu o pisana, ing inda naman,",sentence,65,67,4,False
pam_3189666cfe19,PAM,Utt_Literature_Set02.txt,Utt,Literature_Set02,14,"Y Nena meñgisnaua yang saldac—at linaue ya banda Culiat, abug na na namung miras ya, uling balamu alayang tulang maquisabi ing casaque na.",sentence,64,64,7,False
pam_245df2e922da,PAM,Utt_Literature_Set02.txt,Utt,Literature_Set02,15,"Careti atiyu I’Sinang, ing pambatu ning Paroba. Canita macatagun ya naman I’Luis bilang manalbe, calaguyo ring cacalugura’na.",sentence,69,67,4,False
pam_ae7a8bcb7f9d,PAM,Utt_Literature_Set02.txt,Utt,Literature_Set02,16,Balucu nung baket mekiabe ca king capisanan a ita uling metung ca caretang alang calmang ena asicasu ning Gobiernu king kecang pamangailangan.,sentence,62,66,5,False
pam_d6a580bbbe88,PAM,Utt_Literature_Set02.txt,Utt,Literature_Set02,17,“Dala ne canian. Meñgari ya mo qñg pusang mepali na—marimla man mañgilag ya. Macanian yaman ing taung yan maganaca ya.”,sentence,70,67,4,False
pam_484760afc1e0,PAM,Utt_Literature_Set02.txt,Utt,Literature_Set02,18,Mipaburen ing capanintuna’ning asawa cu. Mepilit keng malis aliwang lugal a nung nu ala yang arikilan a obra.,sentence,65,64,7,False
pam_bd3e32f632a0,PAM,Utt_Literature_Set02.txt,Utt,Literature_Set02,19,"Y Luzing quetang cayanacan nang ita, labing pitung banwa, dacal no ding sasamba, at mamauad milagru caya;",sentence,64,64,7,False
pam_8f97d6de5eae,PAM,Utt_Literature_Set02.txt,Utt,Literature_Set02,20,"Uling y Juan pepaimate ya king uli ku, at y Del Pilar pepaimate ya king uli na ning Belen.",sentence,69,64,7,False
pam_7f7835004ecc,PAM,Utt_Literature_Set02.txt,Utt,Literature_Set02,21,"Migtajimic sinaguli, at y Luzing ñganang tinuglung, “Qñg sarili cu mayap pa ita, uling balu mo—neng era ca palsintan eranacamu liliñgasñgasan, o aburiduan, at ica naman enaca manamdaman.",sentence,44,40,6,False
pam_c078a38d8f90,PAM,Utt_Literature_Set02.txt,Utt,Literature_Set02,22,"Nung emu pa atanggap ing yampang ning Gobiernu kecang yan, buri mu nang talaga ing bie magulu. Bucas muli nacu at isipan mung miamasamas iting sinabi cu keca. Nung nanu ing pamalac mu, panayan daca Menila ba’",sentence,42,39,7,False
pam_4a7125a83309,PAM,Utt_Literature_Set02.txt,Utt,Literature_Set02,23,"“Ninu?” ñgana mong Conrado, canuari ene balu ing sasabiana.",sentence,45,40,6,False
pam_c2e0b6a8b9b2,PAM,Utt_Literature_Set02.txt,Utt,Literature_Set02,24,"Ban ing ena abut isipan a macapañgabala milaco, y Luzing minta ya qñg libreria na—miglalaue ya’t memiling basana ban ilibang na ing panaun.",sentence,46,34,12,False
pam_cc49c463423e,PAM,Utt_Literature_Set02.txt,Utt,Literature_Set02,25,malapad nang pangpang ning ilug calumpit,sentence,46,38,8,False
pam_670741557394,PAM,Utt_Literature_Set02.txt,Utt,Literature_Set02,26,"Ding aliwang ca-Capampangan, cusa lang kinanuang “Homestead” keni at ding aliwa naming calupa no ning asawa cu y Doru.",sentence,45,39,7,False
pam_a0949a542d71,PAM,Utt_Literature_Set02.txt,Utt,Literature_Set02,27,"Milaco cu capanualan king Dios at king Gobiernu tamu. Cailangan paintunan cu ing casngawan king aliwang paralan, patacaran at aliwang casalpantayanan.",sentence,45,39,7,False
pam_b3a50f6c6fab,PAM,Utt_Literature_Set02.txt,Utt,Literature_Set02,28,Micunutcunut ya. Itang canuanang alang musing quinulurun ya at ing masala pepaquit ne caya ing dalan a masucsuc nung uarit nayun ya qñg papasiag ding manaliguat caya.,sentence,46,35,11,False
pam_e02f861957b7,PAM,Utt_Literature_Set02.txt,Utt,Literature_Set02,29,"Dapot ing tiru na kanaku king kayang kamatayan, maluat magsale kening kakung pusu.",sentence,43,37,9,False
pam_6cc2a888172a,PAM,Utt_Literature_Set02.txt,Utt,Literature_Set02,30,"catataulian ñgana qñg magdala lang matulid, catutuan at calamnan.",sentence,43,38,8,False
pam_1b85d438dd9b,PAM,Utt_Literature_Set02.txt,Utt,Literature_Set02,31,"y Apung Quica, e bubulad, pibabatana uling ibat yapa qñg marayung balen, at qñg pamibabatana mayari ya ing patiñgapun ena balu at ing lasa maliliari alayang apagobran.",sentence,43,35,11,False
pam_cc0e387ea061,PAM,Utt_Literature_Set02.txt,Utt,Literature_Set02,32,Patye mangarap ka dagulan muna.,sentence,46,37,9,False
pam_da973ff511e6,PAM,Utt_Literature_Set02.txt,Utt,Literature_Set02,33,"Nuya man muntang maquibasang passion i’Sinang caring nayun, tuqui ya ing calulung Luis. Cabud na nia lalauan, e na asasabi ing capagnasa’na uli ning dine, uli ning pamicanunu.",sentence,45,39,7,False
pam_93c29771ef0e,PAM,Utt_Literature_Set02.txt,Utt,Literature_Set02,34,at king makasakmal nang gamat kapirasu yang papil a nung nu makasulat ing tutuking amanu: Karing bayani ing aleluya ding kumpana.,sentence,40,38,8,False
pam_7e4503881c42,PAM,Utt_Literature_Set02.txt,Utt,Literature_Set02,35,"Matuling neng binili na, at panaquit nang mete ya, sinagacgac ya misan, dapot qng sagacgac nang macapangilabut ning mamulang!",sentence,44,37,9,False
pam_df3aab46ef59,PAM,Utt_Literature_Set02.txt,Utt,Literature_Set02,36,“Nanu ing buri mung sabian…?” ngana at saca ne penintun ing baril na dapot ene ikit uling selicut ke.,sentence,43,40,6,False
pam_52cd4951cc70,PAM,Utt_Literature_Set02.txt,Utt,Literature_Set02,37,Y Maria ilang Ruben micalugud a masolu.,sentence,44,36,10,False
pam_7e632b376388,PAM,Utt_Literature_Set02.txt,Utt,Literature_Set02,38,Macalugue ca buac antimong panaru,sentence,44,34,12,False
pam_ceccdd800255,PAM,Utt_Literature_Set02.txt,Utt,Literature_Set02,39,Ing bucud cung capatad a babai mu naman at ngeni talasaua nay a naming melacuan qng matua ming bale qng balen.,sentence,44,36,10,False
pam_2d84b0b7e915,PAM,Utt_Literature_Set02.txt,Utt,Literature_Set02,40,"Iniang mapupus ne ing pepatingapun, minuli yang babaltang qng masucal a gubat. Quebengian ya.",sentence,45,38,8,False
pam_8db9bed49dee,PAM,Utt_Literature_Set03.txt,Utt,Literature_Set03,1,"“O capatad cu, masaquit E cu tatacut marap caring maqui upaya, uling ing cacung depatan ya ing mapuring pamamali.",sentence,34,31,5,False
pam_6fb7655795c0,PAM,Utt_Literature_Set03.txt,Utt,Literature_Set03,2,“Canian cupa atangap ing pasalamat yu at ñgeni acu naman ing pasalamat quecayu” ñganang Luzing caibat neng pitda ing palitu at inugse qñg auang.,sentence,35,33,3,False
pam_bdab987bc7e2,PAM,Utt_Literature_Set03.txt,Utt,Literature_Set03,3,"“Ica naman, Nena, agad mu mong darayu o cacalilua ing quecang catauan, bagu nung nanu man itang catatagan a ita abe cang abe,",sentence,36,29,7,False
pam_4ca8fa9eeaa0,PAM,Utt_Literature_Set03.txt,Utt,Literature_Set03,4,Cabud namu ing macatagan qng canacung pamigaganaca ing bilirang macapagmulala qng sampat at yubu caniang misusumpanan la.,sentence,36,34,2,False
pam_843314b47a30,PAM,Utt_Literature_Set03.txt,Utt,Literature_Set03,5,"Ninu mang curuzan a salu ata, Ima, table ne ning dine at mapilit yang lacunae.”",sentence,33,32,4,False
pam_c2405694720f,PAM,Utt_Literature_Set03.txt,Utt,Literature_Set03,6,Caring atlung aldo tutuqui pepalagnat deng maragul.,sentence,34,32,4,False
pam_01e4c4e87f70,PAM,Utt_Literature_Set03.txt,Utt,Literature_Set03,7,"Ah, atin yang aganaca! Ating quinumbira pala caya!",sentence,33,32,4,False
pam_6f7d0bf2328b,PAM,Utt_Literature_Set03.txt,Utt,Literature_Set03,8,"Munang sangcan caniting cayaduanan ya ing malicsi nang pamagtapat, at ing pamacamate na magdalang matimbang a matulid.",sentence,34,30,6,False
pam_18a835869f17,PAM,Utt_Literature_Set03.txt,Utt,Literature_Set03,9,"“Ique rugung calulu,” ñganang Nena, “angga na camimu qñg manenaya at mamaua qñg damla ding masicanan a antimo icayung pagmaragul na niting balen tamu.”",sentence,35,30,6,False
pam_59d8e7c0d801,PAM,Utt_Literature_Set03.txt,Utt,Literature_Set03,10,Iquit ne ning General at ing adua capatac a lua na memalisbis caring pisnina.,sentence,35,31,5,False
pam_eddada2aa030,PAM,Utt_Literature_Set03.txt,Utt,Literature_Set03,11,"Ing balen a ausan dang Masaya, masalapi at malabung diling balen ning provinciang Capampañgan. Ing comerciu at agricultura queting balen a iti mebinang magalo",sentence,36,30,6,False
pam_d3522bce069e,PAM,Utt_Literature_Set03.txt,Utt,Literature_Set03,12,"“Oh, magcamali cu, ane?” nganang misundu. Ding mata nang macatangad cacu manigapu la.”",sentence,32,29,7,False
pam_2660789f78bf,PAM,Utt_Literature_Set03.txt,Utt,Literature_Set03,13,Kalugura’nakung Juan king lugud ning metung a taung ustu sukad a pamisip at malualas a pusu. Kaluguran ke y Juan depot ing Balen balu ku kalugura’ne y Del Pilar.,sentence,35,28,8,False
pam_03cc47527d79,PAM,Utt_Literature_Set03.txt,Utt,Literature_Set03,14,"“Emilio,” pequibat ning babay, “nanupa ing burimung ilunus cu queca?’",sentence,34,33,3,False
pam_8be1ce6096a2,PAM,Utt_Literature_Set03.txt,Utt,Literature_Set03,15,"Inia sa y Nena ñgana, uling balamu atin yang panamdaman, cang Conrado: “Eca pa tauli cang Luzing, Acung paniualan mu balu que.",sentence,35,31,5,False
pam_a03ee914462b,PAM,Utt_Literature_Set03.txt,Utt,Literature_Set03,16,"Mibabaya ya wari mata qng mua at ngana, `Oyan, laclacan mung dili mu ing calupa mung marinat, animal.’",sentence,36,32,4,False
pam_021bc2881047,PAM,Utt_Literature_Set03.txt,Utt,Literature_Set03,17,Qñg metung o dalan a dane nang uanan ning pisamban carin ya macatalacad busal ding masalilung a acacia at aliua pang tanaman ing bale nang Luz Canlas.,sentence,36,30,6,False
pam_e4ca518fdc74,PAM,Utt_Literature_Set03.txt,Utt,Literature_Set03,18,"Ing Porac pilatane ning Masulput o del Carmen, Florida Blanca, at ing Angeles o Culiat.",sentence,36,30,6,False
pam_1538b2511427,PAM,Utt_Literature_Set03.txt,Utt,Literature_Set03,19,"“E ca mainge, magcang ating macarandam qng pamisabi ta.”",sentence,35,30,6,False
pam_25109e410eb1,PAM,Utt_Literature_Set03.txt,Utt,Literature_Set03,20,"Luguran me ing para mong tau, antimo king katawan mo.",sentence,36,30,6,False
pam_45a7540f9877,PAM,Utt_Literature_Set03.txt,Utt,Literature_Set03,21,At y Posung naman iniang iquit ke ena ayaguanta at gulping guli ñgana:,sentence,36,29,7,False
pam_2f8d4fdc2397,PAM,Utt_Literature_Set03.txt,Utt,Literature_Set03,22,"Ninu mo caya ing poetang mipunta na Porac at e dinalit cabud dimdam na at atañgalan ing cayang samiu, cule at leguan?",sentence,35,28,8,False
pam_0423c1301cd3,PAM,Utt_Literature_Set03.txt,Utt,Literature_Set03,23,"Lalu yang mipamulala iniang abalu na ing dapat ning asawa cu. Caibat cung asalita caya ing penugalia’nang Doru, nganang sinabi,",sentence,36,29,7,False
pam_abb4189a4ce2,PAM,Utt_Literature_Set03.txt,Utt,Literature_Set03,24,"“Capitan: queang sacan a yan, carinca mabat, e cuna ministil sabian qng yan ing sulut na ning balen metung mang balas alang mitatagan caring sundalus mu. Sulung na!”",sentence,36,26,10,False
pam_5751b34c9c83,PAM,Utt_Literature_Set03.txt,Utt,Literature_Set03,25,Caniamana ning tudtud qng taung danupan! DItac muman mau-ulu ya danup!,sentence,35,28,8,False
pam_820d8ef37ad6,PAM,Utt_Literature_Set03.txt,Utt,Literature_Set03,26,"Nun inia ñganang Posung a pusung, a bait canu Bamban, “a mamañgus atbu dapot alang piañgusan, at atlu pang subu epa ninanu man,” qñg y Don Cirilo Gozun",sentence,34,26,10,False
pam_038fbd3b0b2a,PAM,Utt_Literature_Set03.txt,Utt,Literature_Set03,27,"At nun gating maliari kaku kabang makawale ku kekayu, ing Dios yang misinup king kanakung caladua.’",sentence,34,28,8,False
pam_7323754e5c7c,PAM,Utt_Literature_Set03.txt,Utt,Literature_Set03,28,"Nung magmain ca aquit me itang metung a teatro a ñgeni maluñgcut, maratun at macasara na—qñg teatrung ita carin de legue itang “Alang Dios,” itang zarzuelang mecapaquiac cang Lidia,",sentence,34,27,9,False
pam_0bd1a411a90d,PAM,Utt_Literature_Set03.txt,Utt,Literature_Set03,29,Y Conrado dinucu ya. Caibat mipatiman ya. Ding amanu nang Posung Maniñgas pilasa nong mayap at macacalale—at peparalan qñg timbangan ning pamisip na nung tutu la,sentence,34,30,6,False
pam_6849e67d14d7,PAM,Utt_Literature_Set03.txt,Utt,Literature_Set03,30,"Palsintan cu ing tetaga’t na’t cabayanihan, at capilan man ecu micacunu qng matapang nang pusu,",sentence,34,26,10,False
pam_07943d2b7bf9,PAM,Utt_Literature_Set03.txt,Utt,Literature_Set03,31,“Alang marine! Mapanaco! Manlalasun! Anac!” ngana qng mesabing amanung Capampangan.,sentence,35,28,8,False
pam_27e404b60a75,PAM,Utt_Literature_Set03.txt,Utt,Literature_Set03,32,"Y Apung Quica inaus ne, e mequibat o ena dimdam ulining mipasubu ya qñg novelang babasana.",sentence,33,27,9,False
pam_cfa90d36fef7,PAM,Utt_Literature_Set03.txt,Utt,Literature_Set03,33,"“Ique rugung calulu,” ñganang Nena, “angga na camimu qñg manenaya at mamaua qñg damla ding masicanan a antimo icayung pagmaragul na niting balen tamu.”",sentence,35,26,10,False
pam_924d29f2a50b,PAM,Utt_Literature_Set03.txt,Utt,Literature_Set03,34,"Eca quiquiac. Ing lugud mu dina’nacung sicanan. Misan ayabac, cambe ning panilang ning aldo, dating cu queca.”",sentence,35,29,7,False
pam_aa12f21b7bc6,PAM,Utt_Literature_Set03.txt,Utt,Literature_Set03,35,"Pasibayu, qng maquiput a gasgas a painturu qng sirang cubu, tutuntu’neng pauli i’Oscar, mebinang payat at maputla.",sentence,35,26,10,False
pam_b9b739a4c07c,PAM,Utt_Literature_Set03.txt,Utt,Literature_Set03,36,Ing Jefe de Policia at ding adua nang caual dinatang la at disan da no ding dacal a taung bisang manaquit qng mete.,sentence,36,29,7,False
pam_37d887a13e34,PAM,Utt_Literature_Set03.txt,Utt,Literature_Set03,37,"Caring pasialbe ating malulunus. Atin naming ali, at deta buri rang mabayat pa canila ing parusa caya. Queti qng yatu ing bie macanian. Nung misan, aguiang matulid ing depatan mu, lalu capang mabigu. Nung lalabis ing ganaca’t capanupayan, ausan dana camang macmac at supilsupilan.",sentence,35,27,9,False
pam_fc528b2cf74a,PAM,Utt_Literature_Set03.txt,Utt,Literature_Set03,38,"“Maliare, gasulgasul ya—mapali ing sabo, tinuag ne ing singalung na, at e mimingat nun inia oyan mituang ñgan—oyan long ye sa baru—enia sana mababacbac a labi, guinucu!” ñganang Leopoldo. “Mimiñgat cayu, Luzing, ban e gulping dating ing sabo; oini ing daptan yo—sumpalan yeng bulung saguin—antimo ining canacu.”",sentence,35,29,7,False
pam_3658b9709472,PAM,Utt_Literature_Set03.txt,Utt,Literature_Set03,39,"Americanos at Filipinos misasalamuja la bangque. Detang mipapamuc alang pacauan qng caingquita ning tau, piabe no ning camatayan.",sentence,36,28,8,False
pam_34475bba95ce,PAM,Utt_Literature_Set03.txt,Utt,Literature_Set03,40,"Ngana qng ding cayang maguing anac dapat lang mibait timaua, at ban maliari ita, dapat qng ing igpara ene sa alipan.",sentence,35,28,7,False
pam_412a31f6c55b,PAM,Utt_ManilaShib1.txt,Utt,ManilaShib1,1,Kumakain ako ng mangga.,phrase,1,21,0,False
pam_19cce58d1c1b,PAM,Utt_Medical.txt,Utt,Medical,1,Posible ya pung lala nung e ya maagapan?,sentence,58,70,0,False
pam_b16471d59e48,PAM,Utt_Medical.txt,Utt,Medical,2,Atin ca waring inumang panulu ngene?,sentence,50,70,0,False
pam_a1ce901ca246,PAM,Utt_Medical.txt,Utt,Medical,3,Macaroc keng calusugan ing sobrang pamaninum alac,sentence,53,70,0,False
pam_75e647ece7a4,PAM,Utt_Medical.txt,Utt,Medical,4,Atin ca waring cakilala king pamilya mu a ating macanyan mu namang saket?,sentence,54,70,0,False
pam_efd70f812b29,PAM,Utt_Medical.txt,Utt,Medical,5,Ala yang ganang mangan.,phrase,54,70,0,False
pam_8dda3b48f3b4,PAM,Utt_Medical.txt,Utt,Medical,6,Pilang bulan ne pu ing bingut?,sentence,53,70,0,False
pam_8d79fe9c22c9,PAM,Utt_Medical.txt,Utt,Medical,7,Atin ca waring camaganac a ating capareung saket?,sentence,52,70,0,False
pam_00bb2af4dd32,PAM,Utt_Medical.txt,Utt,Medical,8,Magcasakit ya pung macmul,phrase,51,70,0,False
pam_d1f16ca4b9af,PAM,Utt_Medical.txt,Utt,Medical,9,Mayap a gatpanapun pu Doctor,sentence,53,70,0,False
pam_09cee2e457c0,PAM,Utt_Medical.txt,Utt,Medical,10,Tacpan me ing kailing mata mu at basan ding letra king dingding,sentence,52,70,0,False
pam_2775aba81cff,PAM,Utt_Medical.txt,Utt,Medical,11,Atin ca waring cakilala king pamilya mu a ating macanyan mu namang saket?,sentence,58,70,0,False
pam_e2950ba96772,PAM,Utt_Medical.txt,Utt,Medical,12,Mayap a gatpanapun Doc,phrase,51,70,0,False
pam_77b30e0c025f,PAM,Utt_Medical.txt,Utt,Medical,13,E cu pu tataba agyang nanung gawan cung mangan,sentence,49,70,0,False
pam_2d25cc153181,PAM,Utt_Medical.txt,Utt,Medical,14,Magcasakit cu pung pigilan ing pamani cu,sentence,46,70,0,False
pam_00db5071f8c4,PAM,Utt_Medical.txt,Utt,Medical,15,Atiu king daya yu wari ing macaniang saket?,sentence,53,70,0,False
pam_9aeb0b389c4c,PAM,Utt_Medical.txt,Utt,Medical,16,Atiu king daya yu wari ing macaniang saket?,sentence,56,70,0,False
pam_cfa4a5a04524,PAM,Utt_Medical.txt,Utt,Medical,17,Posible ya pung lala nung e ya maagapan?,sentence,55,70,0,False
pam_8bdfe7e20038,PAM,Utt_Medical.txt,Utt,Medical,18,Sabian mu nung nucarin masakit,sentence,54,70,0,False
pam_24f91080a09c,PAM,Utt_Medical.txt,Utt,Medical,19,Atin ca waring camaganac a ating capareung saket?,sentence,48,70,0,False
pam_19ea24aa79fb,PAM,Utt_Medical.txt,Utt,Medical,20,Tucnang na co king pamaninum alac,sentence,57,70,0,False
pam_9b59d7f99f35,PAM,Utt_Medical.txt,Utt,Medical,21,Alayu casi i Doctor ngeni,sentence,6,6,0,False
pam_50b11a023091,PAM,Utt_Medical.txt,Utt,Medical,22,Painawa co pa mu king bale king mapilan a aldo,sentence,6,6,0,False
pam_0a22a4f87697,PAM,Utt_Medical_Set02.txt,Utt,Medical_Set02,1,Makananu waring asasabing kumpletu bakuna?,sentence,55,68,3,False
pam_be93a9e366b5,PAM,Utt_Medical_Set02.txt,Utt,Medical_Set02,2,"Ampong uling dadakal la reng cancer cells, mangatambunan la reng normal cells kalupa ning red blood cell, malutung daya ampong platelets.",sentence,64,65,6,False
pam_1377a330def2,PAM,Utt_Medical_Set02.txt,Utt,Medical_Set02,3,Ing pamangilag queng mapaling pamangan ampong inuman ampong reng maparas ampong maslam a pamangan makasawup mu rin bang e ya lalu mairiti ing singo.,sentence,59,66,5,False
pam_124bd4972765,PAM,Utt_Medical_Set02.txt,Utt,Medical_Set02,4,Oneng ede agyung papagaral pamanulu i Romy reng keying pengari.,sentence,64,66,5,False
pam_e83ee83fb9d1,PAM,Utt_Medical_Set02.txt,Utt,Medical_Set02,5,Ing sakit atsan a iti karaniwang magumpisa queng libutad queng bandang babo ning pusun ampong gagapang ya papunta queng wanan ampong lalam a parti ning atsan queng wanan ning pusun.,sentence,62,65,6,False
pam_bf760faf6183,PAM,Utt_Medical_Set02.txt,Utt,Medical_Set02,6,"Ulit, emu pagpalit ing panulung mesubuk na queng panulung subukan pa.",sentence,63,67,4,False
pam_6c24bfdf3b72,PAM,Utt_Medical_Set02.txt,Utt,Medical_Set02,7,"Ing pamamawas keng obra, pamamaynawa at regular a insayu malyaring makasawup bang milako ing pasma.",sentence,65,66,5,False
pam_59bd0bdd1757,PAM,Utt_Medical_Set02.txt,Utt,Medical_Set02,8,Reng mangunang sintomas na niti karaniwan lang magluwat apat anggang liman aldo.,sentence,64,65,6,False
pam_d41a7f4d3b01,PAM,Utt_Medical_Set02.txt,Utt,Medical_Set02,9,"Ing kutang, makananung apangilagan iing pangakalbu?",sentence,64,66,5,False
pam_a9184fc7c580,PAM,Utt_Medical_Set02.txt,Utt,Medical_Set02,10,"Matinding sakit buntuk ampong pangalilyu, mapalyaring stroke, altaprisyun o tumor queng utak ing uli niti.",sentence,63,66,5,False
pam_88c4290f4437,PAM,Utt_Medical_Set02.txt,Utt,Medical_Set02,11,Kayari mung lumawe queng salamin ampong pakalawen ing kekang batal.,sentence,60,67,4,False
pam_9da1b0f7d739,PAM,Utt_Medical_Set02.txt,Utt,Medical_Set02,12,"Patse memakbung ya ing tigsa, dapat yang wasan sabun ampong danum angga queng milako ngan ing nana.",sentence,65,65,6,False
pam_289a00c3ce92,PAM,Utt_Medical_Set02.txt,Utt,Medical_Set02,13,Kaybat atin neg sintomas kalupa ning daraya ya.,sentence,62,65,6,False
pam_ab8ebc0ae287,PAM,Utt_Medical_Set02.txt,Utt,Medical_Set02,14,Pabayu bayu ya ing lage ning sakitang anak. Paburitu key an.,sentence,59,65,6,False
pam_1bf216f29d7b,PAM,Utt_Medical_Set02.txt,Utt,Medical_Set02,15,"Pero queng tutung biye, nanu pin wari ing sakit a iti ampong nanu ing paralan bang makapangilag kaniti.",sentence,65,62,9,False
pam_3075d9d976ae,PAM,Utt_Medical_Set02.txt,Utt,Medical_Set02,16,Ing kakulangan king calcium malyaring maging sangkan king problema king butul kalupa ning osteoporosis lalu na kareng babayi.,sentence,61,59,12,False
pam_e08c9f80a042,PAM,Utt_Medical_Set02.txt,Utt,Medical_Set02,17,"Meopera ya pu oneng kareng milabas a aldo, mibalik na naman ing pangaraya na, nanu pu waring dahilan na niti?",sentence,61,61,10,False
pam_a8bc65a1ab9a,PAM,Utt_Medical_Set02.txt,Utt,Medical_Set02,18,Ingatan me iti kalupa ning pamaningat mu kareng parti ning katawan mung akakit.,sentence,63,61,10,False
pam_d9c21325ebc8,PAM,Utt_Medical_Set02.txt,Utt,Medical_Set02,19,"Ing kutang, makananung apangilagan iing pangakalbu?",sentence,65,61,10,False
pam_d59cffb3a825,PAM,Utt_Medical_Set02.txt,Utt,Medical_Set02,20,Reng lalaking ala pang prostatitis malawut lang midinan nung pane yang aktibu keng sex at reng lalaking midinan na misan malyaring dumitak ing pamagbalik na niti nung maging mas aktibu yak eng sex.,sentence,66,61,9,False
pam_c649d2e03d78,PAM,Utt_Medical_Set02.txt,Utt,Medical_Set02,21,Ing mapaling panaun o matas a sikat ning aldo ya ring sangkan kareng singo.,sentence,8,8,0,False
pam_a64795ecd0cf,PAM,Utt_Medical_Set02.txt,Utt,Medical_Set02,22,"Ing sintomas ning bulutung lagnat, sipung, kuku amppong aliwang manggatal queng buung katawan.",sentence,8,8,0,False
pam_5d4ae9369c9e,PAM,Utt_Medical_Set02.txt,Utt,Medical_Set02,23,"Patse ala neng tibuk ing pusu, ala na mu ring biye.",sentence,8,8,0,False
pam_322421e1e962,PAM,Utt_Medical_Set02.txt,Utt,Medical_Set02,24,Atin bang panulu queng pasma?,sentence,8,8,0,False
pam_b31d24372e5d,PAM,Utt_Medical_Set02.txt,Utt,Medical_Set02,25,"Patakman takman mu, kaluguran.",phrase,8,8,0,False
pam_d4b8504e608c,PAM,Utt_Medical_Set02.txt,Utt,Medical_Set02,26,"Dalyawat, malyari yang ulwan queng antibiotic oneng dapat yang tukyan ing payu ning talapanulu bang e mikontra queng antibiotic.",sentence,8,8,0,False
pam_7e6a834c6a81,PAM,Utt_Medical_Set02.txt,Utt,Medical_Set02,27,Ing pamangilag queng mapaling pamangan ampong inuman ampong reng maparas ampong maslam a pamangan makasawup mu rin bang e ya lalu mairiti ing singo.,sentence,8,8,0,False
pam_855934a2f247,PAM,Utt_Medical_Set02.txt,Utt,Medical_Set02,28,Antibiotic ing panulu queng leptospirosis oneng e malyari kabud mu sasaling ordinaryung panulu antimo Amoxicillin uling eya karapat dapat a panulu para queng sakit a iti.,sentence,8,7,1,False
pam_c5cc0fca830d,PAM,Utt_Medical_Set02.txt,Utt,Medical_Set02,29,"Ing gawan mu pikit-pikit mula mu reng kekan mata, bagya bagya ng mibalik ing lino nito lawe.",sentence,8,8,0,False
pam_87d51e3e66d5,PAM,Utt_Medical_Set02.txt,Utt,Medical_Set02,30,"Keni, kinwentu na ngan ing makasaya ampong makatulang kwentu tungkul king pamaplanung pamilya.",sentence,8,8,0,False
pam_496d74a5bc11,PAM,Utt_Medical_Set03.txt,Utt,Medical_Set03,1,Antibiotic ing panulu queng leptospirosis oneng e malyari kabud mu sasaling ordinaryung panulu antimo Amoxicillin uling eya karapat dapat a panulu para queng sakit a iti.,sentence,32,30,6,False
pam_b62aba47189a,PAM,Utt_Medical_Set03.txt,Utt,Medical_Set03,2,"Ing babi at baka matas keng taba ampong kolesterol at malyaring mibara king kekatang pusu, utak ampong uyat.",sentence,29,33,3,False
pam_ba8131a40f36,PAM,Utt_Medical_Set03.txt,Utt,Medical_Set03,3,Ing sangkan ning batu keng batu o kidney stones ing kakulangan keng danum.,sentence,34,31,5,False
pam_f04dd9fe71a8,PAM,Utt_Medical_Set03.txt,Utt,Medical_Set03,4,"Ing buri ng sabyan dakal ka isipan, dakal problema at kulang ka pondu nya sakit ka talaga buntuk.",sentence,32,32,4,False
pam_969ed2822fdd,PAM,Utt_Medical_Set03.txt,Utt,Medical_Set03,5,Nanu pang dapat panayan ngening libu-libung Pilipino na reng mamate pauli ning mal a panulu?,sentence,33,32,4,False
pam_200946b1e910,PAM,Utt_Medical_Set03.txt,Utt,Medical_Set03,6,Tuknang ing pamanyigarilyu.,phrase,33,33,3,False
pam_76d4718512e1,PAM,Utt_Medical_Set03.txt,Utt,Medical_Set03,7,Antibiotic ing panulu queng leptospirosis oneng e malyari kabud mu sasaling ordinaryung panulu antimo Amoxicillin uling eya karapat dapat a panulu para queng sakit a iti.,sentence,33,32,4,False
pam_22375c483e4d,PAM,Utt_Medical_Set03.txt,Utt,Medical_Set03,8,Ing metung basung soft drinks atin yang pitung kutsaritang asukal.,sentence,32,32,4,False
pam_1931797872b3,PAM,Utt_Medical_Set03.txt,Utt,Medical_Set03,9,Ing taba mabubuu yak eng sobrang pamangan a kailangan ning katawan bang adinan neng sikanan ing gagawan na ning tawu keng pialdo-aldo.,sentence,31,31,5,False
pam_280b21221d38,PAM,Utt_Medical_Set03.txt,Utt,Medical_Set03,10,"Ing Butika ning Balen yang metung a proyektu ng Pangulung GMA, dating sekretarya ning PITC Obet Pagdanganan ampo ing sekretarya ning departamentu ning kalusugan I Francisco Duque.",sentence,31,29,7,False
pam_b5e30a2b9e7f,PAM,Utt_Medical_Set03.txt,Utt,Medical_Set03,11,Ing asuk ning sigarilyu yang manyira keng sabat da reng uyat ampong apakibalwan mu rin na yang magpakaskup kareng kekatamung uyat.,sentence,30,32,4,False
pam_1dfd309eac21,PAM,Utt_Medical_Set03.txt,Utt,Medical_Set03,12,Kapilan wari ligtas makipagtalik bang eya muktut ing babayi?,sentence,32,31,5,False
pam_f7395b21cc4d,PAM,Utt_Medical_Set03.txt,Utt,Medical_Set03,13,Anthony Ang ning Manila Doctors Hostipal.,sentence,32,31,5,False
pam_007e40a9c337,PAM,Utt_Medical_Set03.txt,Utt,Medical_Set03,14,Ing asin kasi kanu ing manimbang queng danum tamu katawan kabang ing danum naman yang makaparimla queng da reng glands tamung magpapawas queng palad.,sentence,32,30,6,False
pam_3f7107ffce55,PAM,Utt_Medical_Set03.txt,Utt,Medical_Set03,15,Ing asin kasi kanu ing manimbang queng danum tamu katawan kabang ing danum naman yang makaparimla queng da reng glands tamung magpapawas queng palad.,sentence,33,30,6,False
pam_25df9c84a4fb,PAM,Utt_Medical_Set03.txt,Utt,Medical_Set03,16,Ing pamamangan kung yoghurt at pamaninum kung probiotics makasawup ya keng pamagdagdag keng mayap a baktirya ing lactobacillus para king atyan.,sentence,32,30,6,False
pam_ded2f17e4908,PAM,Utt_Medical_Set03.txt,Utt,Medical_Set03,17,"Ing antibiotic yang e panulu king matas a prisyun ning daya, sakit buntuk o pamanyuka.",sentence,32,30,6,False
pam_43a68b4cb46a,PAM,Utt_Medical_Set03.txt,Utt,Medical_Set03,18,Buri mu waring abalu ing liim da reng tagalutu kareng mangasanting a otel keng Menila?,sentence,34,32,4,False
pam_45135288446b,PAM,Utt_Medical_Set03.txt,Utt,Medical_Set03,19,"Pekatawli, nung atin cang matindi sakit pusu, e malyaring gumamit kanini.",sentence,34,33,3,False
pam_b3edfd7298f0,PAM,Utt_Medical_Set03.txt,Utt,Medical_Set03,20,Makanyan talaga ing biye!,phrase,33,32,4,False
pam_38193725b706,PAM,Utt_News.txt,Utt,News,1,Binulusuc ing penakitan ning Del Monte Pacific,sentence,60,69,1,False
pam_a5c6127e3b28,PAM,Utt_News.txt,Utt,News,2,Reforma king economia migresulta king pamibaba ning utang ning bansa,sentence,64,67,3,False
pam_dbff4ca019fa,PAM,Utt_News.txt,Utt,News,3,Sinabi na namang Aspe a surian no ning agencia ding libru da ding mesabing establisimiento ban abalu nung ninu caring makibandi deti ing migdeclarang ustung panakitan ning carelang negocio.,sentence,63,66,4,False
pam_a0316bba725c,PAM,Utt_News.txt,Utt,News,4,Capagnasan ning presidente a adinang apulung milyong obra ding manintun obra anggang mayari ing cayang terminu king banuang aduang libu at apulu,sentence,60,66,4,False
pam_482157766179,PAM,Utt_News.txt,Utt,News,5,Gumastus labing atlung bilyong pesus ing gobierno king pamagbie king OPSF,sentence,59,65,5,False
pam_f12393c04df1,PAM,Utt_News.txt,Utt,News,6,"Mebalu a king saup ning cigar, mica atin na ring supply ning electricidad ding mangalating marangle king Batangas",sentence,63,67,3,False
pam_853ad57b12ce,PAM,Utt_News.txt,Utt,News,7,Malati yamu ing efecto ning ayun king pambansang economia ning Indonesia,sentence,64,65,5,False
pam_dbd826808557,PAM,Utt_News.txt,Utt,News,8,"Pauli niti, minta ya I Congressman Baterina king Malacanang ban pakisabian ing presidente dikil king pondu ning proyecto",sentence,62,66,4,False
pam_ee0dba3c8af5,PAM,Utt_News.txt,Utt,News,9,Minuna neng migpasiag ing mesabing compania a itucnang ing centru ning carelang operacion king Subic pangaras ning Deciembre banuang aduang libu at walu nung nucarin paplanu da ing pamaglipat king China.,sentence,61,66,4,False
pam_f905a88dfa1b,PAM,Utt_News.txt,Utt,News,10,Isinup para king produccion ning mais ing walung dalan libong pesus ipautang ning ADB king Filipinas,sentence,56,65,5,False
pam_dfed768496c1,PAM,Utt_News.txt,Utt,News,11,Planu ning Banco Central ning Filipinas a ilaco king circulacion ing tantiang limampulung bilyung pesus labis a salapi,sentence,66,65,5,False
pam_52b4e633d25e,PAM,Utt_News.txt,Utt,News,12,"Agpang cang Presidente Arroyo, king pamakipagpulung niti caring negociante, ila canu paua lang magnasa a mibulus puhunan keti Filipinas ngening paangat na ing economia ning bansa",sentence,60,66,4,False
pam_7c15e5879706,PAM,Utt_News.txt,Utt,News,13,"E magobra caring babaual dang bansa, nganing POEA",sentence,66,65,5,False
pam_34a66c926352,PAM,Utt_News.txt,Utt,News,14,Makibat ya king pamangailangan ding memalen ing pamaglabung ning economia,sentence,58,63,7,False
pam_cbc641490e68,PAM,Utt_News.txt,Utt,News,15,Resulta na canu niti ing balaus a pamibaba ning pesus laban king dollar,sentence,65,65,5,False
pam_6218f581678c,PAM,Utt_News.txt,Utt,News,16,Ipinilit na a alang pondung misadia ding mangalating cumpaniang iti ban dinan nang proteccion ing capaligiran a maliaring masira king carelang operacion,sentence,33,33,2,False
pam_18ccc8c265f9,PAM,Utt_News.txt,Utt,News,17,Titiyacan nang PGMA king yatu ing determinacion ding Filipino king pamisugpu caring terorista,sentence,33,33,2,False
pam_98fa822cfc2d,PAM,Utt_News.txt,Utt,News,18,Maingat ngening pagaralan ning local a capamalan ning lungsud ning Menila nung nanu-nanung caso ing maliaring isampa laban caring kilalang personalidad a mitalacad negocio king baywalk king kecaban ning Roxas Boulevard,sentence,33,32,3,False
pam_72af83b6af9b,PAM,Utt_News.txt,Utt,News,19,Ipinilit na a alang pondung misadia ding mangalating cumpaniang iti ban dinan nang proteccion ing capaligiran a maliaring masira king carelang operacion,sentence,33,29,6,False
pam_82aaee7a8ae5,PAM,Utt_News.txt,Utt,News,20,Masanting ing plataforma king economia,sentence,34,31,4,False
pam_9cccb9e110c1,PAM,Utt_News.txt,Utt,News,21,Maliaring e na mag-import asucal ing Filipinas king paniatang ning banuang aduang libu at pitu,sentence,32,31,4,False
pam_c5db09834924,PAM,Utt_News.txt,Utt,News,22,Bagiang mibagsac ing alaga ning pesus king pangabuclat ning libayan napun,sentence,34,30,5,False
pam_fd33196825d1,PAM,Utt_News.txt,Utt,News,23,Mecatipid ya ing gobiernong maigit apat a pulung milyong pesus king pamamayad interes king utang,sentence,30,30,5,False
pam_065dbf252df9,PAM,Utt_News.txt,Utt,News,24,"King pamilibayan napun, binarug ya iti king limampulu’t metung a pesus at pitumpulu’t metung a centimus contra king dollar bayu balaus migsara king limapulu’t metung a pesus at anamapulu’t siam a centimus.",sentence,34,28,7,False
pam_2283faee7793,PAM,Utt_News.txt,Utt,News,25,"Para king banuang iti, asaang mabut king aduang dalan at limampulu anggang atlung dalang tonelada ing sagiuang manggang Filipinu ing ailuslus king Estados Unidos mu",sentence,34,30,5,False
pam_7a15683b3c02,PAM,Utt_News.txt,Utt,News,26,"Agpang caring negociante, resulta iti ning masican a inflows bunga naman ning kacabang vacacion king Semana Santa",sentence,31,30,5,False
pam_ef502efc11c1,PAM,Utt_News.txt,Utt,News,27,Bunga ya iti ning balaus a pamagtas ning alaga ning curudu king pangyatung palengki,sentence,33,32,3,False
pam_ec9fe31013b8,PAM,Utt_News.txt,Utt,News,28,Meging matamle ing pesus contra dollar king pamaniara ning libayan king mercado,sentence,34,30,5,False
pam_e4826315ecb8,PAM,Utt_News.txt,Utt,News,29,Mitas ing puhunan ning bansa king mumunang anam a bulan ning banua,sentence,34,31,4,False
pam_8437a3e10d8b,PAM,Utt_News.txt,Utt,News,30,Asaang baba ing utang panglual ning Filipinas,sentence,30,30,5,False
pam_ea537bce56b0,PAM,Utt_News.txt,Utt,News,31,Mangat ing economia king banuang aduang libu at apulu agpang kang Teves,sentence,6,5,1,False
pam_9f4e2b72e05c,PAM,Utt_News.txt,Utt,News,32,Minuna neng migpasiag ing mesabing compania a itucnang ing centru ning carelang operacion king Subic pangaras ning Deciembre banuang aduang libu at walu nung nucarin paplanu da ing pamaglipat king China.,sentence,6,5,1,False
pam_5ab1cda25ba8,PAM,Utt_News.txt,Utt,News,33,Maragul ya rin ing asaup niti king pamaglacu ding ortelano king carelang producto,sentence,6,5,1,False
pam_0787c1e92941,PAM,Utt_News.txt,Utt,News,34,Daracal la ding dayuhang mamuhunan king bansa,sentence,6,6,0,False
pam_dad9bbb75fa6,PAM,Utt_News.txt,Utt,News,35,Tuturing nang maragul a amun ning Palacio ing pamaging culelat ning economia ning Filipinas king Asia,sentence,6,5,1,False
pam_5a01223d3882,PAM,Utt_News.txt,Utt,News,36,E dapat micarugan ing memaleng Filipino king pangaina ning pesus contra dollar,sentence,6,5,1,False
pam_f30644935393,PAM,Utt_News.txt,Utt,News,37,"Bunga ning susulung a economia, aparas na caring taung balen",sentence,6,5,1,False
pam_9e530bb8e577,PAM,Utt_News.txt,Utt,News,38,Minuna neng migpasiag ing mesabing compania a itucnang ing centru ning carelang operacion king Subic pangaras ning Deciembre banuang aduang libu at walu nung nucarin paplanu da ing pamaglipat king China.,sentence,6,5,1,False
pam_11f6ce73b831,PAM,Utt_News.txt,Utt,News,39,"Agpang caring trader, maragul a bage ing pag-lift king mesabing directiba uling dacal a negociante ing makipagsapalaran king mercado.",sentence,6,6,0,False
pam_8e375b2a1139,PAM,Utt_News.txt,Utt,News,40,Titiyacan nang PGMA king yatu ing determinacion ding Filipino king pamisugpu caring terorista,sentence,6,6,0,False
pam_68863f4c284c,PAM,Utt_News_Set02.txt,Utt,News_Set02,1,"Mika-Best Booth Competition para king kategorya da reng mainland ampong islang municipalities, nung nukarin deng manyambut king mumunang gantimpala, tanggap lang tig-labinlimang libung pesus; apulung libung pesus para king kadwang gantimpala ampong limang libung pesus para king katlung gantimpala.",sentence,59,51,20,False
pam_a27e49bb2766,PAM,Utt_News_Set02.txt,Utt,News_Set02,2,"Reng miura buffalos kasi, makapagproduce lang matas a kalidad a gatas a pweding i-pasture ampong pisali kareng milk processors.",sentence,57,51,20,False
pam_17872c3ef5e9,PAM,Utt_News_Set02.txt,Utt,News_Set02,3,Minapela la reng mapilang bidders king Power Sector Assets and Liabilities Management Corporation na itas de ing power supply contract king bebenta dang anam a dalang megawatt na Calaca coalfired plant.,sentence,62,45,26,False
pam_d71da9e10b3e,PAM,Utt_News_Set02.txt,Utt,News_Set02,4,Kakalampagan ne ngeni ning National Telecommunications Commission ing cell phone company a Smart Communications Incorporated bang mag-eksplika ya nung bakit e ya susunud king Public Telecommunications Policy Act a maglayung pamisali ne ning kumpanya ing karelang shares king publiku.,sentence,60,42,29,False
pam_c665dbd84dd7,PAM,Utt_News_Set02.txt,Utt,News_Set02,5,"Tulad da reng kabaru nang Gabriela Silang king kasalukuyang panaun, buung tapang neng lebanan niti ing pekamasakit a kalaban agyang pang ini, atin yang matas a posisyun king gobyernu ampong kareng malaut a kaanak.",sentence,63,50,21,False
pam_03807679d6c3,PAM,Utt_News_Set02.txt,Utt,News_Set02,6,Gigiit da reng negosyanti ing posibilidad na magsara la reng marakal a kumpanya o kaya mamawas lang tauhan para mu aibie de ing metung a dalan at adwang pulu’t limang pesus na umentu king sahud.,sentence,59,45,26,False
pam_9058e9758b47,PAM,Utt_News_Set02.txt,Utt,News_Set02,7,Migbabala ne man ing gobyernu ning syudad na agad da neng kumpletuan deng estudyanti reng kulang da pang dokumentu bayu la pa miabe kareng idiskwalipika da king dailang e la makasunud king anyaran na ning city government ampo ning DOLE.,sentence,62,44,27,False
pam_aae8da08a507,PAM,Utt_News_Set02.txt,Utt,News_Set02,8,"Migpaluwal neng pondung metung point adwang bilyung pesus ing Department of Budget and Management para king Department of Public Works and Highways ning Bicol Region para king pamag-ayus da reng flood control structures, reng dalan, tete, government buildings, ampo reng aliwa pang pasilidad a asira na ning bagyung “Milenyu,” “Reming,” ampong “Seniang” anyang milabas a banwang adwang libu’t anam.",sentence,60,46,25,False
pam_772f5347496b,PAM,Utt_News_Set02.txt,Utt,News_Set02,9,"King metala, alus egana-ganang turistang mumunta king Pilipinas, manibat la pa kareng bansang South Korea, United States, at China.",sentence,61,47,24,False
pam_649a9ab03e3f,PAM,Utt_News_Set02.txt,Utt,News_Set02,10,"Ini mu rin ing pekamababa king pitung banwa ibat anyang manikwa ya ing bansang budget deficit na limampulung bilyung pesus anyang banwang labing siyam siyam a pulu, dagdag na pang Teves.",sentence,61,46,25,False
pam_20493b378f3c,PAM,Utt_News_Set02.txt,Utt,News_Set02,11,"Ibat king panga-numeru unung City Councilor, king pamaglako na ning kayang tatang a makalukluk bilang alkaldi, otomatiku yang mukyat bilang Bisi Alkaldi na e birung pagsubuk king katatagan na ning keyang pagkatau ampong pagiging opisyal na king gobyernu, ing kayang erapan.",sentence,62,44,27,False
pam_0f30ee4b193b,PAM,Utt_News_Set02.txt,Utt,News_Set02,12,"Samantala, kaugne ning mesabing aktibidad, munta ya rin ken i POEA Director Nini Lanto para lingunan ne ing mesabing Job Fair.",sentence,61,43,28,False
pam_56b772e58516,PAM,Utt_News_Set02.txt,Utt,News_Set02,13,Magluwat ya ing training program angga king katapusan ning bulan ampong parti ne ini ning pepalawak a bio-research ampong development program ning gobyernu.,sentence,62,43,28,False
pam_d6e11d9ce53e,PAM,Utt_News_Set02.txt,Utt,News_Set02,14,"Ibat king apulu, atlung kumpanya la reng pilinan na ning Japanese expert bang dinang tsansa na makapag-exhibit king paparatang a first ASEAN health and wellness exhibition na ganapan da king AJC Permanent Exhibition king Tokyo, Japan king daratang a Mayu a-disisyeti anggang a-trenta ngening banwa.",sentence,57,43,28,False
pam_7332c18bb44c,PAM,Utt_News_Set02.txt,Utt,News_Set02,15,"Sinabi na ning Meat Import Export Assistance and Inspection Division of the National Meat Inspection Service, minuna neng pepatupad ban ing Japan kareng chicken products na manibat king Pilipinas dail king avian flu scare.",sentence,56,44,27,False
pam_3655d9ba0cf2,PAM,Utt_News_Set02.txt,Utt,News_Set02,16,"Ibat king apulu, atlung kumpanya la reng pilinan na ning Japanese expert bang dinang tsansa na makapag-exhibit king paparatang a first ASEAN health and wellness exhibition na ganapan da king AJC Permanent Exhibition king Tokyo, Japan king daratang a Mayu a-disisyeti anggang a-trenta ngening banwa.",sentence,65,44,27,False
pam_70b931ddda5c,PAM,Utt_News_Set02.txt,Utt,News_Set02,17,"King kilub ning minunang apulung bulan ning banwang adwang libu’t anam, mekapagpadala la reng Filipino seamen king kabuuang metung point lima walu siyam bilyung dolyar o labing anam point apat a porsiyentu na pamagtas ibat king metung point atlu anam limang bilyung dolyar king pareung panaun ning banwang adwang libu’t lima.",sentence,63,42,29,False
pam_77c5722a5329,PAM,Utt_News_Set02.txt,Utt,News_Set02,18,Mantun yang paralan ing Pilipinas na apunan ne ing projected manpower demand a kapitnang milyun kareng siyam a bansa king Middle East king kilub ning atlung banwa bilang proyektu da reng labor officials king “second wind” king development na ning rehiyun.,sentence,64,42,29,False
pam_572778fb5955,PAM,Utt_News_Set02.txt,Utt,News_Set02,19,"Basi king desisyun a linwal nang Presiding Judge Ernesto Acosta, beligtad ne ing labing siyam siyam a pulu’t siyam a court ruling ampong sinabing dail mika-purayit kareng binye dang tax credit certificates, mangaulugang e valid.",sentence,58,42,29,False
pam_7ba5ab2fea38,PAM,Utt_News_Set02.txt,Utt,News_Set02,20,Heyag nang Budget Secretary Rolando Andaya na miglaan ya ing gobyernung metung a dalan adwampulu’t limang milyung pesus ibat king banwang adwang libu’t pitung National Budget para king proyektung pambale na ning Department of Social Welfare and Development king pamanyaup na ning private foundation a Gawad Kalinga.,sentence,57,40,31,False
pam_4ac75fdd305e,PAM,Utt_News_Set02.txt,Utt,News_Set02,21,Alang malyaring pagtas king presyu da reng babi ampong manuk kareng palengki king bansa.,sentence,40,20,26,False
pam_d77288535f57,PAM,Utt_News_Set02.txt,Utt,News_Set02,22,"Agpang kang Davao International Airport Area Manager Frederick San Felix, ing dating apat a dalang pesus kada tau a terminal fee, tas da neng anggang adwang dalang pesus bakanta maging parehu ya king terminal fee na sisingil da kareng paliparan king Cebu ampong Manila International Airport.",sentence,36,16,30,False
pam_05ae07c8c47c,PAM,Utt_News_Set02.txt,Utt,News_Set02,23,"Ini, ganapan de king susunud a duminggu, kapitu na ning Agustu king Del Rio Splash Resort king Koronadal City.",sentence,42,22,24,False
pam_bc8b9418696c,PAM,Utt_News_Set02.txt,Utt,News_Set02,24,"Sinabi nang Pangulung Gloria Macapagal Arroyo king roundtable discussion king Malakanyang napun na mabut ya king siyam a pulung bilyung pesus ing alikum da king banwang ini ibat king RVAT ampong ekonomya ing meging dailan para ing budget deficit ning bansa, meging anam a pulung bilyung pesus ne mu anyang milabas a banwa nung ikumpara ya king adwang dalan at apulung bilyung pesus anyang banwang adwang libu’t adwa.",sentence,43,16,30,False
pam_ba1c90af1437,PAM,Utt_News_Set02.txt,Utt,News_Set02,25,"Agpang kang Bourguignon, ing ikwa nang tagumpe ning kekatamung fiscal reform, dulut de reng positibung pamaglawe da reng international firms na memuklat kareng mas mangaragul ampong mangalawak a oportunidad king bansang Pilipinas bang itas de ing pamumuunan, makanta mu rin ing employment ampong income na ning bansa a makasaup lalu na king pamagsalese na ning klima ning pamumuunan.",sentence,42,16,30,False
pam_1fa9759a9eb7,PAM,Utt_News_Set02.txt,Utt,News_Set02,26,"King pamagsara na ning banwang adwang libu’t anam, tinuntung ya king apat a pulu’t limang porsiyentu ibat king limampulu’t limang porsiyentu ing kabuuang utang a pangkilwal ning bansa para king Gross Domestic Product.",sentence,39,19,27,False
pam_8d10dcd37728,PAM,Utt_News_Set02.txt,Utt,News_Set02,27,"Ini, kayari nang pinalu king limampulu’t atlu point limampulu’t pitu ing ulaga ning pesus laban king metung a dolyar ibat king pamagsara na nini king limampulu’t atlu point apat a pulu’t anam anyang Martis.",sentence,42,16,30,False
pam_2c052d7e18c1,PAM,Utt_News_Set02.txt,Utt,News_Set02,28,"Migpaluwal neng pondung metung point adwang bilyung pesus ing Department of Budget and Management para king Department of Public Works and Highways ning Bicol Region para king pamag-ayus da reng flood control structures, reng dalan, tete, government buildings, ampo reng aliwa pang pasilidad a asira na ning bagyung “Milenyu,” “Reming,” ampong “Seniang” anyang milabas a banwang adwang libu’t anam.",sentence,41,18,28,False
pam_315440817432,PAM,Utt_News_Set02.txt,Utt,News_Set02,29,"Agpang kang Bourguignon, ing ikwa nang tagumpe ning kekatamung fiscal reform, dulut de reng positibung pamaglawe da reng international firms na memuklat kareng mas mangaragul ampong mangalawak a oportunidad king bansang Pilipinas bang itas de ing pamumuunan, makanta mu rin ing employment ampong income na ning bansa a makasaup lalu na king pamagsalese na ning klima ning pamumuunan.",sentence,40,13,33,False
pam_c1995baa8f78,PAM,Utt_News_Set02.txt,Utt,News_Set02,30,"Basi king desisyun a linwal nang Presiding Judge Ernesto Acosta, beligtad ne ing labing siyam siyam a pulu’t siyam a court ruling ampong sinabing dail mika-purayit kareng binye dang tax credit certificates, mangaulugang e valid.",sentence,41,20,26,False
pam_e15ef190d15a,PAM,Utt_News_Set02.txt,Utt,News_Set02,31,Mantun yang paralan ing Pilipinas na apunan ne ing projected manpower demand a kapitnang milyun kareng siyam a bansa king Middle East king kilub ning atlung banwa bilang proyektu da reng labor officials king “second wind” king development na ning rehiyun.,sentence,39,15,31,False
pam_1812b6764eaf,PAM,Utt_News_Set02.txt,Utt,News_Set02,32,"King kilub ning minunang apulung bulan ning banwang adwang libu’t anam, mekapagpadala la reng Filipino seamen king kabuuang metung point lima walu siyam bilyung dolyar o labing anam point apat a porsiyentu na pamagtas ibat king metung point atlu anam limang bilyung dolyar king pareung panaun ning banwang adwang libu’t lima.",sentence,38,17,29,False
pam_e1b367a9bdc9,PAM,Utt_News_Set02.txt,Utt,News_Set02,33,Lalu ya pang melala ing gradu na ning Japanese External Trade Organization king ekonomiya ning bansa para king bulan ning Marsu.,sentence,42,12,34,False
pam_4c38d62e09d5,PAM,Utt_News_Set02.txt,Utt,News_Set02,34,"Magpasalamat la reng negosyanti king tiwala ning Malakanyang king RTWPB kasabe ning pamagpakit nang concern king kapakanan da reng mag-obra na e mengailangan magsakripisyu ing negosyu da ampong investment opportunities e mu king rehiyun nung ali king buung bansa, dagdag nang Ferolino.",sentence,41,16,30,False
pam_771f712fc47e,PAM,Utt_News_Set02.txt,Utt,News_Set02,35,"Pinayagpag ya ing pesus kontra dolyar king apat a pulu’t siyam point sero atlung pesus bayu ya mayari ing banwang adwang libu’t anam, agyang pa bigu la king pag-asang baywan de ing apat a pulu’t siyam kontra dolyar a palitan bayu ya mayari ing banwa, ing mesabing palitan ing pekamasikan na king kilub ning anam a banwa.",sentence,40,15,31,False
pam_8a9e08795540,PAM,Utt_News_Set02.txt,Utt,News_Set02,36,Papabalu na ning Department of Labor and Employment o DOLE labing adwa na pamunuan nang director Ma. Gloria A. Tango na ing makatakdang Jobs Fair para kareng adwang libu’t pitung graduates ampong egana-ganang skilled workers keni king rehiyun labing adwa.,sentence,43,16,30,False
pam_43adb130fcb6,PAM,Utt_News_Set02.txt,Utt,News_Set02,37,Mag-invest ya king RP ing TI ning Amerika.,sentence,41,17,29,False
pam_830cf1ddee3d,PAM,Utt_News_Set02.txt,Utt,News_Set02,38,"Gobyernu, pursigudu ya pa ring akamit ne ing siyam a dalan at limampulu’t walung bilyung pesus a revenue target collection.",sentence,39,15,31,False
pam_464a83ed6f96,PAM,Utt_News_Set02.txt,Utt,News_Set02,39,"Agpang kang BSP Deputy Governor Amando Tetangco, masikan ing dollar remittances ibat kareng Overseas Filipino Workers ampong sisikan ya rin kanu ing ulaga ning pesus kanining milabas a bulan.",sentence,43,16,30,False
pam_a56552b9e499,PAM,Utt_News_Set02.txt,Utt,News_Set02,40,"Agriculture Sector, dininan neng babala ing publiku king pagkalat da reng karni ning babi na ating FMD.",sentence,42,18,28,False
pam_d123f54aa45b,PAM,Utt_News_Set03.txt,Utt,News_Set03,1,"Pinirma ya king metung a kasunduan ing BOC kayabe na ning Philippine Economic Zone Authority, Philippine Ports Authority, ampo ning Motor Vehicle Parts Manufacturers Association para apatupad de ing Automated Export Documentation System.",sentence,33,21,15,False
pam_128cb014eb57,PAM,Utt_News_Set03.txt,Utt,News_Set03,2,Maragul ya pa rin ing banta ning globalisasyun kareng small hold livestock.,sentence,34,23,13,False
pam_5de2a2f40cba,PAM,Utt_News_Set03.txt,Utt,News_Set03,3,"Ing pagsikan na lalu ning fiscal performance ning national government, makanta mu rin ing pag-unlad na ning operational efficiencies da reng government corporations ampo ing paglati na ning budget gap, sinyalis la kanu king pagdakal da reng magtiwala king kekatamung bansa, pagdakal da reng mamuhunan, at pagdakal da reng obra.",sentence,32,20,16,False
pam_23b2b2d77b5b,PAM,Utt_News_Set03.txt,Utt,News_Set03,4,Anda ne ing Pilipinas na pangunan ing kalabing adwang Association of Southeast Asian Nations Summit king Cebu king susunud a bulan ngening banwa.,sentence,33,19,17,False
pam_b4b466865dff,PAM,Utt_News_Set03.txt,Utt,News_Set03,5,Itas da neng adwang dalang porsiyentu king susunud a adwang bulan ing Passenger ampong cargo terminal fee king Davao International Airport.,sentence,34,23,13,False
pam_1cdc9c87901d,PAM,Utt_News_Set03.txt,Utt,News_Set03,6,"Heyag nang Cabinet Secretary Ricardo Saludo na ing Memorandum Number metung atlu adwa, pinirman neng Executive Secretary Eduardo Ermita ibat king utus nang Pangulung Arroyo na magtas lang sahud king egana-ganang departamentu, kagawaran, komisyun, ahensiya, ampong tanggapan ning gobyernu pati na reng government owned o controlled corporations (GOCCs).",sentence,34,22,14,False
pam_3a2ba2bfb40e,PAM,Utt_News_Set03.txt,Utt,News_Set03,7,"Agpang kang Direktor Jose Antonio Buencamino, special trade representative ning Bureau of International Trade Relations ning Department of Trade and Industry, anda ya ing ASEAN king regional groupings bakanta makisabi la king pamagpatuluy ning DOHA Round.",sentence,32,24,12,False
pam_105ca36e9c9d,PAM,Utt_News_Set03.txt,Utt,News_Set03,8,"Makapalub ya ini king five-year crediting input king VAT na ipataw da kareng capital equipment na pweding magresulta king labing adwang porsyentung dagdag king ulaga da reng text messages. Ing mesabing probisyun, makapalub ya king panukalang franchise tax na makabimbin ngeni king kongresu king kawalan na ring suporta.",sentence,32,23,13,False
pam_375fb6232447,PAM,Utt_News_Set03.txt,Utt,News_Set03,9,"Procurement operation na ning NFA, megdulut yang matatag a presyu da reng pale ampong mais.",sentence,34,22,14,False
pam_112a2242d76a,PAM,Utt_News_Set03.txt,Utt,News_Set03,10,"King record na ning Bangko Sentral ning Pilipinas, linwal na apulu point pitung bilyung dolyar ing mepadalang remittances da reng OFW kareng karelang pamilya king bansa na manimunang rason ning pagsigla ning pesus kontra king dolyar ngening banwa.",sentence,33,25,11,False
pam_dfd24686dc48,PAM,Utt_News_Set03.txt,Utt,News_Set03,11,"Ing palitan na ning pesus, migsara ya king apat a pulu’t walu point labing anam bawat dolyar, na meging matatag kumpara anyang milabas a aldo ning Huwebis na meyari king apat a pulu’t walu point apat lima bawat dolyar.",sentence,33,23,13,False
pam_66d97751a3ae,PAM,Utt_News_Set03.txt,Utt,News_Set03,12,"Agpang kang DA twelve regional director Abusama Alid, magkaulaga yang adwampulung milyun ing mesabing proyektu, labinlimang milyun kanini, manibat ya king NABCOR ampong limang milyun ing meging counterpart ning LGU Banga.",sentence,33,22,14,False
pam_a545ec80e6a8,PAM,Utt_News_Set03.txt,Utt,News_Set03,13,Bagya ya ring mitas limampung sentimus ing New York Light Sweet Crude a mamabut anam a pulu’t pitu point anam a dolyar king pamagsara ning kalakalan napun.,sentence,34,24,12,False
pam_8dcf6775255d,PAM,Utt_News_Set03.txt,Utt,News_Set03,14,"Agpang kang National Treasurer Omar Cruz, mitas ing meging gastusin na ning gobyernu kayari nang mamayad front loaded interest payments.",sentence,33,18,18,False
pam_c8baa343b243,PAM,Utt_News_Set03.txt,Utt,News_Set03,15,"Kaugne na nini, migpahayag la ding tiwala dina Senate Finance Committee Chairman Franklin Drilon ampong Press Secretary ampong presidential spokesperson Ignacio R. Bunye na ing mesabing budget, e ya mu magpabilis ampong magpayan king operasyun na ning gobyernu, magdulut ya ring maragul a pamagbayu king bie da ring bawat Pilipinu gamit ing pagpapatupad da reng infrastructure projects ampo deng bayung serbisyung panlipunan.",sentence,31,23,13,False
pam_37284a8e8055,PAM,Utt_News_Set03.txt,Utt,News_Set03,16,"Basi king records na ning National Statistics Office, minabut ya king atlu point walu adwa siyam a bilyung dolyar ing penakitan na ning Pilipinas king pamag-export ibat king dating atlu point pitu pitung bilyung dolyar.",sentence,32,21,15,False
pam_7ed4718aa9ac,PAM,Utt_News_Set03.txt,Utt,News_Set03,17,Kayabe na la rin deng mangga na menibatan king Guimaras na kanta pa me-export king buung Estados Unidos.,sentence,36,20,16,False
pam_6375f5b0c6e0,PAM,Utt_News_Set03.txt,Utt,News_Set03,18,"Ing palitan na ning pesus, migsara ya king apat a pulu’t walu point labing anam bawat dolyar, na meging matatag kumpara anyang milabas a aldo ning Huwebis na meyari king apat a pulu’t walu point apat lima bawat dolyar.",sentence,35,18,18,False
pam_fdc02d61da92,PAM,Utt_News_Set03.txt,Utt,News_Set03,19,"Agpang kang DA Secretary Arthur Yap, masagana ya ing ani da reng magsasaka king bansa na sapat na bang atugunan da ing pangangailangan da reng maigit king walumpulung milyung Pilipinu king bansa.",sentence,33,21,15,False
pam_99d7e24fccce,PAM,Utt_News_Set03.txt,Utt,News_Set03,20,"Agpang kang DA Secretary Arthur Yap, masagana ya ing ani da reng magsasaka king bansa na sapat na bang atugunan da ing pangangailangan da reng maigit king walumpulung milyung Pilipinu king bansa.",sentence,33,19,17,False
pam_1e1775786fd3,PAM,Utt_News_Set03.txt,Utt,News_Set03,21,Apruban na ne ning Information Technology unit king lalam na ning Provincial Planning and Development Office ing pamanggamit king fiber optic technology para lalu yang maging mabilis ing line speed ning computer system na gagamitan da reng ali-aliwang opisina ning probinsya ning South Cotabato.,sentence,30,17,19,False
pam_930133b95cf1,PAM,Utt_News_Set03.txt,Utt,News_Set03,22,"Agpang king ulat, alus egana-ganang pataniman da reng saging king buung bansa, apektadu no ning fungal disease a sigatoka, maliban mu king saging a saba.",sentence,29,18,18,False
pam_847fffec3627,PAM,Utt_News_Set03.txt,Utt,News_Set03,23,Muli yang memayagpag ing stock market ampo ing pesus kayari neng ibasura ning palasyu ing suspensyun king labing adwang porsyentung Value Added Tax kareng produktung petrolyu.,sentence,35,17,19,False
pam_a534053838c6,PAM,Utt_News_Set03.txt,Utt,News_Set03,24,"Agpang kang Bureau of Fisheries and Aquatic Resources Chief Serafin Lacdang, deng mesabing modernung kagamitan, makasaup lang maragul kareng pulis bakanta aiwasan na ampong tuluyan da nang asugpu ing iligal a pamangwang asang-danum ampo reng gagawan da keng dagat reng marok a elementu king karagatan ning Sorsogon.",sentence,32,16,20,False
pam_5c61ff5d9836,PAM,Utt_News_Set03.txt,Utt,News_Set03,25,"Binasi ne ning NSO ing mesabing report king Monthly Integrated Survey of Selected Industry a sasabing ing value production, pangunan ne ning furniture, textile, beverage, ampo king footwear.",sentence,31,19,17,False
pam_da704d0b8b13,PAM,Utt_News_Set03.txt,Utt,News_Set03,26,"Agpang kang DA twelve regional director Abusama Alid, magkaulaga yang adwampulung milyun ing mesabing proyektu, labinlimang milyun kanini, manibat ya king NABCOR ampong limang milyun ing meging counterpart ning LGU Banga.",sentence,33,14,22,False
pam_a973882895ff,PAM,Utt_News_Set03.txt,Utt,News_Set03,27,Itas da neng adwang dalang porsiyentu king susunud a adwang bulan ing Passenger ampong cargo terminal fee king Davao International Airport.,sentence,32,14,22,False
pam_6a9ccc54862d,PAM,Utt_News_Set03.txt,Utt,News_Set03,28,"Kayari na ning tagumpe king gewa dang “Yamang Mindanao OTOP Island Fair,” metung a maragul a amun ing babatu nang Department of Trade and Industry twelve regional director Ibrahim K. Guiamadel kareng lokal a Small and Medium Entrepreneurs na dinan deng pansin ing pamaglub da reng produktu da king foreign market.",sentence,31,14,22,False
pam_82080dec3600,PAM,Utt_News_Set03.txt,Utt,News_Set03,29,"Kaugne na nini, migpahayag la ding tiwala dina Senate Finance Committee Chairman Franklin Drilon ampong Press Secretary ampong presidential spokesperson Ignacio R. Bunye na ing mesabing budget, e ya mu magpabilis ampong magpayan king operasyun na ning gobyernu, magdulut ya ring maragul a pamagbayu king bie da ring bawat Pilipinu gamit ing pagpapatupad da reng infrastructure projects ampo deng bayung serbisyung panlipunan.",sentence,31,17,19,False
pam_04f4f5bf4532,PAM,Utt_News_Set03.txt,Utt,News_Set03,30,Bagya yang binaba ing presyu ning krudu king pandaigdigang pisasalwanan kayari da lang pakawalan deng Nigerian Seperatist Guerillas retang atlung oil workers na minuna nang mekidnap pilang aldo na ing milabas.,sentence,34,13,23,False
pam_9759181582c1,PAM,Utt_News_Set03.txt,Utt,News_Set03,31,Sinabi nang DTI Assistant Secretary Zeny Maglaya king DZXL RMN Manila na dapat dang pantunan deng manyali ing ICC markings kareng produktung sasalwan king palengki lalu na reng Christmas lights.,sentence,34,16,20,False
pam_dd8b8c105b5e,PAM,Utt_News_Set03.txt,Utt,News_Set03,32,Sinabi na ning IFC na kailangang i-update ya ing master development plan ning Boracay ampong baywan ing marketing strategy na bakanta makatagal ya kareng mangasanting a tourist spots king buung mundu.,sentence,33,19,17,False
pam_616419d16034,PAM,Utt_News_Set03.txt,Utt,News_Set03,33,"Agpang kang Agriculture Secretary Arthur Yap, e-encourage de ing private sector na mamyeng puhunan kareng infrastructure projects na makasaup kareng magsasaka.",sentence,36,15,21,False
pam_a7449790b4c9,PAM,Utt_News_Set03.txt,Utt,News_Set03,34,"Agpang pa kang Gonzales, kasalukuyan ne mang matatag ampong stable ing socio-economic conditions ampo ing presyu da reng basic consumer goods king buung rehiyun, kaya alang basehan kanu ing kaburyan dang pamagtas ning sahud da reng manggagawa king pribadung sektor.",sentence,34,15,21,False
pam_4b6439c66507,PAM,Utt_News_Set03.txt,Utt,News_Set03,35,"Sinabi nang revenue district officer Jose Eric Furia, na kaugne ning kampanyang ini, maglunsad ya ing Bureau of Internal Revenue a mebansagang ‘Advantages of Super Pinoy’ art contest para kareng high school students, e mu kening rehiyun onsi nung ali king buung bansa.",sentence,32,16,20,False
pam_7d1baceaacef,PAM,Utt_News_Set03.txt,Utt,News_Set03,36,"Kaugne na nini, migpahayag la ding tiwala dina Senate Finance Committee Chairman Franklin Drilon ampong Press Secretary ampong presidential spokesperson Ignacio R. Bunye na ing mesabing budget, e ya mu magpabilis ampong magpayan king operasyun na ning gobyernu, magdulut ya ring maragul a pamagbayu king bie da ring bawat Pilipinu gamit ing pagpapatupad da reng infrastructure projects ampo deng bayung serbisyung panlipunan.",sentence,32,14,22,False
pam_dfeeaf8e3fc0,PAM,Utt_News_Set03.txt,Utt,News_Set03,37,"Agpang naman kang Philippine Overseas Employment Administration Administrator Rosalinda Baldoz, mekatanggap lang pakisabi ibat kareng OFW king Nigeria na muli la king Pilipinas kayari da reng sunud-sunud a pamandukut.",sentence,31,18,18,False
pam_213742b8d94f,PAM,Utt_News_Set03.txt,Utt,News_Set03,38,"Agpang king National Statistics, ing adwa point apat a porsiyentung growth king Volume of Production Index ampong ing labing metung a porsiyentu king Value of Production Index, mas mababa ya pa nung ikumpara ya anyang Eneru na minabut king adwa point pitu anggang labing atlu point anam a porsiyentu.",sentence,31,17,19,False
pam_012ca4f24b25,PAM,Utt_News_Set03.txt,Utt,News_Set03,39,Etasan na nong Pangulung Gloria Macapagal Arroyo deng egana-ganang ahensya ning gobyernu na pwedi na lang gamitan deng unutilized ampong unobligated capital outlays anyang milabas a banwa ampong gawang expenditure funds king banwang adwang libu at pitu bayu magrequest dagdag a pondu.,sentence,32,20,16,False
pam_890de05f1653,PAM,Utt_News_Set03.txt,Utt,News_Set03,40,Oneng makalusut la pa rin reng marakal a Pilipinu a mag-obra kareng babawal dang bansa kaya makanta na mu ing problemang aarapan na ning administrasyun.,sentence,31,15,21,False
pam_792488ee1d79,PAM,Utt_Salawikain.txt,Utt,Salawikain,1,Ing e biasang melikid king penibatan e ya miras king puntalan.,sentence,54,68,2,False
pam_6a4ae284cf3b,PAM,Utt_Salawikain.txt,Utt,Salawikain,2,Daig na ning maagap ing taung masipag.,sentence,51,68,2,False
pam_66f351945233,PAM,Utt_Salawikain.txt,Utt,Salawikain,3,"Ing matapat a caluguran, tune yang ayasaan.",sentence,53,68,2,False
pam_049c74e2fff7,PAM,Utt_Salawikain.txt,Utt,Salawikain,4,Nung macananu catas ing sulapo macanian mu rin ing lagapac ning pangabagsac.,sentence,55,68,2,False
pam_226ce203e7a7,PAM,Utt_Salawikain.txt,Utt,Salawikain,5,Nung ninu ing masalita yang culang king gaua.,sentence,50,68,2,False
pam_21ceea4529ec,PAM,Utt_Salawikain.txt,Utt,Salawikain,6,Alang tinalan king paglutuan a e miulingan.,sentence,54,68,2,False
pam_e263248ee91f,PAM,Utt_Salawikain.txt,Utt,Salawikain,7,"Ing kecang indam, isubli o libaian. Ban keng tutuki, e ca picadalan.",sentence,54,68,2,False
pam_75b32e7200e9,PAM,Utt_Salawikain.txt,Utt,Salawikain,8,"Ing palu king damulag, king cabayu ing late.",sentence,49,68,2,False
pam_3b1ef87a2baa,PAM,Utt_Salawikain.txt,Utt,Salawikain,9,"Ing lalacad mabagal, nung masucsuc ya mababo. Ing lalacad mabilis, nung masucsuc ya malalam.",sentence,57,68,2,False
pam_4f9bf4663f4e,PAM,Utt_Salawikain.txt,Utt,Salawikain,10,Langi ne ing sapa dapot ali ing balita.,sentence,54,68,2,False
pam_b9b90e9de104,PAM,Utt_Salawikain.txt,Utt,Salawikain,11,"Acu ing mitanam, ing binayu at siniasat, saca niang melutu aliua ya ing mengan.",sentence,5,6,0,False
pam_bdda68c65c96,PAM,Utt_Salawikain.txt,Utt,Salawikain,12,"Ing tau ustung macualta ya, dacal ya caluguran.",sentence,6,6,0,False
pam_d11b446ba1d9,PAM,Utt_Salawikain.txt,Utt,Salawikain,13,"Ing pamakyasaua e ya biru, e na calupa ning nasi, ilual mu nung mepali.",sentence,6,6,0,False
pam_02b63e0c9d2c,PAM,Utt_Salawikain.txt,Utt,Salawikain,14,"Matibe ya ing palis, paulini ning pangabigkis.",sentence,6,6,0,False
pam_375e647fa00d,PAM,Utt_Salawikain.txt,Utt,Salawikain,15,"King kecaban man ning prucicion, king pisamban mu rin malaus.",sentence,6,6,0,False
pam_78d08bd0b752,PAM,Utt_Shib01.txt,Utt,Shib01,1,"Mekeni abe ku, tuki ka kanaku,",sentence,1,70,0,False
pam_de2ae71b22fb,PAM,Utt_Shib02.txt,Utt,Shib02,1,"Potang bengi sulwan te ing kikyak a yatu,",sentence,1,70,0,False
pam_e97bed47ce2b,PAM,Utt_Shib03.txt,Utt,Shib03,1,"Lwa nang dinagus karing mangatbud a bunduk,",sentence,1,70,0,False
pam_8c35b1d76bf1,PAM,Utt_Shib04.txt,Utt,Shib04,1,Linaso king kekatang pamikalugud.,phrase,1,70,0,False
pam_3631fe022239,PAM,Utt_Shib05.txt,Utt,Shib05,1,Pakurap-kurap nang talukap a mata,sentence,1,70,0,False
pam_749269c5697a,PAM,Utt_Shib06.txt,Utt,Shib06,1,"Manintun sala king pamiabe ta,",sentence,1,70,0,False
pam_026b58b47379,PAM,Utt_Shib07.txt,Utt,Shib07,1,Ali te pabustang e na akit bitasa,sentence,2,70,0,False
pam_50782789b58f,PAM,Utt_Shib08.txt,Utt,Shib08,1,Ing timbunan nang tula at pamibata.,sentence,1,70,0,False
pam_9f574cfa5375,PAM,Utt_Shib09.txt,Utt,Shib09,1,"Agya mang undap-undap la ding sulu ta,",sentence,1,70,0,False
pam_acff1635ec2f,PAM,Utt_Shib10.txt,Utt,Shib10,1,Bukas panan teng tuknang ne ing siguk na.,sentence,2,70,0,False
pam_7927a1b5cf49,PAM,Utt_StoryAraw.txt,Utt,StoryAraw,1,Dapot cabang sisican at titindi ing pamaniup ning angin lalu na namang higpi tan ning lalaki ing talan na king cayang pangdim la.,sentence,13,62,8,False
pam_a6392ea4c030,PAM,Utt_StoryAraw.txt,Utt,StoryAraw,2,"E miglambat menakit lang metung a lalaki. Ban abalu da nung ninu tagana carelang adua ing mas masican, apagcasunduan da nung ninu carelang adua ing macapatanggal king susulud nang pang-dimla ning lalaki ya ing mas masican.",sentence,12,54,16,False
pam_857791da5993,PAM,Utt_StoryAraw.txt,Utt,StoryAraw,3,"E miglambat menakit lang metung a lalaki. Ban abalu da nung ninu tagana carelang adua ing mas masican, apagcasunduan da nung ninu carelang adua ing macapatanggal king susulud nang pang-dimla ning lalaki ya ing mas masican.",sentence,14,56,14,False
pam_d676c5d529b5,PAM,Utt_StoryAraw.txt,Utt,StoryAraw,4,"E miglambat menakit lang metung a lalaki. Ban abalu da nung ninu tagana carelang adua ing mas masican, apagcasunduan da nung ninu carelang adua ing macapatanggal king susulud nang pang-dimla ning lalaki ya ing mas masican.",sentence,15,39,9,False
pam_8842a8c62c92,PAM,Utt_StoryAraw.txt,Utt,StoryAraw,5,"E miglambat menakit lang metung a lalaki. Ban abalu da nung ninu tagana carelang adua ing mas masican, apagcasunduan da nung ninu carelang adua ing macapatanggal king susulud nang pang-dimla ning lalaki ya ing mas masican.",sentence,10,36,12,False
pam_e0ce07b4dd65,PAM,Utt_StoryAraw.txt,Utt,StoryAraw,6,"E miglambat menakit lang metung a lalaki. Ban abalu da nung ninu tagana carelang adua ing mas masican, apagcasunduan da nung ninu carelang adua ing macapatanggal king susulud nang pang-dimla ning lalaki ya ing mas masican.",sentence,4,4,2,False
pam_27cc1861b0a0,PAM,Utt_StoryAraw.txt,Utt,StoryAraw,7,Pegumpisan na nang salicut ning aldo caring ulap. Megumpisa nemang tumiup ing angin king anggang agiu na.,sentence,5,4,2,False
pam_7a1b60984920,PAM,Utt_StoryAraw.txt,Utt,StoryAraw,8,Caibat ning mapilan pang pamagsubuc sinucu ya ing angin.,sentence,4,5,1,False
pam_7c4d28e18fcc,PAM,Utt_StoryAraw.txt,Utt,StoryAraw,9,"E miglambat menakit lang metung a lalaki. Ban abalu da nung ninu tagana carelang adua ing mas masican, apagcasunduan da nung ninu carelang adua ing macapatanggal king susulud nang pang-dimla ning lalaki ya ing mas masican.",sentence,4,4,2,False
pam_ce11ec663430,PAM,Utt_StoryAraw.txt,Utt,StoryAraw,10,"E miglambat menakit lang metung a lalaki. Ban abalu da nung ninu tagana carelang adua ing mas masican, apagcasunduan da nung ninu carelang adua ing macapatanggal king susulud nang pang-dimla ning lalaki ya ing mas masican.",sentence,5,4,2,False
pam_c78d07c2fb22,PAM,Utt_StoryBernardo.txt,Utt,StoryBernardo,1,Ding calalakian megumpisa lang mipulungpulung at menalacad lang pangcat king capagnasan dang ipaglaban ing carapatan at calayan ding Filipino.,sentence,38,54,16,False
pam_b88ccd283c5a,PAM,Utt_StoryBernardo.txt,Utt,StoryBernardo,2,Pauli ning cayang matatag a pamanimunu at pam bihirang sicanan mebahala la ding Castila king maliaring agawa nang Bernardo ban managumpe ing himagsican laban caring mapaniacup.,sentence,39,53,17,False
pam_3e3dcec01509,PAM,Utt_StoryBernardo.txt,Utt,StoryBernardo,3,Mabilis kinalat ing aca-aca a i Bernardo macasipit ya caring miyuyumpugang batu at balang magcapilit yang macauala maging sangcan niti ing ayun king cabunducan ning San Mateo.,sentence,37,54,16,False
pam_1c5f07aa0d04,PAM,Utt_StoryBernardo.txt,Utt,StoryBernardo,4,Pangadalan nang Bernardo ginamit ne ning eng cantado ing cayang agimat ban piumpugan no ding mangaragul a batu king capagnasan nang sipitan at paten I Bernardo.,sentence,31,38,10,False
pam_c6d1dffa7df6,PAM,Utt_StoryBernardo.txt,Utt,StoryBernardo,5,"Banuang libu walung dalan siam a pulu’t lima ini ang pasibayu lang mipulung ding calalakyan king cueva ning Pamitinan at carin, king dangalan nang Bernardo Carpio, geua de ing mumunang gulisac ning himagsican laban caring Castila.",sentence,33,34,14,False
pam_b5ad2278d32e,PAM,Utt_StoryBernardo.txt,Utt,StoryBernardo,6,Macanian pa man masaya la king carelang bie at mapanyaup la caring capua lalu na ding calupa dang pacacalulu at ding salunan.,sentence,6,3,3,False
pam_922645fbd7c1,PAM,Utt_StoryBernardo.txt,Utt,StoryBernardo,7,Anting alang nanu naman a pisanan ne at binecut ing cabayo king bangin at dela king carelang bale ban uluan at sesen.,sentence,6,3,3,False
pam_582e4a445375,PAM,Utt_StoryBernardo.txt,Utt,StoryBernardo,8,Mapagtiis la man ding Filipinu dinatang mu rin ing panaun a e da na atanggap ing pamamamusa bus ding dayuan.,sentence,5,5,1,False
pam_317ab848e262,PAM,Utt_StoryBernardo.txt,Utt,StoryBernardo,9,Agad deng inanyayan I Bernardo king metung a pamipulung ban canu maramdam ing caraingan ding Filipino.,sentence,5,3,3,False
pam_1974e47b5ce1,PAM,Utt_StoryBernardo.txt,Utt,StoryBernardo,10,"Inyang miras king carelang beluan ing magbantang himagsican ding Filipino, lalu na inyang abalu dang I Bernardo yang apipisil da ban manimunu caniti, labis lang mebahala ding dayuhang Castila.",sentence,5,3,3,False
pam_8d34496e250a,PAM,Utt_StoryGamugamo.txt,Utt,StoryGamugamo,1,"Inyang ibuclat ne ing aclat, ikit no ding dacal a drowing caring pagina niti. “Ninu ing maki gaua caring macatulang larauang deti?”",sentence,23,58,12,False
pam_e4320a9ce141,PAM,Utt_StoryGamugamo.txt,Utt,StoryGamugamo,2,"Kinua neng Indu na ing aclat at iti ing sinabi na. “Ah, e ca pa makabasa king amanung Castila. Makiramdam ca at basan ke iti para keca.”",sentence,24,58,12,False
pam_190fc54653ef,PAM,Utt_StoryGamugamo.txt,Utt,StoryGamugamo,3,"Kinua neng Indu na ing aclat at iti ing sinabi na. “Ah, e ca pa makabasa king amanung Castila. Makiramdam ca at basan ke iti para keca.”",sentence,26,59,11,False
pam_10e87f250d8b,PAM,Utt_StoryGamugamo.txt,Utt,StoryGamugamo,4,"Inyang ibuclat ne ing aclat, ikit no ding dacal a drowing caring pagina niti. “Ninu ing maki gaua caring macatulang larauang deti?”",sentence,16,41,7,False
pam_0446daa8ff63,PAM,Utt_StoryGamugamo.txt,Utt,StoryGamugamo,5,“Balu mo ing miliari king malating ayup-ayupang e memintu king cayang indo? Ding anac a e mamintu caring carelang pengari acacalupa dala ing anac a gamugamo.”,sentence,20,39,9,False
pam_dbf1e781f230,PAM,Utt_StoryGamugamo.txt,Utt,StoryGamugamo,6,Pegumpisan neng basan ning Indu ing cuentu ning Anac a ayup-ayupan.,sentence,6,5,1,False
pam_e87114b3e081,PAM,Utt_StoryGamugamo.txt,Utt,StoryGamugamo,7,Caibat na kinuentu ne iti cang Jose king Tagalog ban aintindyan ne ning anac.,sentence,6,4,2,False
pam_59ba4f8210b8,PAM,Utt_StoryGamugamo.txt,Utt,StoryGamugamo,8,Tiruanan neng Donia Teodora I Jose ban mamasa king amanung Castila.,sentence,6,5,1,False
pam_840e85df1890,PAM,Utt_StoryGamugamo.txt,Utt,StoryGamugamo,9,Binasa ne ing cuento king amanung Castila.,sentence,5,5,1,False
pam_fd5bdc3f77c9,PAM,Utt_StoryGamugamo.txt,Utt,StoryGamugamo,10,"Inyang ibuclat ne ing aclat, ikit no ding dacal a drowing caring pagina niti. “Ninu ing maki gaua caring macatulang larauang deti?”",sentence,6,4,2,False
pam_171a75e80649,PAM,Utt_StoryIputipot.txt,Utt,StoryIputipot,1,"“Mituki cang cacampi mu uling mituki cung libu-libung gorilya a mas mangaragul pa canacu.” Sinabi nang Amomongo ban tacutan ne i alitaptap, a king pakiwari na masisira ne buntuc.",sentence,33,51,19,False
pam_fb20910a639b,PAM,Utt_StoryIputipot.txt,Utt,StoryIputipot,2,Inutusan nong Amomongo ding catyang cayabe a pumila.Migpuestu ya king mumuna anting pami pakilalang ya ing pamuntuc da reti. Agad yang si nulapo I Iput-Ipot king arung ning gorilya at silu gian ne iti. Pinalu ne ning catuking gorilya I Iput-Ipot dapot mecalaco yang agad at ing tiran ning gorilya yapin ing arung nang Amomongio a alus kemate niti. Dinugpa ya I Iput-Ipot king arung na ning caduang gorilya. Pinalu ne ning pangatlung gorilya I Iput-Ipot dapot agad ya iting mecasulapo anya ing apalu na yapin ing arung ning pangaduang gorilya a kemate na niti.,sentence,33,50,20,False
pam_7405ac16c065,PAM,Utt_StoryIputipot.txt,Utt,StoryIputipot,3,Inutusan nong Amomongo ding catyang cayabe a pumila.Migpuestu ya king mumuna anting pami pakilalang ya ing pamuntuc da reti. Agad yang si nulapo I Iput-Ipot king arung ning gorilya at silu gian ne iti. Pinalu ne ning catuking gorilya I Iput-Ipot dapot mecalaco yang agad at ing tiran ning gorilya yapin ing arung nang Amomongio a alus kemate niti. Dinugpa ya I Iput-Ipot king arung na ning caduang gorilya. Pinalu ne ning pangatlung gorilya I Iput-Ipot dapot agad ya iting mecasulapo anya ing apalu na yapin ing arung ning pangaduang gorilya a kemate na niti.,sentence,39,53,17,False
pam_37bbbf5fe9db,PAM,Utt_StoryIputipot.txt,Utt,StoryIputipot,4,"Misan a bengi, maglacad ya I Iput-Ipot, (ing alitaptap) papunta king bale ning cayang caluguran. Iniang miparalan ya king tapat ng bale Amomo ngo (ing gorilya), kitnan ne niti: “Hoy, Iput-Ipot, obat pane cang ating dala-dalang sulu?” Mekibat ya I Iput-Ipot: “Uling tatacut ku king amuc.”",sentence,29,34,14,False
pam_bb2f2afc586f,PAM,Utt_StoryIputipot.txt,Utt,StoryIputipot,5,"Iniang miparalan ya king tapat ng bale Amomo ngo (ing gorilya), kitnan ne niti: “Hoy, Iput-Ipot, obat pane cang ating dala-dalang sulu?” Mekibat ya I Iput-Ipot: “Uling tatacut ku king amuc.”",sentence,25,32,16,False
pam_ff2eb2d196b8,PAM,Utt_StoryIputipot.txt,Utt,StoryIputipot,6,"“Hoy, gorilya, obat pamalita mung mataloti cu?” Ban patunayan cu keca a e cu mataloti, amunan daca king metung a labanan. Mikit cata king plasa keng tutuking Dominggo ning gatpanapun.",sentence,5,4,2,False
pam_dc22ff500199,PAM,Utt_StoryIputipot.txt,Utt,StoryIputipot,7,"Petauaran na nemang Iput-Ipot, dapot umpisa nitang gatpanapung ita, mica maragul nong tacut ding gorilya caring alitaptap.",sentence,6,4,2,False
pam_bdb0d55ae2e6,PAM,Utt_StoryIputipot.txt,Utt,StoryIputipot,8,"Pasibayu, siluan neng Iput-Ipot ing arung ning pangatlung goril ya.",sentence,6,4,2,False
pam_10ea31a769ea,PAM,Utt_StoryIputipot.txt,Utt,StoryIputipot,9,"“Mituki cang cacampi mu uling mituki cung libu-libung gorilya a mas mangaragul pa canacu.” Sinabi nang Amomongo ban tacutan ne i alitaptap, a king pakiwari na masisira ne buntuc.",sentence,6,3,3,False
pam_a90d98e66375,PAM,Utt_StoryIputipot.txt,Utt,StoryIputipot,10,Agad yang si nulapo I Iput-Ipot king arung ning gorilya at silu gian ne iti.,sentence,6,3,3,False
pam_d87dacddbac3,PAM,Utt_StoryMatsing.txt,Utt,StoryMatsing,1,Miparas ya king mainang pau ing dakeng lalam a king panakit matsura ya at magtagle nemang dacal a uyat. Mikit la ding adua caybat na ning mapilan a panaun.,sentence,32,59,11,False
pam_0e33e96bb31f,PAM,Utt_StoryMatsing.txt,Utt,StoryMatsing,2,Miparas ya king mainang pau ing dakeng lalam a king panakit matsura ya at magtagle nemang dacal a uyat. Mikit la ding adua caybat na ning mapilan a panaun.,sentence,33,58,12,False
pam_92f23a32e2fe,PAM,Utt_StoryMatsing.txt,Utt,StoryMatsing,3,Minta ya king ilog at mengua yang matitilus a susu. Tinusuc no ding susu king padurut ning catauan ning pun saging at saca ya mabilis sinalicut king lalam ning bao ning ngungut.,sentence,30,54,16,False
pam_25d5dc22ab87,PAM,Utt_StoryMatsing.txt,Utt,StoryMatsing,4,"king danum. Caibat ning mapilang saguli, ing pau linto yang cacaue at sasagacgac king mepirait a matsing.",sentence,28,41,7,False
pam_6a31ed5e9585,PAM,Utt_StoryMatsing.txt,Utt,StoryMatsing,5,Mamayad ca king kecang carocan; dapat cang mate. Dapot uling maganaca cu papamilinan daca king kecang camatayan. Bayuan da ca king lusong o iyugse king ilug? Insanu ing buri mu?,sentence,27,39,9,False
pam_409eec226728,PAM,Utt_StoryMatsing.txt,Utt,StoryMatsing,6,"“Mayap, atme cayapan!” ing pakibat ning pau. “ E cu mu pin macaukyat king pun at macapanagtal caring cayang bunga.”",sentence,6,4,2,False
pam_4cf4ab142f73,PAM,Utt_StoryMatsing.txt,Utt,StoryMatsing,7,"Iti metung yang masanting a pun, ating mangaragul a aluntiang bulung, at atin yang uyat a balamu cararagsa na pa mu caibat na ning baguiu. Sinaca re king pampang ing pun saging.",sentence,5,4,2,False
pam_8bc88d16f493,PAM,Utt_StoryMatsing.txt,Utt,StoryMatsing,8,Minta ya king ilog at mengua yang matitilus a susu. Tinusuc no ding susu king padurut ning catauan ning pun saging at saca ya mabilis sinalicut king lalam ning bao ning ngungut.,sentence,5,3,3,False
pam_a0432363ec52,PAM,Utt_StoryMatsing.txt,Utt,StoryMatsing,9,Minta ya king ilog at mengua yang matitilus a susu. Tinusuc no ding susu king padurut ning catauan ning pun saging at saca ya mabilis sinalicut king lalam ning bao ning ngungut.,sentence,4,3,3,False
pam_8ca91f70909e,PAM,Utt_StoryMatsing.txt,Utt,StoryMatsing,10,"“Dinan mu naman cu mang mapilan”, ing sabi nang pau iniang akit nang e ne man papansinan ning matsing.",sentence,6,3,3,False
pam_4afab90db4bb,PAM,Utt_Tourism_Set02.txt,Utt,Tourism_Set02,1,"Ayus mu bang awsan daka ban kung manyad payu, Ginoong Carnegie?",sentence,68,55,16,False
pam_003b59b6d3d1,PAM,Utt_Tourism_Set02.txt,Utt,Tourism_Set02,2,Balu ming ating miaaliwang clasi ning tindahan ing atin keni king Divisoria. Malyari bang sabyan mu la reng clasing atin?,sentence,67,58,13,False
pam_4f4fd002da25,PAM,Utt_Tourism_Set02.txt,Utt,Tourism_Set02,3,Ninung paburitu mung artista?,phrase,66,58,13,False
pam_8231dca7a336,PAM,Utt_Tourism_Set02.txt,Utt,Tourism_Set02,4,"Pero nung pabanwang upa ya mu, ala kaming dekorasyung gawan.",sentence,70,57,14,False
pam_2bbc3a53e124,PAM,Utt_Tourism_Set02.txt,Utt,Tourism_Set02,5,Aliwa ya talaga lasa ing pagmayumu kekatamu.,sentence,63,55,16,False
pam_1d2f007fb5e3,PAM,Utt_Tourism_Set02.txt,Utt,Tourism_Set02,6,Bisa cung lapis.,phrase,67,56,15,False
pam_1714f2a52c9e,PAM,Utt_Tourism_Set02.txt,Utt,Tourism_Set02,7,Manintun/Maintun cung mala-brown a lipstick.,sentence,67,55,16,False
pam_3766f5bf5da2,PAM,Utt_Tourism_Set02.txt,Utt,Tourism_Set02,8,Manyambut ka nung memuga lang pitu king unang bato kayari mung pinusta.,sentence,67,53,18,False
pam_bf8a303ee1de,PAM,Utt_Tourism_Set02.txt,Utt,Tourism_Set02,9,Marakal ka ba balu karing miyayaliwang probinsya ning Pilipinas?,sentence,65,55,16,False
pam_ebaa69ea08f9,PAM,Utt_Tourism_Set02.txt,Utt,Tourism_Set02,10,Binie na la ning bansang Hapon king Estados Unidos deng tanaman a cherry a reni.,sentence,65,54,17,False
pam_357127094c71,PAM,Utt_Tourism_Set02.txt,Utt,Tourism_Set02,11,Salamat para king kekayung maganakang pagkamatuluyin.,sentence,66,54,17,False
pam_4a31492696ec,PAM,Utt_Tourism_Set02.txt,Utt,Tourism_Set02,12,"Nung makanta, siguru mas aburyan me ing buung aldong pamamasyal.",sentence,59,54,17,False
pam_b195649aadcb,PAM,Utt_Tourism_Set02.txt,Utt,Tourism_Set02,13,One two three four five six seven ya ing number ku.,sentence,67,52,19,False
pam_edf04fe61db0,PAM,Utt_Tourism_Set02.txt,Utt,Tourism_Set02,14,Balu ming ating miaaliwang clasi ning tindahan ing atin keni king Divisoria. Malyari bang sabyan mu la reng clasing atin?,sentence,63,53,18,False
pam_ca39d22493ce,PAM,Utt_Tourism_Set02.txt,Utt,Tourism_Set02,15,Balu ming ating miaaliwang clasi ning tindahan ing atin keni king Divisoria. Malyari bang sabyan mu la reng clasing atin?,sentence,65,53,18,False
pam_3785ae76bab7,PAM,Utt_Tourism_Set02.txt,Utt,Tourism_Set02,16,Ating tren a underground karing mangaragul a siyudad kalupa ning Pasay.,sentence,63,52,19,False
pam_d9daad6f40bd,PAM,Utt_Tourism_Set02.txt,Utt,Tourism_Set02,17,Supladu la ring magobra keni.,sentence,66,53,18,False
pam_15188379ab09,PAM,Utt_Tourism_Set02.txt,Utt,Tourism_Set02,18,Kule malutu pu.,phrase,65,53,18,False
pam_bb7c57baa7da,PAM,Utt_Tourism_Set02.txt,Utt,Tourism_Set02,19,"Dapat pala mengutang ku ketang tuturu kanaku, pero nanu king palage yu ing masanting gamitan?",sentence,65,53,18,False
pam_3a85eb73aec0,PAM,Utt_Tourism_Set02.txt,Utt,Tourism_Set02,20,Siguru mga alas otsu na catamu mu mikit.,sentence,68,52,19,False
pam_4006f0e70067,PAM,Utt_Tourism_Set02.txt,Utt,Tourism_Set02,21,Pakiayus yula pu ding kekayung luklukan king upright position.,sentence,50,35,19,False
pam_bc8ba7695fd9,PAM,Utt_Tourism_Set02.txt,Utt,Tourism_Set02,22,Pakiawus ing boss mu.,phrase,50,34,20,False
pam_6438aa965163,PAM,Utt_Tourism_Set02.txt,Utt,Tourism_Set02,23,Pwedi ke bang subukan ing hypoallergenic foundation?,sentence,51,35,19,False
pam_388a7defcabd,PAM,Utt_Tourism_Set02.txt,Utt,Tourism_Set02,24,Nanung musicals ing palabas da ngening bengi?,sentence,50,35,19,False
pam_968cdbbf5047,PAM,Utt_Tourism_Set02.txt,Utt,Tourism_Set02,25,Pwedi po bang magpalit barong?,sentence,53,34,20,False
pam_edff1255f289,PAM,Utt_Tourism_Set02.txt,Utt,Tourism_Set02,26,Bisa kung limo.,phrase,49,35,19,False
pam_ae5c286758bd,PAM,Utt_Tourism_Set02.txt,Utt,Tourism_Set02,27,Anya cu mu minta keni oneng manalbe cung tanawan.,sentence,51,35,19,False
pam_a84805c6b2f5,PAM,Utt_Tourism_Set02.txt,Utt,Tourism_Set02,28,"Uning mapali keng Pilipinas balang Marsu, masayang munta king metung kareng marakal nang beach.",sentence,53,35,19,False
pam_95966a6e51e3,PAM,Utt_Tourism_Set02.txt,Utt,Tourism_Set02,29,Mas matua cung adwang banua keca.,sentence,52,35,19,False
pam_51c5b3489af4,PAM,Utt_Tourism_Set02.txt,Utt,Tourism_Set02,30,Ninu ing dapat a dumimla pa ngening bengi?,sentence,50,36,18,False
pam_7cc01146c038,PAM,Utt_Tourism_Set02.txt,Utt,Tourism_Set02,31,Ating tren a underground karing mangaragul a siyudad kalupa ning Pasay.,sentence,50,35,19,False
pam_d24366148ab1,PAM,Utt_Tourism_Set02.txt,Utt,Tourism_Set02,32,Nokarin ya pu ing peka-malapit a palengki?,sentence,50,34,20,False
pam_a065c652fae2,PAM,Utt_Tourism_Set02.txt,Utt,Tourism_Set02,33,Pakisabi manenaya ca pa cabang iimbestigahan mi ya ini.,sentence,53,34,20,False
pam_ccfb193bc9b3,PAM,Utt_Tourism_Set02.txt,Utt,Tourism_Set02,34,Me-sprain ya ing gamat cu.,sentence,51,34,20,False
pam_68195bb43c50,PAM,Utt_Tourism_Set02.txt,Utt,Tourism_Set02,35,Nokarin ku pweding magpagawang sirang relo?,sentence,53,34,20,False
pam_c6df241c28b8,PAM,Utt_Tourism_Set02.txt,Utt,Tourism_Set02,36,Mas buri kung munta gamit ing Bangka kesa king eroplanu.,sentence,48,34,20,False
pam_d5558d491b5a,PAM,Utt_Tourism_Set02.txt,Utt,Tourism_Set02,37,Galo galo Azkals!,phrase,51,34,20,False
pam_521160a955b7,PAM,Utt_Tourism_Set02.txt,Utt,Tourism_Set02,38,Ali-aliwa ing presyu cu. Itang watawat ning Amerika alimbawa metung a libung pesus ya. Detang aliwang artistang gagawa canini cicingil lang adwang libung pesus.,sentence,53,34,20,False
pam_e2179e8df5ed,PAM,Utt_Tourism_Set02.txt,Utt,Tourism_Set02,39,Pero ali ku makaing mamyalung uling mal ing bayad king Japan.,sentence,47,34,20,False
pam_6dd4e0ca38de,PAM,Utt_Tourism_Set02.txt,Utt,Tourism_Set02,40,"Metung a cabin king kilwal, nung malyari.",sentence,51,34,20,False
pam_c390e55c4f1b,PAM,Utt_Tourism_Set03.txt,Utt,Tourism_Set03,1,Makananu ke kadalas dinan panulu ining sugat?,sentence,34,32,4,False
pam_e647de4a65e3,PAM,Utt_Tourism_Set03.txt,Utt,Tourism_Set03,2,Nokarin ku manikwang ticket ban kung makalub?,sentence,35,33,3,False
pam_2394d882802d,PAM,Utt_Tourism_Set03.txt,Utt,Tourism_Set03,3,Nanu yang floor ing conference room?,sentence,36,33,3,False
pam_f4e5022ccb19,PAM,Utt_Tourism_Set03.txt,Utt,Tourism_Set03,4,Titucan nacung baril.,phrase,36,33,3,False
pam_d51ca576a15b,PAM,Utt_Tourism_Set03.txt,Utt,Tourism_Set03,5,"Well, minta cu ampong sinake king maling bus king Ayala oneng kinuldas cu king mumunang kuldasan, mecabalic pacibayu antimanu king Ayala at sinake king istung bus.",sentence,35,32,4,False
pam_84777f71b761,PAM,Utt_Tourism_Set03.txt,Utt,Tourism_Set03,6,Dadalan ing oras.,phrase,36,31,5,False
pam_ca0be3b8ac03,PAM,Utt_Tourism_Set03.txt,Utt,Tourism_Set03,7,Nanung tindahan ing usu karing babai ngeni?,sentence,35,33,3,False
pam_50d1be131da0,PAM,Utt_Tourism_Set03.txt,Utt,Tourism_Set03,8,Mamaalaga yang metung a libu ampong walung dalan a yen para macapanalbeng pelicula king sinehan king Hapun.,sentence,33,32,4,False
pam_2106c0c135da,PAM,Utt_Tourism_Set03.txt,Utt,Tourism_Set03,9,Makananu ya kasakit yan? Masaguling expression mu pu.,sentence,35,31,5,False
pam_ca9c21e546c5,PAM,Utt_Tourism_Set03.txt,Utt,Tourism_Set03,10,Bisa kung pyalungan.,phrase,32,33,3,False
pam_2c225d9c1856,PAM,Utt_Tourism_Set03.txt,Utt,Tourism_Set03,11,Madalas a ating holiday keni.,sentence,35,32,4,False
pam_e8486a4c203b,PAM,Utt_Tourism_Set03.txt,Utt,Tourism_Set03,12,Mayari ya ing pangadwang shift potang alasdosi ning bengi.,sentence,34,30,6,False
pam_115d5e83ceeb,PAM,Utt_Tourism_Set03.txt,Utt,Tourism_Set03,13,Param yuk u pung luggage trolley.,sentence,34,31,5,False
pam_2250ec4a14aa,PAM,Utt_Tourism_Set03.txt,Utt,Tourism_Set03,14,"Binie ne canacu/cacu ning mamahala ning canacung/cacung hotel, i Ginoong Hilton, ing cayang lagyu.",sentence,35,29,7,False
pam_42b4aa392739,PAM,Utt_Tourism_Set03.txt,Utt,Tourism_Set03,15,Nanung madalas a regaling pangkasal ing bibye da king Japan?,sentence,35,30,6,False
pam_8a798300f602,PAM,Utt_Tourism_Set03.txt,Utt,Tourism_Set03,16,Cayabe ya ba king tour potang gatpanapun ing pamamunta king EK?,sentence,34,29,7,False
pam_908c51fa9131,PAM,Utt_Tourism_Set03.txt,Utt,Tourism_Set03,17,Mga labingadwang libung pesus.,phrase,32,31,5,False
pam_4501494c13c0,PAM,Utt_Tourism_Set03.txt,Utt,Tourism_Set03,18,Asnang capali ing danum king shower.,sentence,34,32,4,False
pam_5e5bd108609d,PAM,Utt_Tourism_Set03.txt,Utt,Tourism_Set03,19,Nukarin ya ing saksakan ning pamalbas?,sentence,35,30,6,False
pam_18104c84d2f8,PAM,Utt_Tourism_Set03.txt,Utt,Tourism_Set03,20,Metung a three quarter pounder ampong coke pu.,sentence,34,31,5,False
pam_23ca86895123,PAM,Utt_Tourism_Set03.txt,Utt,Tourism_Set03,21,"Dimdam cung mal canung makiabe king golf keni kecayu. King America, dacal caming country clubs a cailangan mung pakiabayan bang macapamyalung.",sentence,34,31,5,False
pam_e0f77b8a7545,PAM,Utt_Tourism_Set03.txt,Utt,Tourism_Set03,22,Pwedi bang kapitnang kilung mangga ing salwan ko?,sentence,33,31,5,False
pam_84984d01ce1e,PAM,Utt_Tourism_Set03.txt,Utt,Tourism_Set03,23,Tukyan me ing payu ng Nick.,sentence,35,31,5,False
pam_e4a4b38c814f,PAM,Utt_Tourism_Set03.txt,Utt,Tourism_Set03,24,Ali cu la akit ding canacung/cacung cayabe.,sentence,34,29,7,False
pam_bc37193ca995,PAM,Utt_Tourism_Set03.txt,Utt,Tourism_Set03,25,"Dimdam cung mal canung makiabe king golf keni kecayu. King America, dacal caming country clubs a cailangan mung pakiabayan bang macapamyalung.",sentence,35,31,5,False
pam_e7daab0e07fd,PAM,Utt_Tourism_Set03.txt,Utt,Tourism_Set03,26,Atin ya bang particular a pamangan a amungcai ing tagalutu?,sentence,35,32,4,False
pam_a20ef9d205b1,PAM,Utt_Tourism_Set03.txt,Utt,Tourism_Set03,27,Keni cu pung atlung bengi.,sentence,34,32,4,False
pam_e39950548e8c,PAM,Utt_Tourism_Set03.txt,Utt,Tourism_Set03,28,Buri kung abalau nung makananu ya gamitan ing pampublikung teleponu.,sentence,32,30,6,False
pam_adac8ce1b98a,PAM,Utt_Tourism_Set03.txt,Utt,Tourism_Set03,29,Nanung madalas a regaling pangkasal ing bibye da king Japan?,sentence,34,30,6,False
pam_01d0d1d28353,PAM,Utt_Tourism_Set03.txt,Utt,Tourism_Set03,30,"Well, minta cu ampong sinake king maling bus king Ayala oneng kinuldas cu king mumunang kuldasan, mecabalic pacibayu antimanu king Ayala at sinake king istung bus.",sentence,34,27,9,False
pam_1370590c49f8,PAM,Utt_Tourism_Set03.txt,Utt,Tourism_Set03,31,Manintun/Maintun/Mantun cung notebook.,phrase,33,29,7,False
pam_19c53a8242ce,PAM,Utt_Tourism_Set03.txt,Utt,Tourism_Set03,32,Atin yang meeting I Director Chua hanggang alas tres ning gatpanapun.,sentence,34,29,7,False
pam_87ebf8cb512e,PAM,Utt_Tourism_Set03.txt,Utt,Tourism_Set03,33,Malyari ke bang palitan/alilian ing bracelet?,sentence,36,29,7,False
pam_37e6a09cc2e7,PAM,Utt_Tourism_Set03.txt,Utt,Tourism_Set03,34,Catindi na n’yan ah.,phrase,36,29,7,False
pam_170d774c778c,PAM,Utt_Tourism_Set03.txt,Utt,Tourism_Set03,35,Pakibye kanaku ing maragul a size na nini.,sentence,34,29,7,False
pam_3f7c6d811caa,PAM,Utt_Tourism_Set03.txt,Utt,Tourism_Set03,36,"Ayun king Saligang batas, pwedi mu ing pamanigarilyu king bandang gulut ning bus pwera namu nung babawal na ning siyudad.",sentence,34,28,8,False
pam_4f4bb38c1c69,PAM,Utt_Tourism_Set03.txt,Utt,Tourism_Set03,37,Atin cayu bang cule malutu niting saken a ini?,sentence,34,29,7,False
pam_58918b21ffda,PAM,Utt_Tourism_Set03.txt,Utt,Tourism_Set03,38,"Dimdam cung mal canung makiabe king golf keni kecayu. King America, dacal caming country clubs a cailangan mung pakiabayan bang macapamyalung.",sentence,33,28,8,False
pam_ef9063e204e1,PAM,Utt_Tourism_Set03.txt,Utt,Tourism_Set03,39,Katapang ing pabanglo.,phrase,34,29,7,False
pam_833deb21cf99,PAM,Utt_Tourism_Set03.txt,Utt,Tourism_Set03,40,Cayabe ya ba king tour potang gatpanapun ing pamamunta king EK?,sentence,34,28,8,False
