id,batch,kapampangan,filipino,correct,comment
rv_0001,1 - main (please do these first),Recess na.,Recess na,,
rv_0002,1 - main (please do these first),Nanung oras na?,Anong oras na?,,
rv_0003,1 - main (please do these first),Sige pu.,Sige po.,,
rv_0004,1 - main (please do these first),Mayalang galang na po.,Mawalang galang na po.,,
rv_0005,1 - main (please do these first),Salamat Doc,Salamat Dok,,
rv_0006,1 - main (please do these first),Maligayang pamamuge.,Maligayang pagbátì.,,
rv_0007,1 - main (please do these first),Paumanhin pu.,Paumanhin po.,,
rv_0008,1 - main (please do these first),Pang-export na la rin ding papacbung ning Bulacan,Pang-export na rin ang mga paputok ng Bulacan,,
rv_0009,1 - main (please do these first),Salamat pu Doctor,Salamat po Doktor,,
rv_0010,1 - main (please do these first),Maligayang Pascu.,Maligayang Pasko.,,
rv_0011,1 - main (please do these first),Catlumpulu't limang,ikatatlumpu't limang,,
rv_0012,1 - main (please do these first),Bayaran ing utang.,Bayaran ang utang,,
rv_0013,1 - main (please do these first),Mitas na naman ing precio ning LPG,Tumaas na naman ang presyo ng LPG,,
rv_0014,1 - main (please do these first),Seventy six point eight percent ding Pinoy ding pacacalulu,Seventy-six point eight percent ng Pinoy ang mahirap,,
rv_0015,1 - main (please do these first),Ing pamakilaban contra terorismo,Ang paglaban kontra terorismo,,
rv_0016,1 - main (please do these first),Culayan yang malinis.,Kulayan nang malinis.,,
rv_0017,1 - main (please do these first),"Moody’s, mababahala ya king utang ning NAPOCOR","Moody's, nababahala sa utang ng NAPOCOR",,
rv_0018,1 - main (please do these first),Pinalu ketang Enero ing produccion ning furnitures atbp.,Humataw nung Enero ang produksyon ng furnitures atbp.,,
rv_0019,1 - main (please do these first),Nucarin masakit?,Saan masakit?,,
rv_0020,1 - main (please do these first),Seli ne ning Petron ing Caltex LPG,Binili ng Petron ang Caltex LPG,,
rv_0021,1 - main (please do these first),Papatupad da ne ing programang Tele-OFW,Ipinapatupad na ang programang Tele-OFW,,
rv_0022,1 - main (please do these first),Mawawala wari ing gamit nang Ronald?,Nawawala ba ang gamit ni Ronald?,,
rv_0023,1 - main (please do these first),"Filipinu ya I James, o Americanu?","Pilipino si James, o Amerikano?",,
rv_0024,1 - main (please do these first),"Itang mapag-alinlangan, madalas yang malalacuan.","Yaong mapag-alinlangan, madalas mapagiwanan.",,
rv_0025,1 - main (please do these first),Estudyanti ya wari I Michael?,Estudyante ba si Michael?,,
rv_0026,1 - main (please do these first),Bayaran na ne ning gobierno ing PIATCO,Babayaran na ng gobyerno ang PIATCO,,
rv_0027,1 - main (please do these first),Pumila at mangan nang lelut.,Pumila na at kakain na ng lugaw.,,
rv_0028,1 - main (please do these first),"Samie Lim, miyalal yang bayung pamuntuc ning PCCI","Samie Lim, nahalal bilang bagong pangulo ng PCCI",,
rv_0029,1 - main (please do these first),Catlumpulu't apat,ikatatlumpu't apat,,
rv_0030,1 - main (please do these first),"Meyangu ya ing cayang laguiu cang Bernardo de Carpio, metung a matapang, bantug, maticdi, at maalamat a mandirigma king bansang Espania","Hinango ang kanyang pangalan kay Bernardo de Carpio, isang matapang, bantog, makisig, at maalamat na mandirigma sa bansang Espanya.",,
rv_0031,1 - main (please do these first),"Samantala, pagmaragul nang Neri a lalagu ing economia ning bansa.","Samantala, ipinagmalaki ni Neri na gumaganda ang ekonomiya ng bansa.",,
rv_0032,1 - main (please do these first),"I Micahel wari ing magcanta, o i James?","Si Michael ba ang kakanta, o si James?",,
rv_0033,1 - main (please do these first),Iti mecapaglista yang six point one percent,Ito'y nakapagtala ng six point one percent,,
rv_0034,1 - main (please do these first),Sisiguraduan na ning DFA ing pamipalaya caring biag a OFWs ning Nigeria,Siniguro ng DFA ang paglaya ng mga bihag na OFW sa Nigeria,,
rv_0035,1 - main (please do these first),"Inatasan neng PGMA ing TLRC, DOST a mitalacad planta ning VCO caring lalawigang dacal a ngungut","Inatasan ni PGMA ang TLRC, DOST na magtayo ng planta ng VCO sa mga lalawigang maraming niyog",,
rv_0036,1 - main (please do these first),Mangailangan yang piloto ing PAL,Nangangailangan ng mga piloto ang PAL,,
rv_0037,1 - main (please do these first),Sapuan ne ning gobierno ing cabilugang limang dalang bilyong pesus a utang ning NAPOCOR,Sasaluhin ng gobyerno ang kabuuang limang daang bilyong piso utang ng NAPOCOR,,
rv_0038,1 - main (please do these first),Metung a taus pusung pasasalamat!,Isang taós pusong pasasalamat!,,
rv_0039,1 - main (please do these first),Makipag-ugnayan ya ing Phil-export caring LGU para king proceso ning pamagnegocio,Nakikipag-ugnayan ang Phil-export sa mga LGU para sa proseso ng pagnenegosyo,,
rv_0040,1 - main (please do these first),Binabang one point five percent ing utang ning Filipinas king lual,Bumaba ng one point five percent ang utang ng Pilipinas sa labas,,
rv_0041,1 - main (please do these first),"Matalino ya man ing matsing, malolocu yamu rin.","Matalino man ang matsing, napaglalalangan din.",,
rv_0042,1 - main (please do these first),"Ing pabulang Japon, Saru kani kassen, o ing labanan ning matsing at ning alimango, a milathala king Bobunsha king Tokyo yapin ing makatuki:","Ang pabulang Hapon, Saru kani kassen, o ang labanan ng matsing at ng alimango, na inilathala ng Kobunsha sa Tokyo ay ang sumusunod :",,
rv_0043,1 - main (please do these first),Ing utang ning Filipinas mibaba,Ang utang ng Pilipinas ay bumaba,,
rv_0044,1 - main (please do these first),Pinurian ne ning APEC ing economia ning Filipinas,Pinuri ng APEC ang ekonomiya ng Pilipinas,,
rv_0045,1 - main (please do these first),Magtas yang singil ing Meralco,Magtataas ng singil ang Meralco,,
rv_0046,1 - main (please do these first),Macananu mewala ing gamit nang Michael?,Paano nawala ang gamit ni Michael?,,
rv_0047,1 - main (please do these first),Ninu king pamilya yu ing ating diabetis?,Sino sa pamilya ninyo ang may diabetes?,,
rv_0048,1 - main (please do these first),Binulusuc ing penakitan ning Del Monte Pacific,Bumulusok ang kita ng Del Monte Pacific,,
rv_0049,1 - main (please do these first),"Buung suporta ing babie ning DTI king pamipaunlad ding mitulduang OTOP ning Palawan, particular ing productong balubad","Buong suporta ang ibibigay ng DTI sa pagpapaunlad ng mga natukoy na OTOP ng Palawan, partikular ang produktong kasuy.",,
rv_0050,1 - main (please do these first),Imanuyut ning gobierno ning TUCP a magpatupad reporma ban macagauang obra,Hinimok ang gobyerno ng TUCP na magpatupad ng reporma para makalikha ng trabaho,,
rv_0051,1 - main (please do these first),"Macanian man, sinabi nang Robles ding apat a dayuhang cumpania a interesadung ponduan ing mesabing proyecto","Gayunman, sinabi ni Robles na apat na mga dayuhang kompanya ang interesadong pondohan ang naturang proyekto.",,
rv_0052,1 - main (please do these first),Catlumpulu't pitung,ikatatlumpu't pitong,,
rv_0053,1 - main (please do these first),Nucarin ya pu ing terminal ning bus?,Saan ho ang terminal ng bus?,,
rv_0054,1 - main (please do these first),Memie ya ing China a limang milyong pesus saup king Filipinas para king proyecto ning infrastructura,Nagbigay ang China ng limang milyong pisong tulong sa Pilipinas para sa proyekto ng imprastraktura,,
rv_0055,1 - main (please do these first),Ing milistang utang ding pampublikung sector five point five trilyong pesus,Ang naitalang utang ng mga pampublikong sektor ay five point five trilyong piso,,
rv_0056,1 - main (please do these first),Nanung masakit keca?,Anong masakit sayo?,,
rv_0057,1 - main (please do these first),Iti ausan deng ‘Pacto de Sangre’ ning Aring Sikatuna at nang Legaspi a pecacatauan ning Ari ning Espana.,Ito'y siyang tinatawag na 'Pacto de Sangre' ng haring Sikatuna at ni Legaspi na pinakakatawanan ng hari sa Espana.,,
rv_0058,1 - main (please do these first),"Doctor ne I James, e wari? E wari?","Doktor na si James, hindi ba?Hindi ba?",,
rv_0059,1 - main (please do these first),Beba dang pasibayu ing precio ning LPG limampulung setimus cada kilo,Binabaan muli ang presyo ng LPG ng limampung sentimo kada kilo,,
rv_0060,1 - main (please do these first),"Agpang cang PGMA, tecnologia ing fundacion ning pamipaunlad ning economia ning bansa","Ayon kay PGMA, teknolohiya ang pundasyon ng pag-unlad ng ekonomiya ng bansa",,
rv_0061,1 - main (please do these first),Magdalang lapis.,Magdala ng lapis,,
rv_0062,1 - main (please do these first),Migprotesta la ding OFWs king Cotabato,Nagprotesta ang mga OFW sa Cotabato,,
rv_0063,1 - main (please do these first),Isinup para king produccion ning mais ing walung dalan libong pesus ipautang ning ADB king Filipinas,Ilalagak para sa produksyon ng mais ang walong daang libong pisong ipapautang ng ADB sa Pilipinas,,
rv_0064,1 - main (please do these first),Reforma king economia migresulta king pamibaba ning utang ning bansa,Mga reporma sa ekonomiya nagresulta ng pagbaba ng utang ng bansa,,
rv_0065,1 - main (please do these first),Linisan me ing CR.,Linisin mo ang CR.,,
rv_0066,1 - main (please do these first),Dinagsa la ding dayuhang capitalista a mamuhunan king bansa,Dumagsa ang mga dayuhang kapitalista na namumuhunan sa bansa.,,
rv_0067,1 - main (please do these first),Gumamit pu at opu.,Gumamit ng po at opo,,
rv_0068,1 - main (please do these first),Tinggap na neng PGMA ing resolucion ning PBC para caring programa king banuang aduang libu’t pitu,Tinanggap na ni PGMA ang resolusyon ng PBC para sa mga programa sa taong dalawang libo't pito,,
rv_0069,1 - main (please do these first),"Atiu king cuentung Filipino ing catalasan ning isip at calinauan ning pamagistoria, samantalang king cuentong Japon naman atiu ing caunlaran at cabiasnan.","Nasa-kuwentong Pilipino ang katalasan ng isip at kalinawan ng pagsasalaysay, samantalang sa kuwentong Hapon naman ay naroon ang kaunlara't kabihasnan.",,
rv_0070,1 - main (please do these first),"SBMA, miglansad yang bayung gimik para caring turista","SBMA, naglunsad ng bagong gimik para sa mga turista",,
rv_0071,1 - main (please do these first),Oini anting sasabian na ing pamaging maalamat ning bie nang Bernardo Carpio keti Filipinas.,Eto ay parang nagbabadya sa magiging maalamat ding buhay ni Bernardo Carpio sa Pilipinas.,,
rv_0072,1 - main (please do these first),Gamitan ning DA laban caring peste ding ngungut ing atlumpulung milyong pesus,Gagamitin ng DA laban sa peste sa niyog ang tatlumpung milyong piso,,
rv_0073,1 - main (please do these first),Sisiguraduan nang PGMA ing balaus a pamipaunlad ning economia ning bansa,Sinisiguro ni PGMA ang patuloy na pag-unlad ng ekonomiya ng bansa,,
rv_0074,1 - main (please do these first),Panibayung reporma king economia ing planu ning administracion,Ibayong reporma sa ekonomiya ang plano ng administrasyon,,
rv_0075,1 - main (please do these first),Titingiran neng pansin ning presidente ing pamipaunlad king economia ning Filipinas,Pinagtutuonan ng pansin ng pangulo ang pagpapaunlad sa ekonomiya ng Pilipinas,,
rv_0076,1 - main (please do these first),Samantalang minabut naman king five hundred four point five a milyong dollar ing atipun king pulayi ning negocio napun king mercado.,Samantalang umabot naman sa five hundred four point five na milyong dolyar ang naipon sa takbo ng negosyo kahapon sa merkado.,,
rv_0077,1 - main (please do these first),Posible ya pung lala nung e ya maagapan?,Posible po yang lumala kung hindi maagapan?,,
rv_0078,1 - main (please do these first),Ing utang ning gubierno minabut king three point nine trilyong pesus,Ang utang ng gobyerno ay umabot sa three point nine trilyong piso,,
rv_0079,1 - main (please do these first),I Michael wari ing mengan king mangga?,Si Michael ba ang kumain ng mangga?,,
rv_0080,1 - main (please do these first),"NAPOCOR, ibaba na ing singil king corriente","NAPOCOR, bababaan ang singil sa kuryente",,
rv_0081,1 - main (please do these first),"Pamipaunlad ning economia ning bansa, pakinabangan da ding anggang sector","Pag-unlad ng ekonomiya ng bansa, pakikinabangan ng lahat ng sektor",,
rv_0082,1 - main (please do these first),Agad neng lisungan Bernardo ing bangin ban sagipan at saupan ing cabayo.,Agad na nilusong ni Bernardo ang bangin upang sagipin at tulungan ang kabayo.,,
rv_0083,1 - main (please do these first),"NAPOCOR, macatipid yang metung a bilyong dollar ngening banua","NAPOCOR, makatitipid ng isang bilyong dolyar ngayong taon",,
rv_0084,1 - main (please do these first),Talaturu ya wari e Maricel?,Guro ba si Maricel?,,
rv_0085,1 - main (please do these first),Planu ning Banco Central ning Filipinas a ilaco king circulacion ing tantiang limampulung bilyung pesus labis a salapi,Plano ng Bangko Sentral ng Pilipinas na alisin sa sirkulasyon ang tinatayang limampung bilyong pisong labis na salapi.,,
rv_0086,1 - main (please do these first),Caninu ya ing bag a yan?,Kanino ang bag na iyan?,,
rv_0087,1 - main (please do these first),Buclat-gamat nong tinggap ning Malacanang ding OFWs,"Bukas-kamay na tinanggap ng Malakanyang, mga OFWs",,
rv_0088,1 - main (please do these first),Tau po.,Tao po.,,
rv_0089,1 - main (please do these first),Inauad ning DAR king corte ing TRO,Hiniling ng DAR sa korte ang TRO,,
rv_0090,1 - main (please do these first),"Atlung dayuhang compania, inspeccionan de ing controversial a NAIA","Tatlong dayuhang kompanya, iinspeksyunin ang kontrobersyal na NAIA",,
rv_0091,1 - main (please do these first),Cuanan ing libru at mamasa.,Kuhanin ang libro at magbasa.,,
rv_0092,1 - main (please do these first),Type AB cu pu,Type AB po ako.,,
rv_0093,1 - main (please do these first),Pagaralan ne ning America ing pamanangcat mangga ibat Pangasinan,Pinag-aaralan ng Amerika ang pag-angkat ng mangga galing Pangasinan,,
rv_0094,1 - main (please do these first),"“Ah mataloti ca pala,” pamanuya ning gorilya,","""Ah, duwag ka pala,"" ang pang-uuyam ng gorilya.",,
rv_0095,1 - main (please do these first),Mangailangan ya ing gobiernong atlumpulut siam a bilyong dollar para caring proyecto niti,Mangangailangan ang gobyerno ng tatlumpu't siyam na bilyong dolyar para sa mga proyekto nito,,
rv_0096,1 - main (please do these first),Dedma ya ing Palacio,Dedma ang Palasyo,,
rv_0097,1 - main (please do these first),"Panaun na ngening dapat lunto ing sala ning catutuan; panaun nang dapat tamung ipakilala a itamu atin tang sariling panamdam, ating puri, ating dine at pamagdamayan.","Panahon na ngayong dapat na lumitaw ang liwanag ng katotohanan; panahon nang dapat nating ipakilala na tayo'y may sariling pagdaramdam, may puri, may hiya at pagdadamayan.",,
rv_0098,1 - main (please do these first),Okey ya wari?,Okey ba siya?,,
rv_0099,1 - main (please do these first),"Casakitan king bansa, mibaba agpang cang PGMA","Kahirapan sa bansa, bumaba ayon kay PGMA",,
rv_0100,1 - main (please do these first),Mcasadia ya ing America a ibalaus ing pamag-develop king industria ning gatas keti Filipinas,Nakahanda ang Amerika na ituloy ang pag-develop sa industriya ng gatas sa Pilipinas.,,
rv_0101,1 - main (please do these first),Layunan ning mesabing proyecto ing aresolba ing manimunang problema king energia ning Mindanao,Layunin ng nasabing proyekto na maresolba ang pangunahing problema sa enerhiya ng Mindanao.,,
rv_0102,1 - main (please do these first),Binaba ing panglual a utang ning bansa,Bumaba ang panlabas na utang ng bansa,,
rv_0103,1 - main (please do these first),Gumastus labing atlung bilyong pesus ing gobierno king pamagbie king OPSF,Gagastos ng labintatlong bilyong piso ang gobyerno sa pagbuhay ng OPSF,,
rv_0104,1 - main (please do these first),Palaguan ne ning administracion ing economia ning Filipinas,Pagagandahin ng administrasyon ang ekonomiya ng Pilipinas,,
rv_0105,1 - main (please do these first),Lalagu ing economia ning bansa,Gumaganda ang ekonomiya ng bansa,,
rv_0106,1 - main (please do these first),Tigtig ya wari I Francisco?,Tutugtog ba si Francisco?,,
rv_0107,1 - main (please do these first),Palauacan ing produccion ning abaca king Albay,Palalawakin ang produksyon ng abaca sa Albay,,
rv_0108,1 - main (please do these first),"Macasadia ya ing bansa a cuanan ing maragul a parte ning mercado ning mangga king Estados Unidos, agpang king secretario ning Departamento ning Agricultura","Nakahanda ang bansa na kunin ang malaking parte ng pamilihang-mangga sa Estados Unidos, ayun sa sekretaryo ng Departamento ng Agrikultura.",,
rv_0109,1 - main (please do these first),"Bisa cang mangan, o painawa?","Gusto mo bang kumain, o magpahinga?",,
rv_0110,1 - main (please do these first),Dacpan la ding dayuhang criminal,Huhulihin ang mga dayuhang kriminal,,
rv_0111,1 - main (please do these first),"Tigtig ya I Francisco, e wari?","Tutugtog si Francisco, 'di ba?",,
rv_0112,1 - main (please do these first),Sali lang bayung tren ing MRT,Bibili ng mga bagong tren ang MRT,,
rv_0113,1 - main (please do these first),Mabilis kinalat ing aca-aca a i Bernardo macasipit ya caring miyuyumpugang batu at balang magcapilit yang macauala maging sangcan niti ing ayun king cabunducan ning San Mateo.,Mabilis na kumalat ang haka-haka na si Bernardo ay naiipit ng nag- uumpugang bato at tuwing nagpipilit siyang kumawala ay nagiging sanhi eto ng paglindol sa kabundukan ng San Mateo.,,
rv_0114,1 - main (please do these first),"Minapela yang pasibayu caring sablang candidatu I PGMA a iwasan ing pamamulitica, at itingid ing pansin caring papalabung king economia","Umapela muli sa lahat ng kandidato si PGMA na iwasan ang pamumulitika, at ituon ang pansin sa pagpapalago ng ekonomiya",,
rv_0115,1 - main (please do these first),Patuc ya caring dayuhang capitalista ing campania ning gobierno king turismu,Patok sa mga dayuhang kapitalista ang kampanya ng gobyerno sa turismo,,
rv_0116,1 - main (please do these first),"Tauli ya man at magaling, mitagal ya pa mu rin.","Huli man daw at magaling, naihahabol din.",,
rv_0117,1 - main (please do these first),Maligayang Pascu at masaplalang bayung banua.,Maligayang Pasko po at manígong bagong taon.,,
rv_0118,1 - main (please do these first),Aminadung melugi ketang milabas a banua ing Cebu Pacific,Aminadong nalugi noong nakaraang taon ang Cebu Pacific,,
rv_0119,1 - main (please do these first),"Agpang cang PGMA, e ya miapectuan ning politica ing economia ning bansa","Ayon kay PGMA, hindi maaapektuhan ng pulitika ang ekonomiya ng bansa",,
rv_0120,1 - main (please do these first),Malati yamu ing efecto ning ayun king pambansang economia ning Indonesia,Hindi masyadong naapektuhan ng lindol ang pambansang ekonomiya ng Indonesia,,
rv_0121,1 - main (please do these first),Pepapurian ne ing ADBng PGMA,Pinapurihan ang ADB ni PGMA,,
rv_0122,1 - main (please do these first),Antayu ing pisara?,Nasaan ang pisara?,,
rv_0123,1 - main (please do these first),"Malagua mu wari ing exam, o masakit?","Madali lang ba ang eksam, o mahirap?",,
rv_0124,1 - main (please do these first),Miglinis cong balugbog?,Naglinis ba kayo ng tayga?,,
rv_0125,1 - main (please do these first),Estudyanti ya wari?,Estudyante ba siya?,,
rv_0126,1 - main (please do these first),Manatiling matatag ing economia ning bansa agiang king gulu ning politica,Nananatiling matatag ang ekonomiya ng bansa kabila ng mga gulo sa pulitika.,,
rv_0127,1 - main (please do these first),Daracal la ding dayuhang mamuhunan king bansa,Dumadami ang mga dayuhang namumuhunan sa bansa,,
rv_0128,1 - main (please do these first),Tatasan dang nine point percent ing tinas ning coleccion ning BIR king milabas a banua nung nucarin mibangun ya ibat king pitung banuang pangalugmuc ning pamibuisan king GDP,Tinatayang nine point nine percent ang itinaas ng koleksyon nang BIR sa naturang taon kung saan nakaahon ito mula sa pitong taon na pagkakalugmok nang pagbubuwis sa GDP.,,
rv_0129,1 - main (please do these first),Daig na ning maagap ing taung masipag.,Daig ng maagap ang taong masipag.,,
rv_0130,1 - main (please do these first),Dagdagan ing bacal.,Dagdagan ang baon,,
rv_0131,1 - main (please do these first),Sisiguraduan de ing matatag a economia ning lungsud,Sinisiguro ang matatag na ekonomiya ng lungsod,,
rv_0132,1 - main (please do these first),Macananu yang mabalu ing sakit a yan?,Nasa dugo niyo ba yung ganyang sakit?,,
rv_0133,1 - main (please do these first),Mecabuu yang limang milyong obra ing capamalan,Nakabuo ng limang milyong trabaho ang pamahalaan,,
rv_0134,1 - main (please do these first),Diniscuento ne ning Banco Central ing cacapusan ning dollar,Diniskwento ng Bangko Sentral ang kakapusan ng dolyar,,
rv_0135,1 - main (please do these first),E ne pagalo PGMA ing pesus laban king dollar,Hindi ipagagalaw ni PGMA ang piso laban sa dolyar,,
rv_0136,1 - main (please do these first),"Semplang ne naman ing campania ning RP contra catiualian, agpang king WB","Semplang na naman ang kampanya ng RP kontra katiwalian, ayon sa WB",,
rv_0137,1 - main (please do these first),Sabian mu nung nucarin masakit,Sabihin niyo po kung saan masakit,,
rv_0138,1 - main (please do these first),"Pauli ning tagle nang sicanan at bilis ning cabayo inaus deng Hagibis, at manibat canita I Bernardo at Hagibis pane na lang miyayabe king pama masyal king cabunducan ning San Mateo.",Dahil sa tanglay na lakas at bilis ang kabayo ay tinawag niyang si Hagibis at mula nuon si Bernardo at si Hagibis ay laging magkasama sa pamamasyal sa kabundukan ng San Mateo.,,
rv_0139,1 - main (please do these first),Tiualang acua ne ning Vietnam ing contrata king pami-angcat ning Filipinas abias,Tiwalang makukuha ng Vietnam ang kontrata sa pag-aangkat ng Pilipinas ng bigas,,
rv_0140,1 - main (please do these first),Nanu ing buri yung canan keng Christmas Party?,Ano ang gusto ninyong kainin sa Christmas Party?,,
rv_0141,1 - main (please do these first),"Ding mangangalacal, maniuala la a lalung lumabung ing negocio king lungsud ning Cotabato","Mangangalakal, naniniwala na lalong lalago ang negosyo sa lungsod ng Cotabato",,
rv_0142,1 - main (please do these first),Macananu casakit ing exam yu?,Gaano kahirap ang eksam nyo?,,
rv_0143,1 - main (please do these first),Mayulu ya pa wari ita Doc?,Magagamot pa ba yun Dok?,,
rv_0144,1 - main (please do these first),Dobliyan ning Australia ing financial a saup king RP,Dodoblehin ng Australia ang pinansyal na tulong sa RP,,
rv_0145,1 - main (please do these first),Ayusan ing gamit.,Ayusin ang gamit.,,
rv_0146,1 - main (please do these first),Tunggal-tunggal mu king CR.,Isa-isa lang sa CR,,
rv_0147,1 - main (please do these first),Mecapaglista ya ing Filipinas aduang point eight a milyong visita king banuang aduang libo at anam,Nakapagtala ang Pilipinas ng two point eight na milyong bisita sa taong dalawang libo at anim,,
rv_0148,1 - main (please do these first),Magsane sumulat malagu.,Magsanay sumulat ng maganda.,,
rv_0149,1 - main (please do these first),"Ing e lugud king cayang salita, migit pa king animal at malanam a asan. (Jose Rizal)",Ang hindî magmahál sa kaniyáng wikà ay mahigít pa sa hayop at malansáng isdâ. (José Rizal),,
rv_0150,1 - main (please do these first),Saupan dala ding SMEs ding labingsiam a compania,Tutulungan ang mga SMEs ng labingsiyam na kompanya,,
rv_0151,1 - main (please do these first),Pulutan ing basura.,Itapon ang basura sa basurahan.,,
rv_0152,1 - main (please do these first),Mesugat ya pu ing balat na,Nagsusugat po ang balat niya,,
rv_0153,1 - main (please do these first),"Catunayan, sinabi ning BSP a cumpara ketang mengalabas a banua, binaba yang maigit metung a dollar ing singil king pamipadalang dollar","Katunayan, sinabi ng BSP na kumpara noong mga nakaraang taon, bumaba ng mahigit isang dolyar ang singil sa pagpapadala ng dolyar.",,
rv_0154,1 - main (please do these first),Lalala ya pu ata ing sakit cu,Lumalala po ata ang sakit ko,,
rv_0155,1 - main (please do these first),Mecatipid ya ing gobiernong maigit apat a pulung milyong pesus king pamamayad interes king utang,Nakatipid ang gobyerno ng mahigit apatnapung milyong piso sa pagbayad ng interes sa utang,,
rv_0156,1 - main (please do these first),"Agpang cang Bunye, balaus nang didinan pansin ning capamalan ing pamipalagu ning economia ning bansa","Ayon kay Bunye, patuloy na binibigyang pansin ng pamahalaan ang pagpapalago ng ekonomiya ng bansa",,
rv_0157,1 - main (please do these first),Ing DBP mu rin ing magpalual pondu caring proyectong meapruban.,Ang DBP rin ang maglalabas ng pondo sa mga proyektong maaaprubahan.,,
rv_0158,1 - main (please do these first),"Agpang cang Presidente Arroyo, king pamakipagpulung niti caring negociante, ila canu paua lang magnasa a mibulus puhunan keti Filipinas ngening paangat na ing economia ning bansa","Ayon kay Pangulong Arroyo, sa pakikipagpulong nito sa mga negosyante, sila umano'y pawang naghahangad na magbuhos ng puhunan sa Pilipinas ngayong paangat na ang ekonomiya ng bansa.",,
rv_0159,1 - main (please do these first),Mag-rollback pasibayu potang capitangan bengi ing LPG,Magro-rolbak uli mamayang hatinggabi ang LPG,,
rv_0160,1 - main (please do these first),"'Ginung Matsing"", ing sabi ning pau, ""comusta ya ing kecang pun-saging?""","""G. Matsing"", ang sabi ng pagong, ""kumusta ang iyong punong-saging?""",,
rv_0161,1 - main (please do these first),Macaafectu king mabagal a pamangusad ning economia ning bansa ing balaus a intriga king politica,Nakakaapekto sa mabagal na pag-usad ng ekonomiya ng bansa ang patuloy na iringan sa pulitika,,
rv_0162,1 - main (please do these first),Macasadiang mamisaling murang abias ing Vietnam king Filipinas,Handang magbenta ng murang bigas ang Vietnam sa Pilipinas,,
rv_0163,1 - main (please do these first),"Ing paralan king pangauacas ning cuentu ning Japon atin yang gusut, samantalang ing cuentung Filipino malino at papakilalang maingat a pamagumasid ning ugali’t panamdam.","Ang paraan ng pagkakawakas sa kuwento ng Hapon ay may kagusutan, samantalang ang kuwentong Pilipino'y malinaw at nagpapakilala ng maingat na pagmamasid ng ugali't pakiramdam.",,
rv_0164,1 - main (please do these first),Malati ya pa ayakitanan da ne I Bernardo pambihirang sican at ticdi.,Maliit pa lang ay kinakitaan na si Bernardo ng pambihirang lakas at kisig.,,
rv_0165,1 - main (please do these first),Maingat ngening pagaralan ning local a capamalan ning lungsud ning Menila nung nanu-nanung caso ing maliaring isampa laban caring kilalang personalidad a mitalacad negocio king baywalk king kecaban ning Roxas Boulevard,Masusing pinag-aaralan ngayon ng lokal na pamahalaan ng lungsod ng Manila kung anu-anong kaso ang maaaring isampa laban sa mga kilalang personalidad na nagtayo ng negosyo sa baywalk sa kahabaan ng Roxas Blvd.,,
rv_0166,1 - main (please do these first),Cumpiansa ya I Durano a tangkilican da rin ing mesabing isla calupa ning Boracay.,Kumpiyansa si Durano na tatangkilikin rin ang nasabing isla gaya ng Boracay.,,
rv_0167,1 - main (please do these first),Titiyacan na ning DTI a ligtas la ding pamisaling tinape king bansa,Tiniyak ng DTI na ligtas ang mga binibentang tinapay sa bansa,,
rv_0168,1 - main (please do these first),Binabang metung a porciento ing utang panlual ning Filipinas agpang king Banco Central ning Filipinas,Bumaba ng isang porsiyento ang utang panlabas ng Pilipinas ayon sa Bangko Sentral ng Pilipinas,,
rv_0169,1 - main (please do these first),Titiyacan nang PGMA king yatu ing determinacion ding Filipino king pamisugpu caring terorista,Tiniyak ni PGMA sa mundo ang determinasyon ng mga Pilipino sa pagsugpo sa mga terorista,,
rv_0170,1 - main (please do these first),Patauad pu.,Patawad po.,,
rv_0171,1 - main (please do these first),Pangadalan nang Bernardo ginamit ne ning eng cantado ing cayang agimat ban piumpugan no ding mangaragul a batu king capagnasan nang sipitan at paten I Bernardo.,Pagdaan ni Bernardo ay ginamit ng engkantado ang kanyang agimat upang pag-umpugin nito ang naglalakihang bato sa pagnanais na ipitin at patayin si Bernardo.,,
rv_0172,1 - main (please do these first),At nung tutuki ne ning cayang igpa king pamanga su anting alang nanu naman a puputputan nong Bernardo ding mapilan a pun ban macagauang dalan king masucal a cagubatan ning San Mateo.,At kapag isinasama siya ng ama sa pangangaso ay parang walang anuman na binubunot ni Bernardo ang ilang mga puno upang makagawa ng daanan sa masukal na kagubatan ng San Mateo.,,
rv_0173,1 - main (please do these first),Mayap a bengi Doctor,Magandang gabi Doktor,,
rv_0174,1 - main (please do these first),Sinabi na naman ning DOF a ustung pepaburian ya ing mesabing bage siguradung caualan yang panakitan ing gobierno.,Sinabi naman ng DOF na kapag pinagbigyan ang naturang bagay siguradong mawawalan ng kita ang gobyerno.,,
rv_0175,1 - main (please do these first),Lalung pepasicnangan ing reforma nang PGMA,Lalong pinalakas ang reporma ni PGMA,,
rv_0176,1 - main (please do these first),"Agpang king NAPOCOR, maliaring mabut ing carelang bayaran anggang siyam a milyong pesus.","Ayon sa NAPOCOR, maaring umabot ang kanilang babayaran ng hanggang siyam na milyong piso.",,
rv_0177,1 - main (please do these first),"“Ginung Matsing”, ing sabi nang pau, “comusta ya ing kecang pun saging?”","""Ginoong Matsing"", ang sabi ng pagong, ""kumusta ang iyong punong-saging?""",,
rv_0178,1 - main (please do these first),Pasantingan ing sulat.,Pagandahin ang sulat,,
rv_0179,1 - main (please do these first),Ayamuyut nong PGMA ding negociante a mamuhunan king bansa,Nahikayat ni PGMA ang mga negosyante na mamuhunan sa ating bansa,,
rv_0180,1 - main (please do these first),Panatiliang malinis ing kecatamung silid-aralan.,Pulutin ang mga kalat sa paligid ng silid-aralan.,,
rv_0181,1 - main (please do these first),Ketan ing dila.,Kagatin ang dila,,
rv_0182,1 - main (please do these first),Mecapaglista ya ing PSE maigit apat a pulung milyong pesus penakitan kilub namu ning aduang bulan,Nakapagtala ang PSE ng mahigit apatnapung milyong pisong kita sa loob lamang ng dalawang buwan,,
rv_0183,1 - main (please do these first),Binarug ya ing utang ning gobierno king atlung trilyon at walumpulut siam a bilyung pesus,Pumalo ang utang ng gobyerno sa tatlong trilyon at walumpu't siyam na milyong piso,,
rv_0184,1 - main (please do these first),Agad yang sinulapo papunta king bale nang Amomongo.,Dali-dali siyang lumipad patungo sa bahay ni Amomongo.,,
rv_0185,1 - main (please do these first),Pakisabi mu pu.,Pakiusap lang po.,,
rv_0186,1 - main (please do these first),Nucarin ya ngan munta I James?,Sa bahay ba magkikita sina James?,,
rv_0187,1 - main (please do these first),Italacad ya king Iloilo ing bayung palapagan eroplanu ning PAL,Itatayo sa Iloilo ang bagong paliparan ng PAL,,
rv_0188,1 - main (please do these first),Ing cuentung Filipino ya ing asabing lalung mas minuna kesa king cuentong Japon.,Ang kuwentong Pilipino ang siyang masasabing lalong una kaysa sa kuwentong Hapon.,,
rv_0189,1 - main (please do these first),Bisa cang mangan?,Gusto niyo pong kumain?,,
rv_0190,1 - main (please do these first),Tanggapan me ing pamakirame cu.,Tanggapin mo ang aking pakikiramay.,,
rv_0191,1 - main (please do these first),Asaan ning presidenti ding LGUs a itucnang ing mesabing bayaran uling macaragdag ya iting gastusan a ipapasa da caring consumers,Inatasan ng pangulo ang mga LGUs na itigil ang nasabing bayaran dahil nakakadagdag ito ng gastusin na ipinapasa sa mga consumers.,,
rv_0192,1 - main (please do these first),Biclat da ne king Caloocan ing Botica ng Bayan,Binuksan na sa Caloocan ang Botika ng Bayan,,
rv_0193,1 - main (please do these first),Ninu ing bisang makiabe king programa?,Sino ang gustong sumali sa programa?,,
rv_0194,1 - main (please do these first),Milaco ya wari iti agad Doc?,Mawawala ba agad ito Dok?,,
rv_0195,1 - main (please do these first),Milaco ya wari agad ini?,Mawawala ba 'to agad?,,
rv_0196,1 - main (please do these first),Pakibaluan ing pakinabang a babie ning butul ning balubad,Alamin ang pakinabang na dulot ng buto ng kasoy,,
rv_0197,1 - main (please do these first),"Abias a mabilis pupulan, ati’na king mercado","Bigas na mabilis anihin, meron na sa merkado",,
rv_0198,1 - main (please do these first),"Ing lalacad mabagal, nung masucsuc ya mababo. Ing lalacad mabilis, nung masucsuc ya malalam.","Ang lumalakad nang mabagal, kung matinik ay mababaw. Ang lumalakad nang matulin, kung matinik ay malalim.",,
rv_0199,1 - main (please do these first),Apansinan nang Donia Teodora a e makiramdam i Jose king cayang binasa. Sera ne ing aclat.,Napansin ni Donya Teodora na hindi nakikinig si Jose sa kanyang binasa.,,
rv_0200,1 - main (please do these first),Isulat king maragul a letra ing amanu.,Isulat sa malaking titik ang salita.,,
rv_0201,1 - main (please do these first),Tuturing nang maragul a amun ning Palacio ing pamaging culelat ning economia ning Filipinas king Asia,Itinuturing na malaking hamon ng Palasyo ang pagiging kulelat ng ekonomiya ng Pilipinas sa Asya,,
rv_0202,1 - main (please do these first),Binarug ya king limampulung pesus at siam a pulu’t limang centimus ing alaga ning pesus contra king metung a dollar bayu ya migsara king limampulu’t metung a pesus at limang centimus,Pumalo sa limampung piso at siyamnapu't limang sentimo ang halaga ng piso kontra sa isang dolyar bago nagsara sa limampu't isang piso at limang sentimo.,,
rv_0203,1 - main (please do these first),Uli ning pangabigla nang Bernardo e ya mecapa-ngilag at bagya-bagya yang mesipit caring miyu-yumpugang batu.,Dahil sa pagkabigla ni Bernardo ay hindi siya nakaiwas at unti-unting siyang naipit ng nag-uuntugang bato.,,
rv_0204,1 - main (please do these first),Manggatal ya wari ing buldit mo?,Nagkakati ba ang puwet mo?,,
rv_0205,1 - main (please do these first),Papagingatan ne ning DTI ing publicu caring defectibung producto ngening Pascu,Pinag-iingat ng DTI ang publiko sa mga depektibong produkto ngayong Pasko,,
rv_0206,1 - main (please do these first),Saupan na ca sana ning Dios.,Pagpalain kayo ng diyos.,,
rv_0207,1 - main (please do these first),"Nung makitid ya ing ulas, magtiis cang mamaluctut.","Hangga't makitid ang kumot, magtiis mamaluktot.",,
rv_0208,1 - main (please do these first),Ninu ing tuki king field trip?,Sino ang sasama sa field trip?,,
rv_0209,1 - main (please do these first),Paintunan ing cabaldugan ning salita king thesaurus.,Hanapin ang kahulugan ng salita sa thesaurus.,,
rv_0210,1 - main (please do these first),Pilang bulan ne pu ing bingut?,Ilang buwan na po ang sanggol?,,
rv_0211,1 - main (please do these first),Ica mu wari king pamilya yu ing ating macanian a sakit?,May kakilala ka ba sa pamilya mo na may ganyang sakit din?,,
rv_0212,1 - main (please do these first),Linibu ing penakitan ning LRTA,Lumobo ang kita ng LRTA,,
rv_0213,1 - main (please do these first),Magsisi ca man at tauli ala nang maliari.,Magsisi ka man at huli wala nang mangyayari.,,
rv_0214,1 - main (please do these first),Ala yang capakibatan caring bictima ding pekeng dollar ing Banco Central ning Filipinas,Walang pananagutan sa mga biktima ng pekeng dolyar ang Bangko Sentral ng Pilipinas,,
rv_0215,1 - main (please do these first),"King sugestion ning paring Castila a minanga king sican at ticdi ning pungul, pepalagyuan deng Bernardo Carpio ding cayang pengari.","Sa suhestiyon ng kastilang pari na humanga sa lakas at kisig ng sanggol, siya ay pinangalanang Bernardo Carpio ng kanyang mga magulang.",,
rv_0216,1 - main (please do these first),Mengan na ca wari?,May baon ka ba?,,
rv_0217,1 - main (please do these first),"Agpang king Malacanang, e ya makaapectu ing politica king pamipaunlad ning economia","Ayon sa Malakanyang, hindi makakaapekto ang pulitika sa pag-unlad ng ekonomiya",,
rv_0218,1 - main (please do these first),"Agpang cang PGMA, matupad na ing pamamie obra caring Filipino","Ayon kay PGMA, matutupad na ang pagbibigay ng mga trabaho sa mga Pilipino",,
rv_0219,1 - main (please do these first),"""Ha, ha"", nganing matsing. ""Macanian pala, ne! Tatacut cang malumud! Ilumud daca ngeni.""","""Ha, ha"", ang tawa ng matsing.",,
rv_0220,1 - main (please do these first),"“Makiramdam ca cacu Jose, ing sabi na. Atin cung icuentu keca.”","Makinig ka sa akin, Jose, ang sabi niya.",,
rv_0221,1 - main (please do these first),Icabit ing cuaderno king lamesa at marcan cu la.,Ilagay ang notebook sa table at mamarkahan ko.,,
rv_0222,1 - main (please do these first),"“Ha, ha”, nganing matsing. “Macanian pala, ne! Tatacut cang malumud! Lunuran daca ngeni.”","""Ha, ha"", ang tawa ng matsing.",,
rv_0223,1 - main (please do these first),Atiu caninu ing susi ning bale?,Nakanino ang susi ng bahay?,,
rv_0224,1 - main (please do these first),"Dinatang ya nandin, ne?","Dumating siya kanina, ano?",,
rv_0225,1 - main (please do these first),Mayap a bengi pu Doc,Magandang gabi po Dok,,
rv_0226,1 - main (please do these first),Ipagpaumahin yu pu.,Makikisuyo po.,,
rv_0227,1 - main (please do these first),Mayap a bengi.,Magandang gabi.,,
rv_0228,1 - main (please do these first),Mayap a bengi Doc,Magandang hapon Dok,,
rv_0229,1 - main (please do these first),Mayap a bengi pu.,Magandang gabi ho.,,
rv_0230,1 - main (please do these first),"E ya mengan, ne?","Kumain ka, ano?",,
rv_0231,2 - extra,Metung a ralan at aduampulu’t limang milyong pesus a pondu para king Gawad Kalinga,Isang daan at dalawampu't limang milyong pisong pondo para sa Gawad Kalinga,,
rv_0232,2 - extra,Catlumpulu't pitu,ikatatlumpu't pito,,
rv_0233,2 - extra,Mitas na naman maigit metung a dollar ing precio cada bariles ning gasolina king pangyatung palengki,Tumaas na naman ng mahigit isang dolyar ang presyo kada bariles ng gasolina sa pandaigdigang pamilihan.,,
rv_0234,2 - extra,Mamun na.,Paálam na.,,
rv_0235,2 - extra,Linobu ing penakitan ning Manila Water king banuang aduang libu at lima,Lumobo ang kita ng Manila Water sa taong dalawang libo at lima,,
rv_0236,2 - extra,"King salucuyan, mayakit ya king Zamboanga Sibugay ing pecamalauac a plantacion ding pun ning goma, katuki ya ing Basilan.","Sa kasalukuyan, matatagpuan sa Zamboanga Sibugay ang pinakamalawak na plantasyon ng mga puno ng goma, kasunod ang Basilan.",,
rv_0237,2 - extra,Tahimic at makiramdam.,Tumahimik at makinig.,,
rv_0238,2 - extra,Minukyat ya ing matsing at king metung a sanga ning pun dutung megumpisa nong pengan ding bunga ning kaki.,Umakyat ang matsing at sa isang sanga ng punongkahoy at sinimulan niyang kanin ang mga bunga ng kaki.,,
rv_0239,2 - extra,Minabut king apat a ralan siamapulu’t atlu at capitnang milyong dollar ing acalap king pamilibayan napun king bansa.,Umabot sa apat na raan siyamnapu't tatlo at kalahating milyong dolyar ang nakalap sa palitan kahapon sa bansa.,,
rv_0240,2 - extra,"""Paburen mu"", ing sabi ning mapanlinlang a matsing, ""aku ing mukyat at managtal bunga para keca.""","""Bayaan mo"", ang wika ng mapanlinlang na matsing, ""ako ang aakyat at mamimitas para sa iyo.""",,
rv_0241,2 - extra,"“Paburen mu”, ing sabi ning mapanlinlang a matsing, “aku ing mukyat at managtal bunga para keca.”","""Bayaan mo"", ang wika ng mapanlinlang na matsing, ""ako ang aakyat at mamimitas para sa iyo.""",,
rv_0242,2 - extra,Pagcabie da ding Rosenian,Ikinabubuhay ng mga Rosenian,,
rv_0243,2 - extra,Serioso ya ing Filipinas a apanatili ing posicion niti anting capat caring bansang mag-produce goma king mabilug a yatu.,Seryoso ang Pilipinas na mapanatili ang posisyon nito bilang ika-apat sa mga bansang nagpu-produce ng goma sa buong mundo.,,
rv_0244,2 - extra,Iyugse ing basura king plastic.,Itapon ang basura sa plastik,,
rv_0245,2 - extra,Lalung pasicnangan ing produccion ning mais,Lalong palalakasin ang produksyon ng mais,,
rv_0246,2 - extra,"Ating aduang pabula, metung king Japon at ing metung naman king Filipinas.","May dalawang pabula, isa'y sa Hapon at ang isa nama'y sa Pilipinas.",,
rv_0247,2 - extra,Talacad at mangadi.,Tumayo at manalangin.,,
rv_0248,2 - extra,Sinagacgac yang masican I Amomongo.,Tumawa nang malakas si Amomongo.,,
rv_0249,2 - extra,Sinabi nang Baterina a mayari ya ing proyecto king banuang aduang libo at walu asaupan la ding ortelanu king anam a balen ning mumunang distritu ning lalawigan.,Sinabi ni Baterina na matatapos ang proyekto sa taong dalawang libo at walo na matutulungan ang mga magsasaka sa anim na bayan sa unang distrito ng lalawigan.,,
rv_0250,2 - extra,"Ngeni, babie ya ing industria ning papacbung apat a ralang milyong pesus penakitan king capamalan.","Sa ngayon, nagbibigay ang industriya ng paputok ng apat na raang milyong pisong kita sa pamahalaan.",,
rv_0251,2 - extra,Ning Agosto banuang metung a libu siam a ralan at siam apulu’t pitu,"Ng Agosto taong isang libo, siyam na raan at siyamnapu't pito.",,
rv_0252,2 - extra,Binabang walung porciento ing interes ding utang ning gobierno,Bumaba ng walong porsyento ang interes sa mga utang ng gobyerno,,
rv_0253,2 - extra,"Banuang libu walung dalan siam a pulu’t lima ini ing pasibayu lang mipulung ding calalakyan king cueva ning Pamitinan at carin, king dangalan nang Bernardo Carpio, geua de ing mumunang gulisac ning himagsican laban caring Castila.","Taung eighteen ninety five nang muling magpulong ang mga kalalakihan sa yungib ng Pamitinan at duon, sa karangalan ni Bernardo Carpio, ay ginawa nila ang unang sigaw ng himagsikan laban sa mga Kastila.",,
rv_0254,2 - extra,Dacal a salamat.,Maraming salamat.,,
rv_0255,2 - extra,"Inyang panaun a ing Filipinas sasacupan de pa ding Castila ating miyasawang manuknangan king cabitisan ning bunduc ning San Mateo, Rizal","Nuong panahon nang ang Pilipinas ay nasasakop pa ng mga Kastila ay mayruong mag-asawang naninirahan sa paanan ng bundok ng San Mateo, Rizal.",,
rv_0256,2 - extra,Inutusan nong Amomongo ding catyang cayabe a pumila.,Inutusan ni Amomongo ang kanyang mga kasama na humanay.,,
rv_0257,2 - extra,"“Inda co” ing pagmalun ning matsing, “maluat neng mete! At ing keca, Binibining Pau?”","""Naku"", ang himutok ng matsing, ""matagal nang patay! At ang iyo, Binibining Pagong?""",,
rv_0258,2 - extra,"E mi balu nung iti atin yang aliuang calupa king capuluan ning Malaya, king Sumatra o Java.","Hindi naming malaman kung ito ay may iba pang kahawig sa Kapuluan ng Malaya, sa Sumatra o sa Haba.",,
rv_0259,2 - extra,"“Ati ca pala keni, amak a pau,” ing sabi na.","""Narito ka pala, hamak na pagong"", ang sabi niya.",,
rv_0260,2 - extra,"Agpang cang PGMA, maragul ing asaup ning BPOS king pangaracal ning obra","Ayon kay PGMA, malaki ang naitulong ng BPOs sa pagdami ng trabaho",,
rv_0261,2 - extra,Atin cu pung asthma,May asthma po ako,,
rv_0262,2 - extra,Pepalino na ning presidenti a bisa yang gauang obrang mangaragul a sueldo king Ilocos Norte ban e la manaliuang bansa ding Filipino ban manakitan lamung maragul,Ipinaliwanag ng pangulo na ibig niyang lumikha ng trabahong malaki ang suweldo sa Ilocos Norte upang hindi na mangibang bansa ang mga Pilipino para kumita lamang nang malaki.,,
rv_0263,2 - extra,"""Ati ca pala keni, amac a pau,"" ing sabi na.","""Narito ka pala, hamak na pagong"", ang sabi niya.",,
rv_0264,2 - extra,Mangat ing economia king banuang aduang libu at apulu agpang kang Teves,Aangat ang ekonomiya sa taong dalawang libo at sampu ayon kay Teves,,
rv_0265,2 - extra,Atiyu king apat apulu’t walung pesus at siam a pulu’t limang centimus na ing libayan ning pesus laban king dollar,Nasa apatnapu't walong piso at siyamnapu't limang sentimo na ang palitan ng piso laban sa dolyar,,
rv_0266,2 - extra,Manganib a magisan ing produccion ning ngungut king bansa,Nanganganib na maubos ang produksyon ng niyog sa bansa,,
rv_0267,2 - extra,Maigit labing aduang bilyong pesus ing acolecta ning capamalan ibat king E-VAT manibat Noviembre ning milabas a banua,Mahigit labindalawang bilyong piso ang nakolekta ng pamahalaan mula sa E-VAT mula Nobyembre ng nakaraang taon,,
rv_0268,2 - extra,Nanu wari ing mabisang panulu ken?,Ano ba ang mabisang gamot diyan?,,
rv_0269,2 - extra,"Nung nanu ya ing pun, ya ing bunga.","Kung ano ang puno, siya ang bunga.",,
rv_0270,2 - extra,Dacal a salamat hu.,Maraming salamat ho.,,
rv_0271,2 - extra,"Munta ca wari king Menila, o king Baguiu?","Pupunta ka ba sa Maynila, o sa Baguio?",,
rv_0272,2 - extra,"""Inda co"" ing pagmalun ning matsing, ""maluat neng mete! At ing keca, Binibining Pau?""","""Naku"", ang himutok ng matsing, ""matagal nang patay! At ang iyo, Bb. Pagong?""",,
rv_0273,2 - extra,Dapot macananu nung e mig-click ing liban a negocio?,Pero paano kung hindi nag-click ang pinasok na negosyo?,,
rv_0274,2 - extra,Bawal mamuat mababayat,Bawal magbuhat ng mga mabibigat,,
rv_0275,2 - extra,Iti ing calabing aduang bulang mitutuki a maigit king metung bilyong dollar ing pedala ding OFWs a daralan caring banco,Ito na ang ikalabindalawang buwan na magkakasunod na mahigit sa isang bilyong dolyar ang padala ng mga OFWs na dumadaan sa mga bangko.,,
rv_0276,2 - extra,Basan ye ing cuento.,Basahin ninyo ang kuwento.,,
rv_0277,2 - extra,Bagiang binaui ing pesus contra king dollar,Bahagyang bumawi ang piso kontra sa dolyar,,
rv_0278,2 - extra,Pilang aldo neng lalagnat?,Gaano katagal na siyang nilalagnat?,,
rv_0279,2 - extra,Balaus ya pamaglagu ing alaga ning pesus laban king dollar,Pumalo sa pinakamataas na halaga ang piso kontra dolyar,,
rv_0280,2 - extra,"Atiu king Dios ing lunus, atiu king tau ing gaua.","Nasa Diyos ang awà, nasa tao ang gawâ.",,
rv_0281,2 - extra,E dapat micarugan ing memaleng Filipino king pangaina ning pesus contra dollar,Nangangamba ang Phil-export sa paglakas ng piso kontra dolyar,,
rv_0282,2 - extra,"Nung ating tenam, ating pupulan.","Kapag may isinuksok, may madudukot.",,
rv_0283,2 - extra,Maligayang bati pu.,Maligayang bati.,,
rv_0284,2 - extra,Maligayang bati pu.,Maligayang bati ho.,,
rv_0285,2 - extra,Maligayang bati hu.,Maligayang bati ho.,,
rv_0286,2 - extra,Maligayang bati hu.,Maligayang bati.,,
rv_0287,2 - extra,Maligayang bati hu.,Maligayang bati po.,,
rv_0288,2 - extra,Maligayang bati pu kecayu.,Maligayang bati po.,,
rv_0289,2 - extra,Maligayang bati (puge).,Maligayang bati.,,
rv_0290,2 - extra,Maligayang bati (puge).,Maligayang bati po.,,
rv_0291,2 - extra,Maligayang Pascu pu.,Maligayang Pasko po.,,
rv_0292,2 - extra,Maligayang kebaitan pu.,Maligayang bati po.,,
rv_0293,2 - extra,Maligayang Pascu.,Maligayang Pasko po.,,
rv_0294,2 - extra,Maligayang bati (puge).,Maligayang bati ho.,,
rv_0295,2 - extra,Maligayang bati hu kecayu.,Maligayang bati ho.,,
rv_0296,2 - extra,Maligayang Pascu pu.,Maligayang Pasko.,,
rv_0297,2 - extra,Maligayang bati hu kecayu.,Maligayang bati po.,,
rv_0298,2 - extra,Nucarin ya ing terminal ning bus?,Saan ho ang terminal ng bus?,,
rv_0299,2 - extra,Maligayang bati hu kecayu.,Maligayang bati.,,
rv_0300,2 - extra,Nucarin ya ing terminal ning bus?,Saan po ang terminal ng bus?,,
rv_0301,2 - extra,"Moodys, mababahala ya king utang ning NAPOCOR","Moody's, nababahala sa utang ng NAPOCOR",,
rv_0302,2 - extra,"Matalino ya man ing matsing, malolocu yamu rin.","Matalino man ang matsing, naiisahan din.",,
rv_0303,2 - extra,Nucarin ya ing terminal ning bus?,Saan ang terminal ng bus?,,
rv_0304,2 - extra,Nucarin ya pu ing terminal ning bus?,Saan po ang terminal ng bus?,,
rv_0305,2 - extra,Nucarin ya hu ing terminal ning bus?,Saan ho ang terminal ng bus?,,
rv_0306,2 - extra,Nucarin ya hu ing terminal ning bus?,Saan po ang terminal ng bus?,,
rv_0307,2 - extra,Maligayang kebaitan pu kecayu.,Maligayang bati po.,,
rv_0308,2 - extra,Nucarin ya pu ing terminal ning bus?,Saan ang terminal ng bus?,,
rv_0309,2 - extra,Nucarin ya hu ing terminal ning bus?,Saan ang terminal ng bus?,,
rv_0310,2 - extra,Iwasan ing paticdo-ticdo.,Iwasan ang patayu-tayo.,,
rv_0311,2 - extra,Pulutan ing basura.,Pulutin ang basura,,
rv_0312,2 - extra,Ing pamibaba ning presyo ning LPG pegumpisan da neng patupad,Ibinaba uli ang presyo ng LPG,,
rv_0313,2 - extra,Ing pamibaba ning presyo ning LPG pegumpisan da neng patupad,Ang presyo ng LPG ay ibinaba,,
rv_0314,2 - extra,E naman mebanggit king balita nung magcanu asali ning Petron ing Caltex LPG,Binili ng Petron ang Caltex LPG,,
rv_0315,2 - extra,Ipasa na ing papil.,Ipasa na ang papel.,,
rv_0316,2 - extra,Ala pang panulu keng sakit a yan,Wala pang gamot sa sakit na 'yan,,
rv_0317,2 - extra,Matalino ya man ing matsing apaglocuan yamu rin.,"Matalino man ang matsing, napaglalalangan din.",,
rv_0318,2 - extra,Paki sara ing auang.,Paki sara ang bintana.,,
rv_0319,2 - extra,Isulat yang ustu ing atiu king pisara.,Isulat sa pisara.,,
rv_0320,2 - extra,Panatiliang malinis ing kecatamung silid-aralan.,linisin ang silid-aralan,,
rv_0321,2 - extra,Nanu ing gagawan ng Michael king bale?,Ano ang ginagawa ni Michael sa bahay?,,
rv_0322,2 - extra,Mayap a bengi pu kecayu.,Magandang gabi po.,,
rv_0323,3 - vocabulary,Mayap a abak pu.,Magandang umaga po.,,
rv_0324,3 - vocabulary,Mayap a ugto pu.,Magandang tanghali po.,,
rv_0325,3 - vocabulary,Mayap a gatpanapun pu.,Magandang hapon po.,,
rv_0326,3 - vocabulary,Mayap a bengi pu.,Magandang gabi po.,,
rv_0327,3 - vocabulary,Dakal a salamat pu.,Maraming salamat po.,,
rv_0328,3 - vocabulary,Alang anuman.,Walang anuman.,,
rv_0329,3 - vocabulary,Usuk pu,Tuloy po kayo.,,
rv_0330,3 - vocabulary,Komusta kayu pu?,Kumusta po kayo?,,
rv_0331,3 - vocabulary,Mako na ku pu,Paalam na po.,,
rv_0332,3 - vocabulary,Maligayang kebaitan!,Maligayang kaarawan!,,
rv_0333,3 - vocabulary,Nanu?,Ano?,,
rv_0334,3 - vocabulary,Ninu?,Sino?,,
rv_0335,3 - vocabulary,Nukarin?,Saan? / Nasaan?,,
rv_0336,3 - vocabulary,Kapilan?,Kailan?,,
rv_0337,3 - vocabulary,Obat? / Bakit?,Bakit?,,
rv_0338,3 - vocabulary,Makananu?,Paano?,,
rv_0339,3 - vocabulary,Isanu? / Isanung?,Alin?,,
rv_0340,3 - vocabulary,Pilan?,Ilan?,,
rv_0341,3 - vocabulary,Magkanu? / Pilan ya?,Magkano?,,
rv_0342,3 - vocabulary,Kang ninu?,Nakanino? / Kanino?,,
rv_0343,3 - vocabulary,Nucarin ya ing kawi/susi ning bale?,Nakanino ang susi ng bahay?,,
rv_0344,3 - vocabulary,Aku,Ako,,
rv_0345,3 - vocabulary,Ika / Ka,Ikaw / Ka,,
rv_0346,3 - vocabulary,Ya,Siya,,
rv_0347,3 - vocabulary,Kami,Kami,,
rv_0348,3 - vocabulary,Katamu / Tamu,Tayo,,
rv_0349,3 - vocabulary,Kayu,Kayo,,
rv_0350,3 - vocabulary,Ila,Sila,,
rv_0351,3 - vocabulary,Kakung / Ku,Akin / Ko,,
rv_0352,3 - vocabulary,Kekang / Mu,Iyo / Mo,,
rv_0353,3 - vocabulary,Kaya / Na,Kanya / Niya,,
rv_0354,3 - vocabulary,Kekami / Mi,Amin / Namin,,
rv_0355,3 - vocabulary,Kekatamu / Tamu,Atin / Natin,,
rv_0356,3 - vocabulary,Kekayu / Yu,Inyo / Ninyo,,
rv_0357,3 - vocabulary,Keraklan / Da,Kanila / Nila,,
rv_0358,3 - vocabulary,Ini / Iti,Ito,,
rv_0359,3 - vocabulary,Iyan,Iyan,,
rv_0360,3 - vocabulary,Ita,Iyon,,
rv_0361,3 - vocabulary,Keni,Dito,,
rv_0362,3 - vocabulary,Kena,Diyan,,
rv_0363,3 - vocabulary,Karin,Doon,,
rv_0364,3 - vocabulary,Metung,Isa,,
rv_0365,3 - vocabulary,Addua,Dalawa,,
rv_0366,3 - vocabulary,Atlu,Tatlo,,
rv_0367,3 - vocabulary,Apat,Apat,,
rv_0368,3 - vocabulary,Lima,Lima,,
rv_0369,3 - vocabulary,Anam,Anim,,
rv_0370,3 - vocabulary,Pitu,Pito,,
rv_0371,3 - vocabulary,Walu,Walo,,
rv_0372,3 - vocabulary,Siam,Siyam,,
rv_0373,3 - vocabulary,Apulu,Sampu,,
rv_0374,3 - vocabulary,Labing-metung,Labing-isa,,
rv_0375,3 - vocabulary,Labing-addua,Labing-dalawa,,
rv_0376,3 - vocabulary,Adduang pulu,Dalawampu,,
rv_0377,3 - vocabulary,Dalan / Metung a dalan,Isandaan,,
rv_0378,3 - vocabulary,Libu / Metung a libu,Isang libo,,
rv_0379,3 - vocabulary,Ngeni,Ngayon,,
rv_0380,3 - vocabulary,Napun,Kahapon,,
rv_0381,3 - vocabulary,Bukas,Bukas,,
rv_0382,3 - vocabulary,Nandin,Kanina,,
rv_0383,3 - vocabulary,Pota,Mamaya,,
rv_0384,3 - vocabulary,Aldo,Araw,,
rv_0385,3 - vocabulary,Ugto,Tanghali,,
rv_0386,3 - vocabulary,Bengi,Gabi,,
rv_0387,3 - vocabulary,Abak,Umaga,,
rv_0388,3 - vocabulary,Gatpanapun,Hapon,,
rv_0389,3 - vocabulary,Domingo / Linggu,Linggo,,
rv_0390,3 - vocabulary,Bulan,Buwan,,
rv_0391,3 - vocabulary,Banua,Taon,,
rv_0392,3 - vocabulary,Tatang / Ibpa,Ama / Tatay,,
rv_0393,3 - vocabulary,Indu / Ima,Ina / Nanay,,
rv_0394,3 - vocabulary,Anak,Anak,,
rv_0395,3 - vocabulary,Kaputol / Kapatad,Kapatid,,
rv_0396,3 - vocabulary,Pangane,Panganay,,
rv_0397,3 - vocabulary,Bunsso,Bunso,,
rv_0398,3 - vocabulary,Apu a lalaki,Lolo,,
rv_0399,3 - vocabulary,Apu a babai,Lola,,
rv_0400,3 - vocabulary,Bapa,Tiyo / Tito,,
rv_0401,3 - vocabulary,Dara,Tiya / Tita,,
rv_0402,3 - vocabulary,Pisan,Pinsan,,
rv_0403,3 - vocabulary,Pangunakan,Pamangkin,,
rv_0404,3 - vocabulary,Asawa,Asawa,,
rv_0405,3 - vocabulary,Kasintahan / Novia,Kasintahan / Nobya / Nobyo,,
rv_0406,3 - vocabulary,Kaluguran,Kaibigan,,
rv_0407,3 - vocabulary,Kambal,Kambal,,
rv_0408,3 - vocabulary,Tau,Tao,,
rv_0409,3 - vocabulary,Lalaki,Lalaki,,
rv_0410,3 - vocabulary,Babai,Babae,,
rv_0411,3 - vocabulary,Buntuk,Ulo,,
rv_0412,3 - vocabulary,Bwak / Buak,Buhok,,
rv_0413,3 - vocabulary,Mata,Mata,,
rv_0414,3 - vocabulary,Arung,Ilong,,
rv_0415,3 - vocabulary,Asbuk,Bibig,,
rv_0416,3 - vocabulary,Dila,Dila,,
rv_0417,3 - vocabulary,Balugbug,Tenga,,
rv_0418,3 - vocabulary,Gamat,Kamay,,
rv_0419,3 - vocabulary,Taliri,Daliri,,
rv_0420,3 - vocabulary,Bitis,Paa,,
rv_0421,3 - vocabulary,Pusu,Puso,,
rv_0422,3 - vocabulary,Atian / Atsan,Tiyan,,
rv_0423,3 - vocabulary,Gulut,Likod,,
rv_0424,3 - vocabulary,Sakit,Sakit,,
rv_0425,3 - vocabulary,Bucung-bucung,Bukung-bukong,,
rv_0426,3 - vocabulary,Galang-galangan,Galang-galangan,,
rv_0427,3 - vocabulary,Pamangan,Pagkain,,
rv_0428,3 - vocabulary,Danum,Tubig,,
rv_0429,3 - vocabulary,Nasi,Kanin,,
rv_0430,3 - vocabulary,Ulam / Asan,Ulam,,
rv_0431,3 - vocabulary,Asan / Isda,Isda,,
rv_0432,3 - vocabulary,Karne,Karne,,
rv_0433,3 - vocabulary,Gule,Gulay,,
rv_0434,3 - vocabulary,Prutas,Prutas,,
rv_0435,3 - vocabulary,Asukar,Asukal,,
rv_0436,3 - vocabulary,Asin,Asin,,
rv_0437,3 - vocabulary,Suka,Suka,,
rv_0438,3 - vocabulary,Kape,Kape,,
rv_0439,3 - vocabulary,Gatas,Gatas,,
rv_0440,3 - vocabulary,Mangan,Kumain,,
rv_0441,3 - vocabulary,Minum,Uminom,,
rv_0442,3 - vocabulary,Maglutu,Magluto,,
rv_0443,3 - vocabulary,Kakanan,Kainan,,
rv_0444,3 - vocabulary,Angin,Hangin,,
rv_0445,3 - vocabulary,Uran,Ulan,,
rv_0446,3 - vocabulary,Bituin,Bituin,,
rv_0447,3 - vocabulary,Langit,Langit,,
rv_0448,3 - vocabulary,Labi / Lupa / Gabun,Lupa,,
rv_0449,3 - vocabulary,Dagat,Dagat,,
rv_0450,3 - vocabulary,Ilug,Ilog,,
rv_0451,3 - vocabulary,Bundok / Bunduc,Bundok,,
rv_0452,3 - vocabulary,Pun,Puno,,
rv_0453,3 - vocabulary,Bulung,Dahon,,
rv_0454,3 - vocabulary,Bulaklak / Bulaclac,Bulaklak,,
rv_0455,3 - vocabulary,Hayop / Ayup,Hayop,,
rv_0456,3 - vocabulary,Ayup,Ibon,,
rv_0457,3 - vocabulary,Pau,Pagong,,
rv_0458,3 - vocabulary,Matsing,Matsing,,
rv_0459,3 - vocabulary,Alitaptap,Alitaptap,,
rv_0460,3 - vocabulary,Gorilya,Gorilya,,
rv_0461,3 - vocabulary,Lakad / Lumakad,Lakad / Lumakad,,
rv_0462,3 - vocabulary,Mulayi,Takbo / Tumakbo,,
rv_0463,3 - vocabulary,Tulug / Matulug,Tulog / Matulog,,
rv_0464,3 - vocabulary,Gising / Migising,Gising / Gumising,,
rv_0465,3 - vocabulary,Basa / Magbasa,Basa / Magbasa,,
rv_0466,3 - vocabulary,Sulat / Sumulat,Sulat / Magsulat,,
rv_0467,3 - vocabulary,Aral / Mag-aral,Aral / Mag-aral,,
rv_0468,3 - vocabulary,Obra / Magobra,Trabaho / Magtrabaho,,
rv_0469,3 - vocabulary,Sali / Sumali,Bili / Bumili,,
rv_0470,3 - vocabulary,Munta / Muna,Punta / Pumunta,,
rv_0471,3 - vocabulary,Datang / Dumatang,Dating / Dumating,,
rv_0472,3 - vocabulary,Lawi / Lawen,Tingin / Tumingin,,
rv_0473,3 - vocabulary,Ramdam / Makiramdam,Rinig / Makinig,,
rv_0474,3 - vocabulary,Salita / Magsalita,Salita / Magsalita,,
rv_0475,3 - vocabulary,Baldug / Mabaldag,Bagsak / Mahulog,,
rv_0476,3 - vocabulary,Isip / Pamisip,Isip / Mag-isip,,
rv_0477,3 - vocabulary,Nintun / Panintunan,Hanap / Maghanap,,
rv_0478,3 - vocabulary,Kalingwan / Kakalinguan,Limot / Makalimutan,,
rv_0479,3 - vocabulary,Kibat / Pakibatan,Sagot / Sumagot,,
rv_0480,3 - vocabulary,Din / Dinan,Bigay / Magbigay,,
rv_0481,3 - vocabulary,Buri,Nais / Gusto,,
rv_0482,3 - vocabulary,Masanting,Maganda,,
rv_0483,3 - vocabulary,Maragul,Malaki,,
rv_0484,3 - vocabulary,Malati,Maliit,,
rv_0485,3 - vocabulary,Matula,Masaya,,
rv_0486,3 - vocabulary,Malungkut,Malungkot,,
rv_0487,3 - vocabulary,Mapali,Mainit,,
rv_0488,3 - vocabulary,Marimla,Malamig,,
rv_0489,3 - vocabulary,Manyaman,Masarap,,
rv_0490,3 - vocabulary,Mabilis / Malagwa,Mabilis,,
rv_0491,3 - vocabulary,Mabagal,Mabagal,,
rv_0492,3 - vocabulary,Mataas,Mataas,,
rv_0493,3 - vocabulary,Mababa,Mababa,,
rv_0494,3 - vocabulary,Bayu,Bago,,
rv_0495,3 - vocabulary,Luma,Luma,,
rv_0496,3 - vocabulary,Matua,Matanda,,
rv_0497,3 - vocabulary,Masikan / Masikanan,Malakas,,
rv_0498,3 - vocabulary,Matapat,Matapat,,
rv_0499,3 - vocabulary,Yumu / Mayumu,Tamis / Matamis,,
rv_0500,3 - vocabulary,Mayap a bengi pu kecayu.,Magandang gabi po sa inyo.,,
rv_0501,3 - vocabulary,Atin ca waring camaganac a ating capareung saket?,May kakilala ka ba sa pamilya mo na may ganyang sakit din?,,
rv_0502,3 - vocabulary,Nucarin ya ing seli cung lapis nandin?,Saan ko nabili ang lapis kanina?,,
rv_0503,3 - vocabulary,Nanu ing lagyu mu?,Anong pangalan mo?,,
rv_0504,3 - vocabulary,Ing lagyu ku...,Ang pangalan ko ay...,,
rv_0505,4 - double-check,Ipagpaumahin yu pu ing cacung pamagcamali.,Ipagpaumanhin po ninyo ang aking pagkakamali.,,
rv_0506,4 - double-check,Tanggapan ye pu ing kecaming taus pusung pamipasalamat!,Tanggapin po ninyo ang aming taós pusong pasasalamat!,,
rv_0507,4 - double-check,Maligayang Pascu pu at masaplalang bayung banua.,Maligayang Pasko po at manígong bagong taon.,,
rv_0508,4 - double-check,Tanggapan ye pu ing cacung pamakirame.,Tanggapin mo ang aking pakikiramay.,,
rv_0509,4 - double-check,Catutula cu pu ing akilala da cayu.,Ikinagagalak ko po kayong makilala.,,
rv_0510,4 - double-check,Maligayang puge king kecang pamamupus.,Maligayang bati sa iyong pagtatapos.,,
rv_0511,4 - double-check,Anga keng pasibayung pamiikit.,Magkita na lang po tayo sa susunod.,,
rv_0512,4 - double-check,Ing e biasang melikid king penibatan e ya miras king puntalan.,Ang hindi marunong lumingon sa pinanggalingan ay hindi makararatíng sa paroroonan.,,
rv_0513,4 - double-check,"Acu ing mitanam, ing binayu at siniasat, saca niang melutu aliua ya ing mengan.","Ako ang nagbayo, ako ang nagsaing, saka ng maluto'y iba ang kumain.",,
rv_0514,4 - double-check,"King kecaban man ning prucicion, king pisamban mu rin malaus.","Pagkahaba-haba man ng prusisyon, sa simbahan din ang tuloy.",,
rv_0515,4 - double-check,"Ing matapat a caluguran, tune yang ayasaan.",Ang tunay na kaibigan karamay kailan man.,,
rv_0516,4 - double-check,"Ing panakit da king pau metung yang macalunus, malati at alang male a bage, dapot maingat king capamaralan, migit yang calunusan kesa hangaan o igalang caya.","Ang tingin nila sa pagong ay isang kaawa-awa, maliit at walang malay na bagay, ngunit maingat sa pamamaraan, higit na kinaaawaan kaysa hangaan o igalang kaya.",,
rv_0517,4 - double-check,"Ing matsing caring aduang pabulang deti ginanap yang metung a papil, sakim, magaspang, maroc at mapag-iganti; ing king Japong mitmung kaki ya ing pun saging king Filipinas, saguling tumubu at mamunga kesa caring aliuang pun dutung.","Ang matsing sa dalawang pabulang ito'y gumaganap ng isang papel, masakim, magaspang, balakyot at mapaghiganti; ang sa Hapong puno ng kaki ay siyang punong saging sa Pilipinas, madaling tumubo at mamunga kaysa ibang mga punongkahoy.",,
rv_0518,4 - double-check,"Inyang miras king carelang beluan ing magbantang himagsican ding Filipino, lalu na inyang abalu dang I Bernardo yang apipisil da ban manimunu caniti, labis lang mebahala ding dayuhang Castila.","Nang makarating sa kanilang kaalaman ang nagbabantang himagsikan ng mga Pilipino, lalu na nang mapag-alaman nilang si Bernardo ang napipisil na mamuno, ay labis na ikinabahala eto ng mga Kastila.",,
rv_0519,4 - double-check,"Misan a bengi, maglacad ya I Iput-Ipot, (ing alitaptap) papunta king bale ning cayang caluguran. Iniang miparalan ya king tapat ng bale Amomo ngo (ing gorilya), kitnan ne niti: “Hoy, Iput-Ipot, obat pane cang ating dala-dalang sulu?” Mekibat ya I Iput-Ipot: “Uling tatacut ku king amuc.”","""Hoy, Iput-Iput, bakit lagi kang may dala-dalang ilaw?"" Sumagot si Iput-Iput: "" Dahil natatakot ako sa mga lamok.""",,
rv_0520,4 - double-check,Agad deng inanyayan I Bernardo king metung a pamipulung ban canu maramdam ing caraingan ding Filipino.,Agad nilang inanyayahan si Bernardo sa isang pagpupulong upang diumano ay dinggin ang karaingan ng mga Pilipino.,,
rv_0521,4 - double-check,"Iti metung yang masanting a pun, ating mangaragul a aluntiang bulung, at atin yang uyat a balamu cararagsa na pa mu caibat na ning baguiu. Sinaca re king pampang ing pun saging.","Ito'y isang magandang puno, may malalaki't luntiang dahon, at may mga ugat pang wari'y kabubuwal lamang pagkatapos ng bagyo.",,
rv_0522,4 - double-check,Pauli ning cayang matatag a pamanimunu at pam bihirang sicanan mebahala la ding Castila king maliaring agawa nang Bernardo ban managumpe ing himagsican laban caring mapaniacup.,Dahil sa kanyang matatag na pamumuno at pambihirang lakas ay nabahala ang mga kastila sa magagawa ni Bernardo upang maging matagumpay ang himagsikan laban sa mga mananakop.,,
rv_0523,4 - double-check,"“Mituki cang cacampi mu uling mituki cung libu-libung gorilya a mas mangaragul pa canacu.” Sinabi nang Amomongo ban tacutan ne i alitaptap, a king pakiwari na masisira ne buntuc.","Sinabi ito ni Amomongo upang takutin ang alitaptap,"" na sa pakiwari niya ay nasisiraan ng ulo.",,
rv_0524,4 - double-check,Mamayad ca king kecang carocan; dapat cang mate. Dapot uling maganaca cu papamilinan daca king kecang camatayan. Bayuan da ca king lusong o iyugse king ilug? Insanu ing buri mu?,"Babayuhin ba kita sa lusóng o itatapon sa ilog? Alin ang ibig mo?""",,
rv_0525,4 - double-check,Agad yang si nulapo I Iput-Ipot king arung ning gorilya at silu gian ne iti.,Dagling lumipad si Iput-Iput sa ilong ng gorilya at inilawan niya ito.,,
rv_0526,4 - double-check,Nucarin cayu pu macatucnang?,Saan po kayo nakatira?,,
rv_0527,4 - double-check,Maligayang bati pu.,Maligayang bati po.,,
rv_0528,4 - double-check,Mayap a abac pu kecayu.,Magandang umaga po sa inyo.,,
rv_0529,4 - double-check,Mawawala wari ing gamit na?,Nawawala ba ang gamit niya?,,
rv_0530,4 - double-check,Macananu nang ikit ing gamit nang James?,Paano niya nahanap ang gamit ni James?,,
rv_0531,4 - double-check,"Tigtig ya wari i Francisco, o magcanta?","Tutugtog ba si Francisco, o kakanta?",,
rv_0532,4 - double-check,Caduampulu't pitung,ikadalawampu't pitong,,
rv_0533,4 - double-check,Caduampulu't atlu,ikadalawampu't tatlo,,
rv_0534,4 - double-check,Salucuiang,kasalukuyang,,
rv_0535,4 - double-check,Bugsu ning angin,bugso ng hangin,,
rv_0536,4 - double-check,Maialumigmig,halumigmig,,
rv_0537,4 - double-check,Madalumdum,makulimlim,,
rv_0538,4 - double-check,Espana,Espanya,,
rv_0539,4 - double-check,Pangaratang,dumating,,
rv_0540,4 - double-check,palakingkingan,palakingkingan,,
rv_0541,4 - double-check,Manuyang,manugang,,
rv_0542,4 - double-check,Capalsintan,kasintahan,,
rv_0543,5 - stories (already native-authored; light spot-check only),"""Muli ya ngeni i Sally!"" anang Ima.","""Uuwi na ngayon si Sally!"" sabi ni Ina.",,
rv_0544,5 - stories (already native-authored; light spot-check only),Tinuki yang sinagana i Ben kari Tatang na at Ima.,Sinamahan ni Ben sa paghahanda sina Itay at Ina.,,
rv_0545,5 - stories (already native-authored; light spot-check only),Melakwan ya king bale i Darang Rosa para magsadyang pamangan.,Pumunta sila sa bahay ni Darang Rosa para maghanda ng pagkain.,,
rv_0546,5 - stories (already native-authored; light spot-check only),Paboritu nang Sally ing bibingka at sabo buku.,Paborito ni Sally ang bibingka at sabaw na buko.,,
rv_0547,5 - stories (already native-authored; light spot-check only),"""Kasaya ko,"" anang Ben.","""Ang saya ko,"" sabi ni Ben.",,
rv_0548,5 - stories (already native-authored; light spot-check only),"""Malambat ne murin e makauli i atsi king obra na.","""Matagal na siyang hindi umuuwi dahil sa trabaho niya, ang ate ko.",,
rv_0549,5 - stories (already native-authored; light spot-check only),"Nanu kaya ing pasalubung na kanaku?"" anang sinabi.","Ano kaya ang pasalubong niya sa akin?"" sabi niya.",,
rv_0550,5 - stories (already native-authored; light spot-check only),"""Karakal da nang bus a dinatang.","""Marami nang bus ang dumating.",,
rv_0551,5 - stories (already native-authored; light spot-check only),"Bakit alayupa i Sally?"" kutang ng Tatang.","Bakit hindi pa dumarating si Sally?"" tanong ni Itay.",,
rv_0552,5 - stories (already native-authored; light spot-check only),"""Malapit neng dalumdum ing aldo.","""Malapit nang dumilim.",,
rv_0553,5 - stories (already native-authored; light spot-check only),Panayan taya ing tutuking bus.,Hintayin natin ang susunod na bus.,,
rv_0554,5 - stories (already native-authored; light spot-check only),"Pot atyu ne karin, migaganakang sabi ng Ima.","Basta dumating na siya, masaya na tayo,"" sabi ni Ina.",,
rv_0555,5 - stories (already native-authored; light spot-check only),Minum ya king boti nang danum i Ben bayu ya megsalita.,Uminom ng tubig sa bote si Ben bago siya nagsalita.,,
rv_0556,5 - stories (already native-authored; light spot-check only),Migaganaka yamu naman.,Masaya rin sila.,,
rv_0557,5 - stories (already native-authored; light spot-check only),"""Datang ne pu kanyan i atsi,"" anang Ben kang Ima na.","""Dumating na po siguro ang ate,"" sabi ni Ben kay Ina.",,
rv_0558,5 - stories (already native-authored; light spot-check only),"""Oyni na ing bus, yapin na ing talwing dating ini.","""Nandito na ang bus, ito na ang ika-tatlumpung dumating.",,
rv_0559,5 - stories (already native-authored; light spot-check only),"Atyu ne sana keni i Sally,"" sabi nang Tatang.","Baka nandito na si Sally,"" sabi ni Itay.",,
rv_0560,5 - stories (already native-authored; light spot-check only),Kabuklat ning pasbul ning bus mabilis yang tinipa i Sally.,"Nang mabuksan ang pinto ng bus, mabilis na sumugod si Sally.",,
rv_0561,5 - stories (already native-authored; light spot-check only),Masaya nalang pengawul ding pamilya na.,Masaya ang pagsalubong ng kanyang pamilya.,,
rv_0562,5 - stories (already native-authored; light spot-check only),"""Ima, Tatang, salamat namu at miras naku,"" anang sinabi.","""Ina, Itay, salamat at nakauwi ako,"" sabi niya.",,
rv_0563,5 - stories (already native-authored; light spot-check only),"""Migaganaka kami keka,"" sabi nang tatang.","""Masaya kami para sa'yo,"" sabi ni Itay.",,
rv_0564,5 - stories (already native-authored; light spot-check only),"""Tara na bale manaya ing paborito mung pamangan,"" sabi ng Ima.","""Halika na sa bahay, ihahanda natin ang paborito mong pagkain,"" sabi ni Ina.",,
rv_0565,5 - stories (already native-authored; light spot-check only),Sinopan deng memwat di Ben at Tatang I atsi na.,Sina Ben at Itay ang bumuhat ng bagahe ng kanyang ate.,,
rv_0566,5 - stories (already native-authored; light spot-check only),Minta ya king tindaan i Roy.,Pumunta si Roy sa tindahan.,,
rv_0567,5 - stories (already native-authored; light spot-check only),Sali yang asin para king lulutu nang Ima na.,Bibili siya ng asin para sa niluluto ng kanyang Ina.,,
rv_0568,5 - stories (already native-authored; light spot-check only),Ikit ne king tindaan i Cris.,Nakita niya sa tindahan si Cris.,,
rv_0569,5 - stories (already native-authored; light spot-check only),Pepakit ne kang Cris ing bayu nang piyalungang robot.,Ipinakita ni Cris kay Roy ang bago niyang laruang robot.,,
rv_0570,5 - stories (already native-authored; light spot-check only),Melibang ya king piyalungan i Roy.,Naaliw si Roy sa laruan.,,
rv_0571,5 - stories (already native-authored; light spot-check only),Mebigla ya anyang kutnan neng Aling Belen.,Nagulat siya nang tanungin siya ni Aling Belen.,,
rv_0572,5 - stories (already native-authored; light spot-check only),"""Nanu ing salwan mu?""","""Ano ang bibilhin mo?""",,
rv_0573,5 - stories (already native-authored; light spot-check only),E mekapakibat i Roy.,Hindi agad nakasagot si Roy.,,
rv_0574,5 - stories (already native-authored; light spot-check only),Akalingwan na ing sasalwan na.,Nakalimutan niya kung ano ang bibilhin niya.,,
rv_0575,5 - stories (already native-authored; light spot-check only),Kitnan neng Aling Belen nung nanu ing gagawan ng Ima na.,Tinanong siya ni Aling Belen kung ano ang ginagawa ng kanyang Ina.,,
rv_0576,5 - stories (already native-authored; light spot-check only),"Mayli nang pekibat Roy, ""Maglutu yapo. Sali ke pong asin.""","Naalala ni Roy at sumagot, ""Nagluluto po siya. Bibili po ako ng asin.""",,
rv_0577,5 - stories (already native-authored; light spot-check only),Pepasalamat ya i Roy kang Aling Belen uling ikwa nang aganaka ing dapat nang salwan.,Nagpasalamat si Roy kay Aling Belen dahil natulungan siya na maalala kung ano talaga ang dapat niyang bilhin.,,
rv_0578,5 - stories (already native-authored; light spot-check only),Pemawas nala sangang Tatang ding tanaman.,Pinutol ni Itay ang mga sanga ng puno.,,
rv_0579,5 - stories (already native-authored; light spot-check only),Kakuldas na piglako na la bulung ding sangang pemutut na.,Nadumihan ang paligid ng mga dahon ng mga sangang pinutol niya.,,
rv_0580,5 - stories (already native-authored; light spot-check only),Mitambak ing dakal a bulung.,Natambak ang maraming dahon.,,
rv_0581,5 - stories (already native-authored; light spot-check only),"""Marita, Eddie sopan yu kaming Ima yu,"" anang tatang.","""Marita, Eddie, tulungan ninyo ang inyong Ina,"" sabi ni Itay.",,
rv_0582,5 - stories (already native-authored; light spot-check only),"""Dapat tamung ayaring linisan ini ngeni.","""Dapat na natin itong linisin ngayon.",,
rv_0583,5 - stories (already native-authored; light spot-check only),Lunis na bukas.,Lunes na bukas.,,
rv_0584,5 - stories (already native-authored; light spot-check only),"Magaral kayu at aku magobra ku,"" anang sinabi.","Mag-aaral kayo at magtatrabaho ako,"" sabi niya.",,
rv_0585,5 - stories (already native-authored; light spot-check only),Mabilis lang sinawup.,Mabilis silang nagtulungan.,,
rv_0586,5 - stories (already native-authored; light spot-check only),Memalis ya i Marita.,Nagwalis si Marita.,,
rv_0587,5 - stories (already native-authored; light spot-check only),Tinipun ng Ima ing bulung.,Tinipon ng Ina ang mga dahon.,,
rv_0588,5 - stories (already native-authored; light spot-check only),Menyaluk neman bulung at sukal i Eddie.,Naghakot naman ng dahon at sanga si Eddie.,,
rv_0589,5 - stories (already native-authored; light spot-check only),Binwat ng Tatang ing atipun dang sukal at bulung.,Binuhat ni Itay ang tinipong sanga at dahon.,,
rv_0590,5 - stories (already native-authored; light spot-check only),Inugse na ini king kulkul.,Inilagay niya ito sa basurahan.,,
rv_0591,5 - stories (already native-authored; light spot-check only),"""Lawen yu na, istung sawup-sawup tamu agad mayayari ing obra,"" anang Tatang.","""Tingnan ninyo, kung magtutulungan tayo, agad matatapos ang trabaho,"" sabi ni Itay.",,
rv_0592,5 - stories (already native-authored; light spot-check only),Kinwa ne ing palis tingting.,Kinuha niya ang walis tingting.,,
rv_0593,5 - stories (already native-authored; light spot-check only),"""Lawen ye ining palis.","""Tingnan ninyo ang walis na ito.",,
rv_0594,5 - stories (already native-authored; light spot-check only),Nung ing metung mung tingting ing gamitan siguradung eya agad mayari ing obra.,"Kung isang tingting lang ang gagamitin, tiyak na hindi ito agad makakapaglinis.",,
rv_0595,5 - stories (already native-authored; light spot-check only),"Pero nung piyabe-abe la atitaling matigik ring tingting siguradung mayari agad ing obra.""","Pero kung pinagsama-sama at itinali ang maraming tingting, tiyak na madaling matatapos ang gawain.""",,
rv_0596,5 - stories (already native-authored; light spot-check only),"""Anti tamu naman palis tingting,"" anang Ima.","""Tulad tayo ng walis tingting,"" sabi ni Ina.",,
rv_0597,5 - stories (already native-authored; light spot-check only),"""Uling misaup-saup tamu, agad meyari ing kekatamung gagawan a obra.""","""Dahil nagtutulungan tayo, agad natatapos ang gawaing kailangan nating gawin.""",,
rv_0598,5 - stories (already native-authored; light spot-check only),"""Anette..Anette.. Aneeeeete!"" gulisak ng Aling Sion.","""Anette... Anette... Aneeeeete!"" sigaw ni Aling Sion.",,
rv_0599,5 - stories (already native-authored; light spot-check only),Alus buung Baranggay Virgen Delos Remedios daramdaman de.,Halos maririnig siya sa buong Baranggay Virgen Delos Remedios.,,
rv_0600,5 - stories (already native-authored; light spot-check only),Pero anggang anino na mung Anette ala yang ikit.,Pero kahit anino man lang ni Anette ay wala siyang nakita.,,
rv_0601,5 - stories (already native-authored; light spot-check only),"""Nukarin ne naman kaya minta ing anak kung ini,"" anag sinabi.","""Saan naman kaya pumunta ang anak ko?"" sabi niya.",,
rv_0602,5 - stories (already native-authored; light spot-check only),Parati na mung anti kanini ing malilyari.,Palagi na lamang ganito ang nangyayari.,,
rv_0603,5 - stories (already native-authored; light spot-check only),Apanugalyan ng Anette ing mamyalung anggang sisilim.,Sanay na si Anette na maglaro hanggang gumabi.,,
rv_0604,5 - stories (already native-authored; light spot-check only),Ali ya muli anggang ali la minuli ding kayang kakyalung.,Hindi siya umuuwi hanggang hindi umuuwi ang kanyang mga kalarong kaibigan.,,
rv_0605,5 - stories (already native-authored; light spot-check only),Ing pamamyalung yang sikasu na.,Ang paglalaro ang una niyang inaalala.,,
rv_0606,5 - stories (already native-authored; light spot-check only),"Anggang ali ya mangan, mamyalung ya sana.","Hanggang hindi siya kumakain, maglalaro pa rin siya.",,
rv_0607,5 - stories (already native-authored; light spot-check only),Atin pang pamitagun na pati pamandilu akalingwan na.,"May mga gawain pa siyang dapat gawin, pati na ang paghuhugas ng kamay na nakalimutan na niya.",,
rv_0608,5 - stories (already native-authored; light spot-check only),"""Ima mangan tana po. Danupan nakung danupan,"" anang megmakalunus Anette kang Ima na at diniretsu yang minta king lamesa.","""Ina, kakain na po tayo. Gutom na gutom na po ako,"" sabi ng pagod na si Anette sa kanyang Ina habang dumederetso siya sa hapag-kainan.",,
rv_0609,5 - stories (already native-authored; light spot-check only),"""Saguli,"" anang ima na.","""Sandali,"" sabi ng kanyang Ina.",,
rv_0610,5 - stories (already native-authored; light spot-check only),"""Wasan mula pa ding gamat mu, sobra la karinat,"" anang Ima na.","""Marumi pa ang iyong mga kamay, napakadumi nila,"" sabi ng kanyang Ina.",,
rv_0611,5 - stories (already native-authored; light spot-check only),Pero aline pekiramdaman i Ima na at mengan yang marinat gamat.,Pero hindi pinansin ito ni Anette at kumain siya na may maruming kamay.,,
rv_0612,5 - stories (already native-authored; light spot-check only),"Kaybat nang mengan, linwal ne naman para mamyalung anggang disoras na at penintun na la pa ding kayang kakyalung.","Pagkatapos kumain, lumabas na naman siya para maglaro hanggang sa oras na, at hinanap niya ang kanyang mga kalarong kaibigan.",,
rv_0613,5 - stories (already native-authored; light spot-check only),"Kaybat na nita, minuli yang kikyak i Anette, ""Ima, ana, sobra ya kasakit ing kakung atyan.""","Pagkatapos noon, umuwi si Anette na umiiyak, ""Ina, ang sakit ng tiyan ko.""",,
rv_0614,5 - stories (already native-authored; light spot-check only),"""King malumane boses, anang Ima na kaya,"" Yan ing maralas kung sasabyan keka.","Sa mahinang tinig, sinabi sa kanya ng kanyang Ina, ""Iyan ang madalas kong sinasabi sa iyo.",,
rv_0615,5 - stories (already native-authored; light spot-check only),Ali ka maglakto keng pamamangan.,Huwag kang magpabaya sa pagkain.,,
rv_0616,5 - stories (already native-authored; light spot-check only),Kaylangan mula ring linisan ding gamat mu bayu mangan at kaylangan ding paynawa ka.,"Kailangan mong linisin ang iyong mga kamay bago kumain, at kailangan mong magpahinga.""",,
rv_0617,5 - stories (already native-authored; light spot-check only),"King kerakalan da ring klasi king Delos Remedios Elementary School, ing Grade III Seksyun I yang pasibayung miparangalang, ""Most Environment Friendly"" a klasi ngening banwang ini.","Sa lahat ng klase sa Delos Remedios Elementary School, ang Grade III Seksyon 1 ang muling nagwagi bilang ""Most Environment Friendly"" na klase ngayong taon.",,
rv_0618,5 - stories (already native-authored; light spot-check only),"Anyakitnan da la ring karelang sikretu nung bakit ila parati ing manyambut kilub ning tuki-tuking limang banwa, pelino de ing karelang paralan.","Ibinunyag nila ang kanilang sikreto kung bakit sila palaging nananalo sa loob ng limang magkakasunod na taon, at ibinahagi nila ang kanilang paraan.",,
rv_0619,5 - stories (already native-authored; light spot-check only),"I Gng. Manipon, ing karelang mestra, sinabi nang patupad na king kayang klasi ing, ""Ibulsa ing Sariling Basura"" kilub ning pabanwa, susubay-bayan na la ring anak king kayang klasi anggang medisiplina la.","Sinabi ni Gng. Manipon, ang kanilang guro, na ipinapatupad niya sa kanyang klase ang ""Ibulsa ang Sariling Basura"" sa buong taon, at sinusubaybayan niya ang mga bata sa kanyang klase hanggang sila ay maging disiplinado.",,
rv_0620,5 - stories (already native-authored; light spot-check only),Pagawa na rin ini kareng karelang pibale-bale.,Ginagawa rin nila ito sa kani-kanilang mga bahay.,,
rv_0621,5 - stories (already native-authored; light spot-check only),"Ngenim banwang ini, ing pekamaragul dang proyektu iyapin ing ""Gamitan Pasibayu ing Bage Megamit"".","Ngayong taon, ang pinakamalaking proyekto nila ay ang ""Muling Gamitin ang mga Nagamit na Bagay.""",,
rv_0622,5 - stories (already native-authored; light spot-check only),Tungkul ya ini king pamagrecycle kareng megamit nang bage.,Ito ay tungkol sa pag-recycle ng mga nagamit na bagay.,,
rv_0623,5 - stories (already native-authored; light spot-check only),"Sinabi da reng anak na mekakolekta lang marakal a bage kalupa ning lumang diaryu, kartun, boti at aliwa pa.","Sinabi ng mga bata na nangongolekta sila ng maraming bagay tulad ng lumang diyaryo, karton, boti, at iba pa.",,
rv_0624,5 - stories (already native-authored; light spot-check only),"Ibat kareng akolekta rang gamit, mekagawa lang plorera a Paper Mache, mangalating animalis at dukanan lapis na karelang penakitan ginamit dala para makapagpagawa lang sariing banyu king karelang kwartu.","Mula sa mga nakolektang gamit, nakagawa sila ng plorera na gawa sa paper mache, iba't ibang hugis-hayop, at lalagyan ng lapis, na ang naipong benta ay ginagamit nila para makagawa ng sarili nilang pondo sa kanilang klase.",,
rv_0625,5 - stories (already native-authored; light spot-check only),Asahan nang Gng. Ramos na pakyapusada ing gewa da ring aliwa pa.,Umaasa si Gng. Ramos na matatapos ang iba pa nilang ginagawa.,,
rv_0626,5 - stories (already native-authored; light spot-check only),"Agkatan na lang mag ""Reduce, Reuse, at Recycle"".","Hinihikayat niya ang lahat na mag-""Reduce, Reuse, at Recycle.""",,
rv_0627,5 - stories (already native-authored; light spot-check only),"Ana pin, ""Manakitan na ka, Makasaup ka pa king kapaligiran.""","Sabi pa niya, ""Kikita ka pa, at makakatulong ka pa sa kapaligiran.""",,
rv_0628,5 - stories (already native-authored; light spot-check only),"King Bunduk Arayat king Pampanga ating makatuknang metung a engkantada, i Mariang Sinukwan.","Sa Bundok Arayat sa Pampanga, may naninirahang isang engkantada, si Mariang Sinukwan.",,
rv_0629,5 - stories (already native-authored; light spot-check only),"Tune yang malagu i Maria, matas ya at talagang makaenganyung lalawen.","Talagang maganda si Maria, matangkad siya at talagang kahali-halinang tingnan.",,
rv_0630,5 - stories (already native-authored; light spot-check only),Deng tau karin lalawen de anti mong metung a diyosa.,Ang mga taong nakakakita sa kanya doon ay iniisip na siya ay isang diyosa.,,
rv_0631,5 - stories (already native-authored; light spot-check only),"Uling talagang maganaka ya, sosopan na lang Maria deng taung manuknangan king palibut ning bunduk.","Dahil talagang mapagbigay siya, sinusuportahan ni Maria ang mga taong naninirahan sa paligid ng bundok.",,
rv_0632,5 - stories (already native-authored; light spot-check only),"Mamili yang miyayaliwang prutas, gule at aliwa pang apangan da reng tau kareng tarangkahan da reng balang bale.","Namimili siya ng iba't ibang prutas, gulay, at iba pang pagkain para sa mga tao sa may tarangkahan ng bawat bahay.",,
rv_0633,5 - stories (already native-authored; light spot-check only),Palagad-lagad papakit ya rin i Maria kareng taung kayang dirinan.,"Paminsan-minsan, nagpapakita rin si Maria sa mga taong malapit sa kanyang tinitirhan.",,
rv_0634,5 - stories (already native-authored; light spot-check only),"Ban ipakit da ring tau ing karelang pamipasalamat kang Maria, mengaku la na ali mukyat king bunduk nang Mariang Sinukwan.","Upang ipakita ng mga tao ang kanilang pasasalamat kay Maria, nangako sila na hindi aakyat sa bundok ni Mariang Sinukwan.",,
rv_0635,5 - stories (already native-authored; light spot-check only),Pengaku da murin na alila mandakap animals at manag tal karetang sampaga at aliwa pang bungang tanaman king bunduk.,Nangako rin sila na hindi manghuhuli ng mga hayop at pipitas ng sampagita at iba pang bungang tanim sa bundok.,,
rv_0636,5 - stories (already native-authored; light spot-check only),Pero ating bayung sibul a kayanakan a meging mapangahas at meging makasarili.,Ngunit may bagong lipi ng mga kabataang naging pangahas at naging makasarili.,,
rv_0637,5 - stories (already native-authored; light spot-check only),"Misan a aldo, minukyat la king bunduk at megdala lang dakal a saku.","Isang araw, umakyat sila sa bundok at nagdala ng maraming sako.",,
rv_0638,5 - stories (already native-authored; light spot-check only),Kitmu dala ngan deng karelang saku karetang miyayaliwang bungang gule at prutas akit da king bunduk.,Pinuno nila ang kanilang mga sako ng iba't ibang prutas at gulay na nakita nila sa bundok.,,
rv_0639,5 - stories (already native-authored; light spot-check only),Pati animales dekap da la at dinatuk keng saku.,Pati mga hayop ay hinuli nila at itinali sa sako.,,
rv_0640,5 - stories (already native-authored; light spot-check only),"Ulina nita, mimwa ya i Mariang Sinukwan at perusan na la detang mapangahas menako king bunduk at ali nala mekapagbalik pa kareng kare-karelang pibale-bale.","Dahil dito, nagpakita si Mariang Sinukwan at pinarusahan ang mga pangahas na iyon na nagnakaw sa bundok, at hindi na sila nakabalik pa sa kani-kanilang tahanan.",,
rv_0641,5 - stories (already native-authored; light spot-check only),"Agyang anti kanita na ing milyari, alilapa mu rin medala ding aliwa king pamanako king bunduk.","Kahit ganito ang nangyari, mayroon pa ring iba na nangahas manakaw sa bundok.",,
rv_0642,5 - stories (already native-authored; light spot-check only),"Ding aliwa naman ala lang pakundangan king pamanyira king bunduk bilang parusa, tinuknang neng mamye prutas, gule at animali kareng tau i Maria.","Ang iba naman ay walang paggalang sa pananakit sa bundok; bilang parusa, tumigil si Maria sa pagbibigay ng prutas, gulay, at hayop sa mga tao.",,
rv_0643,5 - stories (already native-authored; light spot-check only),Ali dane mu rin ikit manibat kanita i Mariang Sinukuan uling minukyat ne king tuktuk ning bunduk at aline tinipa pa kapilan man.,Wala nang nakakita kay Mariang Sinukwan mula noon dahil umakyat na siya sa tuktok ng bundok at hindi na siya nakita kahit kailan.,,
rv_0644,5 - stories (already native-authored; light spot-check only),Bayu yang lipat i Rowean king Sta. Ana Elementary School.,Bago lumipat si Rowena sa Sta. Ana Elementary School.,,
rv_0645,5 - stories (already native-authored; light spot-check only),Kakabag ya salu kabang palub lang Ima na king iskwela.,Kinakabahan siya habang papasok sila ng kanyang Ina sa paaralan.,,
rv_0646,5 - stories (already native-authored; light spot-check only),Ikit nala ring anak a mamyalung antimong pakabulus a ayup king playground ning iskwela.,Nakita nila ang mga batang naglalaro na parang mga malayang ibon sa playground ng paaralan.,,
rv_0647,5 - stories (already native-authored; light spot-check only),Mumuna reng pintalan ing opisina na ning principal.,Una nilang pinuntahan ang opisina ng principal.,,
rv_0648,5 - stories (already native-authored; light spot-check only),Biglang milako ing kabag ng salu anyang selubungan nala ning principal a makimalwalas a lupa.,Biglang nawala ang kaba niya nang salubungin sila ng principal na may mabait na mukha.,,
rv_0649,5 - stories (already native-authored; light spot-check only),Sinabi ra king principal ing sangkan kung bakit lilipat ya i Rowena ibat king Bulacan.,Sinabi nila sa principal ang dahilan kung bakit lilipat si Rowena mula sa Bulacan.,,
rv_0650,5 - stories (already native-authored; light spot-check only),Tiki nala ning principal king kayang maging mestra at lalu yang mipasno anyang akit nala rin ding kayang kaklasi na balamu maamung tupa.,"Isinama sila ng principal sa magiging guro niya, at lalo siyang natuwa nang makita niya ang kanyang mga kaklase na parang maaamong tupa.",,
rv_0651,5 - stories (already native-authored; light spot-check only),Agad yang ating akaluguran at meging masaya ing mumuna nang aldo king kayang bayung pipagaralang kwartu.,"Agad siyang nagkaroon ng kaibigan, at naging masaya ang unang araw niya sa kanyang bagong silid-aralan.",,
rv_0652,5 - stories (already native-authored; light spot-check only),Pinasyal ne mu rin ning principal karing miyayaliwang lugar/parti ning iskwela.,Pinasyal din siya ng principal sa iba't ibang bahagi ng paaralan.,,
rv_0653,5 - stories (already native-authored; light spot-check only),"Ing Sta. Maria, ing kekaming baryun keragulan.","Ang Sta. Maria, ang aming bayan, ay dati nang masaya.",,
rv_0654,5 - stories (already native-authored; light spot-check only),Dati yang simpli mung komunidad.,Noon ito ay simple lamang na komunidad.,,
rv_0655,5 - stories (already native-authored; light spot-check only),Deng memaryu mikikilala la ngan at mipapanyaup.,Ang mga kapitbahay ay magkakakilala at nagtutulungan.,,
rv_0656,5 - stories (already native-authored; light spot-check only),Kuntentu na la nung atin lang radyu kareng kare-karelang pibale-bale at makikiramdam balita.,Kontento na sila kung mayroon lang silang radyo sa kani-kanilang bahay at nakakapakinig ng balita.,,
rv_0657,5 - stories (already native-authored; light spot-check only),Den namang anak mamyalung lang sabatan ampong salikutan king dalan neng bengi.,Ang mga bata naman ay naglalaro lamang ng sabatan at salikutan sa daan tuwing gabi.,,
rv_0658,5 - stories (already native-authored; light spot-check only),Ala lang pigaganakang malaparis uling deng saken kanita gareta lamung kukulyutan damulag.,Wala nang katulad na kasayahan dahil ang mga sasakyan noon ay mga kariton lamang na hila ng kalabaw.,,
rv_0659,5 - stories (already native-authored; light spot-check only),"Ngeni, pauli na ning modernung Teknolohiya, deng tau king kekaing baranggay alus ali nala mikikilala uling mas buri da pa ing manalbe telebisyun o kaya mamyalung libangan king kompyuter.","Ngayon, dahil sa modernong teknolohiya, ang mga taong nasa aming baranggay ay halos hindi na nagkakakilala dahil mas gusto na nila ang manood ng telebisyon o kaya maglaro sa kompyuter.",,
rv_0660,5 - stories (already native-authored; light spot-check only),Deng anak ali nala rin makapamyalung king dalan pauli na ning merakal nla rin deng saken alalabas a mangabilis kabang makaragdag lapa keng problemang polusyun king angin.,"Ang mga bata ay hindi na rin nakakapaglaro sa daan dahil sa pagdami ng mga sasakyang mabilis dumaan, habang dumaragdag din ang problema sa polusyon ng hangin.",,
rv_0661,5 - stories (already native-authored; light spot-check only),At makanyan mu rin mas buri dapa ring anak ing makaarap king telebisyun kaysa king makyalung karing kalupa rang anak.,"At dahil dito, mas gusto na ng mga bata na manood ng telebisyon kaysa maglaro kasama ang kapwa nila mga bata.",,
rv_0662,5 - stories (already native-authored; light spot-check only),"Ing Arti Sta. Rita ning Balen Sta.Rita, Pampanga metung ya organisasyun ding kakanta, kompositor, at musikeru keng entabladu na mebuu anyang Disyembri 2001.","Ang Arti Sta. Rita ng Bayan ng Sta. Rita, Pampanga ay isang organisasyon ng mga mang-aawit, kompositor, at musikero sa entablado na itinatag noong Disyembre 2001.",,
rv_0663,5 - stories (already native-authored; light spot-check only),"Ila deng grupu a pakilala kareng miaaliwang klasi ning arti e mu king aldo ning pamag-kanta nunge pati na keng marangle ning biswal, arti, at panliteratura.","Sila ang grupong kilala sa iba't ibang uri ng sining, hindi lamang sa larangan ng pag-awit kundi pati na rin sa larangan ng biswal na sining, teatro, at panitikan.",,
rv_0664,5 - stories (already native-authored; light spot-check only),"Ini bubuuan da ring grupu da ring artista na atin malablab a malasakit at lugud para king musika, kultura at pamagpalabas na atin tutuk king Kapampangan.","Binubuo ito ng grupo ng mga artistang may malalim na pagmamalasakit at pagmamahal para sa musika, kultura, at mga palabas na nakaugat sa Kapampangan.",,
rv_0665,5 - stories (already native-authored; light spot-check only),Deng menimuna keti ila ri Andy Alviz at Recita...,Kabilang sa mga nangunguna rito sina Andy Alviz at Recita...,,
rv_0666,5 - stories (already native-authored; light spot-check only),"Ing Kuraldal, terak yang menibatan king Balen Sasmuan, Pampanga nung nokarin pagselebran de balang Ineru 6 angang 10 neng Piesta ning Atlung Ari bilang pamamye puge king karelang patrun i Apung Lucia.","Ang Kuraldal ay isang sayaw na nagmula sa Bayan ng Sasmuan, Pampanga, na ipinagdiriwang tuwing ika-6 hanggang ika-10 ng Enero sa Piyesta ng Tatlong Hari, bilang pagpupugay sa kanilang patron na si Apung Lucia.",,
rv_0667,5 - stories (already native-authored; light spot-check only),"Anyang mumunang panaun, ing terak ini para yamu kareng miasawang mamanata ban mipagkaluban lang anak.","Noong unang panahon, ang sayaw na ito ay para lamang sa mga mag-asawang nananata upang magkaroon ng anak.",,
rv_0668,5 - stories (already native-authored; light spot-check only),"Oneng ngening kasalukuyan ding tau mipagkural-dal la naman para king masanting a bie, pamikakatawan at kabyayan.","Ngunit sa kasalukuyan, sumasayaw na rin ng Kuraldal ang mga tao para sa magandang buhay, kalusugan, at kasaganaan.",,
rv_0669,5 - stories (already native-authored; light spot-check only),Ding kerakalan kareng babai manyulud lang imalan o bulaklakan a makikule rosa at ding lalaki naman magdala lang instrument pangmusika.,"Karamihan sa mga babae ay nagsusuot ng kasuotan o bulaklak na kulay rosas, at ang mga lalaki naman ay nagdadala ng mga instrumentong pangmusika.",,
rv_0670,5 - stories (already native-authored; light spot-check only),"Atin mu rin mapilan kareng tau a magdalang malating banderang ating litratru nang Sta. Lucia a ating makasulat a ""Viva Apu Lucia, Pwera Sakit!"" kabang ala lang patugut teterak king dalan at mumunta kareng balang bale at manyad donasyun.","May ilan ding tao ang nagdadala ng maliliit na banderang may larawan ni Sta. Lucia na may nakasulat na ""Viva Apu Lucia, Pwera Sakit!"" habang walang tigil na sumasayaw sa daan at pumupunta sa bawat bahay para humingi ng donasyon.",,
rv_0671,5 - stories (already native-authored; light spot-check only),Ing mesabing terak makanyan de mu naman pagmasusyan karing balen ning Sta. Ana at balen king Bataan anti king Hermosa at Orani.,Ginagaya rin ngayon ang nasabing sayaw sa bayan ng Sta. Ana at sa mga bayan sa Bataan tulad ng Hermosa at Orani.,,
rv_0672,5 - stories (already native-authored; light spot-check only),Dakal a tau king kekaming balen a manenaya king kebaytan ng Imang Lily.,Maraming tao sa aming bayan ang umaasa sa kaarawan ni Imang Lily.,,
rv_0673,5 - stories (already native-authored; light spot-check only),Pekamagaling yang maglutu i Imang Lily king kekaming lugal.,Si Imang Lily ang pinakamagaling magluto sa aming lugar.,,
rv_0674,5 - stories (already native-authored; light spot-check only),Maralas yang mag Sadyang makayaliwa at makaganang pamangan.,Bihira siyang magsagawa ng espesyal at masarap na pagkain.,,
rv_0675,5 - stories (already native-authored; light spot-check only),Ing balang subu tutukyan na pa ning marakal a subu.,Ang bawat lutuin niya ay hinihintay pa ng maraming tao.,,
rv_0676,5 - stories (already native-authored; light spot-check only),Balang banwa kukum-biran nala ding kaluguran na king karelang bale ban pagselebran ing aldo na.,"Tuwing taon, tinatawag niya ang kanyang mga mahal sa buhay sa kanilang bahay para ipagdiwang ang kanyang kaarawan.",,
rv_0677,5 - stories (already native-authored; light spot-check only),"Para king kayang ika-60 nang kebaytan, megsadya yang pamangan kalupa ning sisig babi, biringhi, betuteng tugak, adobung kamaru at chicharun.","Para sa kanyang ika-60 na kaarawan, naghanda siya ng mga pagkaing tulad ng sisig ng baboy, biringhi, betuteng palaka, adobong kamaru, at chicharon.",,
rv_0678,5 - stories (already native-authored; light spot-check only),"Megsadya ya ring manga-nyaman a pamangan para kareng anak kalupa ning pritung manuk, pancit luglug, tidtad, putu at kutsinta.","Naghanda rin siya ng mga masarap na pagkain para sa mga bata tulad ng pritong manok, pancit luglog, tidtad, puto, at kutsinta.",,
rv_0679,5 - stories (already native-authored; light spot-check only),"Menapag ya ring suman bulagta, kalame duman at pulburun bilang pagmayumu.","Nagdagdag pa sila ng suman bulagta, kalamay duman, at pulburon bilang panghimagas.",,
rv_0680,5 - stories (already native-authored; light spot-check only),Mesaya la ngan ding tau king kebaytan nang Imang Lily.,Masaya ang mga tao sa kaarawan ni Imang Lily.,,
rv_0681,5 - stories (already native-authored; light spot-check only),Ing dyip ing pekasikat a pampublikung saken king Pilipinas at ini ing meging simbulu na ning kulturang Pilipino king buung yatu.,"Ang jeep ang pinakasikat na pampublikong sasakyan sa Pilipinas, at ito ang naging simbolo ng kulturang Pilipino sa buong mundo.",,
rv_0682,5 - stories (already native-authored; light spot-check only),"Aliwa pang kilalang pampublikung saken keng bansa ing traysikel, a karaniwang sasaken da reng pasaherus lalu na kareng baryu.","Isa pang kilalang pampublikong sasakyan sa bansa ang traysikel, na karaniwang sinasakyan ng mga pasahero lalo na sa mga baryo.",,
rv_0683,5 - stories (already native-authored; light spot-check only),Ding tren makikilala nala rin bilang pampublikung saken king bansa lalu na king siyudad king Manila.,"Kilala rin ang mga tren bilang pampublikong sasakyan sa bansa, lalo na sa lungsod ng Maynila.",,
rv_0684,5 - stories (already native-authored; light spot-check only),"Ing Pilipinas, atin yang atlung riles tren: ding LRT at MRT nung nokarin magagamit la king Manila at ing Philippine National Railways, a magagamit mu rin king Manila at aliwang lugal king Luzon.","Sa Pilipinas, mayroong tatlong riles ng tren: ang LRT at MRT na ginagamit sa Maynila, at ang Philippine National Railways, na ginagamit din sa Maynila at ibang lugar sa Luzon.",,
rv_0685,5 - stories (already native-authored; light spot-check only),"Ding taxi ampong bus, maulaga la mu ring pampublikung saken king Pilipinas.",Ang taxi at bus ay mahalaga ring pampublikong sasakyan sa Pilipinas.,,
rv_0686,5 - stories (already native-authored; light spot-check only),"Anyang adwa yang banwa i Dave, likwan neng ima na kang tatang na.","Nang dalawang taon si Dave, iniwan siya ng kanyang ina sa kanyang ama.",,
rv_0687,5 - stories (already native-authored; light spot-check only),Sinese de ri apu at dara na kayabe ra ding pisan na.,Inalagaan siya ng kanyang mga lolo't lola kasama ang kanilang pamilya.,,
rv_0688,5 - stories (already native-authored; light spot-check only),Pamag-tindang uling ing kabyayan da.,Nagtinda sila para sa kanilang ikabubuhay.,,
rv_0689,5 - stories (already native-authored; light spot-check only),Tataguyud de i Dave agyang magkasakit la.,Inalagaan nila si Dave kahit sila mismo ay may sakit.,,
rv_0690,5 - stories (already native-authored; light spot-check only),Potang atin yang sakit i Dave ila ing kayantabe na.,"Kapag may sakit si Dave, sila ang laging kasama niya.",,
rv_0691,5 - stories (already native-authored; light spot-check only),"Misan aldo, kitnan de ring kaluguran na, ""Dave, nukarin ya i Ima mu?""","Isang araw, tinanong siya ng mga taong mahal niya, ""Dave, nasaan ang iyong Ina?""",,
rv_0692,5 - stories (already native-authored; light spot-check only),"""Mete ne,"" pakibat nang Dave.","""Namatay na siya,"" sagot ni Dave.",,
rv_0693,5 - stories (already native-authored; light spot-check only),Mebigla la ngan king meging pakibat ng Dave uling balu da ala naman sinabi o mituru kaya.,Nagulat sila sa naging sagot ni Dave dahil hindi nila alam kung ano ang sinabi o itinuro sa kanya tungkol dito.,,
rv_0694,5 - stories (already native-authored; light spot-check only),Migaganaka la ding pamilya na anya megdesisyun lang pakisabyan de.,Nag-alala ang kanyang pamilya kaya nagpasya silang kausapin siya.,,
rv_0695,5 - stories (already native-authored; light spot-check only),"Misan aldong atin klasi, tiki nening dara nang adwang bulang mabuktut a tatalakad bilang ima na.","Isang araw na may pasok, isinama siya ng kanyang lola sa isang matandang babaeng paralisado, na nagpanggap na parang ina niya.",,
rv_0696,5 - stories (already native-authored; light spot-check only),"Kabang pauli la, kitnan neng dara na, ""Kaluguran mu ko?""","Habang umuuwi sila, tinanong siya ng kanyang lola, ""Mahal mo ba ako?""",,
rv_0697,5 - stories (already native-authored; light spot-check only),"""Syempre, Ima,"" pakibat ng Dave.","""Syempre po, Lola,"" sagot ni Dave.",,
rv_0698,5 - stories (already native-authored; light spot-check only),"""Nung talagang kaluguran mu ku dapat mas luguran me i Ima mu.","""Kung talagang mahal mo ako, dapat mas mahalin mo ang iyong Ina.",,
rv_0699,5 - stories (already native-authored; light spot-check only),Eka sasabing marok amanu laban kaya uling nung alayu ali daka kayabe ngeni.,"Huwag kang magsalita ng masama laban sa kanya, dahil kung wala siya, wala ka sanang kasama ngayon.",,
rv_0700,5 - stories (already native-authored; light spot-check only),"Datang ing panaun, akit me murin at ipalino na keka bakit likwan naka ampo i Tatang mu,"" mipagagang sabi nang dara na.","Darating ang panahon na mauunawaan mo rin at maliliwanagan ka kung bakit ka niya iniwan kasama ng iyong Itay,"" mahinahong sabi ng kanyang lola.",,
rv_0701,5 - stories (already native-authored; light spot-check only),"Manibat kanita, balang kukutnan de i Dave nung nukarin ya i Ima na, mayli ya ta sabyan ng, ""Kaluguran daka pa rin Ima, at buri dakang akit.""","Mula noon, tuwing tinatanong si Dave kung nasaan ang kanyang Ina, gusto niyang sabihin, ""Mahal pa rin kita, Ina, at gusto na kitang makita.""",,
rv_0702,5 - stories (already native-authored; light spot-check only),"Abak ning Lunis, maranun yang linub i Rodel king iskwela.","Umaga ng Lunes, maaga pumasok si Rodel sa paaralan.",,
rv_0703,5 - stories (already native-authored; light spot-check only),Masaya yang lalakad papunta king paradahan da reng saken.,Masaya siyang naglalakad papunta sa paradahan ng mga sasakyan.,,
rv_0704,5 - stories (already native-authored; light spot-check only),"Karas na Karin, ikit ne i Juan, ing anak a ating kapansanan.","Sa daan patungo doon, nakita niya si Juan, ang batang may kapansanan.",,
rv_0705,5 - stories (already native-authored; light spot-check only),"""Mayap a abak keka, Rodel!"" ing sabi nang Juan.","""Magandang umaga, Rodel!"" sabi ni Juan.",,
rv_0706,5 - stories (already native-authored; light spot-check only),"""Mayap a abak mu naman!"" ing pakibat nang Rodel.","""Magandang umaga rin sa'yo!"" sagot ni Rodel.",,
rv_0707,5 - stories (already native-authored; light spot-check only),"Anyang dintang ne ing dyip a saken da papunta iskwela, inantabayanan neng Rodel i Juan king pamanyake angga na king milukluk ya kilub ning saken.","Nang dumating ang jeep na sasakyan nila papuntang paaralan, hinintay ni Rodel si Juan hanggang sa makaupo siya sa loob ng sasakyan.",,
rv_0708,5 - stories (already native-authored; light spot-check only),"""Dakal a salamat keka, Rodel,"" ing agad nang sinabing Juan.","""Maraming salamat, Rodel,"" agad na sinabi ni Juan.",,
rv_0709,5 - stories (already native-authored; light spot-check only),"""Alai ta,"" pakibat na namang Rodel.","""Walang anuman,"" sagot naman ni Rodel.",,
rv_0710,5 - stories (already native-authored; light spot-check only),"Anyang miras nala king arap ning iskwela, inantabayanan neng pasibayu i Juan king pamanguldas king dyip, king pamaglub da iskwela angga king kwartung pipagaralan.","Nang makarating sila sa harap ng paaralan, muling hinintay ni Rodel si Juan habang bumababa siya sa jeep, hanggang sa pagpasok nila sa paaralan patungo sa silid-aralan.",,
rv_0711,5 - stories (already native-authored; light spot-check only),Migpasalamat yang ustu i Juan kang Rodel uli na ning pepakit nang masabal at ganaka kaya.,Taos- pusong nagpasalamat si Juan kay Rodel dahil sa pagpapakita niya ng malasakit at pag-aalaga sa kanya.,,
rv_0712,5 - stories (already native-authored; light spot-check only),"King kilub ning kwartung pipagaralan, tahimik lang magobra ring anak king pamagsane king Filipino.","Sa loob ng silid-aralan, tahimik na gumagawa ang mga bata ng kanilang gawain sa Filipino.",,
rv_0713,5 - stories (already native-authored; light spot-check only),"Apansinan nang Lita i Lawaan, ing bayu rang kaklasing Aeta a e mipaindatun king kayang luklukan.","Napansin ni Lita si Lawaan, ang kanilang bagong kaklaseng Aeta na hindi makasunod sa kanyang upuan.",,
rv_0714,5 - stories (already native-authored; light spot-check only),Ala yang lapis ampong papil a gagamitan.,Wala siyang lapis at papel na magagamit.,,
rv_0715,5 - stories (already native-authored; light spot-check only),Agad-agad kinangwang yang aliwa na pang lapis ampong papil king kayang bag at peparam ne kang Lawaan.,Agad-agad kumuha si Lita ng dagdag na lapis at papel mula sa kanyang bag at ipinahiram ito kay Lawaan.,,
rv_0716,5 - stories (already native-authored; light spot-check only),Misadan ya at pesalamat kang Lita at meging matalik lang mikaluguran.,"Natuwa si Lawaan at nagpasalamat kay Lita, at sila ay naging matalik na magkaibigan.",,
