item_num,category,kapampangan,filipino_tagalog,english_gloss,grammatical_feature_as_labeled,reviewer_verdict,reviewer_notes
1,Negation & Denial,E ku linub king obra napun uling masakit ing pakiramdam ku.,Hindi ako pumasok sa trabaho kahapon dahil masama ang pakiramdam ko.,I didn't go to work yesterday because I was feeling unwell.,,,
2,Negation & Denial,E mu kalingwan patdan ing sulu bayu ka mako king bale.,Huwag mong kalimutang patayin ang ilaw bago ka umalis ng bahay.,Don't forget to turn off the lights before you leave the house.,,,
3,Negation & Denial,Ala nang melabing pamangan king lamesa para king hapunan.,Wala nang natirang pagkain sa mesa para sa hapunan.,There is no food left on the table for dinner.,,,
4,Negation & Denial,Aliwa i Juan ing kinalap king salapi king bag nune ing kapatad na.,Hindi si Juan ang kumuha ng pera sa bag kundi ang kapatid niya.,"It was not Juan who took the money from the bag, but his sibling.",,,
5,Negation & Denial,"Agang e ya mekibat king tawag, mituloy tana mu rin king planu tamu.","Kahit hindi siya sumagot sa tawag, tutuloy pa rin tayo sa ating plano.","Even if he doesn't answer the call, we will still proceed with our plan.",,,
6,Negation & Denial,E pa miras ing order tamu ibat king online shop.,Hindi pa nakakarating ang order natin mula sa online shop.,Our order from the online shop hasn't arrived yet.,,,
7,Negation & Denial,"Ali ya buri mangan gule inyang anak pa ya, pero mamangan na ya ngeni.","Ayaw niyang kumain ng gulay noong bata pa siya, pero kumakain na siya ngayon.","She didn't like eating vegetables when she was young, but she eats them now.",,,
8,Negation & Denial,Ali naman masakit ing pagsusulit nung meg-aral kang masanting.,Hindi naman mahirap ang pagsusulit kung nag-aral ka nang mabuti.,The exam isn't really difficult if you studied well.,,,
9,Negation & Denial,Ala ku natanggap a mensahe ibat kaya kilub ning buung aldo.,Wala akong natanggap na mensahe mula sa kanya buong araw.,I didn't receive any message from him/her all day.,,,
10,Negation & Denial,E pa kumpleto ding dokumentong kailangan para king aplikasyon.,Hindi pa kumpleto ang mga dokumentong kailangan para sa aplikasyon.,The documents needed for the application are not complete yet.,,,
11,Negation & Denial,E ka sana mimwa nung e ku makadalo king party mu.,Huwag ka sanang magalit kung hindi ako makakadalo sa party mo.,Please don't be angry if I cannot attend your party.,,,
12,Negation & Denial,E ku akalain muran nang makantini kasikan ngening gatpanapun.,Hindi ko akalaing uulan nang ganito kalakas ngayong hapon.,I didn't expect it would rain this hard this afternoon.,,,
13,Negation & Denial,Ala nang bakanteng luklukan king bus kaya tinalakad na kami mu.,Wala nang bakanteng upuan sa bus kaya tumayo na lang kami.,"There were no empty seats left on the bus, so we just stood up.",,,
14,Negation & Denial,E tamu malyaring balewalain ing payo ning doktor.,Hindi natin pwedeng balewalain ang payo ng doktor.,We cannot ignore the doctor's advice.,,,
15,Negation & Denial,E pa rin tutuknang ing ingay ibat king sumangid bale.,Hindi pa rin tumitigil ang ingay mula sa kabilang bahay.,The noise from the neighboring house still hasn't stopped.,,,
16,Negation & Denial,Ala siyang sinabing masakit laban keka.,Wala siyang sinabing masama laban sa iyo.,He didn't say anything bad against you.,,,
17,Negation & Denial,E malyaring lumub king gusali nang alang identification card.,Hindi pwedeng pumasok sa gusali nang walang identification card.,You cannot enter the building without an identification card.,,,
18,Negation & Denial,Ali ya buri ning pusa ing makaligu kaya mabilis yang minulayi.,Ayaw ng pusa na naliligo kaya mabilis itong tumakbo.,"The cat dislikes taking a bath, so it ran away quickly.",,,
19,Negation & Denial,E megpaliwa ing desisyon ning pamunuan tungkul king bayung patakaran.,Hindi nagbago ang desisyon ng pamunuan tungkol sa bagong patakaran.,The management's decision regarding the new policy did not change.,,,
20,Negation & Denial,Ala ka waring melabing gamit king kilub ning saskyan?,Wala ka bang naiwan na gamit sa loob ng sasakyan?,Didn't you leave any belongings inside the vehicle?,,,
21,Negation & Denial,E tamu balu ing resulta anggang e mayayari ing pamagsuri.,Hindi natin malalaman ang resulta hangga't hindi natatapos ang pagsusuri.,We won't know the result until the assessment is finished.,,,
22,Negation & Denial,E mu lalagpan nakabuklat ing gripo pagka-yari mung maghugas.,Huwag mong iiwang nakabukas ang gripo pagkatapos mong maghugas.,Don't leave the tap running after you finish washing.,,,
23,Negation & Denial,E ku sigurado nung buklat ing bangko ngening Sabadu.,Hindi ako sigurado kung bukas ang bangko ngayong Sabado.,I'm not sure if the bank is open this Saturday.,,,
24,Negation & Denial,Ala nang oras para magbalik pa tamu king bale.,Wala nang oras para bumalik pa tayo sa bahay.,There is no more time for us to go back home.,,,
25,Negation & Denial,E a-atag matutunan ing bayung software king kilub mu ning panying aldo.,Hindi madaling matutunan ang bagong software sa loob lamang ng isang araw.,It is not easy to learn the new software in just one day.,,,
26,Varied Tense & Aspect,Kapangan ku pa mu inyang dumatang la ding bisita king bale.,Kakakain ko lang nang dumating ang mga bisita sa bahay.,I had just eaten when the guests arrived at the house.,,,
27,Varied Tense & Aspect,Maglutu ya i Ima king kusina kabang maglinis ya i Tatang king mula.,Nagluluto si Nanay sa kusina samantalang naglilinis si Tatay ng bakuran.,Mom is cooking in the kitchen while Dad is cleaning the yard.,,,
28,Varied Tense & Aspect,Muna kami king palengke bukas abak ban sumali king sariwang asan.,Pupunta kami sa palengke bukas nang maaga upang bumili ng sariwang isda.,We will go to the market early tomorrow to buy fresh fish.,,,
29,Varied Tense & Aspect,Yari da ne ing proyekto bayu pa man dumatang ing huling aldo ning submission.,Natapos na nila ang proyekto bago pa man dumating ang huling araw ng submission.,They had already finished the project before the submission deadline arrived.,,,
30,Varied Tense & Aspect,Kamako na pa mu ning bus inyang miras kami king terminal.,Kaaalis lang ng bus nang makarating kami sa terminal.,The bus had just left when we arrived at the terminal.,,,
31,Varied Tense & Aspect,Manalbe la pang telebisyon inyang bigla yang mepatda ing kuryente.,Nanonood sila ng telebisyon nang biglang mamatay ang kuryente.,They were watching television when the power suddenly went out.,,,
32,Varied Tense & Aspect,Gawan ku ing kakung takdang-aralin potang bengi pagka-yari ning hapunan.,Gagawin ko ang aking takdang-aralin mamayang gabi pagkatapos ng hapunan.,I will do my homework tonight after dinner.,,,
33,Varied Tense & Aspect,Mekaligu na i Ben bayu pa man dumatang ding kayang kaluguran.,Naligo na si Ben bago pa man dumating ang kanyang mga kaibigan.,Ben had already taken a bath before his friends arrived.,,,
34,Varied Tense & Aspect,"Kabang maglakad ku king dalan, mekapakit kung lumang larawan king labuad.","Habang naglalakad ako sa kalsada, nakakita ako ng lumang larawan sa lupa.","While I was walking on the street, I saw an old photo on the ground.",,,
35,Varied Tense & Aspect,Patuloy yang mag-aral i Maria para king kayang licensure exam ngening bulan.,Patuloy na nag-aaral si Maria para sa kanyang licensure exam ngayong buwan.,Maria continues to study for her licensure exam this month.,,,
36,Varied Tense & Aspect,Karas na pa mu ning ima ku ibat king makabang biyahe ibat probinsya.,Kakarating lang ng nanay ko mula sa mahabang biyahe galing probinsya.,My mother has just arrived from a long trip from the province.,,,
37,Varied Tense & Aspect,Sali kaming bayung laptop nung makakua na kaming bonus.,Bibili kami ng bagong laptop kapag nakakuha na kami ng bonus.,We will buy a new laptop once we receive our bonus.,,,
38,Varied Tense & Aspect,Mag-obra ya king kumpanyang iyan manibat pa inyang panying banua.,Nagtatrabaho siya sa kumpanyang iyan simula pa noong isang taon.,He/She has been working at that company since last year.,,,
39,Varied Tense & Aspect,Kabait ku pa mu king ospital para king kakung taunang medical check-up.,Kagagaling ko lang sa ospital para sa aking taunang medical check-up.,I have just come from the hospital for my annual medical check-up.,,,
40,Varied Tense & Aspect,Maglutu ya i Kapatad a Lalaki king manyaman a hapunan para king kealdawan ni Kapatad a Babai.,Magluluto si Kuya ng masarap na hapunan para sa kaarawan ni Ate.,Older brother will cook a delicious dinner for older sister's birthday.,,,
41,Varied Tense & Aspect,Naisipan dang magbakasyon king Baguio king daratang a bulan ning Disyembre.,Naisipan nilang magbakasyon sa Baguio sa darating na buwan ng Disyembre.,They thought of spending a vacation in Baguio this coming December.,,,
42,Varied Tense & Aspect,Kalinis pa mu ning kuwarto inyang linub la ding anak a makasapatos.,Kakalinis pa lang ng kuwarto nang pumasok ang mga bata nang nakasapatos.,The room had just been cleaned when the children entered with their shoes on.,,,
43,Varied Tense & Aspect,Balang aldo yang mag-ehersisyo bayu muna king opisina.,Araw-araw siyang nag-eehersisyo bago pumunta sa opisina.,He/She exercises every day before going to the office.,,,
44,Varied Tense & Aspect,Yarian tamu ing ulat a ini bayu mag-alas singko ning gatpanapun.,Tatapusin natin ang ulat na ito bago mag-alas singko ng hapon.,We will finish this report before five o'clock in the afternoon.,,,
45,Varied Tense & Aspect,"Inyang meputok ing gulong ning kotse, agad kaming tinabi king dalan.","Nang pumutok ang gulong ng kotse, agad kaming tumabi sa kalsada.","When the car tire blew out, we immediately pulled over to the side of the road.",,,
46,Varied Tense & Aspect,Magpadala kung salapi king kakung pamilya king tutuntung a linggu.,Magpapadala ako ng pera sa aking pamilya sa susunod na linggo.,I will send money to my family next week.,,,
47,Varied Tense & Aspect,Kabasa ku pa mu ning balita tungkul king pagtaas ning presyo ng bilihin.,Kababasa ko lang ng balita tungkol sa pagtaas ng presyo ng bilihin.,I have just read the news about the price increase of commodities.,,,
48,Varied Tense & Aspect,Magsalaysay ya i Lelu kabang makiramdam nang tahimik ding apo.,Nagsasalaysay ang lolo habang nakikinig nang tahimik ang mga apo.,Grandfather was telling a story while the grandchildren listened quietly.,,,
49,Varied Tense & Aspect,Ihanda ku ding gagamitan tamu para king seminar bukas.,Ihahanda ko ang mga gagamitin natin para sa seminar bukas.,I will prepare the materials we will use for the seminar tomorrow.,,,
50,Varied Tense & Aspect,Kayari pa mu ning uran kaya basa pa ing labuad king kilwal.,Katatapos pa lang ng ulan kaya basa pa ang lupa sa labas.,"The rain has just stopped, so the ground outside is still wet.",,,
51,Subordinate Clauses & Complex Sentences,"Uling minuran nang masikan napun bengi, minalbug ing kekaming dalan.","Dahil umulan nang malakas kagabi, bumaha ang aming kalsada.","Because it rained heavily last night, our street flooded.",,,
52,Subordinate Clauses & Complex Sentences,"Inyang meyari ing pulung, agad silang muli ding sablang empleyado.","Nang matapos ang pulong, agad na umuwi ang lahat ng empleyado.","When the meeting ended, all employees immediately went home.",,,
53,Subordinate Clauses & Complex Sentences,"Nung yari mu ing kekang gawaing-bahay, makapagliyal ka king kilwal.","Kung matatapos mo ang iyong gawaing-bahay, makakapaglaro ka sa labas.","If you finish your homework, you can play outside.",,,
54,Subordinate Clauses & Complex Sentences,"Maski mabayat ing trapiko king dalan, miras kami pa rin king takdang oras.","Bagama't mabigat ang trapiko sa daan, nakarating pa rin kami sa oras.","Although traffic was heavy on the road, we still arrived on time.",,,
55,Subordinate Clauses & Complex Sentences,"Ing lalaking makisabi keka nandin, ya ing bayu tamung kapitbahay.",Ang lalaking nakipag-usap sa iyo kanina ay ang bago nating kapitbahay.,The man who talked to you earlier is our new neighbor.,,,
56,Subordinate Clauses & Complex Sentences,"Ban makatipid king gastusin, magbabaon na kami mu pang apagto king opisina.","Para makatipid sa gastusin, nagbabaon na lang kami ng tanghalian sa opisina.","To save on expenses, we just bring packed lunches to the office.",,,
57,Subordinate Clauses & Complex Sentences,"Kabang maghintay kami king bus, naisipan ming minum kape.","Habang naghihintay kami sa bus, naisipan naming uminom ng kape.","While we were waiting for the bus, we decided to drink coffee.",,,
58,Subordinate Clauses & Complex Sentences,"Maski na pagud na pagud i Ana, tinapos ne pa rin ing kayang ulat.","Kahit na pagod na pagod si Ana, tinapos pa rin niya ang kanyang ulat.","Even though Ana was extremely tired, she still finished her report.",,,
59,Subordinate Clauses & Complex Sentences,"Ban maiwasan ing malate king klase, maaga yang meko king bale.","Upang maiwasan ang huli sa klase, maaga siyang umalis ng bahay.","In order to avoid being late for class, he left home early.",,,
60,Subordinate Clauses & Complex Sentences,"Nung sakaling magbago ing kekang isip, tawagan mu ku agad.","Kung sakaling magbago ang iyong isip, tawagan mo agad ako.","In case you change your mind, call me immediately.",,,
61,Subordinate Clauses & Complex Sentences,"Uling e ya nakatanto king leksyon, nahirapan ya king pagsusulit.","Dahil hindi siya nakatanto sa leksyon, nahirapan siya sa pagsusulit.","Because he was not paying attention to the lesson, he struggled during the test.",,,
62,Subordinate Clauses & Complex Sentences,Ing librong sinali mu king mall ay napakaganda at kapaki-pakinabang.,Ang librong binili mo sa mall ay napakaganda at kapaki-pakinabang.,The book that you bought at the mall is very nice and useful.,,,
63,Subordinate Clauses & Complex Sentences,"Kabang maglutu ya i Ima, manalbe balita ing kakung tata.","Habang nagluluto si Ina, nanonood ng balita ang aking ama.","While Mother was cooking, my father was watching the news.",,,
64,Subordinate Clauses & Complex Sentences,"Maski ditak mu ing kekaming handa, meging masaya ing kekaming pagdiriwang.","Bagama't kaunti lamang ang aming handa, naging masaya ang aming pagdiriwang.","Although we had only a little food prepared, our celebration was happy.",,,
65,Subordinate Clauses & Complex Sentences,"Nung mayari na ing uran, lalabas tamu para maglakad-lakad.","Kapag natapos na ang ulan, lalabas tayo para maglakad-lakad.","Once the rain finishes, we will go outside for a walk.",,,
66,Subordinate Clauses & Complex Sentences,Ing gurong magturo matematika ay napakatiyaga kadagting kayang mag-aral.,Ang gurong nagtuturo ng matematika ay napakatiyaga sa kanyang mga mag-aaral.,The teacher who teaches mathematics is very patient with her students.,,,
67,Subordinate Clauses & Complex Sentences,"Uling king kawalan ning signal, e kami nakapagpadala ning mensahe.","Dahil sa kawalan ng signal, hindi kami nakapagpadala ng mensahe.","Due to the lack of signal, we could not send a message.",,,
68,Subordinate Clauses & Complex Sentences,"Maski mabilis yang minulayi, e ne pa rin naabutan ing tren.","Kahit mabilis siyang tumakbo, hindi pa rin niya naabutan ang tren.","Even though he ran fast, he still didn't catch the train.",,,
69,Subordinate Clauses & Complex Sentences,"Bayu mu simulan ing pagsusulit, basan mu mu muna nang masanting ing panuto.","Bago mo simulan ang pagsusulit, basahin mo muna nang maigi ang panuto.","Before you start the test, read the instructions carefully first.",,,
70,Subordinate Clauses & Complex Sentences,"Nung magkaroon tamung libreng oras ngening linggu, bisitahan tamu i lelu/lelang.","Kung magkakaroon tayo ng libreng oras ngayong linggo, bibisita tayo sa lola.","If we have free time this weekend, we will visit grandmother.",,,
71,Subordinate Clauses & Complex Sentences,Ing gusaling makatayo king kanto ay meging bayung ospital.,Ang gusaling itinayo sa kanto ay magiging isang bagong ospital.,The building being constructed on the corner will become a new hospital.,,,
72,Subordinate Clauses & Complex Sentences,"Kabang mag-aral ku napun bengi, bigla yang mepatda ing sulu king kekaming kuwarto.","Habang nag-aaral ako kagabi, biglang namatay ang ilaw sa aming kuwarto.","While I was studying last night, the light in our room suddenly went out.",,,
73,Subordinate Clauses & Complex Sentences,"Ban e maligaw king lungsod, gumamit kaming mapa king kekaming telepono.","Para hindi maligaw sa lungsod, gumamit kami ng mapa sa aming telepono.","To avoid getting lost in the city, we used a map on our phone.",,,
74,Subordinate Clauses & Complex Sentences,"Maski bayu pa mu ya king kumpanya, dakal na siyang naibagay.","Bagama't bago pa lamang siya sa kumpanya, marami na siyang naibagay.","Although he is still new to the company, he has already contributed a lot.",,,
75,Subordinate Clauses & Complex Sentences,"Inyang akit ne ing kayang lumang kaluguran, e ne napigilang ngumiti.","Nang makita niya ang kanyang lumang kaibigan, hindi niya napigilang ngumiti.","When she saw her old friend, she couldn't help but smile.",,,
76,"Comparatives, Superlatives & Equality",Mas mabilis yang mulayi i Pedro kesa kay Jose.,Mas mabilis tumakbo si Pedro kaysa kay Jose.,Pedro runs faster than Jose.,,,
77,"Comparatives, Superlatives & Equality",I Maria ing pekamatilid a mag-aral king buung klase tamu.,Si Maria ang pinakamatalinong mag-aaral sa aming buong klase.,Maria is the smartest student in our whole class.,,,
78,"Comparatives, Superlatives & Equality",Mipante la katas ding mikapatad a sina Ana at Elsa.,Magkasingtangkad ang magkapatid na sina Ana at Elsa.,The sisters Ana and Elsa are of equal height.,,,
79,"Comparatives, Superlatives & Equality",Mas manyaman ing lutung-bale kesa king pamangan king restawran.,Mas masarap ang lutong-bahay kaysa sa pagkain sa restawran.,Home-cooked food tastes better than restaurant food.,,,
80,"Comparatives, Superlatives & Equality",Ali kasinglayu ning Pampanga ing Bulacan ibat Maynila.,Hindi kasinglayo ng Pampanga ang Bulacan mula sa Maynila.,Bulacan is not as far from Manila as Pampanga is.,,,
81,"Comparatives, Superlatives & Equality",Mas mahal ing bayung modelo ning telepono kesa king lumang modelo.,Mas mahal ang bagong modelo ng telepono kaysa sa lumang modelo.,The new phone model is more expensive than the old model.,,,
82,"Comparatives, Superlatives & Equality",I Baguio ing pekamarim a lungsod a mebisita ku king Pilipinas.,Si Baguio ang pinakamalamig na lungsod na nabisita ko sa Pilipinas.,Baguio is the coldest city I have visited in the Philippines.,,,
83,"Comparatives, Superlatives & Equality",Mipante la kaganda ding aduang imalan a ibinigay kaku ni Ima.,Magkasingganda ang dalawang damit na ibinigay sa akin ni Nanay.,The two dresses Mother gave me are equally beautiful.,,,
84,"Comparatives, Superlatives & Equality",Mas malawak ing bayung opisina kesa king sadya tamung inuupahan.,Mas malawak ang bagong opisina kaysa sa dating inuupahan natin.,The new office is spacious compared to the previous one we rented.,,,
85,"Comparatives, Superlatives & Equality",Ini ing pekamasakit a pagsubok a kinaharap ning kekaming pamilya.,Ito ang pinakamahirap na pagsubok na kinaharap ng aming pamilya.,This is the most difficult trial our family has faced.,,,
86,"Comparatives, Superlatives & Equality",Mas maaga yang miras ngeni kesa napun.,Mas maaga siyang dumating ngayon kaysa kahapon.,He arrived earlier today than yesterday.,,,
87,"Comparatives, Superlatives & Equality",Mipante la kadakal ing natanggap dang regalo inyang Pasko.,Magkasingdami ang natanggap nilang regalo noong Pasko.,They received an equal number of gifts last Christmas.,,,
88,"Comparatives, Superlatives & Equality",Mas malinaw ing kuha ning bayung kamera kesa king lumang telepono.,Mas malinaw ang kuha ng bagong kamera kaysa sa lumang telepono.,The new camera takes clearer shots than the old phone.,,,
89,"Comparatives, Superlatives & Equality",Ya ing pekamahusay a tagapagsalita king ginanap a kumperensya.,Siya ang pinakamahusay na tagapagsalita sa ginanap na kumperensya.,She was the best speaker at the conference held.,,,
90,"Comparatives, Superlatives & Equality",Ali kasing-masakit ning inakala ku ing bayung asignatura.,Hindi kasingmahirap ng inakala ko ang bagong asignatura.,The new subject is not as difficult as I thought.,,,
91,"Comparatives, Superlatives & Equality",Mas malakay ing bale ning kakung Bapa kesa king kekaming tirahan.,Mas malaki ang bahay ng aking tiyo kaysa sa aming tirahan.,My uncle's house is larger than our residence.,,,
92,"Comparatives, Superlatives & Equality",Ini ing pekamanyaman a mangga a nakain ku ngening tag-araw.,Ito ang pinakamasarap na mangga na nakain ko ngayong tag-araw.,This is the most delicious mango I have eaten this summer.,,,
93,"Comparatives, Superlatives & Equality",Mipante la mung edad ding aduang mikakaluguran maski magkaiba ing antas da.,Magkasing-edad lamang ang dalawang magkaibigan kahit magkaiba ang antas.,The two friends are of the exact same age despite being in different levels.,,,
94,"Comparatives, Superlatives & Equality",Mas tahimik ing bie king probinsya kesa king maingay a lungsod.,Mas tahimik ang buhay sa probinsya kaysa sa maingay na lungsod.,Life in the province is quieter than in the noisy city.,,,
95,"Comparatives, Superlatives & Equality",Ya ing pekamatua miyembro ning kekaming samahan.,Siya ang pinakamatandang miyembro ng aming samahan.,He is the oldest member of our organization.,,,
96,"Comparatives, Superlatives & Equality",Mas mabilis ing biyahe nung sumakay ka king tren kesa bus.,Mas mabilis ang biyahe kapag sumakay ka ng tren kaysa bus.,The journey is faster if you take the train instead of the bus.,,,
97,"Comparatives, Superlatives & Equality",Mipante la kalinis ding aduang silid pagka-yari ming mag-ayos.,Magkasinglinis ang dalawang silid pagkatapos naming mag-ayos.,Both rooms are equally clean after we organized them.,,,
98,"Comparatives, Superlatives & Equality",Mas matindi ing trapiko ngening Biyernes kesa inyang Lunes.,Mas matindi ang trapiko ngayong Biyernes kaysa noong Lunes.,Traffic is heavier this Friday than it was last Monday.,,,
99,"Comparatives, Superlatives & Equality",Ini ing pekakamura bilihin a matagpuan mu king pamilihan.,Ito ang pinakamurang bilihin na matatagpuan mo sa pamilihan.,This is the cheapest item you can find in the market.,,,
100,"Comparatives, Superlatives & Equality",Ali kasingbasa ing dalan ngeni kumpara king milabas a bagyo.,Hindi kasingbasa ang daan ngayon kumpara sa nakaraang bagyo.,The road is not as flooded today compared to the previous typhoon.,,,
101,Everyday Routines & Domestic Life,Maaga kung magising balang aldo ban maghanda king abakan ning pamilya.,Maaga akong gumigising araw-araw para maghanda ng almusal ng pamilya.,I wake up early every day to prepare breakfast for the family.,,,
102,Everyday Routines & Domestic Life,Kalipat mi pa mu king bayung bale inyang milabas a bulan.,Kakalipat lang namin sa bagong bahay noong nakaraang buwan.,We just moved into a new house last month.,,,
103,Everyday Routines & Domestic Life,Minta ya i Ima king palengke ban sumali king gule at karne.,Pumunta si Nanay sa palengke para bumili ng gulay at karne.,Mom went to the market to buy vegetables and meat.,,,
104,Everyday Routines & Domestic Life,Saupan mu kung maglinis king sala kabang maglaba ya ing kapatad mu.,Tulungan mo akong maglinis ng sala habang naglalaba ang kapatid mo.,Help me clean the living room while your sibling does the laundry.,,,
105,Everyday Routines & Domestic Life,Mangan na kaming hapunan kaya usuk ka na king kilub.,Kakain na kami ng hapunan kaya pumasok ka na sa loob.,"We are about to eat dinner, so come inside now.",,,
106,Everyday Routines & Domestic Life,Balang aldo kung didiligan ding halaman king kekaming hardin.,Araw-araw kong dinidiligan ang mga halaman sa aming hardin.,I water the plants in our garden every day.,,,
107,Everyday Routines & Domestic Life,Meghugas ya i Kapatad a Lalaki king plato pagka-yari tamung mangan.,Naghugas si Kuya ng mga plato pagkatapos nating kumain.,Older brother washed the dishes after we ate.,,,
108,Everyday Routines & Domestic Life,Inayos ne i Kapatad a Babai ing kayang silid bayu ya linub king paaralan.,Inayos ni Ate ang kanyang silid bago siya pumasok sa paaralan.,Older sister arranged her room before going to school.,,,
109,Everyday Routines & Domestic Life,Sali kaming bayung kurtina para king kekaming bintana king sala.,Bumili kami ng bagong kurtina para sa aming bintana sa sala.,We bought new curtains for our living room window.,,,
110,Everyday Routines & Domestic Life,Meglutu ya i Lelang king manyaman a sopas uling marim ing panahon.,Nagluto si Lola ng masarap na sopas dahil malamig ang panahon.,Grandmother cooked delicious soup because the weather was cold.,,,
111,Everyday Routines & Domestic Life,Pinakain ku ing kekaming alagang aso bayu ku meko king bale.,Pinakain ko ang aming alagang aso bago ako umalis ng bahay.,I fed our pet dog before leaving the house.,,,
112,Everyday Routines & Domestic Life,Iniyus ne i Tatang ding gamit king kilub ning bodega.,Inilagay ni Tatay ang mga gamit sa loob ng bodega.,Father placed the tools inside the storage room.,,,
113,Everyday Routines & Domestic Life,Magtitipon ing buung pamilya balang bengi para magkuwentuhan.,Nagtitipon ang buong pamilya tuwing gabi para magkuwentuhan.,The whole family gathers every evening to chat.,,,
114,Everyday Routines & Domestic Life,Kailangan tamung alilan ing pundidong bombilya king kusina.,Kailangan nating palitan ang pundi na bombilya sa kusina.,We need to replace the burnt-out light bulb in the kitchen.,,,
115,Everyday Routines & Domestic Life,Pinalang mi ding labada sa lalam ning pali ning aldo.,Pinatuyo namin ang mga labada sa ilalim ng init ng araw.,We dried the laundry under the sun.,,,
116,Everyday Routines & Domestic Life,Magwalis ya i Ima king mula balang abak.,Nagwawalis si Nanay sa bakuran tuwing umaga.,Mother sweeps the yard every morning.,,,
117,Everyday Routines & Domestic Life,Manalbe kaming pelikula king sala nung Sabadu ning bengi.,Nanonood kami ng pelikula sa sala kapag Sabado ng gabi.,We watch a movie in the living room on Saturday evenings.,,,
118,Everyday Routines & Domestic Life,Naghanda ya i Kapatad a Babai king meryenda para kadagting bisitang dumatang.,Naghanda si Ate ng meryenda para sa mga bisitang dumating.,Sister prepared snacks for the guests who arrived.,,,
119,Everyday Routines & Domestic Life,Inayos ne i Kapatad a Lalaki ing sirang pasbul ning kekaming garahe.,Inayos ni Kuya ang sirang pintuan ng aming garahe.,Brother fixed the broken door of our garage.,,,
120,Everyday Routines & Domestic Life,Inalilan mi ing palaman ning unan king kekaming kuwarto.,Pinalitan namin ang palaman ng unan sa aming silid-tulugan.,We replaced the pillow stuffing in our bedroom.,,,
121,Everyday Routines & Domestic Life,Inihain na ing pamangan king lamesa kaya maghugas ka na gamat.,Inihain na ang pagkain sa mesa kaya maghugas ka na ng kamay.,"The food is served on the table, so wash your hands now.",,,
122,Everyday Routines & Domestic Life,Magtapon kaming basura king tamang lalagyan balang aldo.,Nagtatapon kami ng basura sa tamang lalagyan araw-araw.,We dispose of waste in the proper bins every day.,,,
123,Everyday Routines & Domestic Life,Inilock mu ne wari ing pangunahing pasbul bayu ka matudtud?,Inilock mo ba ang pangunahing pinto bago ka natulog?,Did you lock the main door before going to sleep?,,,
124,Everyday Routines & Domestic Life,Magliyal la ding anak king mula kabang magpaynawa la ding matua.,Naglalaro ang mga bata sa bakuran habang nagpapahinga ang mga matatanda.,The children are playing in the yard while the adults rest.,,,
125,Everyday Routines & Domestic Life,Meglutu kaming kape para kadagting kapitbahay a sumaup kekami.,Nagluto kami ng kape para sa mga kapitbahay na tumulong sa amin.,We brewed coffee for the neighbors who helped us.,,,
126,"Workplace, Technology & Remote Work",Mipadala mu na wari ing email king kliyente tungkul king kekatamung panukala?,Naipadala mo na ba ang email sa kliyente tungkol sa ating panukala?,Have you sent the email to the client regarding our proposal?,,,
127,"Workplace, Technology & Remote Work",Mag-obra ku ibat king bale bukas uling atin lang ipag-ayos king kotse ku.,Magtatrabaho ako mula sa bahay bukas dahil may aayusin sa aking kotse.,I will work from home tomorrow because my car needs repairs.,,,
128,"Workplace, Technology & Remote Work",Pakisabi mu na mu kaya na tumawag ya kaku nung libre na ya.,Pakisabi na lang sa kanya na tumawag siya sa akin kapag libre na siya.,Please tell him to call me when he becomes free.,,,
129,"Workplace, Technology & Remote Work",Mawalan kuryente king kekaming barangay kaya e ku nakadalo king online meeting.,Nawalan ng kuryente sa aming barangay kaya hindi ako nakadalo sa online meeting.,"The power was cut in our village, so I couldn't join the online meeting.",,,
130,"Workplace, Technology & Remote Work",E na pesibatan ing telepono uling atiu ya king kalibudtaran ning pamagmaneho.,Hindi niya sinagot ang telepono dahil nasa gitna siya ng pagmamaneho.,He didn't answer the phone because he was in the middle of driving.,,,
131,"Workplace, Technology & Remote Work",I-save mu ing file king USB drive bayu mu patdan ing kompyuter.,I-save mo ang file sa USB drive bago mo patayin ang kompyuter.,Save the file on the USB drive before you shut down the computer.,,,
132,"Workplace, Technology & Remote Work",Nagkaroon problem king koneksyon ning internet kaya nabitin ing kekaming presentasyon.,Nagkaroon ng problema sa koneksyon ng internet kaya nabitin ang aming presentasyon.,"There was an internet connection issue, so our presentation was interrupted.",,,
133,"Workplace, Technology & Remote Work",Kailangan tamung i-update ing software ning kekatamung laptop ngening linggu.,Kailangan nating i-update ang software ng ating mga laptop ngayong linggo.,We need to update the software on our laptops this week.,,,
134,"Workplace, Technology & Remote Work",Nakatanggap kung abiso tungkul king bayung iskedyul ning kekatamung pagsusulit.,Nakatanggap ako ng abiso tungkol sa bagong iskedyul ng ating pagsusulit.,I received a notification regarding the new schedule for our exam.,,,
135,"Workplace, Technology & Remote Work",Magpadala ing HR kopya ning kontrata king kekang email address.,Magpapadala ang HR ng kopya ng kontrata sa iyong email address.,HR will send a copy of the contract to your email address.,,,
136,"Workplace, Technology & Remote Work",Naka-mute ing kekang mikropono kaya e ka mi naririnig.,Naka-mute ang iyong mikropono kaya hindi ka namin naririnig.,"Your microphone is on mute, so we cannot hear you.",,,
137,"Workplace, Technology & Remote Work",Inilipat ing oras ning kekaming pagpupulong king ganap a alas tres ning gatpanapun.,Inilipat ang oras ng aming pagpupulong sa ganap na alas tres ng hapon.,Our meeting time was moved to exactly three o'clock in the afternoon.,,,
138,"Workplace, Technology & Remote Work",Gagamitan tamu ing bayung aplikasyon para king pamagsubaybay king kekaming proyekto.,Gagamitin natin ang bagong aplikasyon para sa pagsubaybay sa aming mga proyekto.,We will use the new application for tracking our project progress.,,,
139,"Workplace, Technology & Remote Work",E gagana ing printer king ikatlong palapag kaya king lalam ku nagpalimbag.,Hindi gumagana ang printer sa ikatlong palapag kaya sa baba ako nagpalimbag.,"The printer on the third floor isn't working, so I printed downstairs.",,,
140,"Workplace, Technology & Remote Work",Paki-attach ing resume at cover letter king kekang aplikasyon.,Paki-attach ang resume at cover letter sa iyong aplikasyon.,Please attach your resume and cover letter to your application.,,,
141,"Workplace, Technology & Remote Work",Megpadala ya i boss paalala tungkul king deadline ning kekatamung proyekto.,Nagpadala si boss ng paalala tungkol sa deadline ng ating proyekto.,The boss sent a reminder regarding our project deadline.,,,
142,"Workplace, Technology & Remote Work",Mabilis ing internet speed king bayung opisina kumpara king sadya gusali.,Mabilis ang internet speed sa bagong opisina kumpara sa dating gusali.,The internet speed in the new office is fast compared to the old building.,,,
143,"Workplace, Technology & Remote Work",I-download mu muna ing aplikasyon bayu ka magrehistro ning account.,I-download mo muna ang aplikasyon bago ka magrehistro ng account.,Download the application first before registering an account.,,,
144,"Workplace, Technology & Remote Work",Kalingwan ku ing password ning kakung email kaya kailangan ku itong i-reset.,Nakalimutan ko ang password ng aking email kaya kailangan ko itong i-reset.,"I forgot my email password, so I need to reset it.",,,
145,"Workplace, Technology & Remote Work",Nagkaroon kaming maikling oryentasyon para kadagting bayung empleyado.,Nagkaroon kami ng maikling oryentasyon para sa mga bagong empleyado.,We had a short orientation for the new employees.,,,
146,"Workplace, Technology & Remote Work",Masanting ing ibinigay a feedback ning kliyente king kekatamung huling ulat.,Maganda ang ibinigay na feedback ng kliyente sa ating huling ulat.,The client provided good feedback on our latest report.,,,
147,"Workplace, Technology & Remote Work",Pakisara ing laptop pagka-yari mung gamitan ban makatipid king baterya.,Pakisara ang laptop pagkatapos mong gamitin para makatipid sa baterya.,Please close the laptop after use to save battery power.,,,
148,"Workplace, Technology & Remote Work",Naka-record ing buung online conference para kadagting e nakadalo.,Naka-record ang buong online conference para sa mga hindi nakadalo.,The entire online conference was recorded for those who could not attend.,,,
149,"Workplace, Technology & Remote Work",Kailangan tamung linawin ding probisyon king kontrata bayu tamu ini pirmahan.,Kailangan nating linawin ang mga probisyon sa kontrata bago natin ito pirmahan.,We need to clarify the provisions in the contract before signing it.,,,
150,"Workplace, Technology & Remote Work",Inayos ning IT team ing problema king server king kilub mu ning panying oras.,Inayos ng IT team ang problema sa server sa loob lamang ng isang oras.,The IT team resolved the server issue within just one hour.,,,
151,"Travel, Commuting & Navigation",Magkanu ing pamasahe ibat keni anggang SM Pampanga?,Magkano ang pamasahe mula rito papuntang SM Pampanga?,How much is the fare from here to SM Pampanga?,,,
152,"Travel, Commuting & Navigation",Sumakay kami king jeep papuntang palengke ban sumali king prutas.,Sumakay kami ng jeep papuntang palengke para bumili ng mga prutas.,We rode a jeepney to the market to buy fruits.,,,
153,"Travel, Commuting & Navigation",Nukarin ing sakayan ning bus papuntang Maynila?,Saan ang sakayan ng bus papuntang Maynila?,Where is the bus terminal bound for Manila?,,,
154,"Travel, Commuting & Navigation",Lumiko ka king kaili pagdatang mu king tutuntung kanto.,Lumiko ka sa kaliwa pagdating mo sa kasunod na kanto.,Turn left when you reach the next corner.,,,
155,"Travel, Commuting & Navigation",Malapit ya mu ing istasyon ning tren ibat king kekaming opisina.,Malapit lang ang istasyon ng tren mula sa aming opisina.,The train station is quite close to our office.,,,
156,"Travel, Commuting & Navigation",Nalate kami king biyahe uling king matindi trapiko king express way.,Nalate kami sa biyahe dahil sa matinding trapiko sa express way.,We were late for the trip because of heavy traffic on the expressway.,,,
157,"Travel, Commuting & Navigation",Mag-ingat ka king pamagtawid king dalan lalo na nung bengi.,Mag-ingat ka sa pagtawid sa kalsada lalo na kapag gabi.,"Be careful crossing the street, especially at night.",,,
158,"Travel, Commuting & Navigation",Pilang oras ing biyahe ibat Angeles papuntang Baguio?,Ilang oras ang biyahe mula Angeles papuntang Baguio?,How many hours is the journey from Angeles to Baguio?,,,
159,"Travel, Commuting & Navigation",Pumara ka king tabi ning gasolinahan pagdatang tamu karin.,Pumara ka sa tabi ng gasolinahan pagdating natin doon.,Signal to stop beside the gas station when we reach there.,,,
160,"Travel, Commuting & Navigation",Kalingwan ku ing kakung pamasahe king bale kaya nagbalik ku.,Nakalimutan ko ang aking pamasahe sa bahay kaya bumalik ako.,"I forgot my fare money at home, so I went back.",,,
161,"Travel, Commuting & Navigation",Sumakay kaming tricycle uling masyadong malayu nung lalakaran.,Sumakay kami ng tricycle dahil masyadong malayo kung lalakarin.,We took a tricycle because it was too far to walk.,,,
162,"Travel, Commuting & Navigation",Diretsuwan mu ing dalan a ini anggang akit mu ing simbahan.,Diretsuhin mo ang daang ito hanggang makita mo ang simbahan.,Go straight down this road until you see the church.,,,
163,"Travel, Commuting & Navigation",Atiu king arap ning pampublikong palengke ing paradahan ning jeep.,Nasa harap ng pampublikong palengke ang paradahan ng jeep.,The jeepney terminal is in front of the public market.,,,
164,"Travel, Commuting & Navigation",Na-delay ing lipad ning kekaming eroplano uling king masakit a panahon.,Na-delay ang lipad ng aming eroplano dahil sa masamang panahon.,Our flight was delayed due to bad weather.,,,
165,"Travel, Commuting & Navigation",Kailangan tamung sumali tiket bayu lumub king istasyon ning tren.,Kailangan nating bumili ng tiket bago pumasok sa istasyon ng tren.,We need to buy tickets before entering the train station.,,,
166,"Travel, Commuting & Navigation",Meg-book kung saskyan gamit ing ride-hailing app king kakung telepono.,Nag-book ako ng sasakyan gamit ang ride-hailing app sa aking telepono.,I booked a ride using the ride-hailing app on my phone.,,,
167,"Travel, Commuting & Navigation",Atin gaganapan a dalan kaya mabagal ing daloy ning saskyan.,May ginagawang kalsada kaya mabagal ang daloy ng mga sasakyan.,"There is road construction, so traffic movement is slow.",,,
168,"Travel, Commuting & Navigation",Nukarin ing pekamalapit a gasoline station king lugar a ini?,Saan ang pinakamalapit na gasoline station sa lugar na ito?,Where is the nearest gasoline station in this area?,,,
169,"Travel, Commuting & Navigation",Sumakay la king huling biyahe ning bus napun bengi ban makamuli.,Sumakay sila sa huling biyahe ng bus kagabi para makauwi.,They took the last bus trip last night to get home.,,,
170,"Travel, Commuting & Navigation",Mawala ing kakung pitaka kabang sasakay king pampublikong saskyan.,Nawala ang aking pitaka habang sumasakay sa pampublikong sasakyan.,I lost my wallet while riding public transportation.,,,
171,"Travel, Commuting & Navigation",Ihanda mu ing kekang barya para king pamasahe bayu sumakay.,Ihanda mo ang iyong barya para sa pamasahe bago sumakay.,Prepare your loose coins for the fare before boarding.,,,
172,"Travel, Commuting & Navigation",Atin alternatibong dalan wari ban maiwasan ing trapiko king highway?,May alternatibong daan ba upang maiwasan ang trapiko sa highway?,Is there an alternate route to avoid traffic on the highway?,,,
173,"Travel, Commuting & Navigation",Miras kami king kekaming destinasyon nang ligtas at maayos.,Nakarating kami sa aming destinasyon nang ligtas at maayos.,We arrived at our destination safely and smoothly.,,,
174,"Travel, Commuting & Navigation",Lumawe ka king kaili at wanan bayu ka tumawid king dalan.,Tumingin ka sa kaliwa at kanan bago ka tumawid sa kalsada.,Look left and right before crossing the street.,,,
175,"Travel, Commuting & Navigation",Mas mabilis ing lakad nung gumamit kang shortcut king looban.,Mas mabilis ang lakad kapag gumagamit ka ng shortcut sa looban.,Walking is faster if you use the shortcut through the inner streets.,,,
176,"Health, Weather, Food & Environment",Minum kang dakal a danum at magpaynawa ka ban kumayap ing lagnat mu.,Uminom ka ng maraming tubig at magpahinga ka para gumaling ang lagnat mo.,Drink plenty of water and rest so that your fever improves.,,,
177,"Health, Weather, Food & Environment",Masyadong mapali ing panahon ngeni kaya mas masanting manatili king kilub bale.,Sobrang init ng panahon ngayon kaya mas magandang manatili sa loob ng bahay.,"The weather is extremely hot today, so it's better to stay inside the house.",,,
178,"Health, Weather, Food & Environment","Baka muran potang gatpanapun, kaya magdala kang payung.","Baka umulan mamayang hapon, kaya magdala ka ng payong.","It might rain later this afternoon, so bring an umbrella with you.",,,
179,"Health, Weather, Food & Environment",Minta ya king ospital inyang milabas a linggu ban magpacheck-up.,Pumunta siya sa ospital noong isang linggo para magpacheck-up.,She went to the hospital last week for a medical check-up.,,,
180,"Health, Weather, Food & Environment",Manyaman maglakad-lakad king parke nung maaliwalas ing banua.,Masarap maglakad-lakad sa parke kapag maaliwalas ang kalangitan.,It is pleasant to take a walk in the park when the sky is clear.,,,
181,"Health, Weather, Food & Environment",Kailangan tamung mangan masustansyang pamangan ban lumakas ing kekatamung katawan.,Kailangan nating kumain ng masustansyang pagkain upang lumakas ang ating katawan.,We need to eat nutritious food to strengthen our bodies.,,,
182,"Health, Weather, Food & Environment",Minum yang gamot pagka-yari mangan apagto.,Uminom siya ng gamot pagkatapos kumain ng tanghalian.,He took medicine after eating lunch.,,,
183,"Health, Weather, Food & Environment",Napakamarim ning angin ibat king bundok balang maagang abak.,Napakalamig ng hangin mula sa bundok tuwing maagang umaga.,The breeze from the mountain is very cool early in the morning.,,,
184,"Health, Weather, Food & Environment",Meglinis kaming mula ban maiwasan ing pagdami ning lamok.,Naglinis kami ng bakuran upang maiwasan ang pagdami ng lamok.,We cleaned the yard to prevent mosquitoes from multiplying.,,,
185,"Health, Weather, Food & Environment",Magdala kang jacket uling marim king kilub ning silid-aralan.,Magdala ka ng jacket dahil malamig sa loob ng silid-aralan.,Bring a jacket because it is cold inside the classroom.,,,
186,"Health, Weather, Food & Environment",Masustansya ding sariwang gule a nabili tamu king pamilihan.,Masustansya ang mga sariwang gulay na nabili natin sa pamilihan.,The fresh vegetables we bought at the market are nutritious.,,,
187,"Health, Weather, Food & Environment",Sumakit ing kayang atyan uling king kinain niyang maanghang a pamangan.,Sumakit ang kanyang tiyan dahil sa kinain niyang maanghang na pagkain.,His stomach ached because of the spicy food he ate.,,,
188,"Health, Weather, Food & Environment",Magsuot silang raincoat uling king masikan a buhos ning uran.,Nagsuot sila ng raincoat dahil sa malakas na buhos ng ulan.,They wore raincoats because of the heavy downpour.,,,
189,"Health, Weather, Food & Environment",Ipinayo ning doktor na mag-ehersisyo kami ng tatlong beses king panying linggu.,Ipinayo ng doktor na mag-ehersisyo kami ng tatlong beses sa isang linggo.,The doctor advised us to exercise three times a week.,,,
190,"Health, Weather, Food & Environment",Megtanim kaming punong-kahoy king gilid ning bundok ban maiwasan ing albug.,Nagtanim kami ng mga punong-kahoy sa gilid ng bundok upang maiwasan ang baha.,We planted trees on the mountainside to prevent flooding.,,,
191,"Health, Weather, Food & Environment",Mabango ing amoy ning bulaklak a namumukadkad king hardin.,Mabango ang amoy ng mga bulaklak na namumukadkad sa hardin.,The flowers blooming in the garden smell sweet.,,,
192,"Health, Weather, Food & Environment",Kailangan mung matudtud walong oras balang bengi para king kekang kalusugan.,Kailangan mong matulog nang walong oras bawat gabi para sa iyong kalusugan.,You need to sleep eight hours every night for your health.,,,
193,"Health, Weather, Food & Environment",Maliwanag ing sikat ning aldo kaya mabilis dang natuyo ding imalan.,Maliwanag ang sikat ng araw kaya mabilis na natuyo ang mga damit.,"The sunshine was bright, so the clothes dried quickly.",,,
194,"Health, Weather, Food & Environment",Iwasan ing masyadong matatamis a inumin ban e tumaas ing sugar level.,Iwasan ang masyadong matatamis na inumin para hindi tumaas ang sugar level.,Avoid overly sweet drinks to keep your sugar level from rising.,,,
195,"Health, Weather, Food & Environment",Masanting magpa-checkup king dentista aduang beses king panying banua.,Magandang magpa-checkup sa dentista dalawang beses sa isang taon.,It is good to get a checkup with the dentist twice a year.,,,
196,"Health, Weather, Food & Environment",Umihip ing masikan a angin bayu dumatang ing bagyo.,Umihip ang malakas na hangin bago dumating ang bagyo.,Strong winds blew before the typhoon arrived.,,,
197,"Health, Weather, Food & Environment",Manyaman minum mainit a tsokolate nung maulan ing panahon.,Masarap uminom ng mainit na tsokolate kapag maulan ang panahon.,It is nice to drink hot chocolate when the weather is rainy.,,,
198,"Health, Weather, Food & Environment",Meglagay kaming sunscreen bayu muna king dalampasigan.,Naglagay kami ng sunscreen bago pumunta sa dalampasigan.,We applied sunscreen before going to the beach.,,,
199,"Health, Weather, Food & Environment",Inalilan ning doktor ing reseta ning kayang gamot king mata.,Pinalitan ng doktor ang reseta ng kanyang gamot sa mata.,The doctor changed his eye medication prescription.,,,
200,"Health, Weather, Food & Environment",Ing malinis a angin king lalawigan ay nakakatulong king mabilis a pamagkayap.,Ang malinis na hangin sa lalawigan ay nakakatulong sa mabilis na paggaling.,The clean air in the countryside helps with fast recovery.,,,
201,Extended batch (201-300),E ku makatipa king pamiantabe bukas uling atin kung mahalagang kailangang ayari.,Hindi ako makakadalo sa pagpupulong bukas dahil may mahalaga akong kailangang tapusin.,I won't be able to attend the meeting tomorrow because I have something important to finish.,Potential Negation (*E ku maka-*) + Causal Clause (*uling*),,
202,Extended batch (201-300),Ikit me ba ing susi a lewan ku king babaw ning lamesa?,Nakita mo ba ang susi na iniwan ko sa ibabaw ng lamesa?,Did you see the key that I left on top of the table?,Interrogative Portmanteau (*Ikit me*) + Relative Clause (*a lewan ku*),,
203,Extended batch (201-300),"Bayu linub ing guro, manalon la ring estudyante king video king karelang cellphone.","Bago pumasok ang guro, nanonood ang mga estudyante ng video sa kanilang cellphone.","Before the teacher entered, the students were watching videos on their cellphones.",Temporal Subordination (*Bayu*) + Imperfective Aspect (*manalon la*),,
204,Extended batch (201-300),Alang kuryente king kekaming barangay ketang metung a bengi inya e kami nakapagaral.,Walang kuryente sa aming barangay noong isang gabi kaya hindi kami nakapag-aral.,"There was no electricity in our village the other night, so we couldn't study.",Existential Negation (*Alang*) + Resultative Conjunction (*inya*),,
205,Extended batch (201-300),"Nung atin kang kailangan, sabyan mu agad kanaku ba daka asopan.","Kung may kailangan ka, sabihin mo agad sa akin para matulungan kita.","If you need anything, tell me right away so I can help you.",Conditional Clause (*Nung*) + Purpose Clause (*ba daka*),,
206,Extended batch (201-300),Ing kotse a sinali ning kapatad ku matipid ya king gasolina.,Ang kotse na binili ng kapatid ko ay napakatipid sa gasolina.,The car that my sibling bought is very fuel-efficient.,Relative Clause Modification + Stative/Adjectival Predicate,,
207,Extended batch (201-300),Ali mu bubuksan ing awang kabang muran nang masikan.,Huwag mong buksan ang bintana habang umuulan nang malakas.,Don't open the window while it is raining hard.,Prohibitive Negation (*Ali mu*) + Simultaneous Temporal Clause (*kabang*),,
208,Extended batch (201-300),E ne pekibatan ing telepono agyang limang beses kung tinawag.,Hindi niya sinagot ang telepono kahit limang beses akong tumawag.,He didn't answer the phone even though I called five times.,Verbal Negation + Portmanteau Pronoun (*E ne*) + Concessive Clause (*agyang*),,
209,Extended batch (201-300),Mas bisa kung maglakad pauli kaysa sumakai king bus nung gatpanapun.,Mas gusto kong maglakad pauwi kaysa sumakay ng bus kapag hapon.,I prefer walking home rather than taking the bus in the afternoon.,Comparative Preference (*Mas bisa*) + Temporal Condition (*nung*),,
210,Extended batch (201-300),Ila ring taung sinopa kekami nang masira ing sasakyan mi.,Sila ang mga taong tumulong sa amin nang masira ang aming sasakyan.,They are the people who helped us when our vehicle broke down.,Focus Relative Clause (*taung sinopa*) + Temporal Subordinator (*nang*),,
211,Extended batch (201-300),Kailangan tamung mako nang maaga ba tayung e abutanan ning trapik.,Kailangan nating umalis nang maaga upang hindi tayo maabutan ng trapik.,We need to leave early so that we won't get caught in traffic.,Obligational Predicate + Purpose Clause (*ba*) + Negative Potential,,
212,Extended batch (201-300),Magluto ya i Maria ning apunan samantalang maglinis ya king bakuran i Juan.,Nagluluto si Maria ng hapunan samantalang naglilinis ng bakuran si Juan.,Maria is cooking dinner while Juan is cleaning the yard.,Compound Sentence + Concurrent Temporal Conjunction (*samantalang*),,
213,Extended batch (201-300),Atin bang makatagung pera king lalam ning palaman a yan?,May nakatagong pera ba sa ilalim ng unan na iyan?,Is there money hidden under that pillow?,Existential Interrogative (*Atin ba*) + Stative Modifier (*makatagu*),,
214,Extended batch (201-300),Kabud ku pa mengan tanghali nang dinatang ing bisita.,Kakakain ko lang ng tanghalian nang dumating ang bisita.,I had just eaten lunch when the guest arrived.,Recent Perfective Aspect (*Kabud ku pa*) + Subordinate Event,,
215,Extended batch (201-300),E ku atandanan nung nukarin ke inabili ing salamin ku.,Hindi ko maaalala kung saan ko nailagay ang aking salamin.,I can't remember where I placed my glasses.,Mental Inability Negation (*E ku atandanan*) + Embedded Indirect Question,,
216,Extended batch (201-300),Ing proyektong gewa tamu ketang metung a duminggu na-approban ne ning boss.,Ang proyektong ginawa natin noong nakaraang linggo ay naapprobahanan na ng boss.,The project we made last week has already been approved by the boss.,Patient Focus Perfective (*gewa tamu*) + Ergative Clitic (*ne*),,
217,Extended batch (201-300),"Kaibat nang mininum gamut, nakaramdam yang kabawasan.","Matapos niyang makainom ng gamot, nakaramdam siya ng ginhawa.","After he took the medicine, he felt some relief.",Sequential Temporal Clause (*Kaibat na*) + Inchoative State,,
218,Extended batch (201-300),Obakit e ka pa rin magpadala mensahe king keka mong pamilya?,Bakit hindi ka pa rin nagpapadala ng mensahe sa iyong pamilya?,Why haven't you sent a message to your family yet?,Interrogative Reason (*Obakit*) + Aspectual Negation (*e ka pa*),,
219,Extended batch (201-300),Isalikut mu ring babasaging basu ba silang e mabasa kareng anak.,Itago mo ang mga babasaging baso para hindi mabasag ng mga bata.,Hide the fragile glasses so the children won't break them.,Imperative Object Focus (*Isalikut mu*) + Negative Result Clause,,
220,Extended batch (201-300),"Agyang napagal kami king biyahe, me-enjoy kami pa rin king bakasyon.","Kahit na napagod kami sa biyahe, nag-enjoy pa rin kami sa bakasyon.","Even though we were tired from the trip, we still enjoyed the vacation.",Concessive Clause (*Agyang*) + Experiencer Predicate,,
221,Extended batch (201-300),Ninu ing lalaking makatalakad king lele ning pasbul?,Sino ang lalaking nakatayo sa tabi ng pintuan?,Who is the man standing next to the door?,Interrogative Identity (*Ninu*) + Stative Posture (*makatalakad*),,
222,Extended batch (201-300),Alang ninuman ing makabalu nung kapilan mayari ing kumpuni king dalan.,Walang sinuman ang nakakaalam kung kailan matatapos ang kumpuni sa kalye.,Nobody knows when the road repairs will be finished.,Universal Negative Subject (*Alang ninuman*) + Embedded Clause,,
223,Extended batch (201-300),Mas mabilis yang maglakad i Pedro kaysa kay Juan uling kayaba ring binti na.,Mas mabilis maglakad si Pedro kaysa kay Juan dahil mahaba ang kanyang binti.,Pedro walks faster than Juan because his legs are long.,Comparative Degree (*Mas*) + Causal Clause (*uling*),,
224,Extended batch (201-300),E pa nabayaran ing bill king kuryente inya naputulan silang sulu.,Hindi pa nababayaran ang bill sa kuryente kaya naputulan sila ng ilaw.,"The electric bill hasn't been paid yet, so their power was cut off.",Aspectual Negation (*E pa*) + Causal Resultative (*inya*),,
225,Extended batch (201-300),Salian daka ng bagong sapatos potang makapasa ka king eksamen.,Bibilhan kita ng bagong sapatos kapag nakapasa ka sa eksamen.,I will buy you new shoes once you pass the exam.,Benefactive Portmanteau (*Salian daka*) + Future Condition (*potang*),,
226,Extended batch (201-300),Akalingwan ning drayber ing magkarga gasulino bayu bumyahe.,Nakalimutan ng drayber na magkarga ng gasolina bago bumyahe.,The driver forgot to refuel before departing.,Involuntary Aspect (*Akalingwan*) + Infinitive Complement,,
227,Extended batch (201-300),Ing kompyuter a gagamitan ku king obra mabilis ya at bayu.,Ang kompyuter na ginagamit ko sa trabaho ay mabilis at bago.,The computer that I use at work is fast and new.,Relative Clause Modifier + Compound Predicate,,
228,Extended batch (201-300),Ali ka lulumwal king bale kabang e pa titila ing uran.,Huwag kang lalabas ng bahay habang hindi pa tumitila ang ulan.,Don't go outside while the rain hasn't stopped yet.,Prohibitive (*Ali ka*) + Negative Temporal Condition (*kabang e pa*),,
229,Extended batch (201-300),Magaral yang Ingles aldo-aldo ba yang makapanintun magandang obra.,Nag-aaral siya ng Ingles araw-araw upang makahanap ng magandang trabaho.,She studies English every day in order to find a good job.,Habitual Imperfective + Purpose Clause (*ba yang*),,
230,Extended batch (201-300),Dakal a taung maghintay king kilwal ning bangko bayu pa ya mambukas.,Maraming taong naghihintay sa labas ng bangko bago pa ito magbukas.,Many people were waiting outside the bank even before it opened.,Existential Quantifier (*Dakal*) + Antecedent Temporal Clause (*bayu pa*),,
231,Extended batch (201-300),E ku atanggap ing inaluk dang sweldo uling masyadong mababa.,Hindi ko matanggap ang inalok nilang sweldo dahil masyadong mababa.,I couldn't accept the salary they offered because it was too low.,Inability Negation (*E ku atanggap*) + Reason Clause (*uling*),,
232,Extended batch (201-300),Ninu-ninu ring kayabe mung munta king palengke bukas king abak?,Sino-sino ang mga kasama mong pupunta sa palengke bukas ng umaga?,Who are the people going with you to the market tomorrow morning?,Plural Interrogative (*Ninu-ninu*) + Future Locative Direction,,
233,Extended batch (201-300),"Bagaman mauran ing panahon, tinuloy pa rin ing palaro king barangay.","Bagaman maulan ang panahon, nagpatuloy pa rin ang palaro sa barangay.","Although the weather was rainy, the village sports event still continued.",Formal Concessive Subordinator (*Bagaman*) + Continuous Aspect,,
234,Extended batch (201-300),Inutos ning doktor a mininum siyang dakal a danum aldo-aldo.,Ipinag-utos ng doktor na uminom siya ng maraming tubig araw-araw.,The doctor instructed him to drink plenty of water every day.,Mandative Complement Clause + Frequency Adverbial,,
235,Extended batch (201-300),Alang makapigil kekaming magkakaluguran a matupad ing kekaming pangarap.,Walang makakapigil sa aming magkaibigan na matupad ang aming mga pangarap.,Nothing can stop us friends from achieving our dreams.,Existential Negation + Potential Infinitive Complement,,
236,Extended batch (201-300),Binuksan ku ing radyo ba kung makiramdam balita tungkol king bagyo.,Binuksan ko ang radyo upang makinig ng balita tungkol sa bagyo.,I turned on the radio so that I could listen to news about the typhoon.,Volitional Action + Intentional Purpose Subordinator (*ba kung*),,
237,Extended batch (201-300),"Nung e ka mag-ingat, baka mawala ing pitaka mu.","Kung hindi ka mag-iingat, baka mawala ang iyong pitaka.","If you are not careful, your wallet might get lost.",Negative Condition (*Nung e ka*) + Epistemic Possibility (*baka*),,
238,Extended batch (201-300),Ing kaining inihanda ning apu manyaman ya sadyang-sadya.,Ang pagkaing inihanda ng lola ay napakasarap at malinamnam.,The food prepared by grandmother is extremely delicious and flavorful.,Patient Focus Relative Clause + Intensified Adjective,,
239,Extended batch (201-300),E pa rin daratang ing inorder kung kakanan ibat king restawran.,Hindi pa rin nakakarating ang inorder kong pagkain mula sa restawran.,The food I ordered from the restaurant still hasn't arrived.,Aspectual Continuous Negation (*E pa rin daratang*),,
240,Extended batch (201-300),"Kaibat maglinis plato, manalon yang telebisyon king sala.","Matapos maghugas ng plato, nanood siya ng telebisyon sa sala.","After washing the dishes, she watched television in the living room.",Sequential Action Marker (*Kaibat*) + Actor Focus Past,,
241,Extended batch (201-300),Isanung sapatos ing gagamitan mu para king kasal king Sabado?,Aling sapatos ang gagamitin mo para sa kasal sa Sabado?,Which shoes will you wear for the wedding on Saturday?,Selective Interrogative (*Isanu*) + Future Purpose,,
242,Extended batch (201-300),Bisa kaming magpasalamat king sablang minabut tulong.,Nais naming magpasalamat sa lahat ng nag-abot ng tulong.,We would like to express our gratitude to everyone who extended help.,Desiderative Auxiliary (*Bisa kami*) + Actor Focus Participle,,
243,Extended batch (201-300),Ali mu ipagkalat ing secret a ipinagkatiwala ku keka.,Huwag mong ipagkalat ang lihim na ipinagkatiwala ko sa iyo.,Don't spread the secret that I entrusted to you.,Prohibitive Imperative + Relative Clause Complement,,
244,Extended batch (201-300),"Kabang magluto ya i Inda, mag-ayos naman ing lamesa i Tata.","Habang nagluluto si Nanay, nag-aayos naman ng hapag-kainan si Tatay.","While Mom is cooking, Dad is setting the dining table.",Simultaneous Temporal Clauses + Contrastive Marker (*naman*),,
245,Extended batch (201-300),E kami na nakapanood sine uling naubusan na ng tiket.,Hindi na kami nakapanood ng sine dahil naubusan na ng tiket.,We were no longer able to watch the movie because tickets ran out.,Cessative Negation (*E kami na*) + Causal Passive Cause,,
246,Extended batch (201-300),Atin kung ikit a asung gala a maglakad king arapan ning kekaming gate.,May nakita akong asong gala na naglalakad sa harap ng aming gate.,I saw a stray dog walking in front of our gate.,Existential Induction (*Atin kung ikit*) + Present Relative Modifier,,
247,Extended batch (201-300),"Nung bisitahan mu kami king Linggo, ipagluto daka ng paborito mung ulam.","Kung bibisitahin mo kami sa Linggo, ipagluluto kita ng paborito mong ulam.","If you visit us on Sunday, I will cook your favorite dish for you.",Future Condition + Benefactive Portmanteau (*ipagluto daka*),,
248,Extended batch (201-300),E tamu pwedeng balewalain ing payu ring kekatamung pengari.,Hindi natin pwedeng balewalain ang payo ng ating mga magulang.,We cannot ignore the advice of our parents.,Modal Negation (*E tamu pwedeng*) + Object Complement,,
249,Extended batch (201-300),Ing librung iniram ku king aklatan kailangang isubli bukas.,Ang librong hiram ko sa aklatan ay kailangang isauli bukas.,The book I borrowed from the library needs to be returned tomorrow.,Relative Clause + Deontic Necessity Predicate,,
250,Extended batch (201-300),"Bayu mayari ing banwa, nagplano silang maglakbay king aliwang bansa.","Bago matapos ang taon, nagplano silang maglakbay sa ibang bansa.","Before the year ends, they plan to travel abroad.",Temporal Limit Subordinator (*Bayu*) + Intentional Action,,
251,Extended batch (201-300),Sanay ne gumising nang maaga uling marayo ing kekang obran.,Sanay na siyang gumising nang maaga dahil malayo ang kanyang pinapasukan.,She is already used to waking up early because her workplace is far.,Habitual State (*Sanay ne*) + Causal Clause (*uling*),,
252,Extended batch (201-300),Obakit e me tinanggap ing aus ibat king bangko kanian abak?,Bakit hindi mo tinanggap ang tawag mula sa bangko kaninang umaga?,Why didn't you answer the call from the bank earlier this morning?,Interrogative Reason + Negative Portmanteau (*E me*),,
253,Extended batch (201-300),"Sa tuwing muran, magluto ya i Apu ng mapaling sopas para kekami.","Sa tuwing umuulan, nagluluto si Lola ng mainit na sopas para sa amin.","Whenever it rains, Grandma cooks hot soup for us.",Iterative Temporal Clause (*Sa tuwing*) + Benefactive Preposition,,
254,Extended batch (201-300),Ala nang natagung kakanan king lamesa uling mengan na ring sabla.,Wala nang natirang pagkain sa mesa dahil kumain na ang lahat.,There is no food left on the table because everyone has already eaten.,Negative Existential (*Ala nang*) + Completed Causality,,
255,Extended batch (201-300),"Agyang nanung kasakit ing pagsusulit, subukan ke pa rin ipasa.","Kahit gaano kahirap ang pagsusulit, susubukan ko pa ring ipasa ito.","No matter how difficult the exam is, I will still try to pass it.",Concessive Degree (*Agyang nanu*) + Volitional Future (*subukan ke*),,
256,Extended batch (201-300),Ipinasara ning kapitan ing dalan ba lang iwasan ring aksidente.,Ipinasara ng kapitan ang kalsada upang iwasan ang aksidente.,The captain ordered the road closed in order to prevent accidents.,Caused Action (*Ipinasara*) + Purpose Clause (*ba lang*),,
257,Extended batch (201-300),Mas bisa kung mininum tsaa kaysa magkape potang bengi.,Mas gusto kong uminom ng tsaa kaysa magkape kapag gabi.,I prefer drinking tea rather than drinking coffee at night.,Comparative Preference (*Mas bisa*) + Temporal Marker (*potang*),,
258,Extended batch (201-300),Ing lalaking mag-ayos sasakyan ya ing tata ning kakuluguran ku.,Ang lalaking nag-aayos ng sasakyan ay ang tatay ng aking kaibigan.,The man repairing the vehicle is my friend's father.,Relative Clause Subject Modifier + Equational Structure,,
259,Extended batch (201-300),Ali mu tatalanan ing kalan uling mapali ya pa.,Huwag mong hawakan ang kalan dahil mainit pa ito.,Don't touch the stove because it is still hot.,Prohibitive Imperative (*Ali mu*) + Reason Clause (*uling*),,
260,Extended batch (201-300),Atin kung ikit a magandang sapatos pero ala kung sapat a pera.,May nakita akong magandang sapatos pero wala akong sapat na pera.,"I saw beautiful shoes, but I didn't have enough money.",Existential Perception + Adversative Conjunction (*pero*),,
261,Extended batch (201-300),"Bayu ka munta king tindahan, gawan mu pa nung nanu ing kulang.","Bago ka pumunta sa tindahan, tingnan mo muna kung ano ang kulang.","Before you go to the store, check first what is missing.",Temporal Clause (*Bayu ka*) + Embedded Interrogative,,
262,Extended batch (201-300),E ku namalayan a nakatutok na pala ing camera kanaku.,Hindi ko namalayan na nakatutok na pala ang camera sa akin.,I didn't notice that the camera was already focused on me.,Involuntary Perception Negation + Complement Clause,,
263,Extended batch (201-300),Ninu-ninu ring imbitado king keburitan ning kapatad mu king Linggo?,Sinu-sino ang mga imbitado sa kaarawan ng iyong kapatid sa Linggo?,Who are the invited guests to your sibling's birthday on Sunday?,Plural Interrogative Modifier + Future Time Locative,,
264,Extended batch (201-300),Kailangan mung magpahinga nang mayap ba ka gumaling agad.,Kailangan mong magpahinga nang maayos upang gumaling ka agad.,You need to rest properly so that you will recover quickly.,Deontic Obligation + Purpose Subordinator (*ba ka*),,
265,Extended batch (201-300),Ring anak a maglaro king dalan inaus la ning karelang ima.,Ang mga batang naglalaro sa kalye ay tinawag ng kanilang ina.,The children playing in the street were called by their mother.,Active Relative Clause Modification + Ergative Passive Agent,,
266,Extended batch (201-300),Alang ninuman ing pwedeng lumub king kwarto nang alang pahintulot.,Walang sinuman ang pwedeng pumasok sa silid nang walang pahintulot.,No one is allowed to enter the room without permission.,Universal Negative Modifier + Modal Permission,,
267,Extended batch (201-300),"Kaibat kung maglinis kotse, maglinis naman kung kwarto.","Pagkatapos kong maghugas ng kotse, naglinis naman ako ng kwarto.","After I washed the car, I then cleaned the bedroom.",Sequential Temporal Marker (*Kaibat kung*) + Sequence Focus,,
268,Extended batch (201-300),"Nung e sumikan ing uran, tuloy pa rin ing biyahe tamu.","Kung hindi lalakas ang ulan, tutuloy pa rin ang ating biyahe.","If the rain does not intensify, our trip will still proceed.",Conditional Negation (*Nung e*) + Future Continuity,,
269,Extended batch (201-300),E pa rin mayari ning tindero ing mag-ayos kareng paninda.,Hindi pa rin natatapos ng tindero ang pag-aayos ng mga paninda.,The vendor still hasn't finished organizing the goods.,Aspectual Imperfective Negation (*E pa rin mayari*),,
270,Extended batch (201-300),Nukarin la ring dokumentong kailangan tamung pirmaan ngening gatpanapun?,Nasaan ang mga dokumentong kailangan nating lagdaan ngayong hapon?,Where are the documents that we need to sign this afternoon?,Locative Interrogative (*Nukarin la*) + Relative Clause,,
271,Extended batch (201-300),Ali ka mag-alala uling sopalan daka king keka mong takdang-aralin.,Huwag kang mag-alala dahil tutulungan kita sa iyong takdang-aralin.,Don't worry because I will help you with your homework.,Prohibitive Predicate + Benefactive Clitic (*daka*),,
272,Extended batch (201-300),Ila ring nagdala ng manyaman a kakanan para king salo-salo tamu.,Sila ang nagdala ng masarap na pagkain para sa ating salo-salo.,They were the ones who brought delicious food for our gathering.,Anaphoric Pronoun Focus + Relative Clause Modifier,,
273,Extended batch (201-300),Baka e ku makakayabe king panonood sine king Sabado.,Baka hindi ako makasama sa panonood ng sine sa Sabado.,I might not be able to join in watching the movie on Saturday.,Epistemic Uncertainty (*Baka*) + Potential Negation (*e ku maka-*),,
274,Extended batch (201-300),Ing pusa a makakera king sofa mataba ya at matudtud.,Ang pusa na nakahiga sa sofa ay napakataba at matulugin.,The cat lying on the sofa is very fat and sleepy.,Stative Relative Clause (*a makakera*) + Compound Adjective,,
275,Extended batch (201-300),"Bayu tamu magsimula, pakipatda mu pa ing kekayong cellphone.","Bago tayo magsimula, pakipatay muna ang inyong mga cellphone.","Before we begin, please turn off your cellphones first.",Temporal Subordination + Request Focus Prefix (*paki-*),,
276,Extended batch (201-300),Alang makakilala king lalaking linub king opisina kanian.,Walang nakakakilala sa lalaking pumasok sa opisina kanina.,Nobody knows the man who entered the office earlier.,Existential Negation + Relative Past Clause (*linub*),,
277,Extended batch (201-300),"Nung magaral kang mayap, tiyak a makapasa ka king eksamen.","Kung mag-aaral kang mabuti, tiyak na makakapasa ka sa eksamen.","If you study hard, you will surely pass the exam.",Conditional Clause (*Nung*) + Certainty Predicate (*tiyak*),,
278,Extended batch (201-300),E ku maibye ing hiningi mu uling ala ku kanini.,Hindi ko maibibigay ang hiningi mo dahil wala ako nito.,I cannot give you what you asked for because I don't have it.,Potential Negation (*E ku maibye*) + Existential Lack (*ala ku*),,
279,Extended batch (201-300),"Kabang maghintay bus, magbasa ya i Ana ng libro king phone na.","Habang naghihintay ng bus, nagbabasa si Ana ng libro sa kanyang phone.","While waiting for the bus, Ana was reading a book on her phone.",Temporal Simultaneity (*Kabang*) + Progressive Aspect,,
280,Extended batch (201-300),Ninu ing meg-wan ng basung danum king babaw ning laptop?,Sino ang nag-iwan ng baso ng tubig sa ibabaw ng laptop?,Who left a glass of water on top of the laptop?,Actor Focus Interrogative + Locative Modifier,,
281,Extended batch (201-300),Ipinagluto kami ni Inda ng paborito ming meryenda panaktak mi.,Ipinagluto kami ni Nanay ng paborito naming meryenda pagdating namin.,Mom cooked our favorite snack for us upon our arrival.,Benefactive Voice Prefix (*Ipinagluto*) + Temporal Subordinate,,
282,Extended batch (201-300),Mas maganda ing tanawin keni kaysa king kabilang bundok.,Mas maganda ang tanawin dito kaysa sa kabilang bundok.,The view here is more beautiful than on the other mountain.,Comparative Adjective + Spatial Demonstrative (*keni*),,
283,Extended batch (201-300),Ali mu kakalingwan magdala ng pambayad king kuryente bukas.,Huwag mong kalimutang magdala ng pambayad sa kuryente bukas.,Don't forget to bring payment for the electricity tomorrow.,Prohibitive Imperative (*Ali mu*) + Purpose Noun Phrase,,
284,Extended batch (201-300),E pa sasagot ing kliyente king email a ipinadala ku nabang bengi.,Hindi pa sumasagot ang kliyente sa email na ipinadala ko kagabi.,The client hasn't replied yet to the email I sent last night.,Aspectual Continuous Negation + Relative Past Clause,,
285,Extended batch (201-300),"Kaibat nang akua ing lisensya na, sinali agad yang motor.","Matapos niyang makuha ang kanyang lisensya, bumili agad siya ng motor.","After he got his license, he immediately bought a motorcycle.",Perfective Sequence Marker (*Kaibat nang*) + Volitional Action,,
286,Extended batch (201-300),Nukarin mung bisang mangan apunan kaibat ning obra?,Saan mo gustong kumain ng hapunan pagkatapos ng trabaho?,Where do you want to eat dinner after work?,Locative Interrogative + Desiderative Clitic (*bisang*),,
287,Extended batch (201-300),Alang masyadong tau king mall uling maaga pa.,Walang masyadong tao sa mall dahil maaga pa.,There aren't many people at the mall because it's still early.,Quantifier Negation + Temporal Causal Clause,,
288,Extended batch (201-300),"Nung atin kang kutan, ali ka mag-atubiling magkutan king guro.","Kung may katanungan ka, huwag kang mag-atubiling magtanong sa guro.","If you have any questions, don't hesitate to ask the teacher.",Conditional Existential + Prohibitive Subordinate,,
289,Extended batch (201-300),Ring imalan a ini para kareng naapektuhan ning bagyo.,Ang mga damit na ito ay para sa mga naapektuhan ng bagyo.,These clothes are for those who were affected by the typhoon.,Plural Demonstrative (*Ring... a ini*) + Benefactive Preposition,,
290,Extended batch (201-300),E tamu matayari ing obra nung e tamu magtulungan.,Hindi natin matatapos ang gawain kung hindi tayo magtutulungan.,We won't finish the task if we don't work together.,Inability Plural Negation (*E tamu*) + Conditional Negation,,
291,Extended batch (201-300),Obakit e ka pa magsalita king manager mu tungkol king sweldo?,Bakit hindi ka pa nakikipag-usap sa iyong manager tungkol sa sweldo?,Why haven't you spoken to your manager about the salary yet?,Interrogative Cause + Aspectual Negation (*e ka pa*),,
292,Extended batch (201-300),"Bayu lumub king opisina, kailangang magpa-temperature check ing sabla.","Bago pumasok sa opisina, kailangang magpa-temperature check ang lahat.","Before entering the office, everyone needs to have their temperature checked.",Temporal Subordination + Deontic Obligation Modifier,,
293,Extended batch (201-300),Dakal a manyaman a kakanan king lele ning kekaming eskwelahan.,Maraming masasarap na kainan sa tabi ng aming eskwelahan.,There are many delicious eateries beside our school.,Existential Plural Quantifier (*Dakal*) + Spatial Preposition,,
294,Extended batch (201-300),Ali mu lalewan ing anak nang alang kayabe king bale.,Huwag mong iiwanan ang bata nang walang kasama sa bahay.,Don't leave the child alone at home without company.,Prohibitive Aspect (*Ali mu*) + Negative State Circumstance,,
295,Extended batch (201-300),Ipinagpaliban ing laro uling king masikan a uran at angin.,Ipinagpaliban ang laro dahil sa malakas na ulan at hangin.,The game was postponed due to heavy rain and wind.,Passive Causative Aspect (*Ipinagpaliban*) + Compound Cause,,
296,Extended batch (201-300),"Agyang bengi na, maglakad ya pa rin pauli ibat king obra.","Kahit na gabi na, naglalakad pa rin siya pauwi galing sa trabaho.","Even though it's already night, he is still walking home from work.",Concessive Temporal State + Progressive Action (*maglakad ya*),,
297,Extended batch (201-300),Ninu ing nagpadala keka ng magandang bulaklak a yan?,Sino ang nagpadala sa iyo ng magagandang bulaklak na iyan?,Who sent you those beautiful flowers?,Focus Interrogative Subject + Oblique Pronoun (*keka*),,
298,Extended batch (201-300),"Nung ayari tamu ini agad, makapanood tamung sine pota.","Kung matatapos natin ito agad, makakapanood tayo ng sine mamaya.","If we finish this quickly, we can watch a movie later.",Potential Subjective Clause (*Nung ayari*) + Future Modal,,
299,Extended batch (201-300),E ku nagustuhan ing rasa ning kakanan in-order mu king app.,Hindi ko nagustuhan ang lasa ng pagkaing in-order mo sa app.,I didn't like the taste of the food you ordered on the app.,Experiencer Negation (*E ku*) + Relative Past Modification,,
300,Extended batch (201-300),Ring librung ini kailangang isubli king aklatan bayu mag-Biyernes.,Ang mga librong ito ay kailangang ibalik sa aklatan bago mag-Biyernes.,These books must be returned to the library before Friday.,Plural Subject Modification + Deontic Future Subordination,,
301,Extended batch (301-400),E ku napanood ing tawling dake ning sine uling mekatudtud ku.,Hindi ko napanood ang huling bahagi ng sine dahil nakatulog ako.,I didn't watch the last part of the movie because I fell asleep.,Verbal Negation + Causal Clause + Stative/Involuntary Past,,
302,Extended batch (301-400),Subukan mung buksan pasibayu ing laptop kaibat mung i-charge ng apulung minuto.,Subukang buksan uli ang laptop pagkatapos mong i-charge nang sampung minuto.,Try turning on the laptop again after you charge it for ten minutes.,Imperative Volitional + Sequential Clause + Temporal Duration,,
303,Extended batch (301-400),Ninu ing tinawag keka kabang magmaneho ka?,Sino ang tumawag sa iyo habang nagmamaneho ka?,Who called you while you were driving?,Interrogative Actor Focus + Temporal Subordination (*kabang*),,
304,Extended batch (301-400),Baka e daratang ing parcel ngening aldo uling muran.,Baka hindi dumating ang parcel ngayong araw dahil umuulan.,The parcel might not arrive today because it is raining.,Epistemic Possibility (*Baka*) + Negative Aspect + Causal Clause,,
305,Extended batch (301-400),Ing gamut a inireseta ning doktor kailangang inuman kaibat mangan.,Ang gamot na inireseta ng doktor ay kailangang inumin pagkatapos kumain.,The medicine prescribed by the doctor needs to be taken after eating.,Relative Clause + Deontic Necessity + Temporal Infinitive,,
306,Extended batch (301-400),Alang signal ing cellphone ku inya e daka ma-text.,Walang signal ang cellphone ko kaya hindi kita ma-text.,"My phone has no signal, so I can't text you.",Existential Negation (*Alang*) + Resultative + Portmanteau Pronoun (*daka*),,
307,Extended batch (301-400),Mas mayap nung magdala kang payung ba ka e mabasa.,Mas maganda kung magdadala ka ng payong para hindi ka mabasa.,It would be better if you brought an umbrella so you don't get wet.,Conditional Degree + Purpose Subordinator (*ba ka*) + Potential Passive,,
308,Extended batch (301-400),Kapilan mu isubli ing librung iniram mu kanaku?,Kailan mo ibabalik ang librong hiniram mo sa akin?,When will you return the book that you borrowed from me?,Temporal Interrogative + Relative Clause Modification,,
309,Extended batch (301-400),E pa nakakabit ing bayung Wi-Fi king kekaming bale.,Hindi pa nakakabit ang bagong Wi-Fi sa aming bahay.,The new Wi-Fi hasn't been installed in our house yet.,Aspectual Negation (*E pa*) + Stative/Resultative Aspect,,
310,Extended batch (301-400),"Kabang maghintay kaming jeep, mengan kami pa ng meryenda.","Habang naghihintay kami ng jeep, kumain muna kami ng meryenda.","While we were waiting for the jeepney, we ate some snacks first.",Simultaneous Temporal Clause + Inceptive Particle (*pa*),,
311,Extended batch (301-400),Ipinasa ne ing report bayu ing deadline agyang dakal ya gawan.,Ipinasa niya ang report bago ang deadline kahit marami siyang ginagawa.,She submitted the report before the deadline even though she had a lot to do.,Goal Focus Perfective (*Ipinasa ne*) + Concessive Subordination (*agyang*),,
312,Extended batch (301-400),Atin meg-wan ng basung kape king lele ning keyboard.,May nag-iwan ng baso ng kape sa tabi ng keyboard.,Someone left a cup of coffee next to the keyboard.,Existential Subject Indefinite (*Atin meg-wan*) + Spatial Preposition,,
313,Extended batch (301-400),Ali mu kakalingwan i-lock ing pasbul bayu ka matudtud.,Huwag mong kalimutang i-lock ang pinto bago ka matulog.,Don't forget to lock the door before you go to sleep.,Prohibitive Imperative + Antecedent Subordinating Clause,,
314,Extended batch (301-400),"Nung atin kang oras ngening gatpanapun, pwede daka bang kausap?","Kung may oras ka ngayong hapon, pwede ba kitang makausap?","If you have time this afternoon, can I talk to you?",Conditional Existential + Interrogative Modal (*pwede daka ba*),,
315,Extended batch (301-400),Ing restawran a pinakainan tamu ketang metung a duminggu makasara ne.,Ang restawran na pinakainan natin noong isang linggo ay sarado na.,The restaurant where we ate last week is already closed.,Locative Relative Clause + Stative Aspectual Clitic (*ne*),,
316,Extended batch (301-400),E ku makamunta king party uling kailangan kung mag-alaga king kapatad ku.,Hindi ako makakapunta sa party dahil kailangan kong mag-alaga ng kapatid ko.,I won't be able to go to the party because I need to take care of my sibling.,Inability Negation (*E ku maka-*) + Causal Obligation Clause,,
317,Extended batch (301-400),Obakit ali mu bisang kahanan ing gulay a linuto ni Inda?,Bakit ayaw mong kainin ang gulay na niluto ni Nanay?,Why don't you want to eat the vegetables Mom cooked?,Volitional Negation (*ali mu bisang*) + Relative Clause,,
318,Extended batch (301-400),"Kaibat maglinis kwarto, megaral ya agad para king pagsusulit.","Pagkatapos maglinis ng kwarto, nag-aral agad siya para sa pagsusulit.","After cleaning the room, he immediately studied for the exam.",Sequential Temporal Subordinator (*Kaibat*) + Immediate Action,,
319,Extended batch (301-400),Dakal a taung pumila ba silang sali ng bayung model ning phone.,Maraming taong pumila para bumili ng bagong model ng phone.,Many people lined up to buy the new phone model.,Quantifier Existential (*Dakal a*) + Purpose Subordination,,
320,Extended batch (301-400),"Ali ka mag-alala, e ku sabyan agyang kaninu ing sinabi mu.","Huwag kang mag-alala, hindi ko sasabihin kahit kanino ang sinabi mo.","Don't worry, I won't tell anyone what you said.",Prohibitive + Universal Negative Object Clause (*agyang kaninu*),,
321,Extended batch (301-400),Naibenta ne ba ing lumang kotse a nakaparada king garahe?,Naibenta na ba ang lumang kotse na nakaparada sa garahe?,Has the old car parked in the garage been sold already?,Passive Interrogative + Relative Stative Locative Clause,,
322,Extended batch (301-400),"Nung makatanggap kung maaga, ihanda ku ring gagamitan king meeting.","Kung makakarating ako nang maaga, ihahanda ko ang mga gagamitin sa meeting.","If I arrive early, I will prepare the materials for the meeting.",Future Condition + Patient Focus Volitional,,
323,Extended batch (301-400),E mi kayang ayari ing sablang obra nang mag-isa mu.,Hindi namin kayang tapusin ang lahat ng trabaho nang mag-isa lang.,We cannot complete all the work completely by ourselves.,Collective Inability Negation (*E mi kayang*),,
324,Extended batch (301-400),Obakit e ka pa magpalit ng imalan kaibat mung mag-ehersisyo?,Bakit hindi ka pa nagpapalit ng damit pagkatapos mong mag-ehersisyo?,Why haven't you changed clothes yet after exercising?,Interrogative Reason + Aspectual Negation (*e ka pa*),,
325,Extended batch (301-400),Ing gurong magturo ng Matematika mabait ya sadyang-sadya kareng estudyante.,Ang guro na nagtuturo ng Matematika ay napakamabait sa mga mag-aaral.,The teacher who teaches Mathematics is very kind to the students.,Subject Relative Clause + Intensive Stative Attribute,,
326,Extended batch (301-400),Ipinagluto kami ning kekaming tita ng manyaman a tanghali ketang Linggo.,Ipinagluto kami ng aming tita ng masarap na tanghalian noong Linggo.,Our aunt cooked us a delicious lunch last Sunday.,Benefactive Voice Prefix (*Ipinagluto*) + Past Temporal Modifier,,
327,Extended batch (301-400),Alang available a mesa king kilub inya king kilwal kami megluklok.,Walang available na mesa sa loob kaya sa labas kami umupo.,"There was no table available inside, so we sat outside.",Existential Negation (*Alang*) + Resultative Locative Focus,,
328,Extended batch (301-400),Ali mu lalewan ing asu a lumwal king bakuran.,Huwag mong hahayaan ang aso na lumabas ng bakuran.,Don't let the dog go outside the yard.,Prohibitive Direct Control (*Ali mu lalewan*),,
329,Extended batch (301-400),"Kabang mag-inspeksyon ing boss, mabilis lang megligpit ng gamit ring empleyado.","Habang nag-iinspeksyon ang boss, mabilis na nagligpit ng gamit ang mga empleyado.","While the boss was inspecting, the employees quickly packed up their things.",Simultaneous Subordination + Adverbial Manner Modification,,
330,Extended batch (301-400),Baka akalingwan mung dalan ing passport mu potang magmadali ka.,Baka makalimutan mong dalhin ang passport mo kapag nagmadali ka.,You might forget to bring your passport if you rush.,Epistemic Uncertainty + Involuntary Aspect (*akalingwan*),,
331,Extended batch (301-400),Ninu ing may-ari ning matuling a bag a lewan king luklukan?,Sino ang may-ari ng itim na bag na naiwan sa upuan?,Who is the owner of the black bag left on the chair?,Possessive Interrogative + Passive Relative Clause,,
332,Extended batch (301-400),"Bayu kami lumipat king bayung bale, nagbawas kami pa ng lumang gamit.","Bago kami lumipat sa bagong bahay, nagbawas muna kami ng lumang gamit.","Before we moved to the new house, we first got rid of old belongings.",Temporal Subordination (*Bayu kami*) + Pre-action Phase,,
333,Extended batch (301-400),E ne nagustuhan ning customer ing serbisyo king hotel inya megreklamo ya.,Hindi nagustuhan ng customer ang serbisyo sa hotel kaya nagreklamo siya.,"The customer didn't like the service at the hotel, so he complained.",Experiencer Negation (*E ne*) + Consequential Action Clause,,
334,Extended batch (301-400),"Bagaman bengi na, dakal pa ring sasakyan ing daralan king highway.","Bagaman gabi na, marami pa ring sasakyan ang dumadaan sa highway.","Although it is already late at night, many vehicles are still passing on the highway.",Formal Concessive Clause (*Bagaman*) + Continuous Quantity,,
335,Extended batch (301-400),Kailangan mung ipasa ring papeles bayu mag-alas singko ning gatpanapun.,Kailangan mong ipasa ang mga papeles bago mag-alas singko ng hapon.,You need to submit the documents before five o'clock in the afternoon.,Deontic Necessity + Fixed Temporal Boundary Subordinator,,
336,Extended batch (301-400),Ing anak a nawalan ng baon sinopan ne ning kekang kaklase.,Ang bata na nawalan ng baon ay tinulungan ng kanyang kaklase.,The child who lost their lunch money was helped by their classmate.,Relative Clause Subject (*anak a nawalan*) + Passive Ergative Agent,,
337,Extended batch (301-400),Ali ka magdala ng dakal a gamit ba ka e mabigatan.,Huwag kang magdadala ng maraming gamit para hindi ka mabigatan.,Don't bring many things so that you won't feel burdened by the weight.,Prohibitive Action + Negative Purpose Clause (*ba ka e*),,
338,Extended batch (301-400),Akalingwan ku nung nukarin ke inabili ing resibo ning sinali kung gamut.,Nakalimutan ko kung saan ko itinago ang resibo ng binili kong gamot.,I forgot where I hid the receipt for the medicine I bought.,Involuntary Mental State + Embedded Interrogative Location,,
339,Extended batch (301-400),Mas mabilis sumakai king tren kaysa mag-bus potang rush hour.,Mas mabilis sumakay ng tren kaysa mag-bus kapag rush hour.,Taking the train is faster than taking the bus during rush hour.,Comparative Speed (*Mas mabilis*) + Temporal Condition,,
340,Extended batch (301-400),Ala kaming maipangakong tulong habang e pa sigurado ing badyet.,Wala kaming maipapangakong tulong hangga't hindi pa sigurado ang badyet.,We cannot promise any assistance as long as the budget isn't secured yet.,Existential Inability + Continuous Conditional Negation,,
341,Extended batch (301-400),Atin bang makakilala king lalaking menkutan ng direksyon kanian?,May nakakilala ba sa lalaking nagtanong ng direksyon kanina?,Did anyone recognize the man who asked for directions earlier?,Interrogative Existential (*Atin ba*) + Past Relative Clause,,
342,Extended batch (301-400),"Kabang magaral ya i Ana, makiramdam yang musikang pampatulo ng antok.","Habang nag-aaral si Ana, nakikinig siya ng musikang pampatulo ng antok.","While studying, Ana listens to music that helps her relax.",Temporal Simultaneity (*Kabang*) + Instrumental Purpose Clause,,
343,Extended batch (301-400),E pa nareresolba ing problema king danum king kekaming subdivision.,Hindi pa nareresolba ang problema sa tubig sa aming subdivision.,The water supply problem in our subdivision hasn't been resolved yet.,Passive Aspectual Negation (*E pa nareresolba*),,
344,Extended batch (301-400),Ipinasundo ni Tata ing kekaming bisita gagamit ing bayung sasakyan.,Ipinasundo ni Tatay ang aming bisita gamit ang bagong sasakyan.,Dad had our guest picked up using the new vehicle.,Causative Voice Focus (*Ipinasundo*) + Instrumental Clause,,
345,Extended batch (301-400),Obakit ali mu bisang magpacheck-up king doktor agyang masakit ing buntuk mu?,Bakit ayaw mong magpacheck-up sa doktor kahit masakit ang iyong ulo?,Why don't you want to get checked by a doctor even if your head hurts?,Interrogative Volition Negation + Concessive Clause (*agyang*),,
346,Extended batch (301-400),"Nung e ka mangan abak, mahilo ka king kalagitnaan ning klase.","Kung hindi ka kakain ng agahan, mahihilo ka sa kalagitnaan ng klase.","If you don't eat breakfast, you will feel dizzy in the middle of class.",Negative Conditional (*Nung e ka*) + Expected Stative Future,,
347,Extended batch (301-400),Ing sapatos a gagamitan ku king pagtakbo sira-sira ne.,Ang sapatos na ginagamit ko sa pagtakbo ay sirang-sira na.,The shoes that I use for running are completely worn out now.,Relative Instrument Clause + Intensified Stative Predicate,,
348,Extended batch (301-400),Ali mu bubuksan ing aircon nung makabukas ya pa ing awang.,Huwag mong buksan ang aircon kung nakabukas pa ang bintana.,Don't turn on the air conditioner if the window is still open.,Prohibitive Condition (*Ali mu... nung*),,
349,Extended batch (301-400),"Bayu sumakai king eroplano, kailangang ipakit ing boarding pass at ID.","Bago sumakay ng eroplano, kailangang ipakita ang boarding pass at ID.","Before boarding the plane, one must show their boarding pass and ID.",Temporal Boundary Clause + Mandatory Passive Complement,,
350,Extended batch (301-400),E ku na uulit king kakanan a yan uling mabagal ing serbisyo.,Hindi na ako uulit sa kainang iyon dahil mabagal ang serbisyo.,I will not repeat eating at that diner again because the service is slow.,Cessative Future Negation (*E ku na*) + Causal Reasoning,,
351,Extended batch (301-400),Ila ring nag-ayos ning nasirang bubong ning kekaming bale ketang metung a bulan.,Sila ang nag-ayos ng nasirang bubong ng aming bahay noong isang buwan.,They are the ones who repaired the damaged roof of our house last month.,Emphatic Focus Pronoun (*Ila*) + Past Relative Modification,,
352,Extended batch (301-400),Dakal a estudyante ing dumalo king seminar agyang mauran ing abak.,Maraming estudyante ang dumalo sa seminar kahit maulan ang umaga.,Many students attended the seminar even though the morning was rainy.,Quantifier Subject (*Dakal a*) + Concessive Condition (*agyang*),,
353,Extended batch (301-400),Alang pwedeng lumub king gusali potang lagpas na ng alas nuwebe.,Walang pwedeng pumasok sa gusali kapag lagpas na ng alas nuwebe.,No one is allowed to enter the building past nine o'clock.,Universal Negative Subject + Conditional Temporal Boundary,,
354,Extended batch (301-400),Bisa kung ipaalam keka a natanggap mi na ing keka mong aplikasyon.,Nais kong ipaalam sa iyo na natanggap na namin ang iyong aplikasyon.,I would like to inform you that we have already received your application.,Desiderative Modal (*Bisa kung*) + Transitive Declarative Clause,,
355,Extended batch (301-400),Obakit e mu tinuki ing panuto a nakasulat king kahon?,Bakit hindi mo sinunod ang panuto na nakasulat sa kahon?,Why didn't you follow the instructions written on the box?,Interrogative Volition Negation + Relative Stative Clause,,
356,Extended batch (301-400),"Kabang maglakad king parke, mekit kaming magandang ibon king punu.","Habang naglalakad sa parke, nakakita kami ng magandang ibon sa puno.","While walking in the park, we saw a beautiful bird in the tree.",Temporal Duration Subordination + Involuntary Perception,,
357,Extended batch (301-400),"Nung e uling king tulong mu, e ku atayari ing proyektong ini.","Kung hindi dahil sa tulong mo, hindi ko matatapos ang proyektong ito.","If not for your help, I wouldn't have completed this project.",Counterfactual Negative Condition (*Nung e uling*) + Inability,,
358,Extended batch (301-400),Ing lalaking magmaneho ng kule pulang kotse ya ing kekaming kapitbahay.,Ang lalaking nagmamaneho ng kulay pulang kotse ay ang aming kapitbahay.,The man driving the red car is our neighbor.,Relative Subject Modifier + Equational Identification,,
359,Extended batch (301-400),Ali mu lalewan ing laptop a nakasaksak king kuryente ng buong bengi.,Huwag mong iiwan ang laptop na nakasaksak sa kuryente nang buong gabi.,Don't leave the laptop plugged into the electricity all night.,Prohibitive Imperative + Duration Circumstantial Clause,,
360,Extended batch (301-400),E ku bisang makipag-away inya megnahimik ku mu.,Hindi ko nais na makipag-away kaya nanahimik na lamang ako.,"I didn't want to pick a fight, so I just stayed quiet.",Volitional Negation (*E ku bisang*) + Resultative Action,,
361,Extended batch (301-400),Atin makatagung susi king lalam ning paso para king emergency.,May nakatagong susi sa ilalim ng paso para sa emergency.,There is a hidden key under the flowerpot for emergencies.,Existential Stative Modifier (*Atin makatagu*) + Purpose Phrase,,
362,Extended batch (301-400),"Bayu mayari ing bulan, kailangan tamung magbayad ng renta king bale.","Bago matapos ang buwan, kailangan nating magbayad ng renta sa bahay.","Before the month ends, we need to pay rent for the house.",Temporal Bound Clause (*Bayu*) + Deontic Obligation,,
363,Extended batch (301-400),Ninu ing kinalap ning librung inabili ku king babaw ning cabinet?,Sino ang kumuha ng librong inilagay ko sa ibabaw ng cabinet?,Who took the book that I placed on top of the cabinet?,Interrogative Subject Focus + Relative Locative Clause,,
364,Extended batch (301-400),E pa la ba mengan ring bisita a dinatang kanian tanghali?,Hindi pa ba kumakain ang mga bisita na dumating kaninang tanghali?,Haven't the guests who arrived earlier at noon eaten yet?,Interrogative Aspectual Negation + Plural Clitic (*E pa la ba*),,
365,Extended batch (301-400),"Kaibat nang megaral king kolehiyo, megnintun yang agad obra king Maynila.","Pagkatapos niyang mag-aral sa kolehiyo, naghanap agad siya ng trabaho sa Maynila.","After studying in college, he immediately looked for a job in Manila.",Sequential Subordination (*Kaibat nang*) + Directional Action,,
366,Extended batch (301-400),"Bagaman maikli ing panahon ning paghahanda, meging matagumpay ing programa.","Bagaman maikli ang panahon ng paghahanda, naging matagumpay ang programa.","Although the preparation time was short, the program was successful.",Concessive Subordination (*Bagaman*) + Stative Outcome,,
367,Extended batch (301-400),Mas bisa yang magbasa libro kaysa manalon telebisyon potang bengi.,Mas gusto niyang magbasa ng libro kaysa manood ng telebisyon sa gabi.,He prefers reading books rather than watching television at night.,Preferential Comparative (*Mas bisa yang*) + Temporal Modifier,,
368,Extended batch (301-400),Alang ninuman king kekaming pamilya ing makabalu king kekang bayung address.,Walang sinuman sa aming pamilya ang nakakaalam ng kanyang bagong address.,No one in our family knows his new address.,Universal Negative Modifier + Embedded Knowledge,,
369,Extended batch (301-400),Ali mu gagamitan ing sasakyan kabang ala pa pahintulot ni Tata.,Huwag mong gagamitin ang sasakyan habang wala pang pahintulot ni Tatay.,Don't use the vehicle while there is no permission from Dad yet.,Prohibitive (*Ali mu*) + Temporal Negative Existential (*kabang ala pa*),,
370,Extended batch (301-400),Baka maantala ing biyahe ning bus uling king kumpuni king tulay.,Baka maantala ang biyahe ng bus dahil sa maayos na kumpuni sa tulay.,The bus trip might be delayed due to repairs on the bridge.,Epistemic Uncertainty + Causality Preposition,,
371,Extended batch (301-400),Ing kakanan a inorder tamu king app paparatang ne king bale.,Ang pagkain na inorder natin sa app ay paparatang na sa bahay.,The food we ordered on the app is already on its way to the house.,Progressive Relative Clause (*a inorder tamu*) + Inchoative Clitic,,
372,Extended batch (301-400),E ku akit ing salamin ku inya e ku makapagbasa nang mayap.,Hindi ko makita ang salamin ko kaya hindi ako makapagbasa nang maayos.,"I can't find my glasses, so I cannot read properly.",Inability Perception (*E ku akit*) + Resultative Inability,,
373,Extended batch (301-400),"Kabang maglinis kusina i Maria, magpakain ya namang pusa i Juan.","Habang naglilinis ng kusina si Maria, nagpapakain naman ng pusa si Juan.","While Maria is cleaning the kitchen, Juan is feeding the cat.",Concurrent Temporal Clause + Contrastive Marker (*naman*),,
374,Extended batch (301-400),"Nung atin ka pang kailangan king palengke, sabyan mu na ba ku asali.","Kung may kailangan ka pa sa palengke, sabihin mo na para mabili ko na.","If you still need anything from the market, say it now so I can buy it.",Conditional Existential + Purpose First Person Clitic (*ba ku*),,
375,Extended batch (301-400),Obakit e mu ginamit ing bayung payung a sinali ning keka mong ima?,Bakit hindi mo ginamit ang bagong payong na binili ng iyong ina?,Why didn't you use the new umbrella that your mother bought?,Interrogative Direct Negation + Relative Passive Agent,,
376,Extended batch (301-400),Ipinatago ni Apu ring lumang litrato king kilub ning cabinet.,Ipinatago ni Lola ang mga lumang litrato sa loob ng cabinet.,Grandma had the old photos stored inside the cabinet.,Causative Transitive Voice (*Ipinatago*) + Spatial Locative,,
377,Extended batch (301-400),Alang makabalu nung kapilan magsimula ing bayung klase king kolehiyo.,Walang nakakaalam kung kailan magsisimula ang bagong klase sa kolehiyo.,Nobody knows when the new classes in college will start.,Existential Knowledge Negation + Embedded Temporal Clause,,
378,Extended batch (301-400),Ali mu tatalanan ing pasbul kabang nakapinta ya pa.,Huwag mong hahawakan ang pintuan habang nakapinta pa ito.,Don't touch the door while it is still painted/wet.,Prohibitive Imperative + Temporal Stative Modifier,,
379,Extended batch (301-400),"Bayu sumikat ing aldo, megingsing la na ring magsasaka king bukid.","Bago sumikat ang araw, nakagising na ang mga magsasaka sa bukid.","Before the sun rose, the farmers in the field were already awake.",Antecedent Subordinating Clause + Plural Completed Aspect,,
380,Extended batch (301-400),E pa naihahanda ring gamit para king out-of-town meeting bukas.,Hindi pa naihahanda ang mga gamit para sa out-of-town meeting bukas.,The equipment for tomorrow's out-of-town meeting hasn't been prepared yet.,Passive Aspectual Negation (*E pa naihahanda*),,
381,Extended batch (301-400),Ninu-ninu ring kayabe mung munta king mall ngening bengi?,Sinu-sino ang mga kasama mong pupunta sa mall ngayong gabi?,Who are the people going with you to the mall tonight?,Pluralized Interrogative Modifier + Temporal Adverbial,,
382,Extended batch (301-400),"Bagaman dumaan kami king masikan a trapik, nakatanggap kami pa rin king oras.","Bagaman mahirap ang dumaan sa trapik, nakarating pa rin kami sa oras.","Although we passed through heavy traffic, we still arrived on time.",Concessive Subordinator (*Bagaman*) + Inchoative Result,,
383,Extended batch (301-400),Kailangan tamung magtipid ng kuryente ba e lumaki ing kekatamung bill.,Kailangan nating magtipid ng kuryente upang hindi lumaki ang ating bill.,We need to save electricity so that our bill won't increase.,Deontic Necessity + Negative Purpose Subordinator (*ba e*),,
384,Extended batch (301-400),Ing imalan a gewa ning tailor kasya-kasya ya kanaku.,Ang damit na ginawa ng tailor ay kasyang-kasya sa akin.,The clothes made by the tailor fit me perfectly.,Relative Passive Agent + Intensive Attribute Stative,,
385,Extended batch (301-400),Mas mabilis magluto gagamit air fryer kaysa king ordinaryong kalan.,Mas mabilis magluto gamit ang air fryer kaysa sa ordinaryong kalan.,Cooking using an air fryer is faster than using an ordinary stove.,Instrument Comparative (*Mas mabilis*) + Prepositional Pivot,,
386,Extended batch (301-400),E ku atandanan nung nukarin ke lewan ing wallet ku kanian abak.,Hindi ko maalala kung saan ko naiwan ang aking wallet kaninang umaga.,I can't remember where I left my wallet earlier this morning.,Mental Inability Negation (*E ku atandanan*) + Embedded Question,,
387,Extended batch (301-400),"Kabang maghintay reseta, megbasa ku pa ng magazine king clinic.","Habang naghihintay ng reseta, nagbasa muna ako ng magazine sa clinic.","While waiting for the prescription, I read a magazine in the clinic first.",Temporal Duration Clause + Inceptive Aspect Marker (*pa*),,
388,Extended batch (301-400),"Nung magpatulong ka king keka mong kaklase, mas mabilis mung atayari ini.","Kung magpapatulong ka sa iyong kaklase, mas mabilis mong matatapos ito.","If you ask your classmate for help, you will finish this faster.",Conditional Causative + Comparative Speed Outcome,,
389,Extended batch (301-400),Obakit e ka pa rin magpadala ng confirmation email king customer?,Bakit hindi ka pa rin nagpapadala ng confirmation email sa customer?,Why haven't you sent a confirmation email to the customer yet?,Aspectual Reason Interrogative (*Obakit e ka pa rin*),,
390,Extended batch (301-400),Ipinagbawal ning barangay ing magtapon basura king lele ning ilog.,Ipinagbawal ng barangay ang pagtatapon ng basura sa tabi ng ilog.,The village prohibited throwing garbage beside the river.,Prohibition Voice Transitive (*Ipinagbawal*) + Spatial Modifier,,
391,Extended batch (301-400),Alang libreng sakay ngening aldo uling mayari ne ing programa.,Walang libreng sakay ngayong araw dahil natapos na ang programa.,There are no free rides today because the program has ended.,Existential Negation (*Alang*) + Reason Clause (*uling*),,
392,Extended batch (301-400),Ali mu lalewan a matuyo ing halaman king lalam ning aldo.,Huwag mong hahayaan na matuyo ang halaman sa ilalim ng araw.,Don't allow the plant to dry out under the sun.,Prohibitive Direct Control + Involuntary Result Clause,,
393,Extended batch (301-400),"Bayu sali ng bayung laptop, baluan mu pa ring katangian na.","Bago bumili ng bagong laptop, alamin mo muna ang mga katangian nito.","Before buying a new laptop, learn its specifications first.",Temporal Subordination (*Bayu sali*) + Mandatory Imperative,,
394,Extended batch (301-400),E pa ba mayari ing meeting ring opisyal king ikalawang palapag?,Hindi pa ba tapos ang meeting ng mga opisyal sa ikalawang palapag?,Isn't the officers' meeting on the second floor finished yet?,Interrogative Continuous Negation (*E pa ba mayari*),,
395,Extended batch (301-400),Ring estudyanteng makapasa king pagsusulit makatanggap silang libreng libro.,Ang mga estudyanteng nakapasa sa pagsusulit ay makakatanggap ng libreng libro.,The students who passed the exam will receive free books.,Plural Subject Relative Modifier + Future Potential Benefit,,
396,Extended batch (301-400),"Nung muran ng masikan potang gatpanapun, mas mayap manatili king bale.","Kung uulan nang malakas mamayang hapon, mas mabuting manatili sa bahay.","If it rains heavily later this afternoon, it is better to stay home.",Future Conditional + Comparative Recommendation (*mas mayap*),,
397,Extended batch (301-400),Ninu ing meg-ayos ning nasirang gripo king banyo kanian abak?,Sino ang nag-ayos ng nasirang gripo sa banyo kaninang umaga?,Who fixed the broken faucet in the bathroom earlier this morning?,Past Actor Focus Interrogative + Locative Context,,
398,Extended batch (301-400),"Kabang mangan apunan, pinag-usapan ning pamilya ing plano king bakasyon.","Habang kumakain ng hapunan, pinag-usapan pamilya ang plano sa bakasyon.","While eating dinner, the family discussed plans for the vacation.",Simultaneous Temporal Subordination + Transitive Passive,,
399,Extended batch (301-400),E ku nagustuhan ing palabas king sinehan uling masyadong kayaba.,Hindi ko nagustuhan ang palabas sa sinehan dahil masyadong mahaba.,I didn't like the show in the cinema because it was too long.,Experiencer Negation (*E ku*) + Causal Attribute Predicate,,
400,Extended batch (301-400),Baka e makatipa i Pedro king meeting uling atin yang sakit ing kekang anak.,Baka hindi makadalo si Pedro sa pagpupulong dahil may sakit ang kanyang anak.,Pedro might not be able to attend the meeting because his child is sick.,Epistemic Uncertainty + Inability Negation + Existential Cause,,
401,Extended batch (401-500),"Bayu ka munta Palawan, kailangan mung mag-book ng hotel nang maaga.","Bago ka pumunta sa Palawan, kailangan mong mag-book ng hotel nang maaga.","Before you go to Palawan, you need to book a hotel early.",Temporal Limit Subordinator (*Bayu ka*) + Deontic Obligation,,
402,Extended batch (401-500),Alang pwedeng mag-park ng sasakyan king arapan ning pasbul hospital.,Walang pwedeng mag-park ng sasakyan sa tapat ng pinto ng ospital.,No one is allowed to park vehicles in front of the hospital entrance.,Universal Negative Subject + Modal Permission,,
403,Extended batch (401-500),Ali mu ipagkaila ing katotohanang balu na ning sabla.,Huwag mong ipagkakaila ang katotohanang alam na ng lahat.,Don't deny the truth that everyone already knows.,Prohibitive Object Focus (*Ali mu ipagkaila*) + Relative Stative,,
404,Extended batch (401-500),Ipinadala ne ning kumpanya ing tawling sweldo ring dating empleyado.,Ipinadala na ng kumpanya ang huling sweldo ng mga dating empleyado.,The company has already sent the final salary of former employees.,Patient Focus Perfective + Ergative Clitic (*ne*),,
405,Extended batch (401-500),Obakit e ka pa nakakapag-desisyon nung nanung kurso ing kailangan mu?,Bakit hindi ka pa nakakapag-desisyon kung anong kurso ang kukunin mo?,Why haven't you decided yet on what course you will take?,Interrogative Cause + Continuous Aspectual Negation,,
406,Extended batch (401-500),Mas manyaman ing kakanan king karinderya kaysa king mamahaling restawran.,Mas masarap ang pagkain sa karinderya kaysa sa mamahaling restawran.,Food at the local eatery is delicious compared to expensive restaurants.,Comparative Quality (*Mas manyaman*) + Locative Pivot,,
407,Extended batch (401-500),Ing taung meg-wan ng jacket king bangko megbabalik ya ba ne kalapan.,Ang taong nag-iwan ng jacket sa bangko ay bumalik para kunin ito.,The person who left the jacket on the bench returned to get it.,Active Relative Modification + Purpose Portmanteau (*ba ne*),,
408,Extended batch (401-500),"Kabang maghintay sundo, megbasa ya i Maria ng mensahe king phone.","Habang nag-aantay ng sundo, nagbasa si Maria ng mga mensahe sa phone.","While waiting to be picked up, Maria read messages on her phone.",Simultaneous Clause (*Kabang*) + Imperfective Action,,
409,Extended batch (401-500),E pa nakatanggap tulong ring baryo a nalubog king baha.,Hindi pa nararating ng tulong ang mga baryo na nalubog sa baha.,Assistance hasn't reached the villages submerged in floodwater yet.,Aspectual Negative Potential + Relative Stative Clause,,
410,Extended batch (401-500),"Nung e magbago ing panahon, tuloy ing kekatamung island hopping.","Kung hindi magbabago ang panahon, matutuloy ang ating island hopping.","If the weather doesn't change, our island hopping will proceed.",Negative Conditional Clause (*Nung e*) + Future Continuity,,
411,Extended batch (401-500),Ninu ing megturo keka magamit ing bayung software a yan?,Sino ang nagturo sa iyo na gumamit ng bagong software na iyan?,Who taught you how to use that new software?,Subject Focus Past Interrogative + Infinitive Object,,
412,Extended batch (401-500),Dakal a taung mag-abang king kilwal ning sinehan para king premiere.,Maraming taong nag-aabang sa labas ng sinehan para sa premiere.,Many people were waiting outside the cinema for the premiere.,Existential Quantifier + Continuous Active Modifier,,
413,Extended batch (401-500),Ali mu kakalingwan patdan ing sulu paglub/paglwal mu king kwarto.,Huwag mong kakalimutang patayin ang ilaw paglabas mo ng kwarto.,Don't forget to turn off the lights when you exit the room.,Prohibitive Infinitive (*Ali mu kakalingwan*) + Temporal Boundary,,
414,Extended batch (401-500),Baka e tamu maabutan ing tawling biyahe ning tren ngening bengi.,Baka hindi natin maabutan ang huling biyahe ng tren ngayong gabi.,We might not catch the last train ride tonight.,Epistemic Uncertainty (*Baka*) + Plural Inability Negation (*e tamu*),,
415,Extended batch (401-500),Ing librung isinulat ning sikat a may-akda mabilis ya naubos.,Ang librong isinulat ng sikat na may-akda ay mabilis na naubos.,The book written by the famous author sold out quickly.,Goal Relative Clause + Involuntary Stative Outcome (*naubos*),,
416,Extended batch (401-500),"Bayu ka pirma king kontrata, basan mu pa nang mayap ing sablang nakasulat.","Bago ka pumirma sa kontrata, basahin mo muna nang mabuti ang lahat ng nakasulat.","Before you sign the contract, read everything written carefully first.",Temporal Subordinator + Obligatory Imperative Focus,,
417,Extended batch (401-500),E ku pa naiipon ing sapat a pera ba kung sali ng bayung sasakyan.,Hindi ko pa naiipon ang sapat na pera para bumili ng bagong sasakyan.,I haven't saved enough money to buy a new vehicle yet.,Aspectual Incomplete Negation (*E ku pa*) + Purpose Clause,,
418,Extended batch (401-500),"Bagaman napagal ing sabla, masaya kami pa rin king meging resulta ning event.","Bagaman napagod ang lahat, masaya pa rin kami sa naging resulta ng event.","Although everyone got tired, we were still happy with the event's result.",Formal Concessive Subordinator + Stative Predicate,,
419,Extended batch (401-500),Obakit ali mu bisang magkutan king guard nung nukarin ing elevator?,Bakit ayaw mong magtanong sa guard kung saan ang elevator?,Why don't you want to ask the guard where the elevator is?,Volational Negation + Indirect Question Subordinator,,
420,Extended batch (401-500),Ipinatayo ning pamahalaan ing bayung tulay ba mabawasan ing trapik.,Ipinatayo ng pamahalaan ang bagong tulay upang mabawasan ang trapik.,The government had the new bridge constructed to reduce traffic.,Causative Voice Focus (*Ipinatayo*) + Purpose Clause,,
421,Extended batch (401-500),Alang makabalu nung obakit biglang ala kuryente kanian.,Walang nakakaalam kung bakit biglang nawalan ng kuryente kanina.,Nobody knows why the electricity suddenly went out earlier.,Existential Negation + Embedded Reason Question,,
422,Extended batch (401-500),"Kabang mag-ayos ng papeles, mekit ya i Juan ng lumang resibo.","Habang nag-aayos ng mga papeles, nakakita si Juan ng lumang resibo.","While organizing documents, Juan found an old receipt.",Temporal Simultaneity + Involuntary Perception Aspect,,
423,Extended batch (401-500),"Nung matipa ka king okasyon, sabyan mu kanaku nang maaga ba kung makakayabe.","Kung dadalo ka sa okasyon, sabihan mo ako nang maaga para makasama ako.","If you attend the occasion, tell me early so I can join.",Future Condition + Purpose First Person (*ba kung*),,
424,Extended batch (401-500),Mas mayap maglakad kaysa sumakai potang malapit mu ing puntalan.,Mas mainam na maglakad kaysa sumakay kapag malapit lang ang pupuntahan.,It is better to walk than to ride when the destination is near.,Comparative Preference (*Mas mayap*) + Locative Stative,,
425,Extended batch (401-500),Ring gamut a ibinigay ning nurse para kareng lagnat na.,Ang mga gamot na ibinigay ng nurse ay para sa kanyang lagnat.,The medicines given by the nurse are for his fever.,Relative Passive Agent + Benefactive Directional Phrase,,
426,Extended batch (401-500),Ali mu lalewan a makawala ing pusa king kilub ning bale.,Huwag mong hahayaang makawala ang pusa sa loob ng bahay.,Don't let the cat get loose inside the house.,Prohibitive Direct Control + Potential Stative State,,
427,Extended batch (401-500),E pa dinatang ing delivery rider uling malito ya king address.,Hindi pa dumatang ang delivery rider dahil nalito siya sa address.,The delivery rider hasn't arrived yet because he got confused by the address.,Aspectual Continuous Negation + Stative Causal Clause,,
428,Extended batch (401-500),Ninu ing meglinis kwarto kabang ala kami keni?,Sino ang naglinis ng kwarto habang wala kami rito?,Who cleaned the room while we were not here?,Actor Focus Interrogative + Negative Temporal Clause,,
429,Extended batch (401-500),"Bayu magsimula ing pelikula, sinali kami pa ng popcorn at inuman.","Bago magsimula ang pelikula, bumili muna kami ng popcorn at inumin.","Before the movie started, we first bought popcorn and drinks.",Temporal Subordinator + Inceptive Action Phase,,
430,Extended batch (401-500),Dakal a taung minunta king parke ba lang manalon kareng paputok.,Maraming taong nagpunta sa parke upang panoorin ang mga paputok.,Many people went to the park to watch the fireworks display.,Existential Quantifier + Purpose Subordination (*ba lang*),,
431,Extended batch (401-500),E tamu matayari ing proyekto nung ala ing tulong ning kekatamung team.,Hindi natin matatapos ang proyekto kung wala ang tulong ng ating team.,We won't finish the project without the help of our team.,Plural Inability Negation (*E tamu*) + Negative Existential,,
432,Extended batch (401-500),"Kabang mag-abang king pila, meg-update ya i Maria ng kekang status online.","Habang nag-aantay sa pila, nag-update si Maria ng kanyang status online.","While waiting in line, Maria updated her status online.",Continuous Temporal Subordination + Transitive Past Focus,,
433,Extended batch (401-500),Obakit e mu buksan ing awang ba lumub ing sariwang angin?,Bakit hindi mo buksan ang bintana para pumasok ang sariwang hangin?,Why don't you open the window so fresh air can come in?,Interrogative Imperative Negation + Purpose Subordinator,,
434,Extended batch (401-500),Ing sasakyan a sinali ni Pedro matipid ya king gasolina at maganda.,Ang sasakyang binili ni Pedro ay napakatipid sa gasolina at maganda.,The vehicle Pedro bought is very fuel-efficient and nice.,Relative Passive Clause + Compound Attribute Predicate,,
435,Extended batch (401-500),Ali ka mag-atubiling tumawag kekami potang atin kang problema.,Huwag kang mag-atubiling tumawag sa amin kapag may problema ka.,Don't hesitate to call us whenever you have a problem.,Prohibitive Reflexive + Conditional Existential Clause,,
436,Extended batch (401-500),Baka e matuloy ing biyahe tamu Baguio nung masikan ing uran.,Baka hindi matuloy ang biyahe natin sa Baguio kung malakas ang ulan.,Our trip to Baguio might not push through if the rain is heavy.,Epistemic Uncertainty + Inability Negation + Conditional Clause,,
437,Extended batch (401-500),Ipinagluto ni Inda ng manyaman a sopas ing kapatad kung atin sakit.,Ipinagluto ni Nanay ng masarap na sopas ang aking kapatid na may sakit.,Mom cooked delicious soup for my sick sibling.,Benefactive Voice Focus (*Ipinagluto*) + Stative Subject Modifier,,
438,Extended batch (401-500),Ala nang natagung kakanan king lamesa uling mengan na ring sablang bisita.,Walang natirang pagkain sa mesa dahil kumain na ang lahat ng bisita.,There was no food left on the table because all guests had eaten.,Negative Existential (*Ala nang*) + Completed Causality,,
439,Extended batch (401-500),"Bagaman benging-bengi na, dakal pa ring tau king kilwal ning convenience store.","Bagaman gabing-gabi na, marami pa ring tao sa labas ng convenience store.","Although it was very late at night, there were still many people outside the convenience store.",Intensive Concessive Clause + Continuous Existential,,
440,Extended batch (401-500),"Nung mag-ingat ka king pagmaneho, makaiwas ka king aksidente.","Kung mag-iingat ka sa pagmamaneho, makakaiwas ka sa aksidente.","If you drive carefully, you can avoid accidents.",Instrumental Condition + Future Potential Outcome,,
441,Extended batch (401-500),Ninu ing meg-wan ng bukas a gripo king kilub ning banyo?,Sino ang nag-iwan ng bukas na gripo sa loob ng banyo?,Who left the faucet running inside the bathroom?,Actor Focus Subject + Stative Relative Object Modifier,,
442,Extended batch (401-500),"Bayu mako ing bus, siguraduhin mung atin keka ing sablang gamit mu.","Bago umalis ang bus, siguraduhing nasa sa iyo ang lahat ng gamit mo.","Before the bus leaves, make sure you have all your belongings with you.",Temporal Boundary Subordinate + Deontic Imperative,,
443,Extended batch (401-500),E ku atandanan nung nukarin ke inabili ing susi ning kotse.,Hindi ko maaalala kung saan ko inilagay ang susi ng kotse.,I cannot remember where I placed the car key.,Mental Inability Negation (*E ku atandanan*) + Indirect Location,,
444,Extended batch (401-500),Mas bisa kung mininum malamig a danum kaysa king juice potang mapali.,Mas gusto kong uminom ng malamig na tubig kaysa sa juice kapag mainit.,I prefer drinking cold water over juice when it is hot.,Comparative Preference (*Mas bisa kung*) + Temporal State,,
445,Extended batch (401-500),Ing gurong magturo king kekaming klase magaling ya sadyang-sadya magpaliwanag.,Ang guro na nagtuturo sa aming klase ay napakagaling magpaliwanag.,The teacher who teaches our class is very good at explaining.,Subject Relative Clause + Intensive Manner Predicate,,
446,Extended batch (401-500),Ali mu hahawaan ng sakit ing keka mong malating kapatid.,Huwag mong hahawaan ng sakit ang iyong maliit na kapatid.,Don't pass the illness to your younger sibling.,Prohibitive Direct Object Focus (*Ali mu hahawaan*),,
447,Extended batch (401-500),Baka mawala ing keka mong dokumento nung e mu isalikut king bag.,Baka mawala ang iyong dokumento kung hindi mo itatago sa bag.,Your document might get lost if you don't keep it inside the bag.,Epistemic Uncertainty + Negative Conditional Focus,,
448,Extended batch (401-500),"Kabang maglaba ya i Apu, magwalis ya namang bakuran i Apu lalakay.","Habang naglalaba si Lola, nagwawalis naman ng bakuran si Lolo.","While Grandma is doing laundry, Grandpa is sweeping the yard.",Concurrent Temporal Clause + Contrastive Modifier,,
449,Extended batch (401-500),E pa nabayaran ing bill king internet inya naputulan kaming koneksyon.,Hindi pa nababayaran ang bill sa internet kaya naputulan kami ng koneksyon.,"The internet bill hasn't been paid yet, so our connection was cut.",Aspectual Passive Negation (*E pa nabayaran*) + Resultative,,
450,Extended batch (401-500),Ila ring kekatamung kapangkat a mag-report ng proyekto bukas.,Sila ang mga kapangkat natin na mag-uulat ng proyekto bukas.,They are our groupmates who will report on the project tomorrow.,Equational Focus Pronoun (*Ila*) + Future Relative Modifier,,
451,Extended batch (401-500),Dakal a bayung kakanan ing mambukas king lele ning kekaming opisina.,Maraming bagong kainan ang nagbukas sa tabi ng aming opisina.,Many new eateries opened beside our office.,Existential Plural Quantifier + Spatial Prepositional Modifier,,
452,Extended batch (401-500),Obakit e ka pa munta king clinic ba kang magpakonsulta?,Bakit hindi ka pa pumupunta sa clinic para magpakonsulta?,Why haven't you gone to the clinic to consult a doctor yet?,Interrogative Continuous Negation + Purpose Subordination,,
453,Extended batch (401-500),"Nung makapasa ku king pagsusulit, magcelebrate kami ning kekang pamilya.","Kung makakapasa ako sa pagsusulit, magcecelebrate kami ng aking pamilya.","If I pass the exam, my family and I will celebrate.",Potential Future Conditional + Collective Action,,
454,Extended batch (401-500),Alang pwedeng maniram ng laptop nang alang pahintulot ning boss.,Walang pwedeng humiram ng laptop nang walang pahintulot ng boss.,No one is allowed to borrow a laptop without the boss's permission.,Universal Negative Subject + Modal Condition,,
455,Extended batch (401-500),Ing imalan a ginamit ku napun nalabahan ne ni Inda.,Ang damit na ginamit ko kahapon ay nalabahan na ni Nanay.,The clothes I wore yesterday have already been washed by Mom.,Past Relative Clause + Inchoative Passive Ergative (*ne*),,
456,Extended batch (401-500),Ali mu sabyan karela ing lugar a kekatamung puntalan.,Huwag mong sasabihin sa kanila ang lugar na ating pupuntahan.,Don't tell them the location that we are going to visit.,Prohibitive Direct Focus (*Ali mu sabyan*) + Relative Locative,,
457,Extended batch (401-500),"Bayu mayari ing bulan, kailangan tamung magsumite ng mga ulat.","Bago matapos ang buwan, kailangan nating magsumite ng mga ulat.","Before the month ends, we need to submit our reports.",Temporal Boundary Subordinator + Mandatory Obligation,,
458,Extended batch (401-500),E ku inabili ing asin king sabaw inya alang rasa ini.,Hindi ko nailagay ang asin sa sabaw kaya walang lasa ito.,"I didn't put salt in the soup, so it has no taste.",Transitive Past Negation (*E ku inabili*) + Resultative Negative,,
459,Extended batch (401-500),"Kabang magmaneho king dalan, mekit ya i Pedro ng aksidente king dalan.","Habang nagmamaneho sa kalye, nakakita si Pedro ng aksidente sa daan.","While driving on the street, Pedro saw an accident on the road.",Duration Subordination (*Kabang*) + Involuntary Perception,,
460,Extended batch (401-500),Ninu ing makakilala king lalaking linub king opisina kanian gatpanapun?,Sino ang nakakilala sa lalaking pumasok sa opisina kaninang hapon?,Who recognized the man who entered the office earlier this afternoon?,Stative Interrogative Subject + Past Relative Clause,,
461,Extended batch (401-500),"Bagaman masakit ing obra, atayari tamu pa rin ini king takdang oras.","Bagaman mahirap ang gawain, natapos pa rin natin ito sa takdang oras.","Although the task was difficult, we still completed it on time.",Concessive Subordinator + Potential Plural Ergative (*atayari tamu*),,
462,Extended batch (401-500),Mas mabilis maglakbay gagamit tren kaysa king bus Balang abak.,Mas mabilis maglakbay gamit ang tren kaysa sa bus tuwing umaga.,Traveling using the train is faster than taking the bus every morning.,Comparative Speed Instrument + Habitual Temporal Phrase,,
463,Extended batch (401-500),Obakit ali mu bisang inuman ing gamut a ibinigay ning doktor?,Bakit ayaw mong inumin ang gamot na ibinigay ng doktor?,Why don't you want to take the medicine given by the doctor?,Volitional Negation (*ali mu bisang*) + Passive Relative Clause,,
464,Extended batch (401-500),Alang tau king bale uling minunta ing sabla king simbahan.,Walang tao sa bahay dahil nagpunta ang lahat sa simbahan.,There was no one at home because everyone went to church.,Negative Existential + Plural Past Causal Subordination,,
465,Extended batch (401-500),"Nung sali kang bayung phone, pilian mu ing atin magandang camera.","Kung bibili ka ng bagong phone, piliin mo ang may magandang camera.","If you buy a new phone, choose the one with a good camera.",Imperative Conditional (*Nung sali... pilian mu*),,
466,Extended batch (401-500),Ing kapeng ininum ku kanian masyadong matapang ya kanaku.,Ang kape na ininom ko kanina ay masyadong matapang para sa akin.,The coffee I drank earlier was too strong for me.,Patient Relative Modification + Intensive Predicate,,
467,Extended batch (401-500),Ali mu tatalanan ing basu uling mapali ya ing kape king kilub.,Huwag mong hahawakan ang baso dahil mainit ang laman nitong kape.,Don't hold the glass because the coffee inside it is hot.,Prohibitive Object Focus + Causal Reason Clause,,
468,Extended batch (401-500),Baka akalingwan ning driver ing lumiko king kanto nung e mu sabyan.,Baka makalimutan ng driver na lumiko sa kanto kung hindi mo sasabihin.,The driver might forget to turn at the corner if you don't tell him.,Epistemic Potential + Involuntary Aspect + Negative Condition,,
469,Extended batch (401-500),"Kabang magpapatuyo buhok, makiramdam ya i Ana ng paborito nang kanta.","Habang nagpapatuyo ng buhok, nakikinig si Ana ng paborito niyang kanta.","While drying her hair, Ana was listening to her favorite song.",Simultaneous Subordination (*Kabang*) + Continuous Aspect,,
470,Extended batch (401-500),E ku inisip a maging matagumpay ing kekaming malating negosyo.,Hindi ko naisip na magiging matagumpay ang aming maliit na negosyo.,I didn't imagine that our small business would become successful.,Experiencer Negation (*E ku inisip*) + Indirect Future Complement,,
471,Extended batch (401-500),Ila ring kaklase kung sinopa kanaku king kekaming proyekto.,Sila ang mga kaklase ko na tumulong sa akin sa aming proyekto.,They are my classmates who helped me with our project.,Focus Subject Pronoun (*Ila*) + Past Relative Modification,,
472,Extended batch (401-500),Dakal a taung maghintay jeep king lele ning overpass ngening bengi.,Maraming taong naghihintay ng jeep sa tabi ng overpass ngayong gabi.,Many people are waiting for jeepneys beside the overpass tonight.,Plural Existential Quantifier + Spatial Locative Phrase,,
473,Extended batch (401-500),Obakit e ka pa magpadala mensahe kareng keka mong pengari?,Bakit hindi ka pa nagpapadala ng mensahe sa iyong mga magulang?,Why haven't you sent a message to your parents yet?,Interrogative Cause + Continuous Aspectual Negation,,
474,Extended batch (401-500),"Bayu mayari ing programa, mibye silang pabuya ing pamunuan king sabla.","Bago matapos ang programa, nagbigay ng pabuya ang pamunuan sa lahat.","Before the program ended, management gave rewards to everyone.",Antecedent Subordinator (*Bayu*) + Transitive Past Action,,
475,Extended batch (401-500),Alang available a slot para king bakuna king tutuking duminggu.,Walang available na slot para sa bakuna sa susunod na linggo.,There are no available slots for the vaccine next week.,Existential Negation (*Alang*) + Future Locative Phase,,
476,Extended batch (401-500),Ing librung iniram ku king library kailangang isubli bayu mag-Biyernes.,Ang librong hiram ko sa library ay kailangang isauli bago mag-Biyernes.,The book I borrowed from the library must be returned before Friday.,Relative Instrument Clause + Boundary Temporal Condition,,
477,Extended batch (401-500),Ali mu lalewan a mabasa ning uran ring gamit king kilwal.,Huwag mong hahayaang mabasa ng ulan ang mga gamit sa labas.,Don't let the tools outside get wet in the rain.,Prohibitive Direct Control + Potential Passive Outcome,,
478,Extended batch (401-500),"Nung e ka magmadali, malewan ka ning tawling bus pauli.","Kung hindi ka magmamadali, maiiwanan ka ng huling bus pauwi.","If you don't hurry, you will be left behind by the last bus home.",Negative Condition (*Nung e ka*) + Future Potential Passive,,
479,Extended batch (401-500),E pa rin daratang ing inorder kung laptop ibat king online shop.,Hindi pa rin nakakarating ang inorder kong laptop mula sa online shop.,The laptop I ordered from the online shop still hasn't arrived.,Aspectual Continuous Negation (*E pa rin daratang*),,
480,Extended batch (401-500),"Kabang mangan tanghali, pinag-usapan da ing plano king bakasyon.","Habang kumakain ng tanghalian, pinag-usapan nila ang plano sa bakasyon.","While eating lunch, they discussed the vacation plans.",Continuous Temporal Subordinate + Ergative Transitive Voice,,
481,Extended batch (401-500),Ninu ing megtapon basura king bakanteng lote king lele ning bale?,Sino ang nagtapon ng basura sa bakanteng lote sa gilid ng bahay?,Who threw garbage in the vacant lot beside the house?,Subject Interrogative (*Ninu*) + Locative Context,,
482,Extended batch (401-500),"Bagaman masakit ing pagsubok, e sumuko ing kekaming pamilya.","Bagaman mahirap ang pagsubok, hindi sumuko ang aming pamilya.","Although the trial was difficult, our family did not give up.",Concessive Subordinate (*Bagaman*) + Verbal Negation,,
483,Extended batch (401-500),Mas mayap kumalap tricycle kaysa maglakad potang bengi na.,Mas maganda ang kumuha ng tricycle kaysa maglakad kapag gabi na.,It is better to take a tricycle than to walk when it's already night.,Preferential Comparative + Temporal State Marker,,
484,Extended batch (401-500),Obakit e mu tinanggap ing tulong a inialok ning keka mong kaluguran?,Bakit hindi mo tinanggap ang tulong na inialok ng iyong kaibigan?,Why didn't you accept the help offered by your friend?,Direct Past Negation (*E mu*) + Relative Passive Modification,,
485,Extended batch (401-500),Alang ninuman ing makabalu king totoong dahilan ning kekang pag-alis.,Walang sinuman ang nakakaalam ng totoong dahilan ng kanyang pag-alis.,Nobody knows the real reason for his departure.,Universal Negative Subject + Embedded Direct Complement,,
486,Extended batch (401-500),Ing kotse a nakaparada king arapan ning gate nakatambak karin ng matagal.,Ang kotse na nakaparada sa tapat ng gate ay nakatambak doon nang matagal.,The car parked in front of the gate has been idling there for a long time.,Relative Stative Modification + Temporal Duration Phrase,,
487,Extended batch (401-500),Ali mu gagamitan ing gunting a yan uling pang-anak mu yan.,Huwag mong gagamitin ang gunting na iyan dahil pambata lamang iyan.,Don't use those scissors because they are only for children.,Prohibitive Object Focus + Instrumental Reason Clause,,
488,Extended batch (401-500),Baka makasama king katawan ing e pag-inum ng danum nang sapat.,Baka makasama sa afa ang hindi pag-inom ng tubig nang sapat.,Not drinking enough water might harm your health.,Epistemic Uncertainty (*Baka*) + Negative Infinitive Subject,,
489,Extended batch (401-500),"Bayu sumakai king biyahe, siguraduhin mung mengan ka na ng abak.","Bago sumakay ng biyahe, siguraduhing nakakain ka na ng agahan.","Before embarking on the trip, make sure you have eaten breakfast.",Temporal Limit Subordinator + Mandatory Completed Phase,,
490,Extended batch (401-500),E ku naramdaman a lumindol pala kanian madaling-aldo.,Hindi ko naramdaman na lumindol pala kaninang madaling-araw.,I didn't feel that an earthquake occurred early this morning.,Involuntary Perception Negation (*E ku naramdaman*) + Complement,,
491,Extended batch (401-500),"Kabang mag-ihaw isda i Tata, maghanda ya namang nasi i Inda.","Habang nag-iihaw ng isda si Tatay, naghahanda naman ng kanin si Nanay.","While Dad is grilling fish, Mom is preparing rice.",Simultaneous Action Clauses + Contrastive Marker (*naman*),,
492,Extended batch (401-500),Ninu-ninu ring nakatala para king seminar king tutuking Biyernes?,Sino-sino ang mga nakatala para sa seminar sa susunod na Biyernes?,Who are the people listed for the seminar next Friday?,Pluralized Interrogative Modifier + Temporal Directional Phrase,,
493,Extended batch (401-500),"Nung e ka magpadala ng resibo, e mi maipoproseso ing refund.","Kung hindi ka magpapadala ng resibo, hindi namin maipoproseso ang refund.","If you don't send a receipt, we cannot process the refund.",Negative Condition (*Nung e ka*) + Inability Negation (*e mi*),,
494,Extended batch (401-500),Ring anak a maglaro king uran inaus la na ning karelang tata.,Ang mga batang naglalaro sa ulan ay tinawag na ng kanilang ama.,The children playing in the rain were already called by their father.,Active Relative Clause + Inchoative Passive Ergative (*inatus la na*),,
495,Extended batch (401-500),Ali mu lalewan a nakabukas ing TV potang alang manalon.,Huwag mong iiwanang nakabukas ang TV kapag walang nanonood.,Don't leave the TV turned on when no one is watching.,Prohibitive Direct Control + Conditional Negative Existential,,
496,Extended batch (401-500),Baka e mayari ing kumpuni king dalan bayu mag-Lunes.,Baka hindi matapos ang kumpuni sa kalsada bago mag-Lunes.,Road repairs might not be completed before Monday.,Epistemic Possibility + Continuous Inability Negation,,
497,Extended batch (401-500),Inutos ning kapitan a linisin ing sablang kanal king barangay.,Ipinag-utos ng kapitan na linisin ang lahat ng kanal sa barangay.,The captain ordered all drainage canals in the village to be cleaned.,Transitive Mandative Voice (*Inutos*) + Infinitive Focus,,
498,Extended batch (401-500),Alang mekit king aksidente uling madilim ing dalan ketang oras a yan.,Walang nakakita sa aksidente dahil madilim ang kalye noong oras na iyon.,Nobody saw the accident because the street was dark at that time.,Universal Negative Perception + Past Stative Causal Clause,,
499,Extended batch (401-500),"Nung magpatuloy ing katulad kanining gawi, mabilis a maubos ing pondo.","Kung magpapatuloy ang ganitong gawi, mabilis na mauubos ang pondo.","If this habit continues, funds will be depleted quickly.",Continuous Conditional State + Future Involuntary Outcome,,
500,Extended batch (401-500),Ing tawling pagsusulit king semestre nakatakdang gawan king tutuking bulan.,Ang huling pagsusulit sa semestre ay nakatakdang ganapin sa susunod na buwan.,The final exam for the semester is scheduled to take place next month.,Nominalized Stative Subject + Future Locative Phase,,
