pair_id,tier,source,pam_text,fil_text,unit,signal,claude_review,note
pldpair_015,gold_v1,parallel_extraction_v1/matched-pairs.csv,"Misan a bengi, maglacad ya I Iput-Ipot, (ing alitaptap) papunta king bale ning cayang caluguran. Iniang miparalan ya king tapat ng bale Amomo ngo (ing gorilya), kitnan ne niti: “Hoy, Iput-Ipot, obat pane cang ating dala-dalang sulu?” Mekibat ya I Iput-Ipot: “Uling tatacut ku king amuc.”","""Hoy, Iput-Iput, bakit lagi kang may dala-dalang ilaw?"" Sumagot si Iput-Iput: "" Dahil natatakot ako sa mga lamok.""",Utt_StoryIputipot.txt,high,partial: FIL renders only the dialogue; PAM has extra opening narration,PAM slot includes an extra lead-in narration sentence before the quoted dialogue; only the dialogue portion aligns 1:1 with the FIL slot.
pldpair_017,gold_v1,parallel_extraction_v1/matched-pairs.csv,"Iti metung yang masanting a pun, ating mangaragul a aluntiang bulung, at atin yang uyat a balamu cararagsa na pa mu caibat na ning baguiu. Sinaca re king pampang ing pun saging.","Ito'y isang magandang puno, may malalaki't luntiang dahon, at may mga ugat pang wari'y kabubuwal lamang pagkatapos ng bagyo.",Utt_StoryMatsing.txt,high,partial: PAM has an extra final sentence FIL does not translate,
pldpair_019,gold_v1,parallel_extraction_v1/matched-pairs.csv,"“Mituki cang cacampi mu uling mituki cung libu-libung gorilya a mas mangaragul pa canacu.” Sinabi nang Amomongo ban tacutan ne i alitaptap, a king pakiwari na masisira ne buntuc.","Sinabi ito ni Amomongo upang takutin ang alitaptap,"" na sa pakiwari niya ay nasisiraan ng ulo.",Utt_StoryIputipot.txt,high,"partial: FIL omits the quoted speech, keeps only the framing clause",PAM slot includes an extra leading quoted sentence ('Mituki cang cacampi...') not present in the FIL slot; only the 'Sinabi ni Amomongo...' portion aligns 1:1.
pldpair_020,gold_v1,parallel_extraction_v1/matched-pairs.csv,Mamayad ca king kecang carocan; dapat cang mate. Dapot uling maganaca cu papamilinan daca king kecang camatayan. Bayuan da ca king lusong o iyugse king ilug? Insanu ing buri mu?,"Babayuhin ba kita sa lusóng o itatapon sa ilog? Alin ang ibig mo?""",Utt_StoryMatsing.txt,high,partial: PAM has 4 sentences; FIL translates only the last 2 (the question),"PAM slot includes two preceding sentences not present in the FIL slot; only the final two sentences ('Bayuan da ca king lusong...') align 1:1. User review (2026-08-26): also note a grammatical mood shift in that aligned portion -- PAM reads as a declarative statement/threat ('I will pound you...'), FIL as an interrogative offering a choice ('Shall I pound you...?')."
pldpair_023,gold_v1,parallel_extraction_v1/matched-pairs.csv,Maligayang bati pu.,Maligayang bati po.,Utt_CommonExpressions.txt,high,ok,
pldpair_028,gold_v1,parallel_extraction_v1/matched-pairs.csv,Caduampulu't pitung,ikadalawampu't pitong,Iso_Ordinal.txt,high,ok,Both denote the 27th ordinal (PAM 'Caduampulu't pitung' = FIL 'ikadalawampu't pitong').
pldpair_029,gold_v1,parallel_extraction_v1/matched-pairs.csv,Caduampulu't atlu,ikadalawampu't tatlo,Iso_Ordinal.txt,high,ok,Both denote the 23rd ordinal (PAM 'Caduampulu't atlu' = FIL 'ikadalawampu't tatlo').
pldpair_030,gold_v1,parallel_extraction_v1/matched-pairs.csv,Salucuiang,kasalukuyang,Iso_Time.txt,high,ok,'present/current' -- PAM 'Salucuiang' and FIL 'kasalukuyang' are the same root.
pldpair_031,gold_v1,parallel_extraction_v1/matched-pairs.csv,Bugsu ning angin,bugso ng hangin,Iso_Weather.txt,high,ok,'gust of wind' -- PAM 'Bugsu ning angin' and FIL 'bugso ng hangin' are the same words.
pldpair_032,gold_v1,parallel_extraction_v1/matched-pairs.csv,Maialumigmig,halumigmig,Iso_Weather.txt,high,ok,'humid/humidity' -- PAM 'Maialumigmig' (adjective) and FIL 'halumigmig' (noun) share the same root; grammatical category differs slightly.
pldpair_033,gold_v1,parallel_extraction_v1/matched-pairs.csv,Madalumdum,makulimlim,Iso_Weather.txt,medium,ok,"'cloudy/overcast' -- same weather concept, non-cognate words (PAM 'Madalumdum', FIL 'makulimlim')."
pldpair_034,gold_v1,parallel_extraction_v1/matched-pairs.csv,Espana,Espanya,Iso_Educ.txt,high,ok,"Same proper noun: Spain (PAM 'Espana', FIL 'Espanya')."
pldpair_035,gold_v1,parallel_extraction_v1/matched-pairs.csv,Pangaratang,dumating,Iso_Educ.txt,medium,partial: 'pangaratang' vs 'dumating' - rough / possible form mismatch,"'arrival/arrived' -- shared root 'dating' (PAM 'Pangaratang', FIL 'dumating'); grammatical form differs (noun vs. verb)."
pldpair_036,gold_v1,parallel_extraction_v1/matched-pairs.csv,palakingkingan,palakingkingan,Iso_BodyParts.txt,medium,partial: palakingkingan - identical both sides; meaning unattested in any dictionary (2026-08-28 check),"'ring finger' (tentative) -- identical wordform ('palakingkingan') on both sides. User review (2026-08-28): downgraded from high confidence -- direct full-text search of Forman (1971), Bergano (1732/Samson translation), and Samson (2011) found zero hits for 'palakingking' or 'palasingsing' in any of the three; this word is not independently attested by primary sources, only inferred from the FIL synonym 'palasingsingan' sharing the 'singsing' (ring) root."
pldpair_037,gold_v1,parallel_extraction_v1/matched-pairs.csv,Manuyang,manugang,Iso_Kinship.txt,high,ok,'son/daughter-in-law' -- PAM 'Manuyang' and FIL 'manugang' are the same word.
pldpair_038,gold_v1,parallel_extraction_v1/matched-pairs.csv,Capalsintan,kasintahan,Iso_Kinship.txt,high,ok,'sweetheart' -- PAM 'Capalsintan' and FIL 'kasintahan' share the 'sinta' (love) root.
extvoc_001,gold_v1,parallel_extraction_v1/external-vocab-pairs.csv,Mayap a abak pu.,Magandang umaga po.,external_vocab,high,ok,Basic greeting; 'Mayap a abak' pattern seen throughout raw PLD Greetings text.
extvoc_002,gold_v1,parallel_extraction_v1/external-vocab-pairs.csv,Mayap a ugto pu.,Magandang tanghali po.,external_vocab,high,ok,'Ugto' (noon) seen directly in raw PLD Greetings text this session already read ('Mayap a ugtu pu').
extvoc_003,gold_v1,parallel_extraction_v1/external-vocab-pairs.csv,Mayap a gatpanapun pu.,Magandang hapon po.,external_vocab,high,ok,'Mayap a gatpanapun' pattern seen throughout raw PLD Greetings text.
extvoc_004,gold_v1,parallel_extraction_v1/external-vocab-pairs.csv,Mayap a bengi pu.,Magandang gabi po.,external_vocab,high,ok,'Mayap a bengi' pattern seen throughout raw PLD Greetings text.
extvoc_005,gold_v1,parallel_extraction_v1/external-vocab-pairs.csv,Dakal a salamat pu.,Maraming salamat po.,external_vocab,high,ok,
extvoc_007,gold_v1,parallel_extraction_v1/external-vocab-pairs.csv,Alang anuman.,Walang anuman.,external_vocab,medium,ok,'Alang' (none/without) + 'anuman' (anything); calque of the FIL phrase.
extvoc_008,gold_v1,parallel_extraction_v1/external-vocab-pairs.csv,Usuk pu,Tuloy po kayo.,external_vocab,medium,ok,Using the attested 'Usuk pu'; 'Tulik pu' alternate not independently attested or corroborated.
extvoc_017,gold_v1,parallel_extraction_v1/external-vocab-pairs.csv,Mako na ku pu,Paalam na po.,external_vocab,medium,ok,Using the first alternate; 'King ulian na ku pu' not independently checked.
extvoc_018,gold_v1,parallel_extraction_v1/external-vocab-pairs.csv,Maligayang kebaitan!,Maligayang kaarawan!,external_vocab,medium,ok,Fills a gap this session's own PLD reading left unmatched -- PAM Utt_Greetings.txt slot 8 uses 'kebaitan' with no FIL counterpart found at the time; this document's birthday reading is plausible and uncontradicted.
extvoc_019,gold_v1,parallel_extraction_v1/external-vocab-pairs.csv,Nanu?,Ano?,external_vocab,high,ok,
extvoc_020,gold_v1,parallel_extraction_v1/external-vocab-pairs.csv,Ninu?,Sino?,external_vocab,high,ok,
extvoc_021,gold_v1,parallel_extraction_v1/external-vocab-pairs.csv,Nukarin?,Saan? / Nasaan?,external_vocab,high,ok,"Using 'Nukarin?', which matches this experiment's own confirmed pldpair_022/023 PAM text; 'Pukarin?' alternate not independently corroborated."
extvoc_022,gold_v1,parallel_extraction_v1/external-vocab-pairs.csv,Kapilan?,Kailan?,external_vocab,medium,ok,Root shared with 'capilanman' (whenever/always) seen in Iso_Time.txt.
extvoc_023,gold_v1,parallel_extraction_v1/external-vocab-pairs.csv,Obat? / Bakit?,Bakit?,external_vocab,high,ok,'Obat' seen directly in the Iput-Ipot story dialogue this session already read.
extvoc_024,gold_v1,parallel_extraction_v1/external-vocab-pairs.csv,Makananu?,Paano?,external_vocab,high,ok,Matches 'Macananu' in this experiment's own pldpair_026 (spelling variant).
extvoc_025,gold_v1,parallel_extraction_v1/external-vocab-pairs.csv,Isanu? / Isanung?,Alin?,external_vocab,medium,ok,'Insanu'/'Isanu' seen in Story-domain text (pldpair_020 region) in a 'what/which' sense.
extvoc_026,gold_v1,parallel_extraction_v1/external-vocab-pairs.csv,Pilan?,Ilan?,external_vocab,medium,ok,
extvoc_027,gold_v1,parallel_extraction_v1/external-vocab-pairs.csv,Magkanu? / Pilan ya?,Magkano?,external_vocab,medium,ok,
extvoc_033,gold_v1,parallel_extraction_v1/external-vocab-pairs.csv,Nucarin ya ing kawi/susi ning bale?,Nakanino ang susi ng bahay?,external_vocab,medium,partial: PAM 'nucarin' (where) vs FIL 'nakanino' (whose) - v1 flagged this already,"Kept as-is (word-level alternate mid-sentence, not a substitutable substring): 'susi' (key) is attested, 'kawi' is not."
extvoc_034,gold_v1,parallel_extraction_v1/external-vocab-pairs.csv,Aku,Ako,external_vocab,high,ok,
extvoc_035,gold_v1,parallel_extraction_v1/external-vocab-pairs.csv,Ika / Ka,Ikaw / Ka,external_vocab,high,ok,
extvoc_036,gold_v1,parallel_extraction_v1/external-vocab-pairs.csv,Ya,Siya,external_vocab,high,ok,3rd-person-singular 'ya' appears constantly throughout every PLD text read this session.
extvoc_037,gold_v1,parallel_extraction_v1/external-vocab-pairs.csv,Kami,Kami,external_vocab,medium,ok,
extvoc_038,gold_v1,parallel_extraction_v1/external-vocab-pairs.csv,Katamu / Tamu,Tayo,external_vocab,high,ok,'kecatamu'/'itamu' forms seen throughout the Letter-domain text.
extvoc_040,gold_v1,parallel_extraction_v1/external-vocab-pairs.csv,Ila,Sila,external_vocab,medium,ok,
extvoc_041,gold_v1,parallel_extraction_v1/external-vocab-pairs.csv,Kakung / Ku,Akin / Ko,external_vocab,medium,ok,'ku' possessive/agent marker extremely common throughout PLD text.
extvoc_042,gold_v1,parallel_extraction_v1/external-vocab-pairs.csv,Kekang / Mu,Iyo / Mo,external_vocab,medium,ok,'mu' possessive/agent marker extremely common throughout PLD text.
extvoc_043,gold_v1,parallel_extraction_v1/external-vocab-pairs.csv,Kaya / Na,Kanya / Niya,external_vocab,medium,ok,'na' possessive/agent marker extremely common throughout PLD text.
extvoc_045,gold_v1,parallel_extraction_v1/external-vocab-pairs.csv,Kekatamu / Tamu,Atin / Natin,external_vocab,high,ok,'kekatamung' seen in the Letter-domain text.
extvoc_046,gold_v1,parallel_extraction_v1/external-vocab-pairs.csv,Kekayu / Yu,Inyo / Ninyo,external_vocab,medium,ok,'yu' common throughout PLD text.
extvoc_047,gold_v1,parallel_extraction_v1/external-vocab-pairs.csv,Keraklan / Da,Kanila / Nila,external_vocab,medium,ok,'da' (3rd-plural agent marker) extremely common throughout PLD text; 'Keraklan' less independently corroborated.
extvoc_048,gold_v1,parallel_extraction_v1/external-vocab-pairs.csv,Ini / Iti,Ito,external_vocab,medium,ok,'iti' ('this') appears constantly throughout PLD text.
extvoc_049,gold_v1,parallel_extraction_v1/external-vocab-pairs.csv,Iyan,Iyan,external_vocab,medium,ok,Identical spelling to FIL; plausible shared cognate.
extvoc_050,gold_v1,parallel_extraction_v1/external-vocab-pairs.csv,Ita,Iyon,external_vocab,medium,ok,
extvoc_051,gold_v1,parallel_extraction_v1/external-vocab-pairs.csv,Keni,Dito,external_vocab,medium,ok,
extvoc_052,gold_v1,parallel_extraction_v1/external-vocab-pairs.csv,Kena,Diyan,external_vocab,medium,ok,
extvoc_053,gold_v1,parallel_extraction_v1/external-vocab-pairs.csv,Karin,Doon,external_vocab,high,ok,'carin' seen directly in the Bernardo Carpio story text.
extvoc_054,gold_v1,parallel_extraction_v1/external-vocab-pairs.csv,Metung,Isa,external_vocab,high,ok,Verified numeral roots also confirmed via this session's own Iso_Ordinal.txt reading.
extvoc_055,gold_v1,parallel_extraction_v1/external-vocab-pairs.csv,Addua,Dalawa,external_vocab,high,ok,
extvoc_056,gold_v1,parallel_extraction_v1/external-vocab-pairs.csv,Atlu,Tatlo,external_vocab,high,ok,
extvoc_057,gold_v1,parallel_extraction_v1/external-vocab-pairs.csv,Apat,Apat,external_vocab,high,ok,
extvoc_058,gold_v1,parallel_extraction_v1/external-vocab-pairs.csv,Lima,Lima,external_vocab,high,ok,
extvoc_060,gold_v1,parallel_extraction_v1/external-vocab-pairs.csv,Pitu,Pito,external_vocab,high,ok,
extvoc_062,gold_v1,parallel_extraction_v1/external-vocab-pairs.csv,Siam,Siyam,external_vocab,high,ok,
extvoc_063,gold_v1,parallel_extraction_v1/external-vocab-pairs.csv,Apulu,Sampu,external_vocab,high,ok,
extvoc_064,gold_v1,parallel_extraction_v1/external-vocab-pairs.csv,Labing-metung,Labing-isa,external_vocab,high,ok,
extvoc_065,gold_v1,parallel_extraction_v1/external-vocab-pairs.csv,Labing-addua,Labing-dalawa,external_vocab,medium,ok,'labi-ng-adua' (ten+two=twelve) follows the exact same transparent compounding pattern as item 64; not attested as one surface token but both constituent parts are.
extvoc_067,gold_v1,parallel_extraction_v1/external-vocab-pairs.csv,Dalan / Metung a dalan,Isandaan,external_vocab,medium,ok,
extvoc_068,gold_v1,parallel_extraction_v1/external-vocab-pairs.csv,Libu / Metung a libu,Isang libo,external_vocab,medium,ok,
extvoc_069,gold_v1,parallel_extraction_v1/external-vocab-pairs.csv,Ngeni,Ngayon,external_vocab,high,ok,'Ngeni' appears constantly throughout PLD text.
extvoc_070,gold_v1,parallel_extraction_v1/external-vocab-pairs.csv,Napun,Kahapon,external_vocab,medium,ok,
extvoc_071,gold_v1,parallel_extraction_v1/external-vocab-pairs.csv,Bukas,Bukas,external_vocab,high,ok,Well-known root; this project's own morphology work (v1-v4) discusses 'Bukas' extensively as an attested word.
extvoc_072,gold_v1,parallel_extraction_v1/external-vocab-pairs.csv,Nandin,Kanina,external_vocab,high,ok,'nandin' seen directly as a PAM Iso_Time.txt slot this session already read (left unmatched there; this document supplies its FIL counterpart).
extvoc_074,gold_v1,parallel_extraction_v1/external-vocab-pairs.csv,Aldo,Araw,external_vocab,high,ok,'Aldo' appears constantly throughout PLD text.
extvoc_077,gold_v1,parallel_extraction_v1/external-vocab-pairs.csv,Ugto,Tanghali,external_vocab,high,ok,"Same 'Ugto' root as item 2, seen directly in raw PLD Greetings text."
extvoc_075,gold_v1,parallel_extraction_v1/external-vocab-pairs.csv,Bengi,Gabi,external_vocab,high,ok,'Bengi' appears constantly throughout PLD text.
extvoc_078,gold_v1,parallel_extraction_v1/external-vocab-pairs.csv,Gatpanapun,Hapon,external_vocab,high,ok,'Mayap a gatpanapun' pattern seen throughout PLD text.
extvoc_079,gold_v1,parallel_extraction_v1/external-vocab-pairs.csv,Domingo / Linggu,Linggo,external_vocab,medium,ok,'Domingo' is a transparent Spanish loanword.
extvoc_080,gold_v1,parallel_extraction_v1/external-vocab-pairs.csv,Bulan,Buwan,external_vocab,medium,ok,
extvoc_081,gold_v1,parallel_extraction_v1/external-vocab-pairs.csv,Banua,Taon,external_vocab,high,ok,"Directly corroborated by this experiment's own confirmed pldpair_003 ('bayung banua' = 'bagong taon', new year)."
extvoc_082,gold_v1,parallel_extraction_v1/external-vocab-pairs.csv,Tatang / Ibpa,Ama / Tatay,external_vocab,high,ok,"'Tatang' is directly established as a genuine, monomorphemic Kapampangan word in this project's own 2026-08-25 Phase 1 adjudication."
extvoc_083,gold_v1,parallel_extraction_v1/external-vocab-pairs.csv,Indu / Ima,Ina / Nanay,external_vocab,high,ok,'Indu' seen constantly throughout the Gamugamo story text.
extvoc_084,gold_v1,parallel_extraction_v1/external-vocab-pairs.csv,Anak,Anak,external_vocab,high,ok,
extvoc_085,gold_v1,parallel_extraction_v1/external-vocab-pairs.csv,Kaputol / Kapatad,Kapatid,external_vocab,medium,ok,
extvoc_086,gold_v1,parallel_extraction_v1/external-vocab-pairs.csv,Pangane,Panganay,external_vocab,medium,ok,
extvoc_087,gold_v1,parallel_extraction_v1/external-vocab-pairs.csv,Bunsso,Bunso,external_vocab,high,ok,"Confirmed (2026-08-28) via direct dictionary verification: Bergano (1732, Samson translation) p.124 -- 'BUNGSO. Strictly speaking, the youngest child, or the youngest among siblings...' Using 'Bunsso' (the attested alternate); excluding the unattested 'Anaktian'."
extvoc_088,gold_v1,parallel_extraction_v1/external-vocab-pairs.csv,Apu a lalaki,Lolo,external_vocab,medium,ok,Compositional 'apu' (grandparent) + 'a lalaki' (male); not attested as one surface token.
extvoc_089,gold_v1,parallel_extraction_v1/external-vocab-pairs.csv,Apu a babai,Lola,external_vocab,medium,ok,Compositional 'apu' (grandparent) + 'a babai' (female); not attested as one surface token.
extvoc_090,gold_v1,parallel_extraction_v1/external-vocab-pairs.csv,Bapa,Tiyo / Tito,external_vocab,medium,ok,
extvoc_091,gold_v1,parallel_extraction_v1/external-vocab-pairs.csv,Dara,Tiya / Tita,external_vocab,medium,ok,
extvoc_092,gold_v1,parallel_extraction_v1/external-vocab-pairs.csv,Pisan,Pinsan,external_vocab,high,ok,'Pisan' (cousin) is directly confirmed in this project's own 2026-08-25 Phase 1 adjudication ('kapamisanan' root).
extvoc_093,gold_v1,parallel_extraction_v1/external-vocab-pairs.csv,Pangunakan,Pamangkin,external_vocab,medium,ok,
extvoc_094,gold_v1,parallel_extraction_v1/external-vocab-pairs.csv,Asawa,Asawa,external_vocab,high,ok,"Multi-source attestation (Forman, ACD, UCLA Phonetics Archive, Kaikki) confirmed directly in word-evidence.csv."
extvoc_095,gold_v1,parallel_extraction_v1/external-vocab-pairs.csv,Kasintahan / Novia,Kasintahan / Nobya / Nobyo,external_vocab,medium,ok,"PAM 'Kasintahan' (direct Tagalog loanword) and 'Novia' (Spanish loanword) are plausible alongside this experiment's own 'Capalsintan' (pldpair_039); code-switching alternates, not independently attested in this project's historical-dictionary sources."
extvoc_096,gold_v1,parallel_extraction_v1/external-vocab-pairs.csv,Kaluguran,Kaibigan,external_vocab,high,ok,Shares the 'caluguran' root already used in this experiment's own confirmed pldpair_011.
extvoc_097,gold_v1,parallel_extraction_v1/external-vocab-pairs.csv,Kambal,Kambal,external_vocab,high,ok,"Using the directly-attested, identical-cognate 'Kambal' rather than the ambiguous 'Cacambal' (declined earlier in this experiment for exactly this ambiguity)."
extvoc_098,gold_v1,parallel_extraction_v1/external-vocab-pairs.csv,Tau,Tao,external_vocab,medium,ok,'ding tau' ('the people') seen throughout the Letter/Essay domain text.
extvoc_099,gold_v1,parallel_extraction_v1/external-vocab-pairs.csv,Lalaki,Lalaki,external_vocab,medium,ok,
extvoc_100,gold_v1,parallel_extraction_v1/external-vocab-pairs.csv,Babai,Babae,external_vocab,medium,ok,
extvoc_101,gold_v1,parallel_extraction_v1/external-vocab-pairs.csv,Buntuk,Ulo,external_vocab,high,ok,"Multi-source attestation (Forman, Kaikki) confirmed directly in word-evidence.csv."
extvoc_102,gold_v1,parallel_extraction_v1/external-vocab-pairs.csv,Bwak / Buak,Buhok,external_vocab,medium,ok,
extvoc_103,gold_v1,parallel_extraction_v1/external-vocab-pairs.csv,Mata,Mata,external_vocab,high,ok,Identical cognate spelling.
extvoc_104,gold_v1,parallel_extraction_v1/external-vocab-pairs.csv,Arung,Ilong,external_vocab,high,ok,'king arung ning gorilya' (in the gorilla's nose) appears repeatedly in the Iput-Ipot story text.
extvoc_105,gold_v1,parallel_extraction_v1/external-vocab-pairs.csv,Asbuk,Bibig,external_vocab,medium,ok,
extvoc_107,gold_v1,parallel_extraction_v1/external-vocab-pairs.csv,Dila,Dila,external_vocab,medium,ok,Identical cognate spelling.
extvoc_108,gold_v1,parallel_extraction_v1/external-vocab-pairs.csv,Balugbug,Tenga,external_vocab,medium,ok,"Using the attested 'Balugbug'; excluding the document's 'Tuli' alternate, which most plausibly means 'circumcision' in Kapampangan/Tagalog, not 'ear' -- likely an error in the source document."
extvoc_110,gold_v1,parallel_extraction_v1/external-vocab-pairs.csv,Gamat,Kamay,external_vocab,medium,ok,
extvoc_111,gold_v1,parallel_extraction_v1/external-vocab-pairs.csv,Taliri,Daliri,external_vocab,medium,ok,
extvoc_113,gold_v1,parallel_extraction_v1/external-vocab-pairs.csv,Bitis,Paa,external_vocab,high,ok,Consistent with this session's own Iso_BodyParts.txt reading.
extvoc_114,gold_v1,parallel_extraction_v1/external-vocab-pairs.csv,Pusu,Puso,external_vocab,high,ok,"'taus pusung' (heartfelt, lit. true-heart) seen throughout the Greetings/Letter domain text."
extvoc_115,gold_v1,parallel_extraction_v1/external-vocab-pairs.csv,Atian / Atsan,Tiyan,external_vocab,medium,ok,
extvoc_116,gold_v1,parallel_extraction_v1/external-vocab-pairs.csv,Gulut,Likod,external_vocab,medium,ok,
extvoc_117,gold_v1,parallel_extraction_v1/external-vocab-pairs.csv,Sakit,Sakit,external_vocab,high,ok,Identical cognate spelling; also appears in item 205's sentence.
extvoc_119,gold_v1,parallel_extraction_v1/external-vocab-pairs.csv,Bucung-bucung,Bukung-bukong,external_vocab,high,ok,Directly confirmed by this project's own 2026-08-25 Phase 1 adjudication (fixes a gap this session's own PLD Iso_BodyParts.txt reading could not fill -- no FIL 'ankle' term appeared in that specific elicitation list).
extvoc_120,gold_v1,parallel_extraction_v1/external-vocab-pairs.csv,Galang-galangan,Galang-galangan,external_vocab,high,ok,"Directly confirmed by this project's own 2026-08-25 Phase 1 adjudication (galang-galangan = wrist, not ankle)."
extvoc_121,gold_v1,parallel_extraction_v1/external-vocab-pairs.csv,Pamangan,Pagkain,external_vocab,high,ok,Derived from the 'mangan'/'pangan' root this project's own Phase 1 adjudication already confirmed correct.
extvoc_122,gold_v1,parallel_extraction_v1/external-vocab-pairs.csv,Danum,Tubig,external_vocab,high,ok,
extvoc_123,gold_v1,parallel_extraction_v1/external-vocab-pairs.csv,Nasi,Kanin,external_vocab,medium,ok,Consistent with 'binayu' (pounded [rice]) in this experiment's own confirmed pldpair_009.
extvoc_124,gold_v1,parallel_extraction_v1/external-vocab-pairs.csv,Ulam / Asan,Ulam,external_vocab,medium,ok,
extvoc_125,gold_v1,parallel_extraction_v1/external-vocab-pairs.csv,Asan / Isda,Isda,external_vocab,medium,ok,
extvoc_126,gold_v1,parallel_extraction_v1/external-vocab-pairs.csv,Karne,Karne,external_vocab,medium,ok,"Spanish loanword, identical spelling."
extvoc_127,gold_v1,parallel_extraction_v1/external-vocab-pairs.csv,Gule,Gulay,external_vocab,medium,ok,
extvoc_128,gold_v1,parallel_extraction_v1/external-vocab-pairs.csv,Prutas,Prutas,external_vocab,medium,ok,"Spanish loanword, identical spelling; thematically consistent with the Story domain's fruit-picking content."
extvoc_129,gold_v1,parallel_extraction_v1/external-vocab-pairs.csv,Asukar,Asukal,external_vocab,medium,ok,"Using 'Asukar' (direct Spanish-loanword cognate of 'Asukal'); excluding the 'Yumu' alternate, which this same document's own item 200 defines as 'sweetness' (a quality), not 'sugar' (the substance)."
extvoc_130,gold_v1,parallel_extraction_v1/external-vocab-pairs.csv,Asin,Asin,external_vocab,medium,ok,Identical cognate spelling.
extvoc_131,gold_v1,parallel_extraction_v1/external-vocab-pairs.csv,Suka,Suka,external_vocab,medium,ok,Identical cognate spelling.
extvoc_132,gold_v1,parallel_extraction_v1/external-vocab-pairs.csv,Kape,Kape,external_vocab,medium,ok,"International/Spanish loanword, identical spelling."
extvoc_133,gold_v1,parallel_extraction_v1/external-vocab-pairs.csv,Gatas,Gatas,external_vocab,medium,ok,Identical cognate spelling.
extvoc_134,gold_v1,parallel_extraction_v1/external-vocab-pairs.csv,Mangan,Kumain,external_vocab,high,ok,'Mangan' (eat) is directly confirmed as the correct root in this project's own 2026-08-25 Phase 1 adjudication.
extvoc_135,gold_v1,parallel_extraction_v1/external-vocab-pairs.csv,Minum,Uminom,external_vocab,medium,ok,
extvoc_136,gold_v1,parallel_extraction_v1/external-vocab-pairs.csv,Maglutu,Magluto,external_vocab,high,ok,Shares the 'melutu' (cooked) root already used in this experiment's own confirmed pldpair_009.
extvoc_138,gold_v1,parallel_extraction_v1/external-vocab-pairs.csv,Angin,Hangin,external_vocab,high,ok,"Multi-source attestation (Forman, Kaikki) confirmed directly in word-evidence.csv."
extvoc_140,gold_v1,parallel_extraction_v1/external-vocab-pairs.csv,Uran,Ulan,external_vocab,medium,ok,
extvoc_143,gold_v1,parallel_extraction_v1/external-vocab-pairs.csv,Bituin,Bituin,external_vocab,medium,ok,Identical cognate spelling.
extvoc_145,gold_v1,parallel_extraction_v1/external-vocab-pairs.csv,Labi / Lupa / Gabun,Lupa,external_vocab,medium,ok,
extvoc_146,gold_v1,parallel_extraction_v1/external-vocab-pairs.csv,Dagat,Dagat,external_vocab,medium,ok,"Using the identical-cognate, attested 'Dagat'; excluding the unattested 'Kalatdan' alternate."
extvoc_147,gold_v1,parallel_extraction_v1/external-vocab-pairs.csv,Ilug,Ilog,external_vocab,high,ok,'iyugse king ilug' (thrown into the river) appears in the Story-domain text this session already read.
extvoc_148,gold_v1,parallel_extraction_v1/external-vocab-pairs.csv,Bundok / Bunduc,Bundok,external_vocab,medium,ok,
extvoc_149,gold_v1,parallel_extraction_v1/external-vocab-pairs.csv,Pun,Puno,external_vocab,high,ok,'pun saging'/'pun dutung' (banana tree/tree) appear constantly throughout the Story/Essay domain text.
extvoc_150,gold_v1,parallel_extraction_v1/external-vocab-pairs.csv,Bulung,Dahon,external_vocab,high,ok,Matches 'aluntiang bulung' (green leaves) in this experiment's own confirmed pldpair_017/018.
extvoc_151,gold_v1,parallel_extraction_v1/external-vocab-pairs.csv,Bulaklak / Bulaclac,Bulaklak,external_vocab,medium,ok,Near-identical cognate spelling.
extvoc_152,gold_v1,parallel_extraction_v1/external-vocab-pairs.csv,Hayop / Ayup,Hayop,external_vocab,medium,ok,
extvoc_153,gold_v1,parallel_extraction_v1/external-vocab-pairs.csv,Ayup,Ibon,external_vocab,medium,ok,"Same PAM word as item 152 ('ayup'); plausible polysemy (animal/bird), not treated as a contradiction."
extvoc_154,gold_v1,parallel_extraction_v1/external-vocab-pairs.csv,Pau,Pagong,external_vocab,high,ok,'Pau' (turtle) is the recurring character name throughout the Matsing story text this session already read in full.
extvoc_156,gold_v1,parallel_extraction_v1/external-vocab-pairs.csv,Alitaptap,Alitaptap,external_vocab,high,ok,"Using 'Alitaptap' (identical cognate spelling, and the generic noun used in the Iput-Ipot story's narration, e.g. 'tacutan ne i alitaptap'); excluding 'Iput-Ipot', which this session's own PLD reading shows is used as the firefly character's proper name within that one story, not the generic word for the species."
extvoc_157,gold_v1,parallel_extraction_v1/external-vocab-pairs.csv,Gorilya,Gorilya,external_vocab,high,ok,Identical spelling; 'king arung ning gorilya' appears repeatedly in the Iput-Ipot story text.
extvoc_158,gold_v1,parallel_extraction_v1/external-vocab-pairs.csv,Lakad / Lumakad,Lakad / Lumakad,external_vocab,high,ok,Matches 'maglacad' in this experiment's own confirmed pldpair_015.
extvoc_159,gold_v1,parallel_extraction_v1/external-vocab-pairs.csv,Mulayi,Takbo / Tumakbo,external_vocab,medium,ok,Lower independent confidence; attested but not otherwise corroborated in this session's own reading.
extvoc_160,gold_v1,parallel_extraction_v1/external-vocab-pairs.csv,Tulug / Matulug,Tulog / Matulog,external_vocab,high,ok,Well-established basic vocabulary; standard Kapampangan o->u vowel-shift cognate pattern versus Tagalog 'tulog'/'matulog'.
extvoc_161,gold_v1,parallel_extraction_v1/external-vocab-pairs.csv,Gising / Migising,Gising / Gumising,external_vocab,medium,ok,Identical spelling; plus native affixed form.
extvoc_162,gold_v1,parallel_extraction_v1/external-vocab-pairs.csv,Basa / Magbasa,Basa / Magbasa,external_vocab,high,ok,'Basan ke iti para keca' (I'll read this for you) appears in the Gamugamo story text this session already read.
extvoc_163,gold_v1,parallel_extraction_v1/external-vocab-pairs.csv,Sulat / Sumulat,Sulat / Magsulat,external_vocab,high,ok,This project's own v3/v4 morphology experiments extensively discuss 'Sumulat' and its '-um-' infix.
extvoc_166,gold_v1,parallel_extraction_v1/external-vocab-pairs.csv,Sali / Sumali,Bili / Bumili,external_vocab,high,ok,Directly confirmed by this project's own 2026-08-25 Phase 1 adjudication: 'seli' (bought) has root 'sali' (buy).
extvoc_168,gold_v1,parallel_extraction_v1/external-vocab-pairs.csv,Munta / Muna,Punta / Pumunta,external_vocab,high,ok,'Munta ca wari king Menila' (Will you go to Manila) appears in the raw PAM Interrogatives text this session already read.
extvoc_169,gold_v1,parallel_extraction_v1/external-vocab-pairs.csv,Datang / Dumatang,Dating / Dumating,external_vocab,medium,ok,Root 'datang' shares this experiment's own confirmed pldpair_035 ('Pangaratang'/'dumating'); 'Dumatang' is a transparent -um- infix form of the same root.
extvoc_170,gold_v1,parallel_extraction_v1/external-vocab-pairs.csv,Lawi / Lawen,Tingin / Tumingin,external_vocab,medium,ok,
extvoc_171,gold_v1,parallel_extraction_v1/external-vocab-pairs.csv,Ramdam / Makiramdam,Rinig / Makinig,external_vocab,medium,"partial: 'ramdam/makiramdam' - Kapampangan 'ramdam' is 'feel', not 'hear' (rinig)","'Makiramdam ca at basan ke iti' (pay attention/listen and I'll read this) in the Gamugamo story text supports a 'listen' sense, though 'ramdam' more literally means 'feel/sense' -- a plausible but not perfectly precise gloss."
extvoc_172,gold_v1,parallel_extraction_v1/external-vocab-pairs.csv,Salita / Magsalita,Salita / Magsalita,external_vocab,medium,ok,"Identical spelling, direct shared cognate."
extvoc_173,gold_v1,parallel_extraction_v1/external-vocab-pairs.csv,Baldug / Mabaldag,Bagsak / Mahulog,external_vocab,medium,ok,Root 'baldug' independently seen and corroborated during this session's own Iso_MinPairs.txt reading earlier in Phase 2 ('baldug (v. fall)').
extvoc_174,gold_v1,parallel_extraction_v1/external-vocab-pairs.csv,Isip / Pamisip,Isip / Mag-isip,external_vocab,medium,ok,
extvoc_175,gold_v1,parallel_extraction_v1/external-vocab-pairs.csv,Nintun / Panintunan,Hanap / Maghanap,external_vocab,medium,ok,Using the attested 'Panintunan'; root 'Nintun' itself not separately attested as an exact surface form.
extvoc_176,gold_v1,parallel_extraction_v1/external-vocab-pairs.csv,Kalingwan / Kakalinguan,Limot / Makalimutan,external_vocab,medium,ok,
extvoc_177,gold_v1,parallel_extraction_v1/external-vocab-pairs.csv,Kibat / Pakibatan,Sagot / Sumagot,external_vocab,high,ok,'Mekibat ya I Iput-Ipot' (Iput-Ipot answered) appears constantly throughout the Story-domain text this session already read.
extvoc_178,gold_v1,parallel_extraction_v1/external-vocab-pairs.csv,Din / Dinan,Bigay / Magbigay,external_vocab,medium,ok,
extvoc_179,gold_v1,parallel_extraction_v1/external-vocab-pairs.csv,Buri,Nais / Gusto,external_vocab,high,ok,Matches 'buri' in this experiment's own confirmed pldpair_020 ('Insanu ing buri mu?').
extvoc_180,gold_v1,parallel_extraction_v1/external-vocab-pairs.csv,Masanting,Maganda,external_vocab,high,ok,"Using 'Masanting', which matches this experiment's own confirmed pldpair_017 ('masanting a pun', a beautiful tree); excluding the unattested 'Malagyu' alternate, which more plausibly means 'famous' (from 'lagyu', name/fame), not 'beautiful'."
extvoc_182,gold_v1,parallel_extraction_v1/external-vocab-pairs.csv,Maragul,Malaki,external_vocab,high,ok,"'mangaragul' (plural form) appears throughout the Story-domain text this session already read ('mangaragul a batu', 'mangaragul a bulung')."
extvoc_183,gold_v1,parallel_extraction_v1/external-vocab-pairs.csv,Malati,Maliit,external_vocab,high,ok,"Matches 'malati' in this experiment's own confirmed pldpair_012 ('metung yang macalunus, malati...')."
extvoc_184,gold_v1,parallel_extraction_v1/external-vocab-pairs.csv,Matula,Masaya,external_vocab,medium,ok,Shares the 'tula' root already used in this experiment's own confirmed pldpair_005 ('Catutula cu pu...').
extvoc_185,gold_v1,parallel_extraction_v1/external-vocab-pairs.csv,Malungkut,Malungkot,external_vocab,medium,ok,
extvoc_186,gold_v1,parallel_extraction_v1/external-vocab-pairs.csv,Mapali,Mainit,external_vocab,medium,ok,Using the attested 'Mapali'; excluding the unattested 'Malapali' alternate.
extvoc_187,gold_v1,parallel_extraction_v1/external-vocab-pairs.csv,Marimla,Malamig,external_vocab,medium,ok,
extvoc_188,gold_v1,parallel_extraction_v1/external-vocab-pairs.csv,Manyaman,Masarap,external_vocab,medium,ok,
extvoc_189,gold_v1,parallel_extraction_v1/external-vocab-pairs.csv,Mabilis / Malagwa,Mabilis,external_vocab,medium,ok,Identical cognate spelling for the first alternate.
extvoc_190,gold_v1,parallel_extraction_v1/external-vocab-pairs.csv,Mabagal,Mabagal,external_vocab,high,ok,Matches 'mabagal' discussed in this experiment's own rejected-pair analysis (pldpair review); the word itself is validly corroborated independent of that rejected pairing's other issues.
extvoc_191,gold_v1,parallel_extraction_v1/external-vocab-pairs.csv,Mataas,Mataas,external_vocab,medium,ok,Identical cognate spelling.
extvoc_192,gold_v1,parallel_extraction_v1/external-vocab-pairs.csv,Mababa,Mababa,external_vocab,medium,ok,Identical cognate spelling.
extvoc_193,gold_v1,parallel_extraction_v1/external-vocab-pairs.csv,Bayu,Bago,external_vocab,high,ok,"Directly corroborated by this experiment's own confirmed pldpair_003 ('bayung banua', new year)."
extvoc_194,gold_v1,parallel_extraction_v1/external-vocab-pairs.csv,Luma,Luma,external_vocab,medium,ok,Identical cognate spelling.
extvoc_195,gold_v1,parallel_extraction_v1/external-vocab-pairs.csv,Matua,Matanda,external_vocab,medium,ok,'matuang capatad' (older sibling) appears in the Iso_Kinship.txt data this session already read.
extvoc_199,gold_v1,parallel_extraction_v1/external-vocab-pairs.csv,Matapat,Matapat,external_vocab,high,ok,Matches 'matapat' in this experiment's own confirmed pldpair_011 ('Ing matapat a caluguran').
extvoc_200,gold_v1,parallel_extraction_v1/external-vocab-pairs.csv,Yumu / Mayumu,Tamis / Matamis,external_vocab,medium,ok,"Defines 'Yumu' as the sweetness quality, consistent with item 129's cross-check."
extvoc_203,gold_v1,parallel_extraction_v1/external-vocab-pairs.csv,Mayap a bengi pu kecayu.,Magandang gabi po sa inyo.,external_vocab,high,ok,'Mayap a bengi' pattern seen throughout PLD Greetings text.
extvoc_205,gold_v1,parallel_extraction_v1/external-vocab-pairs.csv,Atin ca waring camaganac a ating capareung saket?,May kakilala ka ba sa pamilya mo na may ganyang sakit din?,external_vocab,medium,ok,"Thematically and structurally consistent with the PAM Utt_Medical.txt content this session already read and rejected as a non-parallel *domain* -- but this specific sentence's grammar is fully transparent and every content word but one ('capareung', a regular ka-X-ng comparative derivation of the attested root 'pareu') is independently attested."
extvoc_207,gold_v1,parallel_extraction_v1/external-vocab-pairs.csv,Nucarin ya ing seli cung lapis nandin?,Saan ko nabili ang lapis kanina?,external_vocab,high,ok,"Fills a gap this session's own PLD reading left unmatched (PAM Utt_Interrogatives.txt slot 7, 'Nucarin ya ing seli cung lapis nandin?'); 'seli'/'sali' (bought/buy) is independently confirmed by this project's own 2026-08-25 Phase 1 adjudication. Note: the FIL gloss asks where the pencil *was bought*, a subtly different question than the English gloss given ('where is the pencil'), which asks the pencil's current location."
extvoc_209,gold_v1,parallel_extraction_v1/external-vocab-pairs.csv,Nanu ing lagyu mu?,Anong pangalan mo?,external_vocab,high,ok,
extvoc_210,gold_v1,parallel_extraction_v1/external-vocab-pairs.csv,Ing lagyu ku...,Ang pangalan ko ay...,external_vocab,high,ok,
story_0001,gold_stories,parallel_extraction_v2/story-pairs.csv (native-authored),"""Muli ya ngeni i Sally!"" anang Ima.","""Uuwi na ngayon si Sally!"" sabi ni Ina.",story 1: Muli Ya i Sally,native_speaker_authored,ok,
story_0002,gold_stories,parallel_extraction_v2/story-pairs.csv (native-authored),Tinuki yang sinagana i Ben kari Tatang na at Ima.,Sinamahan ni Ben sa paghahanda sina Itay at Ina.,story 1: Muli Ya i Sally,native_speaker_authored,ok,
story_0004,gold_stories,parallel_extraction_v2/story-pairs.csv (native-authored),Paboritu nang Sally ing bibingka at sabo buku.,Paborito ni Sally ang bibingka at sabaw na buko.,story 1: Muli Ya i Sally,native_speaker_authored,ok,
story_0005,gold_stories,parallel_extraction_v2/story-pairs.csv (native-authored),"""Kasaya ko,"" anang Ben.","""Ang saya ko,"" sabi ni Ben.",story 1: Muli Ya i Sally,native_speaker_authored,ok,
story_0006,gold_stories,parallel_extraction_v2/story-pairs.csv (native-authored),"""Malambat ne murin e makauli i atsi king obra na.","""Matagal na siyang hindi umuuwi dahil sa trabaho niya, ang ate ko.",story 1: Muli Ya i Sally,native_speaker_authored,ok,
story_0007,gold_stories,parallel_extraction_v2/story-pairs.csv (native-authored),"Nanu kaya ing pasalubung na kanaku?"" anang sinabi.","Ano kaya ang pasalubong niya sa akin?"" sabi niya.",story 1: Muli Ya i Sally,native_speaker_authored,ok,
story_0008,gold_stories,parallel_extraction_v2/story-pairs.csv (native-authored),"""Karakal da nang bus a dinatang.","""Marami nang bus ang dumating.",story 1: Muli Ya i Sally,native_speaker_authored,ok,
story_0009,gold_stories,parallel_extraction_v2/story-pairs.csv (native-authored),"Bakit alayupa i Sally?"" kutang ng Tatang.","Bakit hindi pa dumarating si Sally?"" tanong ni Itay.",story 1: Muli Ya i Sally,native_speaker_authored,ok,
story_0011,gold_stories,parallel_extraction_v2/story-pairs.csv (native-authored),Panayan taya ing tutuking bus.,Hintayin natin ang susunod na bus.,story 1: Muli Ya i Sally,native_speaker_authored,ok,
story_0012,gold_stories,parallel_extraction_v2/story-pairs.csv (native-authored),"Pot atyu ne karin, migaganakang sabi ng Ima.","Basta dumating na siya, masaya na tayo,"" sabi ni Ina.",story 1: Muli Ya i Sally,native_speaker_authored,ok,
story_0013,gold_stories,parallel_extraction_v2/story-pairs.csv (native-authored),Minum ya king boti nang danum i Ben bayu ya megsalita.,Uminom ng tubig sa bote si Ben bago siya nagsalita.,story 1: Muli Ya i Sally,native_speaker_authored,ok,
story_0014,gold_stories,parallel_extraction_v2/story-pairs.csv (native-authored),Migaganaka yamu naman.,Masaya rin sila.,story 1: Muli Ya i Sally,native_speaker_authored,ok,
story_0015,gold_stories,parallel_extraction_v2/story-pairs.csv (native-authored),"""Datang ne pu kanyan i atsi,"" anang Ben kang Ima na.","""Dumating na po siguro ang ate,"" sabi ni Ben kay Ina.",story 1: Muli Ya i Sally,native_speaker_authored,ok,
story_0016,gold_stories,parallel_extraction_v2/story-pairs.csv (native-authored),"""Oyni na ing bus, yapin na ing talwing dating ini.","""Nandito na ang bus, ito na ang ika-tatlumpung dumating.",story 1: Muli Ya i Sally,native_speaker_authored,partial: 'third arrival' (talwing) mistranslated as 'ika-tatlumpung' (thirtieth) on the FIL side,
story_0017,gold_stories,parallel_extraction_v2/story-pairs.csv (native-authored),"Atyu ne sana keni i Sally,"" sabi nang Tatang.","Baka nandito na si Sally,"" sabi ni Itay.",story 1: Muli Ya i Sally,native_speaker_authored,ok,
story_0018,gold_stories,parallel_extraction_v2/story-pairs.csv (native-authored),Kabuklat ning pasbul ning bus mabilis yang tinipa i Sally.,"Nang mabuksan ang pinto ng bus, mabilis na sumugod si Sally.",story 1: Muli Ya i Sally,native_speaker_authored,ok,
story_0019,gold_stories,parallel_extraction_v2/story-pairs.csv (native-authored),Masaya nalang pengawul ding pamilya na.,Masaya ang pagsalubong ng kanyang pamilya.,story 1: Muli Ya i Sally,native_speaker_authored,ok,
story_0021,gold_stories,parallel_extraction_v2/story-pairs.csv (native-authored),"""Migaganaka kami keka,"" sabi nang tatang.","""Masaya kami para sa'yo,"" sabi ni Itay.",story 1: Muli Ya i Sally,native_speaker_authored,ok,
story_0022,gold_stories,parallel_extraction_v2/story-pairs.csv (native-authored),"""Tara na bale manaya ing paborito mung pamangan,"" sabi ng Ima.","""Halika na sa bahay, ihahanda natin ang paborito mong pagkain,"" sabi ni Ina.",story 1: Muli Ya i Sally,native_speaker_authored,ok,
story_0023,gold_stories,parallel_extraction_v2/story-pairs.csv (native-authored),Sinopan deng memwat di Ben at Tatang I atsi na.,Sina Ben at Itay ang bumuhat ng bagahe ng kanyang ate.,story 1: Muli Ya i Sally,native_speaker_authored,ok,
story_0036,gold_stories,parallel_extraction_v2/story-pairs.csv (native-authored),Pemawas nala sangang Tatang ding tanaman.,Pinutol ni Itay ang mga sanga ng puno.,story 3: Anting Palis Tingting,native_speaker_authored,ok,
story_0037,gold_stories,parallel_extraction_v2/story-pairs.csv (native-authored),Kakuldas na piglako na la bulung ding sangang pemutut na.,Nadumihan ang paligid ng mga dahon ng mga sangang pinutol niya.,story 3: Anting Palis Tingting,native_speaker_authored,ok,
story_0038,gold_stories,parallel_extraction_v2/story-pairs.csv (native-authored),Mitambak ing dakal a bulung.,Natambak ang maraming dahon.,story 3: Anting Palis Tingting,native_speaker_authored,ok,
story_0039,gold_stories,parallel_extraction_v2/story-pairs.csv (native-authored),"""Marita, Eddie sopan yu kaming Ima yu,"" anang tatang.","""Marita, Eddie, tulungan ninyo ang inyong Ina,"" sabi ni Itay.",story 3: Anting Palis Tingting,native_speaker_authored,ok,
story_0040,gold_stories,parallel_extraction_v2/story-pairs.csv (native-authored),"""Dapat tamung ayaring linisan ini ngeni.","""Dapat na natin itong linisin ngayon.",story 3: Anting Palis Tingting,native_speaker_authored,ok,
story_0041,gold_stories,parallel_extraction_v2/story-pairs.csv (native-authored),Lunis na bukas.,Lunes na bukas.,story 3: Anting Palis Tingting,native_speaker_authored,ok,
story_0042,gold_stories,parallel_extraction_v2/story-pairs.csv (native-authored),"Magaral kayu at aku magobra ku,"" anang sinabi.","Mag-aaral kayo at magtatrabaho ako,"" sabi niya.",story 3: Anting Palis Tingting,native_speaker_authored,ok,
story_0043,gold_stories,parallel_extraction_v2/story-pairs.csv (native-authored),Mabilis lang sinawup.,Mabilis silang nagtulungan.,story 3: Anting Palis Tingting,native_speaker_authored,ok,
story_0044,gold_stories,parallel_extraction_v2/story-pairs.csv (native-authored),Memalis ya i Marita.,Nagwalis si Marita.,story 3: Anting Palis Tingting,native_speaker_authored,ok,
story_0045,gold_stories,parallel_extraction_v2/story-pairs.csv (native-authored),Tinipun ng Ima ing bulung.,Tinipon ng Ina ang mga dahon.,story 3: Anting Palis Tingting,native_speaker_authored,ok,
story_0046,gold_stories,parallel_extraction_v2/story-pairs.csv (native-authored),Menyaluk neman bulung at sukal i Eddie.,Naghakot naman ng dahon at sanga si Eddie.,story 3: Anting Palis Tingting,native_speaker_authored,ok,
story_0047,gold_stories,parallel_extraction_v2/story-pairs.csv (native-authored),Binwat ng Tatang ing atipun dang sukal at bulung.,Binuhat ni Itay ang tinipong sanga at dahon.,story 3: Anting Palis Tingting,native_speaker_authored,ok,
story_0049,gold_stories,parallel_extraction_v2/story-pairs.csv (native-authored),"""Lawen yu na, istung sawup-sawup tamu agad mayayari ing obra,"" anang Tatang.","""Tingnan ninyo, kung magtutulungan tayo, agad matatapos ang trabaho,"" sabi ni Itay.",story 3: Anting Palis Tingting,native_speaker_authored,ok,
story_0050,gold_stories,parallel_extraction_v2/story-pairs.csv (native-authored),Kinwa ne ing palis tingting.,Kinuha niya ang walis tingting.,story 3: Anting Palis Tingting,native_speaker_authored,ok,
story_0051,gold_stories,parallel_extraction_v2/story-pairs.csv (native-authored),"""Lawen ye ining palis.","""Tingnan ninyo ang walis na ito.",story 3: Anting Palis Tingting,native_speaker_authored,ok,
story_0052,gold_stories,parallel_extraction_v2/story-pairs.csv (native-authored),Nung ing metung mung tingting ing gamitan siguradung eya agad mayari ing obra.,"Kung isang tingting lang ang gagamitin, tiyak na hindi ito agad makakapaglinis.",story 3: Anting Palis Tingting,native_speaker_authored,ok,
story_0053,gold_stories,parallel_extraction_v2/story-pairs.csv (native-authored),"Pero nung piyabe-abe la atitaling matigik ring tingting siguradung mayari agad ing obra.""","Pero kung pinagsama-sama at itinali ang maraming tingting, tiyak na madaling matatapos ang gawain.""",story 3: Anting Palis Tingting,native_speaker_authored,ok,
story_0054,gold_stories,parallel_extraction_v2/story-pairs.csv (native-authored),"""Anti tamu naman palis tingting,"" anang Ima.","""Tulad tayo ng walis tingting,"" sabi ni Ina.",story 3: Anting Palis Tingting,native_speaker_authored,ok,
story_0055,gold_stories,parallel_extraction_v2/story-pairs.csv (native-authored),"""Uling misaup-saup tamu, agad meyari ing kekatamung gagawan a obra.""","""Dahil nagtutulungan tayo, agad natatapos ang gawaing kailangan nating gawin.""",story 3: Anting Palis Tingting,native_speaker_authored,ok,
story_0056,gold_stories,parallel_extraction_v2/story-pairs.csv (native-authored),"""Anette..Anette.. Aneeeeete!"" gulisak ng Aling Sion.","""Anette... Anette... Aneeeeete!"" sigaw ni Aling Sion.",story 4: I Anette Mapamyalung,native_speaker_authored,ok,
story_0057,gold_stories,parallel_extraction_v2/story-pairs.csv (native-authored),Alus buung Baranggay Virgen Delos Remedios daramdaman de.,Halos maririnig siya sa buong Baranggay Virgen Delos Remedios.,story 4: I Anette Mapamyalung,native_speaker_authored,ok,
story_0058,gold_stories,parallel_extraction_v2/story-pairs.csv (native-authored),Pero anggang anino na mung Anette ala yang ikit.,Pero kahit anino man lang ni Anette ay wala siyang nakita.,story 4: I Anette Mapamyalung,native_speaker_authored,ok,
story_0059,gold_stories,parallel_extraction_v2/story-pairs.csv (native-authored),"""Nukarin ne naman kaya minta ing anak kung ini,"" anag sinabi.","""Saan naman kaya pumunta ang anak ko?"" sabi niya.",story 4: I Anette Mapamyalung,native_speaker_authored,ok,
story_0060,gold_stories,parallel_extraction_v2/story-pairs.csv (native-authored),Parati na mung anti kanini ing malilyari.,Palagi na lamang ganito ang nangyayari.,story 4: I Anette Mapamyalung,native_speaker_authored,ok,
story_0061,gold_stories,parallel_extraction_v2/story-pairs.csv (native-authored),Apanugalyan ng Anette ing mamyalung anggang sisilim.,Sanay na si Anette na maglaro hanggang gumabi.,story 4: I Anette Mapamyalung,native_speaker_authored,ok,
story_0062,gold_stories,parallel_extraction_v2/story-pairs.csv (native-authored),Ali ya muli anggang ali la minuli ding kayang kakyalung.,Hindi siya umuuwi hanggang hindi umuuwi ang kanyang mga kalarong kaibigan.,story 4: I Anette Mapamyalung,native_speaker_authored,ok,
story_0063,gold_stories,parallel_extraction_v2/story-pairs.csv (native-authored),Ing pamamyalung yang sikasu na.,Ang paglalaro ang una niyang inaalala.,story 4: I Anette Mapamyalung,native_speaker_authored,ok,
story_0064,gold_stories,parallel_extraction_v2/story-pairs.csv (native-authored),"Anggang ali ya mangan, mamyalung ya sana.","Hanggang hindi siya kumakain, maglalaro pa rin siya.",story 4: I Anette Mapamyalung,native_speaker_authored,ok,
story_0065,gold_stories,parallel_extraction_v2/story-pairs.csv (native-authored),Atin pang pamitagun na pati pamandilu akalingwan na.,"May mga gawain pa siyang dapat gawin, pati na ang paghuhugas ng kamay na nakalimutan na niya.",story 4: I Anette Mapamyalung,native_speaker_authored,ok,
story_0066,gold_stories,parallel_extraction_v2/story-pairs.csv (native-authored),"""Ima mangan tana po. Danupan nakung danupan,"" anang megmakalunus Anette kang Ima na at diniretsu yang minta king lamesa.","""Ina, kakain na po tayo. Gutom na gutom na po ako,"" sabi ng pagod na si Anette sa kanyang Ina habang dumederetso siya sa hapag-kainan.",story 4: I Anette Mapamyalung,native_speaker_authored,ok,
story_0067,gold_stories,parallel_extraction_v2/story-pairs.csv (native-authored),"""Saguli,"" anang ima na.","""Sandali,"" sabi ng kanyang Ina.",story 4: I Anette Mapamyalung,native_speaker_authored,ok,
story_0068,gold_stories,parallel_extraction_v2/story-pairs.csv (native-authored),"""Wasan mula pa ding gamat mu, sobra la karinat,"" anang Ima na.","""Marumi pa ang iyong mga kamay, napakadumi nila,"" sabi ng kanyang Ina.",story 4: I Anette Mapamyalung,native_speaker_authored,ok,
story_0071,gold_stories,parallel_extraction_v2/story-pairs.csv (native-authored),"Kaybat na nita, minuli yang kikyak i Anette, ""Ima, ana, sobra ya kasakit ing kakung atyan.""","Pagkatapos noon, umuwi si Anette na umiiyak, ""Ina, ang sakit ng tiyan ko.""",story 4: I Anette Mapamyalung,native_speaker_authored,ok,
story_0072,gold_stories,parallel_extraction_v2/story-pairs.csv (native-authored),"""King malumane boses, anang Ima na kaya,"" Yan ing maralas kung sasabyan keka.","Sa mahinang tinig, sinabi sa kanya ng kanyang Ina, ""Iyan ang madalas kong sinasabi sa iyo.",story 4: I Anette Mapamyalung,native_speaker_authored,partial: garbled quote punctuation in the PAM line; content matches,
story_0074,gold_stories,parallel_extraction_v2/story-pairs.csv (native-authored),Kaylangan mula ring linisan ding gamat mu bayu mangan at kaylangan ding paynawa ka.,"Kailangan mong linisin ang iyong mga kamay bago kumain, at kailangan mong magpahinga.""",story 4: I Anette Mapamyalung,native_speaker_authored,ok,
story_0075,gold_stories,parallel_extraction_v2/story-pairs.csv (native-authored),"King kerakalan da ring klasi king Delos Remedios Elementary School, ing Grade III Seksyun I yang pasibayung miparangalang, ""Most Environment Friendly"" a klasi ngening banwang ini.","Sa lahat ng klase sa Delos Remedios Elementary School, ang Grade III Seksyon 1 ang muling nagwagi bilang ""Most Environment Friendly"" na klase ngayong taon.","story 5: Reduce, Reuse, Recycle",native_speaker_authored,ok,
story_0077,gold_stories,parallel_extraction_v2/story-pairs.csv (native-authored),"I Gng. Manipon, ing karelang mestra, sinabi nang patupad na king kayang klasi ing, ""Ibulsa ing Sariling Basura"" kilub ning pabanwa, susubay-bayan na la ring anak king kayang klasi anggang medisiplina la.","Sinabi ni Gng. Manipon, ang kanilang guro, na ipinapatupad niya sa kanyang klase ang ""Ibulsa ang Sariling Basura"" sa buong taon, at sinusubaybayan niya ang mga bata sa kanyang klase hanggang sila ay maging disiplinado.","story 5: Reduce, Reuse, Recycle",native_speaker_authored,ok,
story_0078,gold_stories,parallel_extraction_v2/story-pairs.csv (native-authored),Pagawa na rin ini kareng karelang pibale-bale.,Ginagawa rin nila ito sa kani-kanilang mga bahay.,"story 5: Reduce, Reuse, Recycle",native_speaker_authored,ok,
story_0079,gold_stories,parallel_extraction_v2/story-pairs.csv (native-authored),"Ngenim banwang ini, ing pekamaragul dang proyektu iyapin ing ""Gamitan Pasibayu ing Bage Megamit"".","Ngayong taon, ang pinakamalaking proyekto nila ay ang ""Muling Gamitin ang mga Nagamit na Bagay.""","story 5: Reduce, Reuse, Recycle",native_speaker_authored,ok,
story_0080,gold_stories,parallel_extraction_v2/story-pairs.csv (native-authored),Tungkul ya ini king pamagrecycle kareng megamit nang bage.,Ito ay tungkol sa pag-recycle ng mga nagamit na bagay.,"story 5: Reduce, Reuse, Recycle",native_speaker_authored,ok,
story_0081,gold_stories,parallel_extraction_v2/story-pairs.csv (native-authored),"Sinabi da reng anak na mekakolekta lang marakal a bage kalupa ning lumang diaryu, kartun, boti at aliwa pa.","Sinabi ng mga bata na nangongolekta sila ng maraming bagay tulad ng lumang diyaryo, karton, boti, at iba pa.","story 5: Reduce, Reuse, Recycle",native_speaker_authored,ok,
story_0082,gold_stories,parallel_extraction_v2/story-pairs.csv (native-authored),"Ibat kareng akolekta rang gamit, mekagawa lang plorera a Paper Mache, mangalating animalis at dukanan lapis na karelang penakitan ginamit dala para makapagpagawa lang sariing banyu king karelang kwartu.","Mula sa mga nakolektang gamit, nakagawa sila ng plorera na gawa sa paper mache, iba't ibang hugis-hayop, at lalagyan ng lapis, na ang naipong benta ay ginagamit nila para makagawa ng sarili nilang pondo sa kanilang klase.","story 5: Reduce, Reuse, Recycle",native_speaker_authored,ok,
story_0083,gold_stories,parallel_extraction_v2/story-pairs.csv (native-authored),Asahan nang Gng. Ramos na pakyapusada ing gewa da ring aliwa pa.,Umaasa si Gng. Ramos na matatapos ang iba pa nilang ginagawa.,"story 5: Reduce, Reuse, Recycle",native_speaker_authored,ok,
story_0085,gold_stories,parallel_extraction_v2/story-pairs.csv (native-authored),"Ana pin, ""Manakitan na ka, Makasaup ka pa king kapaligiran.""","Sabi pa niya, ""Kikita ka pa, at makakatulong ka pa sa kapaligiran.""","story 5: Reduce, Reuse, Recycle",native_speaker_authored,ok,
story_0086,gold_stories,parallel_extraction_v2/story-pairs.csv (native-authored),"King Bunduk Arayat king Pampanga ating makatuknang metung a engkantada, i Mariang Sinukwan.","Sa Bundok Arayat sa Pampanga, may naninirahang isang engkantada, si Mariang Sinukwan.","story 5: Reduce, Reuse, Recycle",native_speaker_authored,ok,
story_0087,gold_stories,parallel_extraction_v2/story-pairs.csv (native-authored),"Tune yang malagu i Maria, matas ya at talagang makaenganyung lalawen.","Talagang maganda si Maria, matangkad siya at talagang kahali-halinang tingnan.","story 5: Reduce, Reuse, Recycle",native_speaker_authored,ok,
story_0088,gold_stories,parallel_extraction_v2/story-pairs.csv (native-authored),Deng tau karin lalawen de anti mong metung a diyosa.,Ang mga taong nakakakita sa kanya doon ay iniisip na siya ay isang diyosa.,"story 5: Reduce, Reuse, Recycle",native_speaker_authored,ok,
story_0089,gold_stories,parallel_extraction_v2/story-pairs.csv (native-authored),"Uling talagang maganaka ya, sosopan na lang Maria deng taung manuknangan king palibut ning bunduk.","Dahil talagang mapagbigay siya, sinusuportahan ni Maria ang mga taong naninirahan sa paligid ng bundok.","story 5: Reduce, Reuse, Recycle",native_speaker_authored,ok,
story_0090,gold_stories,parallel_extraction_v2/story-pairs.csv (native-authored),"Mamili yang miyayaliwang prutas, gule at aliwa pang apangan da reng tau kareng tarangkahan da reng balang bale.","Namimili siya ng iba't ibang prutas, gulay, at iba pang pagkain para sa mga tao sa may tarangkahan ng bawat bahay.","story 5: Reduce, Reuse, Recycle",native_speaker_authored,ok,
story_0091,gold_stories,parallel_extraction_v2/story-pairs.csv (native-authored),Palagad-lagad papakit ya rin i Maria kareng taung kayang dirinan.,"Paminsan-minsan, nagpapakita rin si Maria sa mga taong malapit sa kanyang tinitirhan.","story 5: Reduce, Reuse, Recycle",native_speaker_authored,ok,
story_0092,gold_stories,parallel_extraction_v2/story-pairs.csv (native-authored),"Ban ipakit da ring tau ing karelang pamipasalamat kang Maria, mengaku la na ali mukyat king bunduk nang Mariang Sinukwan.","Upang ipakita ng mga tao ang kanilang pasasalamat kay Maria, nangako sila na hindi aakyat sa bundok ni Mariang Sinukwan.","story 5: Reduce, Reuse, Recycle",native_speaker_authored,ok,
story_0093,gold_stories,parallel_extraction_v2/story-pairs.csv (native-authored),Pengaku da murin na alila mandakap animals at manag tal karetang sampaga at aliwa pang bungang tanaman king bunduk.,Nangako rin sila na hindi manghuhuli ng mga hayop at pipitas ng sampagita at iba pang bungang tanim sa bundok.,"story 5: Reduce, Reuse, Recycle",native_speaker_authored,ok,
story_0094,gold_stories,parallel_extraction_v2/story-pairs.csv (native-authored),Pero ating bayung sibul a kayanakan a meging mapangahas at meging makasarili.,Ngunit may bagong lipi ng mga kabataang naging pangahas at naging makasarili.,"story 5: Reduce, Reuse, Recycle",native_speaker_authored,ok,
story_0095,gold_stories,parallel_extraction_v2/story-pairs.csv (native-authored),"Misan a aldo, minukyat la king bunduk at megdala lang dakal a saku.","Isang araw, umakyat sila sa bundok at nagdala ng maraming sako.","story 5: Reduce, Reuse, Recycle",native_speaker_authored,ok,
story_0096,gold_stories,parallel_extraction_v2/story-pairs.csv (native-authored),Kitmu dala ngan deng karelang saku karetang miyayaliwang bungang gule at prutas akit da king bunduk.,Pinuno nila ang kanilang mga sako ng iba't ibang prutas at gulay na nakita nila sa bundok.,"story 5: Reduce, Reuse, Recycle",native_speaker_authored,ok,
story_0097,gold_stories,parallel_extraction_v2/story-pairs.csv (native-authored),Pati animales dekap da la at dinatuk keng saku.,Pati mga hayop ay hinuli nila at itinali sa sako.,"story 5: Reduce, Reuse, Recycle",native_speaker_authored,ok,
story_0098,gold_stories,parallel_extraction_v2/story-pairs.csv (native-authored),"Ulina nita, mimwa ya i Mariang Sinukwan at perusan na la detang mapangahas menako king bunduk at ali nala mekapagbalik pa kareng kare-karelang pibale-bale.","Dahil dito, nagpakita si Mariang Sinukwan at pinarusahan ang mga pangahas na iyon na nagnakaw sa bundok, at hindi na sila nakabalik pa sa kani-kanilang tahanan.","story 5: Reduce, Reuse, Recycle",native_speaker_authored,ok,
story_0099,gold_stories,parallel_extraction_v2/story-pairs.csv (native-authored),"Agyang anti kanita na ing milyari, alilapa mu rin medala ding aliwa king pamanako king bunduk.","Kahit ganito ang nangyari, mayroon pa ring iba na nangahas manakaw sa bundok.","story 5: Reduce, Reuse, Recycle",native_speaker_authored,ok,
story_0100,gold_stories,parallel_extraction_v2/story-pairs.csv (native-authored),"Ding aliwa naman ala lang pakundangan king pamanyira king bunduk bilang parusa, tinuknang neng mamye prutas, gule at animali kareng tau i Maria.","Ang iba naman ay walang paggalang sa pananakit sa bundok; bilang parusa, tumigil si Maria sa pagbibigay ng prutas, gulay, at hayop sa mga tao.","story 5: Reduce, Reuse, Recycle",native_speaker_authored,ok,
story_0102,gold_stories,parallel_extraction_v2/story-pairs.csv (native-authored),Bayu yang lipat i Rowean king Sta. Ana Elementary School.,Bago lumipat si Rowena sa Sta. Ana Elementary School.,story 7: King Iskwela,native_speaker_authored,ok,
story_0103,gold_stories,parallel_extraction_v2/story-pairs.csv (native-authored),Kakabag ya salu kabang palub lang Ima na king iskwela.,Kinakabahan siya habang papasok sila ng kanyang Ina sa paaralan.,story 7: King Iskwela,native_speaker_authored,ok,
story_0104,gold_stories,parallel_extraction_v2/story-pairs.csv (native-authored),Ikit nala ring anak a mamyalung antimong pakabulus a ayup king playground ning iskwela.,Nakita nila ang mga batang naglalaro na parang mga malayang ibon sa playground ng paaralan.,story 7: King Iskwela,native_speaker_authored,ok,
story_0105,gold_stories,parallel_extraction_v2/story-pairs.csv (native-authored),Mumuna reng pintalan ing opisina na ning principal.,Una nilang pinuntahan ang opisina ng principal.,story 7: King Iskwela,native_speaker_authored,ok,
story_0106,gold_stories,parallel_extraction_v2/story-pairs.csv (native-authored),Biglang milako ing kabag ng salu anyang selubungan nala ning principal a makimalwalas a lupa.,Biglang nawala ang kaba niya nang salubungin sila ng principal na may mabait na mukha.,story 7: King Iskwela,native_speaker_authored,ok,
story_0107,gold_stories,parallel_extraction_v2/story-pairs.csv (native-authored),Sinabi ra king principal ing sangkan kung bakit lilipat ya i Rowena ibat king Bulacan.,Sinabi nila sa principal ang dahilan kung bakit lilipat si Rowena mula sa Bulacan.,story 7: King Iskwela,native_speaker_authored,ok,
story_0108,gold_stories,parallel_extraction_v2/story-pairs.csv (native-authored),Tiki nala ning principal king kayang maging mestra at lalu yang mipasno anyang akit nala rin ding kayang kaklasi na balamu maamung tupa.,"Isinama sila ng principal sa magiging guro niya, at lalo siyang natuwa nang makita niya ang kanyang mga kaklase na parang maaamong tupa.",story 7: King Iskwela,native_speaker_authored,ok,
story_0109,gold_stories,parallel_extraction_v2/story-pairs.csv (native-authored),Agad yang ating akaluguran at meging masaya ing mumuna nang aldo king kayang bayung pipagaralang kwartu.,"Agad siyang nagkaroon ng kaibigan, at naging masaya ang unang araw niya sa kanyang bagong silid-aralan.",story 7: King Iskwela,native_speaker_authored,ok,
story_0110,gold_stories,parallel_extraction_v2/story-pairs.csv (native-authored),Pinasyal ne mu rin ning principal karing miyayaliwang lugar/parti ning iskwela.,Pinasyal din siya ng principal sa iba't ibang bahagi ng paaralan.,story 7: King Iskwela,native_speaker_authored,ok,
story_0120,gold_stories,parallel_extraction_v2/story-pairs.csv (native-authored),"Ing Arti Sta. Rita ning Balen Sta.Rita, Pampanga metung ya organisasyun ding kakanta, kompositor, at musikeru keng entabladu na mebuu anyang Disyembri 2001.","Ang Arti Sta. Rita ng Bayan ng Sta. Rita, Pampanga ay isang organisasyon ng mga mang-aawit, kompositor, at musikero sa entablado na itinatag noong Disyembre 2001.",story 9: Arti Sta. Rita,native_speaker_authored,ok,
story_0122,gold_stories,parallel_extraction_v2/story-pairs.csv (native-authored),"Ini bubuuan da ring grupu da ring artista na atin malablab a malasakit at lugud para king musika, kultura at pamagpalabas na atin tutuk king Kapampangan.","Binubuo ito ng grupo ng mga artistang may malalim na pagmamalasakit at pagmamahal para sa musika, kultura, at mga palabas na nakaugat sa Kapampangan.",story 9: Arti Sta. Rita,native_speaker_authored,ok,
story_0123,gold_stories,parallel_extraction_v2/story-pairs.csv (native-authored),Deng menimuna keti ila ri Andy Alviz at Recita...,Kabilang sa mga nangunguna rito sina Andy Alviz at Recita...,story 9: Arti Sta. Rita,native_speaker_authored,partial: both sides truncated with '...' in the source,
story_0124,gold_stories,parallel_extraction_v2/story-pairs.csv (native-authored),"Ing Kuraldal, terak yang menibatan king Balen Sasmuan, Pampanga nung nokarin pagselebran de balang Ineru 6 angang 10 neng Piesta ning Atlung Ari bilang pamamye puge king karelang patrun i Apung Lucia.","Ang Kuraldal ay isang sayaw na nagmula sa Bayan ng Sasmuan, Pampanga, na ipinagdiriwang tuwing ika-6 hanggang ika-10 ng Enero sa Piyesta ng Tatlong Hari, bilang pagpupugay sa kanilang patron na si Apung Lucia.",story 10: Kuraldal,native_speaker_authored,ok,
story_0125,gold_stories,parallel_extraction_v2/story-pairs.csv (native-authored),"Anyang mumunang panaun, ing terak ini para yamu kareng miasawang mamanata ban mipagkaluban lang anak.","Noong unang panahon, ang sayaw na ito ay para lamang sa mga mag-asawang nananata upang magkaroon ng anak.",story 10: Kuraldal,native_speaker_authored,ok,
story_0127,gold_stories,parallel_extraction_v2/story-pairs.csv (native-authored),Ding kerakalan kareng babai manyulud lang imalan o bulaklakan a makikule rosa at ding lalaki naman magdala lang instrument pangmusika.,"Karamihan sa mga babae ay nagsusuot ng kasuotan o bulaklak na kulay rosas, at ang mga lalaki naman ay nagdadala ng mga instrumentong pangmusika.",story 10: Kuraldal,native_speaker_authored,ok,
story_0128,gold_stories,parallel_extraction_v2/story-pairs.csv (native-authored),"Atin mu rin mapilan kareng tau a magdalang malating banderang ating litratru nang Sta. Lucia a ating makasulat a ""Viva Apu Lucia, Pwera Sakit!"" kabang ala lang patugut teterak king dalan at mumunta kareng balang bale at manyad donasyun.","May ilan ding tao ang nagdadala ng maliliit na banderang may larawan ni Sta. Lucia na may nakasulat na ""Viva Apu Lucia, Pwera Sakit!"" habang walang tigil na sumasayaw sa daan at pumupunta sa bawat bahay para humingi ng donasyon.",story 10: Kuraldal,native_speaker_authored,ok,
story_0129,gold_stories,parallel_extraction_v2/story-pairs.csv (native-authored),Ing mesabing terak makanyan de mu naman pagmasusyan karing balen ning Sta. Ana at balen king Bataan anti king Hermosa at Orani.,Ginagaya rin ngayon ang nasabing sayaw sa bayan ng Sta. Ana at sa mga bayan sa Bataan tulad ng Hermosa at Orani.,story 10: Kuraldal,native_speaker_authored,ok,
story_0160,gold_stories,parallel_extraction_v2/story-pairs.csv (native-authored),"Abak ning Lunis, maranun yang linub i Rodel king iskwela.","Umaga ng Lunes, maaga pumasok si Rodel sa paaralan.",story 14: Ing Anak a Masabal,native_speaker_authored,ok,
story_0162,gold_stories,parallel_extraction_v2/story-pairs.csv (native-authored),"Karas na Karin, ikit ne i Juan, ing anak a ating kapansanan.","Sa daan patungo doon, nakita niya si Juan, ang batang may kapansanan.",story 14: Ing Anak a Masabal,native_speaker_authored,ok,
story_0163,gold_stories,parallel_extraction_v2/story-pairs.csv (native-authored),"""Mayap a abak keka, Rodel!"" ing sabi nang Juan.","""Magandang umaga, Rodel!"" sabi ni Juan.",story 14: Ing Anak a Masabal,native_speaker_authored,ok,
story_0164,gold_stories,parallel_extraction_v2/story-pairs.csv (native-authored),"""Mayap a abak mu naman!"" ing pakibat nang Rodel.","""Magandang umaga rin sa'yo!"" sagot ni Rodel.",story 14: Ing Anak a Masabal,native_speaker_authored,ok,
story_0165,gold_stories,parallel_extraction_v2/story-pairs.csv (native-authored),"Anyang dintang ne ing dyip a saken da papunta iskwela, inantabayanan neng Rodel i Juan king pamanyake angga na king milukluk ya kilub ning saken.","Nang dumating ang jeep na sasakyan nila papuntang paaralan, hinintay ni Rodel si Juan hanggang sa makaupo siya sa loob ng sasakyan.",story 14: Ing Anak a Masabal,native_speaker_authored,ok,
story_0166,gold_stories,parallel_extraction_v2/story-pairs.csv (native-authored),"""Dakal a salamat keka, Rodel,"" ing agad nang sinabing Juan.","""Maraming salamat, Rodel,"" agad na sinabi ni Juan.",story 14: Ing Anak a Masabal,native_speaker_authored,ok,
story_0168,gold_stories,parallel_extraction_v2/story-pairs.csv (native-authored),"Anyang miras nala king arap ning iskwela, inantabayanan neng pasibayu i Juan king pamanguldas king dyip, king pamaglub da iskwela angga king kwartung pipagaralan.","Nang makarating sila sa harap ng paaralan, muling hinintay ni Rodel si Juan habang bumababa siya sa jeep, hanggang sa pagpasok nila sa paaralan patungo sa silid-aralan.",story 14: Ing Anak a Masabal,native_speaker_authored,ok,
story_0169,gold_stories,parallel_extraction_v2/story-pairs.csv (native-authored),Migpasalamat yang ustu i Juan kang Rodel uli na ning pepakit nang masabal at ganaka kaya.,Taos- pusong nagpasalamat si Juan kay Rodel dahil sa pagpapakita niya ng malasakit at pag-aalaga sa kanya.,story 14: Ing Anak a Masabal,native_speaker_authored,ok,
story_0171,gold_stories,parallel_extraction_v2/story-pairs.csv (native-authored),"Apansinan nang Lita i Lawaan, ing bayu rang kaklasing Aeta a e mipaindatun king kayang luklukan.","Napansin ni Lita si Lawaan, ang kanilang bagong kaklaseng Aeta na hindi makasunod sa kanyang upuan.",story 15: Ing Anak a Mapanyaup,native_speaker_authored,ok,
story_0172,gold_stories,parallel_extraction_v2/story-pairs.csv (native-authored),Ala yang lapis ampong papil a gagamitan.,Wala siyang lapis at papel na magagamit.,story 15: Ing Anak a Mapanyaup,native_speaker_authored,ok,
story_0173,gold_stories,parallel_extraction_v2/story-pairs.csv (native-authored),Agad-agad kinangwang yang aliwa na pang lapis ampong papil king kayang bag at peparam ne kang Lawaan.,Agad-agad kumuha si Lita ng dagdag na lapis at papel mula sa kanyang bag at ipinahiram ito kay Lawaan.,story 15: Ing Anak a Mapanyaup,native_speaker_authored,ok,
story_0174,gold_stories,parallel_extraction_v2/story-pairs.csv (native-authored),Misadan ya at pesalamat kang Lita at meging matalik lang mikaluguran.,"Natuwa si Lawaan at nagpasalamat kay Lita, at sila ay naging matalik na magkaibigan.",story 15: Ing Anak a Mapanyaup,native_speaker_authored,ok,
v2pair_0001,silver_a,parallel_extraction_v2 sweep,Recess na.,Recess na,Utt_Educ.txt,mnn=True;emb=0.7923;dict=Accept,ok,
v2pair_0002,silver_a,parallel_extraction_v2 sweep,Nanung oras na?,Anong oras na?,Utt_CommonExpressions.txt,mnn=True;emb=0.9616;dict=Accept,ok,
v2pair_0003,silver_a,parallel_extraction_v2 sweep,Sige pu.,Sige po.,Utt_CommonExpressions.txt,mnn=True;emb=0.9895;dict=Accept,ok,
v2pair_0004,silver_a,parallel_extraction_v2 sweep,Mayalang galang na po.,Mawalang galang na po.,Utt_Greetings.txt,mnn=True;emb=0.8636;dict=Accept,ok,
v2pair_0005,silver_a,parallel_extraction_v2 sweep,Salamat Doc,Salamat Dok,Utt_Medical.txt,mnn=True;emb=0.9402;dict=Accept,ok,
v2pair_0006,silver_a,parallel_extraction_v2 sweep,Maligayang pamamuge.,Maligayang pagbátì.,Utt_Greetings.txt,mnn=True;emb=0.9703;dict=Accept,ok,
v2pair_0007,silver_a,parallel_extraction_v2 sweep,Paumanhin pu.,Paumanhin po.,Utt_Greetings.txt,mnn=True;emb=0.9436;dict=Accept,ok,
v2pair_0008,silver_a,parallel_extraction_v2 sweep,Pang-export na la rin ding papacbung ning Bulacan,Pang-export na rin ang mga paputok ng Bulacan,Utt_News.txt,mnn=True;emb=0.9317;dict=Accept,ok,
v2pair_0009,silver_a,parallel_extraction_v2 sweep,Salamat pu Doctor,Salamat po Doktor,Utt_Medical.txt,mnn=True;emb=0.9906;dict=Accept,ok,
v2pair_0010,silver_a,parallel_extraction_v2 sweep,Maligayang Pascu.,Maligayang Pasko.,Utt_Greetings.txt,mnn=True;emb=0.9207;dict=Accept,ok,
v2pair_0011,silver_a,parallel_extraction_v2 sweep,Catlumpulu't limang,ikatatlumpu't limang,Iso_Ordinal.txt,mnn=True;emb=0.8684;dict=Accept,ok,
v2pair_0012,silver_a,parallel_extraction_v2 sweep,Bayaran ing utang.,Bayaran ang utang,Utt_Educ.txt,mnn=True;emb=0.8267;dict=Accept,ok,
v2pair_0013,silver_a,parallel_extraction_v2 sweep,Mitas na naman ing precio ning LPG,Tumaas na naman ang presyo ng LPG,Utt_News.txt,mnn=True;emb=0.9239;dict=Accept,ok,
v2pair_0014,silver_a,parallel_extraction_v2 sweep,Seventy six point eight percent ding Pinoy ding pacacalulu,Seventy-six point eight percent ng Pinoy ang mahirap,Utt_News.txt,mnn=True;emb=0.8253;dict=Accept,ok,
v2pair_0015,silver_a,parallel_extraction_v2 sweep,Ing pamakilaban contra terorismo,Ang paglaban kontra terorismo,Utt_News.txt,mnn=True;emb=0.9315;dict=Accept,ok,
v2pair_0016,silver_a,parallel_extraction_v2 sweep,Culayan yang malinis.,Kulayan nang malinis.,Utt_Educ.txt,mnn=True;emb=0.8926;dict=Accept,ok,
v2pair_0017,silver_a,parallel_extraction_v2 sweep,"Moody’s, mababahala ya king utang ning NAPOCOR","Moody's, nababahala sa utang ng NAPOCOR",Utt_News.txt,mnn=True;emb=0.8818;dict=Accept,ok,
v2pair_0018,silver_a,parallel_extraction_v2 sweep,Pinalu ketang Enero ing produccion ning furnitures atbp.,Humataw nung Enero ang produksyon ng furnitures atbp.,Utt_News.txt,mnn=True;emb=0.9095;dict=Accept,ok,
v2pair_0019,silver_a,parallel_extraction_v2 sweep,Nucarin masakit?,Saan masakit?,Utt_Medical.txt,mnn=True;emb=0.8692;dict=Accept,ok,
v2pair_0020,silver_a,parallel_extraction_v2 sweep,Seli ne ning Petron ing Caltex LPG,Binili ng Petron ang Caltex LPG,Utt_News.txt,mnn=True;emb=0.8863;dict=Accept,ok,
v2pair_0021,silver_a,parallel_extraction_v2 sweep,Papatupad da ne ing programang Tele-OFW,Ipinapatupad na ang programang Tele-OFW,Utt_News.txt,mnn=True;emb=0.8822;dict=Review,ok,
v2pair_0022,silver_a,parallel_extraction_v2 sweep,Mawawala wari ing gamit nang Ronald?,Nawawala ba ang gamit ni Ronald?,Utt_Interrogatives.txt,mnn=True;emb=0.8875;dict=Review,ok,
v2pair_0023,silver_a,parallel_extraction_v2 sweep,"Filipinu ya I James, o Americanu?","Pilipino si James, o Amerikano?",Utt_Interrogatives.txt,mnn=True;emb=0.9182;dict=Review,ok,
v2pair_0024,silver_a,parallel_extraction_v2 sweep,"Itang mapag-alinlangan, madalas yang malalacuan.","Yaong mapag-alinlangan, madalas mapagiwanan.",Utt_Salawikain.txt,mnn=True;emb=0.8311;dict=Review,ok,
v2pair_0025,silver_a,parallel_extraction_v2 sweep,Estudyanti ya wari I Michael?,Estudyante ba si Michael?,Utt_Interrogatives.txt,mnn=True;emb=0.922;dict=Review,ok,
v2pair_0028,silver_a,parallel_extraction_v2 sweep,"Samie Lim, miyalal yang bayung pamuntuc ning PCCI","Samie Lim, nahalal bilang bagong pangulo ng PCCI",Utt_News.txt,mnn=True;emb=0.8628;dict=Review,ok,
v2pair_0029,silver_a,parallel_extraction_v2 sweep,Catlumpulu't apat,ikatatlumpu't apat,Iso_Ordinal.txt,mnn=True;emb=0.7433;dict=Review,ok,
v2pair_0030,silver_a,parallel_extraction_v2 sweep,"Meyangu ya ing cayang laguiu cang Bernardo de Carpio, metung a matapang, bantug, maticdi, at maalamat a mandirigma king bansang Espania","Hinango ang kanyang pangalan kay Bernardo de Carpio, isang matapang, bantog, makisig, at maalamat na mandirigma sa bansang Espanya.",STORY_folktales,mnn=True;emb=0.8586;dict=Review,ok,
v2pair_0031,silver_a,parallel_extraction_v2 sweep,"Samantala, pagmaragul nang Neri a lalagu ing economia ning bansa.","Samantala, ipinagmalaki ni Neri na gumaganda ang ekonomiya ng bansa.",Utt_News.txt,mnn=True;emb=0.8777;dict=Review,ok,
v2pair_0032,silver_a,parallel_extraction_v2 sweep,"I Micahel wari ing magcanta, o i James?","Si Michael ba ang kakanta, o si James?",Utt_Interrogatives.txt,mnn=True;emb=0.8852;dict=Review,ok,
v2pair_0033,silver_a,parallel_extraction_v2 sweep,Iti mecapaglista yang six point one percent,Ito'y nakapagtala ng six point one percent,Utt_News.txt,mnn=True;emb=0.7957;dict=Review,ok,
v2pair_0034,silver_a,parallel_extraction_v2 sweep,Sisiguraduan na ning DFA ing pamipalaya caring biag a OFWs ning Nigeria,Siniguro ng DFA ang paglaya ng mga bihag na OFW sa Nigeria,Utt_News.txt,mnn=True;emb=0.8803;dict=Review,ok,
v2pair_0035,silver_a,parallel_extraction_v2 sweep,"Inatasan neng PGMA ing TLRC, DOST a mitalacad planta ning VCO caring lalawigang dacal a ngungut","Inatasan ni PGMA ang TLRC, DOST na magtayo ng planta ng VCO sa mga lalawigang maraming niyog",Utt_News.txt,mnn=True;emb=0.8214;dict=Review,ok,
v2pair_0036,silver_a,parallel_extraction_v2 sweep,Mangailangan yang piloto ing PAL,Nangangailangan ng mga piloto ang PAL,Utt_News.txt,mnn=True;emb=0.842;dict=Review,ok,
v2pair_0037,silver_a,parallel_extraction_v2 sweep,Sapuan ne ning gobierno ing cabilugang limang dalang bilyong pesus a utang ning NAPOCOR,Sasaluhin ng gobyerno ang kabuuang limang daang bilyong piso utang ng NAPOCOR,Utt_News.txt,mnn=True;emb=0.8645;dict=Review,ok,
v2pair_0038,silver_a,parallel_extraction_v2 sweep,Metung a taus pusung pasasalamat!,Isang taós pusong pasasalamat!,Utt_Greetings.txt,mnn=True;emb=0.8916;dict=Review,ok,
v2pair_0039,silver_a,parallel_extraction_v2 sweep,Makipag-ugnayan ya ing Phil-export caring LGU para king proceso ning pamagnegocio,Nakikipag-ugnayan ang Phil-export sa mga LGU para sa proseso ng pagnenegosyo,Utt_News.txt,mnn=True;emb=0.813;dict=Review,ok,
v2pair_0040,silver_a,parallel_extraction_v2 sweep,Binabang one point five percent ing utang ning Filipinas king lual,Bumaba ng one point five percent ang utang ng Pilipinas sa labas,Utt_News.txt,mnn=True;emb=0.8036;dict=Accept,ok,
v2pair_0041,silver_a,parallel_extraction_v2 sweep,"Matalino ya man ing matsing, malolocu yamu rin.","Matalino man ang matsing, napaglalalangan din.",Utt_Salawikain.txt,mnn=True;emb=0.8634;dict=Accept,ok,
v2pair_0042,silver_a,parallel_extraction_v2 sweep,"Ing pabulang Japon, Saru kani kassen, o ing labanan ning matsing at ning alimango, a milathala king Bobunsha king Tokyo yapin ing makatuki:","Ang pabulang Hapon, Saru kani kassen, o ang labanan ng matsing at ng alimango, na inilathala ng Kobunsha sa Tokyo ay ang sumusunod :",Utt_Essay.txt,mnn=True;emb=0.764;dict=Review,ok,
v2pair_0043,silver_a,parallel_extraction_v2 sweep,Ing utang ning Filipinas mibaba,Ang utang ng Pilipinas ay bumaba,Utt_News.txt,mnn=True;emb=0.8933;dict=Review,ok,
v2pair_0044,silver_a,parallel_extraction_v2 sweep,Pinurian ne ning APEC ing economia ning Filipinas,Pinuri ng APEC ang ekonomiya ng Pilipinas,Utt_News.txt,mnn=True;emb=0.8909;dict=Review,ok,
v2pair_0046,silver_a,parallel_extraction_v2 sweep,Macananu mewala ing gamit nang Michael?,Paano nawala ang gamit ni Michael?,Utt_Interrogatives.txt,mnn=True;emb=0.8234;dict=Review,ok,
v2pair_0047,silver_a,parallel_extraction_v2 sweep,Ninu king pamilya yu ing ating diabetis?,Sino sa pamilya ninyo ang may diabetes?,Utt_Medical.txt,mnn=True;emb=0.8869;dict=Review,ok,
v2pair_0048,silver_a,parallel_extraction_v2 sweep,Binulusuc ing penakitan ning Del Monte Pacific,Bumulusok ang kita ng Del Monte Pacific,Utt_News.txt,mnn=True;emb=0.7975;dict=Accept,ok,
v2pair_0049,silver_a,parallel_extraction_v2 sweep,"Buung suporta ing babie ning DTI king pamipaunlad ding mitulduang OTOP ning Palawan, particular ing productong balubad","Buong suporta ang ibibigay ng DTI sa pagpapaunlad ng mga natukoy na OTOP ng Palawan, partikular ang produktong kasuy.",Utt_News.txt,mnn=True;emb=0.8526;dict=Review,ok,
v2pair_0051,silver_a,parallel_extraction_v2 sweep,"Macanian man, sinabi nang Robles ding apat a dayuhang cumpania a interesadung ponduan ing mesabing proyecto","Gayunman, sinabi ni Robles na apat na mga dayuhang kompanya ang interesadong pondohan ang naturang proyekto.",Utt_News.txt,mnn=True;emb=0.8179;dict=Review,ok,
v2pair_0052,silver_a,parallel_extraction_v2 sweep,Catlumpulu't pitung,ikatatlumpu't pitong,Iso_Ordinal.txt,mnn=True;emb=0.8031;dict=Review,ok,
v2pair_0053,silver_a,parallel_extraction_v2 sweep,Nucarin ya pu ing terminal ning bus?,Saan ho ang terminal ng bus?,Utt_CommonExpressions.txt,mnn=True;emb=0.8385;dict=Accept,ok,
v2pair_0054,silver_a,parallel_extraction_v2 sweep,Memie ya ing China a limang milyong pesus saup king Filipinas para king proyecto ning infrastructura,Nagbigay ang China ng limang milyong pisong tulong sa Pilipinas para sa proyekto ng imprastraktura,Utt_News.txt,mnn=True;emb=0.8286;dict=Review,ok,
v2pair_0055,silver_a,parallel_extraction_v2 sweep,Ing milistang utang ding pampublikung sector five point five trilyong pesus,Ang naitalang utang ng mga pampublikong sektor ay five point five trilyong piso,Utt_News.txt,mnn=True;emb=0.811;dict=Review,ok,
v2pair_0056,silver_a,parallel_extraction_v2 sweep,Nanung masakit keca?,Anong masakit sayo?,Utt_Educ.txt,mnn=True;emb=0.8171;dict=Accept,ok,
v2pair_0057,silver_a,parallel_extraction_v2 sweep,Iti ausan deng ‘Pacto de Sangre’ ning Aring Sikatuna at nang Legaspi a pecacatauan ning Ari ning Espana.,Ito'y siyang tinatawag na 'Pacto de Sangre' ng haring Sikatuna at ni Legaspi na pinakakatawanan ng hari sa Espana.,Utt_Letter.txt,mnn=True;emb=0.779;dict=Review,ok,
v2pair_0058,silver_a,parallel_extraction_v2 sweep,"Doctor ne I James, e wari? E wari?","Doktor na si James, hindi ba?Hindi ba?",Utt_Interrogatives.txt,mnn=True;emb=0.8843;dict=Review,ok,
v2pair_0059,silver_a,parallel_extraction_v2 sweep,Beba dang pasibayu ing precio ning LPG limampulung setimus cada kilo,Binabaan muli ang presyo ng LPG ng limampung sentimo kada kilo,Utt_News.txt,mnn=True;emb=0.8461;dict=Review,ok,
v2pair_0060,silver_a,parallel_extraction_v2 sweep,"Agpang cang PGMA, tecnologia ing fundacion ning pamipaunlad ning economia ning bansa","Ayon kay PGMA, teknolohiya ang pundasyon ng pag-unlad ng ekonomiya ng bansa",Utt_News.txt,mnn=True;emb=0.8371;dict=Review,ok,
v2pair_0061,silver_a,parallel_extraction_v2 sweep,Magdalang lapis.,Magdala ng lapis,Utt_Educ.txt,mnn=True;emb=0.799;dict=Review,ok,
v2pair_0062,silver_a,parallel_extraction_v2 sweep,Migprotesta la ding OFWs king Cotabato,Nagprotesta ang mga OFW sa Cotabato,Utt_News.txt,mnn=True;emb=0.8268;dict=Review,ok,
v2pair_0063,silver_a,parallel_extraction_v2 sweep,Isinup para king produccion ning mais ing walung dalan libong pesus ipautang ning ADB king Filipinas,Ilalagak para sa produksyon ng mais ang walong daang libong pisong ipapautang ng ADB sa Pilipinas,Utt_News.txt,mnn=True;emb=0.7948;dict=Review,ok,
v2pair_0064,silver_a,parallel_extraction_v2 sweep,Reforma king economia migresulta king pamibaba ning utang ning bansa,Mga reporma sa ekonomiya nagresulta ng pagbaba ng utang ng bansa,Utt_News.txt,mnn=True;emb=0.8172;dict=Review,ok,
v2pair_0065,silver_a,parallel_extraction_v2 sweep,Linisan me ing CR.,Linisin mo ang CR.,Utt_Educ.txt,mnn=True;emb=0.8008;dict=Review,ok,
v2pair_0066,silver_a,parallel_extraction_v2 sweep,Dinagsa la ding dayuhang capitalista a mamuhunan king bansa,Dumagsa ang mga dayuhang kapitalista na namumuhunan sa bansa.,Utt_News.txt,mnn=True;emb=0.7981;dict=Review,ok,
v2pair_0067,silver_a,parallel_extraction_v2 sweep,Gumamit pu at opu.,Gumamit ng po at opo,Utt_Educ.txt,mnn=True;emb=0.7761;dict=Review,ok,
v2pair_0068,silver_a,parallel_extraction_v2 sweep,Tinggap na neng PGMA ing resolucion ning PBC para caring programa king banuang aduang libu’t pitu,Tinanggap na ni PGMA ang resolusyon ng PBC para sa mga programa sa taong dalawang libo't pito,Utt_News.txt,mnn=True;emb=0.7777;dict=Review,ok,
v2pair_0069,silver_a,parallel_extraction_v2 sweep,"Atiu king cuentung Filipino ing catalasan ning isip at calinauan ning pamagistoria, samantalang king cuentong Japon naman atiu ing caunlaran at cabiasnan.","Nasa-kuwentong Pilipino ang katalasan ng isip at kalinawan ng pagsasalaysay, samantalang sa kuwentong Hapon naman ay naroon ang kaunlara't kabihasnan.",Utt_Essay.txt,mnn=True;emb=0.8168;dict=Review,ok,
v2pair_0070,silver_a,parallel_extraction_v2 sweep,"SBMA, miglansad yang bayung gimik para caring turista","SBMA, naglunsad ng bagong gimik para sa mga turista",Utt_News.txt,mnn=True;emb=0.7489;dict=Review,ok,
v2pair_0071,silver_a,parallel_extraction_v2 sweep,Oini anting sasabian na ing pamaging maalamat ning bie nang Bernardo Carpio keti Filipinas.,Eto ay parang nagbabadya sa magiging maalamat ding buhay ni Bernardo Carpio sa Pilipinas.,STORY_folktales,mnn=True;emb=0.79;dict=Review,ok,
v2pair_0072,silver_a,parallel_extraction_v2 sweep,Gamitan ning DA laban caring peste ding ngungut ing atlumpulung milyong pesus,Gagamitin ng DA laban sa peste sa niyog ang tatlumpung milyong piso,Utt_News.txt,mnn=True;emb=0.7515;dict=Review,ok,
v2pair_0074,silver_a,parallel_extraction_v2 sweep,Panibayung reporma king economia ing planu ning administracion,Ibayong reporma sa ekonomiya ang plano ng administrasyon,Utt_News.txt,mnn=True;emb=0.8058;dict=Review,ok,
v2pair_0075,silver_a,parallel_extraction_v2 sweep,Titingiran neng pansin ning presidente ing pamipaunlad king economia ning Filipinas,Pinagtutuonan ng pansin ng pangulo ang pagpapaunlad sa ekonomiya ng Pilipinas,Utt_News.txt,mnn=True;emb=0.8276;dict=Review,ok,
v2pair_0076,silver_a,parallel_extraction_v2 sweep,Samantalang minabut naman king five hundred four point five a milyong dollar ing atipun king pulayi ning negocio napun king mercado.,Samantalang umabot naman sa five hundred four point five na milyong dolyar ang naipon sa takbo ng negosyo kahapon sa merkado.,Utt_News.txt,mnn=True;emb=0.7359;dict=Review,ok,
v2pair_0077,silver_a,parallel_extraction_v2 sweep,Posible ya pung lala nung e ya maagapan?,Posible po yang lumala kung hindi maagapan?,Utt_Medical.txt,mnn=True;emb=0.7775;dict=Review,ok,
v2pair_0078,silver_a,parallel_extraction_v2 sweep,Ing utang ning gubierno minabut king three point nine trilyong pesus,Ang utang ng gobyerno ay umabot sa three point nine trilyong piso,Utt_News.txt,mnn=True;emb=0.7303;dict=Accept,ok,
v2pair_0079,silver_a,parallel_extraction_v2 sweep,I Michael wari ing mengan king mangga?,Si Michael ba ang kumain ng mangga?,Utt_Interrogatives.txt,mnn=True;emb=0.7685;dict=Review,ok,
v2pair_0080,silver_a,parallel_extraction_v2 sweep,"NAPOCOR, ibaba na ing singil king corriente","NAPOCOR, bababaan ang singil sa kuryente",Utt_News.txt,mnn=True;emb=0.7784;dict=Accept,ok,
v2pair_0081,silver_a,parallel_extraction_v2 sweep,"Pamipaunlad ning economia ning bansa, pakinabangan da ding anggang sector","Pag-unlad ng ekonomiya ng bansa, pakikinabangan ng lahat ng sektor",Utt_News.txt,mnn=True;emb=0.7892;dict=Review,ok,
v2pair_0082,silver_a,parallel_extraction_v2 sweep,Agad neng lisungan Bernardo ing bangin ban sagipan at saupan ing cabayo.,Agad na nilusong ni Bernardo ang bangin upang sagipin at tulungan ang kabayo.,STORY_folktales,mnn=True;emb=0.7453;dict=Review,ok,
v2pair_0083,silver_a,parallel_extraction_v2 sweep,"NAPOCOR, macatipid yang metung a bilyong dollar ngening banua","NAPOCOR, makatitipid ng isang bilyong dolyar ngayong taon",Utt_News.txt,mnn=True;emb=0.7855;dict=Review,ok,
v2pair_0084,silver_a,parallel_extraction_v2 sweep,Talaturu ya wari e Maricel?,Guro ba si Maricel?,Utt_Interrogatives.txt,mnn=True;emb=0.8349;dict=Review,ok,
v2pair_0085,silver_a,parallel_extraction_v2 sweep,Planu ning Banco Central ning Filipinas a ilaco king circulacion ing tantiang limampulung bilyung pesus labis a salapi,Plano ng Bangko Sentral ng Pilipinas na alisin sa sirkulasyon ang tinatayang limampung bilyong pisong labis na salapi.,Utt_News.txt,mnn=True;emb=0.8001;dict=Review,ok,
v2pair_0087,silver_a,parallel_extraction_v2 sweep,Buclat-gamat nong tinggap ning Malacanang ding OFWs,"Bukas-kamay na tinanggap ng Malakanyang, mga OFWs",Utt_News.txt,mnn=True;emb=0.7976;dict=Review,ok,
v2pair_0088,silver_a,parallel_extraction_v2 sweep,Tau po.,Tao po.,Utt_Greetings.txt,mnn=True;emb=0.684;dict=Review,ok,
v2pair_0089,silver_a,parallel_extraction_v2 sweep,Inauad ning DAR king corte ing TRO,Hiniling ng DAR sa korte ang TRO,Utt_News.txt,mnn=True;emb=0.7612;dict=Accept,ok,
v2pair_0090,silver_a,parallel_extraction_v2 sweep,"Atlung dayuhang compania, inspeccionan de ing controversial a NAIA","Tatlong dayuhang kompanya, iinspeksyunin ang kontrobersyal na NAIA",Utt_News.txt,mnn=True;emb=0.7868;dict=Review,ok,
v2pair_0091,silver_a,parallel_extraction_v2 sweep,Cuanan ing libru at mamasa.,Kuhanin ang libro at magbasa.,Utt_Educ.txt,mnn=True;emb=0.7775;dict=Review,ok,
v2pair_0093,silver_a,parallel_extraction_v2 sweep,Pagaralan ne ning America ing pamanangcat mangga ibat Pangasinan,Pinag-aaralan ng Amerika ang pag-angkat ng mangga galing Pangasinan,Utt_News.txt,mnn=True;emb=0.7506;dict=Review,ok,
v2pair_0094,silver_a,parallel_extraction_v2 sweep,"“Ah mataloti ca pala,” pamanuya ning gorilya,","""Ah, duwag ka pala,"" ang pang-uuyam ng gorilya.",STORY_folktales,mnn=True;emb=0.7738;dict=Review,ok,
v2pair_0095,silver_a,parallel_extraction_v2 sweep,Mangailangan ya ing gobiernong atlumpulut siam a bilyong dollar para caring proyecto niti,Mangangailangan ang gobyerno ng tatlumpu't siyam na bilyong dolyar para sa mga proyekto nito,Utt_News.txt,mnn=True;emb=0.7715;dict=Review,ok,
v2pair_0096,silver_a,parallel_extraction_v2 sweep,Dedma ya ing Palacio,Dedma ang Palasyo,Utt_News.txt,mnn=True;emb=0.7778;dict=Accept,ok,
v2pair_0097,silver_a,parallel_extraction_v2 sweep,"Panaun na ngening dapat lunto ing sala ning catutuan; panaun nang dapat tamung ipakilala a itamu atin tang sariling panamdam, ating puri, ating dine at pamagdamayan.","Panahon na ngayong dapat na lumitaw ang liwanag ng katotohanan; panahon nang dapat nating ipakilala na tayo'y may sariling pagdaramdam, may puri, may hiya at pagdadamayan.",Utt_Letter.txt,mnn=True;emb=0.7258;dict=Review,ok,
v2pair_0098,silver_a,parallel_extraction_v2 sweep,Okey ya wari?,Okey ba siya?,Utt_Interrogatives.txt,mnn=True;emb=0.7617;dict=Review,ok,
v2pair_0099,silver_a,parallel_extraction_v2 sweep,"Casakitan king bansa, mibaba agpang cang PGMA","Kahirapan sa bansa, bumaba ayon kay PGMA",Utt_News.txt,mnn=True;emb=0.7565;dict=Review,ok,
v2pair_0100,silver_a,parallel_extraction_v2 sweep,Mcasadia ya ing America a ibalaus ing pamag-develop king industria ning gatas keti Filipinas,Nakahanda ang Amerika na ituloy ang pag-develop sa industriya ng gatas sa Pilipinas.,Utt_News.txt,mnn=True;emb=0.7765;dict=Review,ok,
v2pair_0101,silver_a,parallel_extraction_v2 sweep,Layunan ning mesabing proyecto ing aresolba ing manimunang problema king energia ning Mindanao,Layunin ng nasabing proyekto na maresolba ang pangunahing problema sa enerhiya ng Mindanao.,Utt_News.txt,mnn=True;emb=0.7467;dict=Review,ok,
v2pair_0102,silver_a,parallel_extraction_v2 sweep,Binaba ing panglual a utang ning bansa,Bumaba ang panlabas na utang ng bansa,Utt_News.txt,mnn=True;emb=0.7311;dict=Review,ok,
v2pair_0103,silver_a,parallel_extraction_v2 sweep,Gumastus labing atlung bilyong pesus ing gobierno king pamagbie king OPSF,Gagastos ng labintatlong bilyong piso ang gobyerno sa pagbuhay ng OPSF,Utt_News.txt,mnn=True;emb=0.7633;dict=Review,ok,
v2pair_0104,silver_a,parallel_extraction_v2 sweep,Palaguan ne ning administracion ing economia ning Filipinas,Pagagandahin ng administrasyon ang ekonomiya ng Pilipinas,Utt_News.txt,mnn=True;emb=0.8135;dict=Review,ok,
v2pair_0106,silver_a,parallel_extraction_v2 sweep,Tigtig ya wari I Francisco?,Tutugtog ba si Francisco?,Utt_Interrogatives.txt,mnn=True;emb=0.792;dict=Review,ok,
v2pair_0107,silver_a,parallel_extraction_v2 sweep,Palauacan ing produccion ning abaca king Albay,Palalawakin ang produksyon ng abaca sa Albay,Utt_News.txt,mnn=True;emb=0.7209;dict=Accept,ok,
v2pair_0108,silver_a,parallel_extraction_v2 sweep,"Macasadia ya ing bansa a cuanan ing maragul a parte ning mercado ning mangga king Estados Unidos, agpang king secretario ning Departamento ning Agricultura","Nakahanda ang bansa na kunin ang malaking parte ng pamilihang-mangga sa Estados Unidos, ayun sa sekretaryo ng Departamento ng Agrikultura.",Utt_News.txt,mnn=True;emb=0.7362;dict=Review,ok,
v2pair_0109,silver_a,parallel_extraction_v2 sweep,"Bisa cang mangan, o painawa?","Gusto mo bang kumain, o magpahinga?",Utt_Interrogatives.txt,mnn=True;emb=0.8121;dict=Review,ok,
v2pair_0110,silver_a,parallel_extraction_v2 sweep,Dacpan la ding dayuhang criminal,Huhulihin ang mga dayuhang kriminal,Utt_News.txt,mnn=True;emb=0.7502;dict=Review,ok,
v2pair_0111,silver_a,parallel_extraction_v2 sweep,"Tigtig ya I Francisco, e wari?","Tutugtog si Francisco, 'di ba?",Utt_Interrogatives.txt,mnn=True;emb=0.7986;dict=Review,ok,
v2pair_0112,silver_a,parallel_extraction_v2 sweep,Sali lang bayung tren ing MRT,Bibili ng mga bagong tren ang MRT,Utt_News.txt,mnn=True;emb=0.7533;dict=Review,ok,
v2pair_0113,silver_a,parallel_extraction_v2 sweep,Mabilis kinalat ing aca-aca a i Bernardo macasipit ya caring miyuyumpugang batu at balang magcapilit yang macauala maging sangcan niti ing ayun king cabunducan ning San Mateo.,Mabilis na kumalat ang haka-haka na si Bernardo ay naiipit ng nag- uumpugang bato at tuwing nagpipilit siyang kumawala ay nagiging sanhi eto ng paglindol sa kabundukan ng San Mateo.,STORY_folktales,mnn=True;emb=0.774;dict=Review,ok,
v2pair_0114,silver_a,parallel_extraction_v2 sweep,"Minapela yang pasibayu caring sablang candidatu I PGMA a iwasan ing pamamulitica, at itingid ing pansin caring papalabung king economia","Umapela muli sa lahat ng kandidato si PGMA na iwasan ang pamumulitika, at ituon ang pansin sa pagpapalago ng ekonomiya",Utt_News.txt,mnn=True;emb=0.7368;dict=Review,ok,
v2pair_0115,silver_a,parallel_extraction_v2 sweep,Patuc ya caring dayuhang capitalista ing campania ning gobierno king turismu,Patok sa mga dayuhang kapitalista ang kampanya ng gobyerno sa turismo,Utt_News.txt,mnn=True;emb=0.7535;dict=Review,ok,
v2pair_0116,silver_a,parallel_extraction_v2 sweep,"Tauli ya man at magaling, mitagal ya pa mu rin.","Huli man daw at magaling, naihahabol din.",Utt_Salawikain.txt,mnn=True;emb=0.7597;dict=Review,ok,
v2pair_0117,silver_a,parallel_extraction_v2 sweep,Maligayang Pascu at masaplalang bayung banua.,Maligayang Pasko po at manígong bagong taon.,Utt_Greetings.txt,mnn=True;emb=0.7468;dict=Review,ok,
v2pair_0118,silver_a,parallel_extraction_v2 sweep,Aminadung melugi ketang milabas a banua ing Cebu Pacific,Aminadong nalugi noong nakaraang taon ang Cebu Pacific,Utt_News.txt,mnn=True;emb=0.7568;dict=Review,ok,
v2pair_0119,silver_a,parallel_extraction_v2 sweep,"Agpang cang PGMA, e ya miapectuan ning politica ing economia ning bansa","Ayon kay PGMA, hindi maaapektuhan ng pulitika ang ekonomiya ng bansa",Utt_News.txt,mnn=True;emb=0.7706;dict=Review,ok,
v2pair_0120,silver_a,parallel_extraction_v2 sweep,Malati yamu ing efecto ning ayun king pambansang economia ning Indonesia,Hindi masyadong naapektuhan ng lindol ang pambansang ekonomiya ng Indonesia,Utt_News.txt,mnn=True;emb=0.7617;dict=Review,ok,
v2pair_0121,silver_a,parallel_extraction_v2 sweep,Pepapurian ne ing ADBng PGMA,Pinapurihan ang ADB ni PGMA,Utt_News.txt,mnn=True;emb=0.7459;dict=Review,ok,
v2pair_0122,silver_a,parallel_extraction_v2 sweep,Antayu ing pisara?,Nasaan ang pisara?,Utt_Educ.txt,mnn=True;emb=0.6976;dict=Accept,ok,
v2pair_0123,silver_a,parallel_extraction_v2 sweep,"Malagua mu wari ing exam, o masakit?","Madali lang ba ang eksam, o mahirap?",Utt_Interrogatives.txt,mnn=True;emb=0.789;dict=Review,ok,
v2pair_0124,silver_a,parallel_extraction_v2 sweep,Miglinis cong balugbog?,Naglinis ba kayo ng tayga?,Utt_Educ.txt,mnn=True;emb=0.8726;dict=Review,ok,
v2pair_0125,silver_a,parallel_extraction_v2 sweep,Estudyanti ya wari?,Estudyante ba siya?,Utt_Interrogatives.txt,mnn=True;emb=0.7815;dict=Review,ok,
v2pair_0126,silver_a,parallel_extraction_v2 sweep,Manatiling matatag ing economia ning bansa agiang king gulu ning politica,Nananatiling matatag ang ekonomiya ng bansa kabila ng mga gulo sa pulitika.,Utt_News.txt,mnn=True;emb=0.7478;dict=Review,ok,
v2pair_0127,silver_a,parallel_extraction_v2 sweep,Daracal la ding dayuhang mamuhunan king bansa,Dumadami ang mga dayuhang namumuhunan sa bansa,Utt_News.txt,mnn=True;emb=0.7053;dict=Review,ok,
v2pair_0128,silver_a,parallel_extraction_v2 sweep,Tatasan dang nine point percent ing tinas ning coleccion ning BIR king milabas a banua nung nucarin mibangun ya ibat king pitung banuang pangalugmuc ning pamibuisan king GDP,Tinatayang nine point nine percent ang itinaas ng koleksyon nang BIR sa naturang taon kung saan nakaahon ito mula sa pitong taon na pagkakalugmok nang pagbubuwis sa GDP.,Utt_News.txt,mnn=True;emb=0.745;dict=Review,ok,
v2pair_0129,silver_a,parallel_extraction_v2 sweep,Daig na ning maagap ing taung masipag.,Daig ng maagap ang taong masipag.,Utt_Salawikain.txt,mnn=True;emb=0.6529;dict=Accept,ok,
v2pair_0130,silver_a,parallel_extraction_v2 sweep,Dagdagan ing bacal.,Dagdagan ang baon,Utt_Educ.txt,mnn=True;emb=0.6798;dict=Accept,ok,
v2pair_0131,silver_b,parallel_extraction_v2 sweep,Metung a ralan at aduampulu’t limang milyong pesus a pondu para king Gawad Kalinga,Isang daan at dalawampu't limang milyong pisong pondo para sa Gawad Kalinga,Utt_News.txt,mnn=True;emb=0.6533;dict=Review,ok,
v2pair_0132,silver_a,parallel_extraction_v2 sweep,Sisiguraduan de ing matatag a economia ning lungsud,Sinisiguro ang matatag na ekonomiya ng lungsod,Utt_News.txt,mnn=True;emb=0.7558;dict=Review,ok,
v2pair_0133,silver_a,parallel_extraction_v2 sweep,Macananu yang mabalu ing sakit a yan?,Nasa dugo niyo ba yung ganyang sakit?,Utt_Medical.txt,mnn=True;emb=0.7703;dict=Review,partial: 'how is that illness known?' vs 'is that illness in your blood?' - weak match,
v2pair_0134,silver_a,parallel_extraction_v2 sweep,Mecabuu yang limang milyong obra ing capamalan,Nakabuo ng limang milyong trabaho ang pamahalaan,Utt_News.txt,mnn=True;emb=0.7091;dict=Review,ok,
v2pair_0135,silver_a,parallel_extraction_v2 sweep,Diniscuento ne ning Banco Central ing cacapusan ning dollar,Diniskwento ng Bangko Sentral ang kakapusan ng dolyar,Utt_News.txt,mnn=True;emb=0.7699;dict=Review,ok,
v2pair_0137,silver_a,parallel_extraction_v2 sweep,"Semplang ne naman ing campania ning RP contra catiualian, agpang king WB","Semplang na naman ang kampanya ng RP kontra katiwalian, ayon sa WB",Utt_News.txt,mnn=True;emb=0.6753;dict=Review,ok,
v2pair_0138,silver_a,parallel_extraction_v2 sweep,Sabian mu nung nucarin masakit,Sabihin niyo po kung saan masakit,Utt_Medical.txt,mnn=True;emb=0.7473;dict=Review,ok,
v2pair_0139,silver_a,parallel_extraction_v2 sweep,"Pauli ning tagle nang sicanan at bilis ning cabayo inaus deng Hagibis, at manibat canita I Bernardo at Hagibis pane na lang miyayabe king pama masyal king cabunducan ning San Mateo.",Dahil sa tanglay na lakas at bilis ang kabayo ay tinawag niyang si Hagibis at mula nuon si Bernardo at si Hagibis ay laging magkasama sa pamamasyal sa kabundukan ng San Mateo.,STORY_folktales,mnn=True;emb=0.6984;dict=Review,ok,
v2pair_0140,silver_a,parallel_extraction_v2 sweep,Tiualang acua ne ning Vietnam ing contrata king pami-angcat ning Filipinas abias,Tiwalang makukuha ng Vietnam ang kontrata sa pag-aangkat ng Pilipinas ng bigas,Utt_News.txt,mnn=True;emb=0.743;dict=Review,ok,
v2pair_0141,silver_a,parallel_extraction_v2 sweep,Nanu ing buri yung canan keng Christmas Party?,Ano ang gusto ninyong kainin sa Christmas Party?,Utt_Educ.txt,mnn=True;emb=0.7199;dict=Accept,ok,
v2pair_0143,silver_a,parallel_extraction_v2 sweep,Macananu casakit ing exam yu?,Gaano kahirap ang eksam nyo?,Utt_Interrogatives.txt,mnn=True;emb=0.8116;dict=Review,ok,
v2pair_0144,silver_a,parallel_extraction_v2 sweep,Mayulu ya pa wari ita Doc?,Magagamot pa ba yun Dok?,Utt_Medical.txt,mnn=True;emb=0.796;dict=Review,ok,
v2pair_0145,silver_a,parallel_extraction_v2 sweep,Dobliyan ning Australia ing financial a saup king RP,Dodoblehin ng Australia ang pinansyal na tulong sa RP,Utt_News.txt,mnn=True;emb=0.7156;dict=Review,ok,
v2pair_0146,silver_a,parallel_extraction_v2 sweep,Ayusan ing gamit.,Ayusin ang gamit.,Utt_Educ.txt,mnn=True;emb=0.652;dict=Accept,ok,
v2pair_0147,silver_a,parallel_extraction_v2 sweep,Tunggal-tunggal mu king CR.,Isa-isa lang sa CR,Utt_Educ.txt,mnn=True;emb=0.7609;dict=Review,ok,
v2pair_0148,silver_a,parallel_extraction_v2 sweep,Mecapaglista ya ing Filipinas aduang point eight a milyong visita king banuang aduang libo at anam,Nakapagtala ang Pilipinas ng two point eight na milyong bisita sa taong dalawang libo at anim,Utt_News.txt,mnn=True;emb=0.671;dict=Review,ok,
v2pair_0149,silver_a,parallel_extraction_v2 sweep,Magsane sumulat malagu.,Magsanay sumulat ng maganda.,Utt_Educ.txt,mnn=True;emb=0.7265;dict=Review,ok,
v2pair_0150,silver_a,parallel_extraction_v2 sweep,"Ing e lugud king cayang salita, migit pa king animal at malanam a asan. (Jose Rizal)",Ang hindî magmahál sa kaniyáng wikà ay mahigít pa sa hayop at malansáng isdâ. (José Rizal),Utt_Salawikain.txt,mnn=True;emb=0.7306;dict=Review,ok,
v2pair_0151,silver_a,parallel_extraction_v2 sweep,Saupan dala ding SMEs ding labingsiam a compania,Tutulungan ang mga SMEs ng labingsiyam na kompanya,Utt_News.txt,mnn=True;emb=0.7316;dict=Review,ok,
v2pair_0152,silver_a,parallel_extraction_v2 sweep,Pulutan ing basura.,Itapon ang basura sa basurahan.,Utt_Educ.txt,mnn=True;emb=0.7877;dict=Review,ok,
v2pair_0153,silver_a,parallel_extraction_v2 sweep,Mesugat ya pu ing balat na,Nagsusugat po ang balat niya,Utt_Medical.txt,mnn=True;emb=0.7299;dict=Review,ok,
v2pair_0154,silver_a,parallel_extraction_v2 sweep,"Catunayan, sinabi ning BSP a cumpara ketang mengalabas a banua, binaba yang maigit metung a dollar ing singil king pamipadalang dollar","Katunayan, sinabi ng BSP na kumpara noong mga nakaraang taon, bumaba ng mahigit isang dolyar ang singil sa pagpapadala ng dolyar.",Utt_News.txt,mnn=True;emb=0.7081;dict=Review,ok,
v2pair_0155,silver_a,parallel_extraction_v2 sweep,Lalala ya pu ata ing sakit cu,Lumalala po ata ang sakit ko,Utt_Medical.txt,mnn=True;emb=0.6948;dict=Accept,ok,
v2pair_0156,silver_a,parallel_extraction_v2 sweep,Mecatipid ya ing gobiernong maigit apat a pulung milyong pesus king pamamayad interes king utang,Nakatipid ang gobyerno ng mahigit apatnapung milyong piso sa pagbayad ng interes sa utang,Utt_News.txt,mnn=True;emb=0.6928;dict=Review,ok,
v2pair_0157,silver_a,parallel_extraction_v2 sweep,"Agpang cang Bunye, balaus nang didinan pansin ning capamalan ing pamipalagu ning economia ning bansa","Ayon kay Bunye, patuloy na binibigyang pansin ng pamahalaan ang pagpapalago ng ekonomiya ng bansa",Utt_News.txt,mnn=True;emb=0.6967;dict=Review,ok,
v2pair_0158,silver_a,parallel_extraction_v2 sweep,Ing DBP mu rin ing magpalual pondu caring proyectong meapruban.,Ang DBP rin ang maglalabas ng pondo sa mga proyektong maaaprubahan.,Utt_News.txt,mnn=True;emb=0.7143;dict=Review,ok,
v2pair_0159,silver_a,parallel_extraction_v2 sweep,"Agpang cang Presidente Arroyo, king pamakipagpulung niti caring negociante, ila canu paua lang magnasa a mibulus puhunan keti Filipinas ngening paangat na ing economia ning bansa","Ayon kay Pangulong Arroyo, sa pakikipagpulong nito sa mga negosyante, sila umano'y pawang naghahangad na magbuhos ng puhunan sa Pilipinas ngayong paangat na ang ekonomiya ng bansa.",Utt_News.txt,mnn=True;emb=0.7033;dict=Review,ok,
v2pair_0160,silver_a,parallel_extraction_v2 sweep,Mag-rollback pasibayu potang capitangan bengi ing LPG,Magro-rolbak uli mamayang hatinggabi ang LPG,Utt_News.txt,mnn=True;emb=0.7699;dict=Review,ok,
v2pair_0161,silver_a,parallel_extraction_v2 sweep,"'Ginung Matsing"", ing sabi ning pau, ""comusta ya ing kecang pun-saging?""","""G. Matsing"", ang sabi ng pagong, ""kumusta ang iyong punong-saging?""",Utt_Essay.txt,mnn=True;emb=0.6818;dict=Review,ok,
v2pair_0162,silver_a,parallel_extraction_v2 sweep,Macaafectu king mabagal a pamangusad ning economia ning bansa ing balaus a intriga king politica,Nakakaapekto sa mabagal na pag-usad ng ekonomiya ng bansa ang patuloy na iringan sa pulitika,Utt_News.txt,mnn=True;emb=0.719;dict=Review,ok,
v2pair_0163,silver_a,parallel_extraction_v2 sweep,Macasadiang mamisaling murang abias ing Vietnam king Filipinas,Handang magbenta ng murang bigas ang Vietnam sa Pilipinas,Utt_News.txt,mnn=True;emb=0.7118;dict=Review,ok,
v2pair_0164,silver_a,parallel_extraction_v2 sweep,"Ing paralan king pangauacas ning cuentu ning Japon atin yang gusut, samantalang ing cuentung Filipino malino at papakilalang maingat a pamagumasid ning ugali’t panamdam.","Ang paraan ng pagkakawakas sa kuwento ng Hapon ay may kagusutan, samantalang ang kuwentong Pilipino'y malinaw at nagpapakilala ng maingat na pagmamasid ng ugali't pakiramdam.",Utt_Essay.txt,mnn=True;emb=0.69;dict=Review,ok,
v2pair_0165,silver_a,parallel_extraction_v2 sweep,Malati ya pa ayakitanan da ne I Bernardo pambihirang sican at ticdi.,Maliit pa lang ay kinakitaan na si Bernardo ng pambihirang lakas at kisig.,STORY_folktales,mnn=True;emb=0.6838;dict=Review,ok,
v2pair_0166,silver_a,parallel_extraction_v2 sweep,Maingat ngening pagaralan ning local a capamalan ning lungsud ning Menila nung nanu-nanung caso ing maliaring isampa laban caring kilalang personalidad a mitalacad negocio king baywalk king kecaban ning Roxas Boulevard,Masusing pinag-aaralan ngayon ng lokal na pamahalaan ng lungsod ng Manila kung anu-anong kaso ang maaaring isampa laban sa mga kilalang personalidad na nagtayo ng negosyo sa baywalk sa kahabaan ng Roxas Blvd.,Utt_News.txt,mnn=True;emb=0.691;dict=Review,ok,
v2pair_0167,silver_a,parallel_extraction_v2 sweep,Cumpiansa ya I Durano a tangkilican da rin ing mesabing isla calupa ning Boracay.,Kumpiyansa si Durano na tatangkilikin rin ang nasabing isla gaya ng Boracay.,Utt_News.txt,mnn=True;emb=0.6748;dict=Review,ok,
v2pair_0168,silver_a,parallel_extraction_v2 sweep,Titiyacan na ning DTI a ligtas la ding pamisaling tinape king bansa,Tiniyak ng DTI na ligtas ang mga binibentang tinapay sa bansa,Utt_News.txt,mnn=True;emb=0.6795;dict=Review,ok,
v2pair_0169,silver_a,parallel_extraction_v2 sweep,Binabang metung a porciento ing utang panlual ning Filipinas agpang king Banco Central ning Filipinas,Bumaba ng isang porsiyento ang utang panlabas ng Pilipinas ayon sa Bangko Sentral ng Pilipinas,Utt_News.txt,mnn=True;emb=0.7213;dict=Review,ok,
v2pair_0170,silver_a,parallel_extraction_v2 sweep,Titiyacan nang PGMA king yatu ing determinacion ding Filipino king pamisugpu caring terorista,Tiniyak ni PGMA sa mundo ang determinasyon ng mga Pilipino sa pagsugpo sa mga terorista,Utt_News.txt,mnn=True;emb=0.7232;dict=Review,ok,
v2pair_0171,silver_b,parallel_extraction_v2 sweep,Catlumpulu't pitu,ikatatlumpu't pito,Iso_Ordinal.txt,mnn=True;emb=0.6437;dict=Review,ok,
v2pair_0172,silver_a,parallel_extraction_v2 sweep,Patauad pu.,Patawad po.,Utt_Greetings.txt,mnn=True;emb=0.7279;dict=Review,ok,
v2pair_0173,silver_a,parallel_extraction_v2 sweep,Pangadalan nang Bernardo ginamit ne ning eng cantado ing cayang agimat ban piumpugan no ding mangaragul a batu king capagnasan nang sipitan at paten I Bernardo.,Pagdaan ni Bernardo ay ginamit ng engkantado ang kanyang agimat upang pag-umpugin nito ang naglalakihang bato sa pagnanais na ipitin at patayin si Bernardo.,STORY_folktales,mnn=True;emb=0.7029;dict=Review,ok,
v2pair_0175,silver_a,parallel_extraction_v2 sweep,Mayap a bengi Doctor,Magandang gabi Doktor,Utt_Medical.txt,mnn=True;emb=0.8028;dict=Review,ok,
v2pair_0176,silver_a,parallel_extraction_v2 sweep,Sinabi na naman ning DOF a ustung pepaburian ya ing mesabing bage siguradung caualan yang panakitan ing gobierno.,Sinabi naman ng DOF na kapag pinagbigyan ang naturang bagay siguradong mawawalan ng kita ang gobyerno.,Utt_News.txt,mnn=True;emb=0.691;dict=Review,ok,
v2pair_0177,silver_a,parallel_extraction_v2 sweep,Lalung pepasicnangan ing reforma nang PGMA,Lalong pinalakas ang reporma ni PGMA,Utt_News.txt,mnn=True;emb=0.7039;dict=Review,ok,
v2pair_0178,silver_a,parallel_extraction_v2 sweep,"Agpang king NAPOCOR, maliaring mabut ing carelang bayaran anggang siyam a milyong pesus.","Ayon sa NAPOCOR, maaring umabot ang kanilang babayaran ng hanggang siyam na milyong piso.",Utt_News.txt,mnn=True;emb=0.6763;dict=Review,ok,
v2pair_0180,silver_a,parallel_extraction_v2 sweep,Pasantingan ing sulat.,Pagandahin ang sulat,Utt_Educ.txt,mnn=True;emb=0.6667;dict=Accept,ok,
v2pair_0181,silver_a,parallel_extraction_v2 sweep,Ayamuyut nong PGMA ding negociante a mamuhunan king bansa,Nahikayat ni PGMA ang mga negosyante na mamuhunan sa ating bansa,Utt_News.txt,mnn=True;emb=0.6802;dict=Review,ok,
v2pair_0182,silver_a,parallel_extraction_v2 sweep,Panatiliang malinis ing kecatamung silid-aralan.,Pulutin ang mga kalat sa paligid ng silid-aralan.,Utt_Educ.txt,mnn=True;emb=0.739;dict=Review,partial: 'keep our classroom clean' vs 'pick up the litter around the classroom',
v2pair_0183,silver_a,parallel_extraction_v2 sweep,Ketan ing dila.,Kagatin ang dila,Utt_Educ.txt,mnn=True;emb=0.6762;dict=Accept,ok,
v2pair_0184,silver_a,parallel_extraction_v2 sweep,Mecapaglista ya ing PSE maigit apat a pulung milyong pesus penakitan kilub namu ning aduang bulan,Nakapagtala ang PSE ng mahigit apatnapung milyong pisong kita sa loob lamang ng dalawang buwan,Utt_News.txt,mnn=True;emb=0.7184;dict=Review,ok,
v2pair_0185,silver_a,parallel_extraction_v2 sweep,Binarug ya ing utang ning gobierno king atlung trilyon at walumpulut siam a bilyung pesus,Pumalo ang utang ng gobyerno sa tatlong trilyon at walumpu't siyam na milyong piso,Utt_News.txt,mnn=True;emb=0.6905;dict=Review,ok,
v2pair_0186,silver_a,parallel_extraction_v2 sweep,Agad yang sinulapo papunta king bale nang Amomongo.,Dali-dali siyang lumipad patungo sa bahay ni Amomongo.,STORY_folktales,mnn=True;emb=0.7182;dict=Review,ok,
v2pair_0187,silver_a,parallel_extraction_v2 sweep,Pakisabi mu pu.,Pakiusap lang po.,Utt_Greetings.txt,mnn=True;emb=0.7628;dict=Review,ok,
v2pair_0188,silver_a,parallel_extraction_v2 sweep,Nucarin ya ngan munta I James?,Sa bahay ba magkikita sina James?,Utt_Interrogatives.txt,mnn=True;emb=0.726;dict=Review,ok,
v2pair_0189,silver_a,parallel_extraction_v2 sweep,Italacad ya king Iloilo ing bayung palapagan eroplanu ning PAL,Itatayo sa Iloilo ang bagong paliparan ng PAL,Utt_News.txt,mnn=True;emb=0.7294;dict=Accept,ok,
v2pair_0190,silver_a,parallel_extraction_v2 sweep,Ing cuentung Filipino ya ing asabing lalung mas minuna kesa king cuentong Japon.,Ang kuwentong Pilipino ang siyang masasabing lalong una kaysa sa kuwentong Hapon.,Utt_Essay.txt,mnn=True;emb=0.7246;dict=Review,ok,
v2pair_0191,silver_a,parallel_extraction_v2 sweep,Bisa cang mangan?,Gusto niyo pong kumain?,Utt_CommonExpressions.txt,mnn=True;emb=0.8143;dict=Review,ok,
v2pair_0192,silver_a,parallel_extraction_v2 sweep,Tanggapan me ing pamakirame cu.,Tanggapin mo ang aking pakikiramay.,Utt_Greetings.txt,mnn=True;emb=0.7017;dict=Review,ok,
v2pair_0193,silver_a,parallel_extraction_v2 sweep,Asaan ning presidenti ding LGUs a itucnang ing mesabing bayaran uling macaragdag ya iting gastusan a ipapasa da caring consumers,Inatasan ng pangulo ang mga LGUs na itigil ang nasabing bayaran dahil nakakadagdag ito ng gastusin na ipinapasa sa mga consumers.,Utt_News.txt,mnn=True;emb=0.6819;dict=Review,ok,
v2pair_0194,silver_a,parallel_extraction_v2 sweep,Biclat da ne king Caloocan ing Botica ng Bayan,Binuksan na sa Caloocan ang Botika ng Bayan,Utt_News.txt,mnn=True;emb=0.6504;dict=Accept,ok,
v2pair_0196,silver_b,parallel_extraction_v2 sweep,Mitas na naman maigit metung a dollar ing precio cada bariles ning gasolina king pangyatung palengki,Tumaas na naman ng mahigit isang dolyar ang presyo kada bariles ng gasolina sa pandaigdigang pamilihan.,Utt_News.txt,mnn=True;emb=0.6583;dict=Review,ok,
v2pair_0197,silver_a,parallel_extraction_v2 sweep,Milaco ya wari iti agad Doc?,Mawawala ba agad ito Dok?,Utt_Medical.txt,mnn=True;emb=0.7422;dict=Review,ok,
v2pair_0198,silver_a,parallel_extraction_v2 sweep,Milaco ya wari agad ini?,Mawawala ba 'to agad?,Utt_Medical.txt,mnn=True;emb=0.754;dict=Review,ok,
v2pair_0199,silver_b,parallel_extraction_v2 sweep,Mamun na.,Paálam na.,Utt_Greetings.txt,mnn=True;emb=0.6201;dict=Review,ok,
v2pair_0200,silver_b,parallel_extraction_v2 sweep,Linobu ing penakitan ning Manila Water king banuang aduang libu at lima,Lumobo ang kita ng Manila Water sa taong dalawang libo at lima,Utt_News.txt,mnn=True;emb=0.6382;dict=Review,ok,
v2pair_0201,silver_b,parallel_extraction_v2 sweep,"King salucuyan, mayakit ya king Zamboanga Sibugay ing pecamalauac a plantacion ding pun ning goma, katuki ya ing Basilan.","Sa kasalukuyan, matatagpuan sa Zamboanga Sibugay ang pinakamalawak na plantasyon ng mga puno ng goma, kasunod ang Basilan.",Utt_News.txt,mnn=True;emb=0.6483;dict=Review,ok,
v2pair_0202,silver_a,parallel_extraction_v2 sweep,Pakibaluan ing pakinabang a babie ning butul ning balubad,Alamin ang pakinabang na dulot ng buto ng kasoy,Utt_News.txt,mnn=True;emb=0.7037;dict=Review,ok,
v2pair_0203,silver_a,parallel_extraction_v2 sweep,"Abias a mabilis pupulan, ati’na king mercado","Bigas na mabilis anihin, meron na sa merkado",Utt_News.txt,mnn=True;emb=0.6839;dict=Review,ok,
v2pair_0204,silver_a,parallel_extraction_v2 sweep,"Ing lalacad mabagal, nung masucsuc ya mababo. Ing lalacad mabilis, nung masucsuc ya malalam.","Ang lumalakad nang mabagal, kung matinik ay mababaw. Ang lumalakad nang matulin, kung matinik ay malalim.",Utt_Salawikain.txt,mnn=True;emb=0.7244;dict=Review,ok,
v2pair_0205,silver_a,parallel_extraction_v2 sweep,Apansinan nang Donia Teodora a e makiramdam i Jose king cayang binasa. Sera ne ing aclat.,Napansin ni Donya Teodora na hindi nakikinig si Jose sa kanyang binasa.,STORY_folktales,mnn=True;emb=0.6987;dict=Review,partial: FIL omits the PAM's second sentence 'Sera ne ing aclat' (she closed the book),
v2pair_0206,silver_b,parallel_extraction_v2 sweep,Tahimic at makiramdam.,Tumahimik at makinig.,Utt_Educ.txt,mnn=True;emb=0.6404;dict=Review,ok,
v2pair_0207,silver_b,parallel_extraction_v2 sweep,Minukyat ya ing matsing at king metung a sanga ning pun dutung megumpisa nong pengan ding bunga ning kaki.,Umakyat ang matsing at sa isang sanga ng punongkahoy at sinimulan niyang kanin ang mga bunga ng kaki.,Utt_Essay.txt,mnn=True;emb=0.6389;dict=Review,ok,
v2pair_0208,silver_b,parallel_extraction_v2 sweep,Minabut king apat a ralan siamapulu’t atlu at capitnang milyong dollar ing acalap king pamilibayan napun king bansa.,Umabot sa apat na raan siyamnapu't tatlo at kalahating milyong dolyar ang nakalap sa palitan kahapon sa bansa.,Utt_News.txt,mnn=True;emb=0.6475;dict=Review,ok,
v2pair_0209,silver_a,parallel_extraction_v2 sweep,Isulat king maragul a letra ing amanu.,Isulat sa malaking titik ang salita.,Utt_Educ.txt,mnn=True;emb=0.723;dict=Review,ok,
v2pair_0210,silver_a,parallel_extraction_v2 sweep,Tuturing nang maragul a amun ning Palacio ing pamaging culelat ning economia ning Filipinas king Asia,Itinuturing na malaking hamon ng Palasyo ang pagiging kulelat ng ekonomiya ng Pilipinas sa Asya,Utt_News.txt,mnn=True;emb=0.6976;dict=Review,ok,
v2pair_0211,silver_a,parallel_extraction_v2 sweep,Binarug ya king limampulung pesus at siam a pulu’t limang centimus ing alaga ning pesus contra king metung a dollar bayu ya migsara king limampulu’t metung a pesus at limang centimus,Pumalo sa limampung piso at siyamnapu't limang sentimo ang halaga ng piso kontra sa isang dolyar bago nagsara sa limampu't isang piso at limang sentimo.,Utt_News.txt,mnn=True;emb=0.7051;dict=Review,ok,
v2pair_0212,silver_a,parallel_extraction_v2 sweep,Uli ning pangabigla nang Bernardo e ya mecapa-ngilag at bagya-bagya yang mesipit caring miyu-yumpugang batu.,Dahil sa pagkabigla ni Bernardo ay hindi siya nakaiwas at unti-unting siyang naipit ng nag-uuntugang bato.,STORY_folktales,mnn=True;emb=0.695;dict=Review,ok,
v2pair_0213,silver_b,parallel_extraction_v2 sweep,"""Paburen mu"", ing sabi ning mapanlinlang a matsing, ""aku ing mukyat at managtal bunga para keca.""","""Bayaan mo"", ang wika ng mapanlinlang na matsing, ""ako ang aakyat at mamimitas para sa iyo.""",Utt_Essay.txt,mnn=True;emb=0.6338;dict=Review,ok,
v2pair_0214,silver_a,parallel_extraction_v2 sweep,Manggatal ya wari ing buldit mo?,Nagkakati ba ang puwet mo?,Utt_Medical.txt,mnn=True;emb=0.7223;dict=Review,ok,
v2pair_0215,silver_b,parallel_extraction_v2 sweep,"“Paburen mu”, ing sabi ning mapanlinlang a matsing, “aku ing mukyat at managtal bunga para keca.”","""Bayaan mo"", ang wika ng mapanlinlang na matsing, ""ako ang aakyat at mamimitas para sa iyo.""",STORY_folktales,mnn=True;emb=0.6435;dict=Review,ok,
v2pair_0217,silver_a,parallel_extraction_v2 sweep,Saupan na ca sana ning Dios.,Pagpalain kayo ng diyos.,Utt_Greetings.txt,mnn=True;emb=0.7838;dict=Review,ok,
v2pair_0219,silver_a,parallel_extraction_v2 sweep,Ninu ing tuki king field trip?,Sino ang sasama sa field trip?,Utt_Educ.txt,mnn=True;emb=0.6238;dict=Accept,ok,
v2pair_0220,silver_a,parallel_extraction_v2 sweep,Paintunan ing cabaldugan ning salita king thesaurus.,Hanapin ang kahulugan ng salita sa thesaurus.,Utt_Educ.txt,mnn=True;emb=0.6235;dict=Accept,ok,
v2pair_0221,silver_b,parallel_extraction_v2 sweep,Pagcabie da ding Rosenian,Ikinabubuhay ng mga Rosenian,Utt_News.txt,mnn=True;emb=0.6557;dict=Review,ok,
v2pair_0222,silver_a,parallel_extraction_v2 sweep,Pilang bulan ne pu ing bingut?,Ilang buwan na po ang sanggol?,Utt_Medical.txt,mnn=True;emb=0.7092;dict=Review,ok,
v2pair_0223,silver_b,parallel_extraction_v2 sweep,Serioso ya ing Filipinas a apanatili ing posicion niti anting capat caring bansang mag-produce goma king mabilug a yatu.,Seryoso ang Pilipinas na mapanatili ang posisyon nito bilang ika-apat sa mga bansang nagpu-produce ng goma sa buong mundo.,Utt_News.txt,mnn=True;emb=0.6474;dict=Review,ok,
v2pair_0224,silver_a,parallel_extraction_v2 sweep,Ica mu wari king pamilya yu ing ating macanian a sakit?,May kakilala ka ba sa pamilya mo na may ganyang sakit din?,Utt_Medical.txt,mnn=True;emb=0.6895;dict=Review,ok,
v2pair_0225,silver_a,parallel_extraction_v2 sweep,Linibu ing penakitan ning LRTA,Lumobo ang kita ng LRTA,Utt_News.txt,mnn=True;emb=0.6652;dict=Review,ok,
v2pair_0226,silver_b,parallel_extraction_v2 sweep,Iyugse ing basura king plastic.,Itapon ang basura sa plastik,Utt_Educ.txt,mnn=True;emb=0.6435;dict=Review,ok,
v2pair_0227,silver_b,parallel_extraction_v2 sweep,Lalung pasicnangan ing produccion ning mais,Lalong palalakasin ang produksyon ng mais,Utt_News.txt,mnn=True;emb=0.646;dict=Review,ok,
v2pair_0228,silver_a,parallel_extraction_v2 sweep,Magsisi ca man at tauli ala nang maliari.,Magsisi ka man at huli wala nang mangyayari.,Utt_Salawikain.txt,mnn=True;emb=0.5342;dict=Accept,ok,
v2pair_0229,silver_a,parallel_extraction_v2 sweep,Ala yang capakibatan caring bictima ding pekeng dollar ing Banco Central ning Filipinas,Walang pananagutan sa mga biktima ng pekeng dolyar ang Bangko Sentral ng Pilipinas,Utt_News.txt,mnn=True;emb=0.6615;dict=Review,ok,
v2pair_0230,silver_b,parallel_extraction_v2 sweep,"Ating aduang pabula, metung king Japon at ing metung naman king Filipinas.","May dalawang pabula, isa'y sa Hapon at ang isa nama'y sa Pilipinas.",Utt_Essay.txt,mnn=True;emb=0.6395;dict=Review,ok,
v2pair_0231,silver_a,parallel_extraction_v2 sweep,"King sugestion ning paring Castila a minanga king sican at ticdi ning pungul, pepalagyuan deng Bernardo Carpio ding cayang pengari.","Sa suhestiyon ng kastilang pari na humanga sa lakas at kisig ng sanggol, siya ay pinangalanang Bernardo Carpio ng kanyang mga magulang.",STORY_folktales,mnn=True;emb=0.6663;dict=Review,ok,
v2pair_0232,silver_b,parallel_extraction_v2 sweep,Talacad at mangadi.,Tumayo at manalangin.,Utt_Educ.txt,mnn=True;emb=0.6262;dict=Review,ok,
v2pair_0233,silver_a,parallel_extraction_v2 sweep,Mengan na ca wari?,May baon ka ba?,Utt_Educ.txt,mnn=True;emb=0.7504;dict=Review,ok,
v2pair_0235,silver_b,parallel_extraction_v2 sweep,Sinagacgac yang masican I Amomongo.,Tumawa nang malakas si Amomongo.,STORY_folktales,mnn=True;emb=0.6368;dict=Review,ok,
v2pair_0236,silver_b,parallel_extraction_v2 sweep,Sinabi nang Baterina a mayari ya ing proyecto king banuang aduang libo at walu asaupan la ding ortelanu king anam a balen ning mumunang distritu ning lalawigan.,Sinabi ni Baterina na matatapos ang proyekto sa taong dalawang libo at walo na matutulungan ang mga magsasaka sa anim na bayan sa unang distrito ng lalawigan.,Utt_News.txt,mnn=True;emb=0.624;dict=Review,ok,
v2pair_0237,silver_a,parallel_extraction_v2 sweep,"Agpang king Malacanang, e ya makaapectu ing politica king pamipaunlad ning economia","Ayon sa Malakanyang, hindi makakaapekto ang pulitika sa pag-unlad ng ekonomiya",Utt_News.txt,mnn=True;emb=0.697;dict=Review,ok,
v2pair_0238,silver_b,parallel_extraction_v2 sweep,"Ngeni, babie ya ing industria ning papacbung apat a ralang milyong pesus penakitan king capamalan.","Sa ngayon, nagbibigay ang industriya ng paputok ng apat na raang milyong pisong kita sa pamahalaan.",Utt_News.txt,mnn=True;emb=0.6554;dict=Review,ok,
v2pair_0239,silver_b,parallel_extraction_v2 sweep,Ning Agosto banuang metung a libu siam a ralan at siam apulu’t pitu,"Ng Agosto taong isang libo, siyam na raan at siyamnapu't pito.",Utt_News.txt,mnn=True;emb=0.6533;dict=Review,ok,
v2pair_0240,silver_b,parallel_extraction_v2 sweep,Binabang walung porciento ing interes ding utang ning gobierno,Bumaba ng walong porsyento ang interes sa mga utang ng gobyerno,Utt_News.txt,mnn=True;emb=0.6446;dict=Review,ok,
v2pair_0241,silver_b,parallel_extraction_v2 sweep,"Banuang libu walung dalan siam a pulu’t lima ini ing pasibayu lang mipulung ding calalakyan king cueva ning Pamitinan at carin, king dangalan nang Bernardo Carpio, geua de ing mumunang gulisac ning himagsican laban caring Castila.","Taung eighteen ninety five nang muling magpulong ang mga kalalakihan sa yungib ng Pamitinan at duon, sa karangalan ni Bernardo Carpio, ay ginawa nila ang unang sigaw ng himagsikan laban sa mga Kastila.",STORY_folktales,mnn=True;emb=0.6487;dict=Review,ok,
v2pair_0242,silver_b,parallel_extraction_v2 sweep,Dacal a salamat.,Maraming salamat.,Utt_CommonExpressions.txt,mnn=True;emb=0.6343;dict=Review,ok,
v2pair_0243,silver_b,parallel_extraction_v2 sweep,"Inyang panaun a ing Filipinas sasacupan de pa ding Castila ating miyasawang manuknangan king cabitisan ning bunduc ning San Mateo, Rizal","Nuong panahon nang ang Pilipinas ay nasasakop pa ng mga Kastila ay mayruong mag-asawang naninirahan sa paanan ng bundok ng San Mateo, Rizal.",STORY_folktales,mnn=True;emb=0.6409;dict=Review,ok,
v2pair_0244,silver_b,parallel_extraction_v2 sweep,Inutusan nong Amomongo ding catyang cayabe a pumila.,Inutusan ni Amomongo ang kanyang mga kasama na humanay.,STORY_folktales,mnn=True;emb=0.6452;dict=Review,ok,
v2pair_0245,silver_b,parallel_extraction_v2 sweep,"“Inda co” ing pagmalun ning matsing, “maluat neng mete! At ing keca, Binibining Pau?”","""Naku"", ang himutok ng matsing, ""matagal nang patay! At ang iyo, Binibining Pagong?""",STORY_folktales,mnn=True;emb=0.6478;dict=Review,ok,
v2pair_0246,silver_b,parallel_extraction_v2 sweep,"E mi balu nung iti atin yang aliuang calupa king capuluan ning Malaya, king Sumatra o Java.","Hindi naming malaman kung ito ay may iba pang kahawig sa Kapuluan ng Malaya, sa Sumatra o sa Haba.",Utt_Essay.txt,mnn=True;emb=0.6509;dict=Review,ok,
v2pair_0247,silver_b,parallel_extraction_v2 sweep,"“Ati ca pala keni, amak a pau,” ing sabi na.","""Narito ka pala, hamak na pagong"", ang sabi niya.",STORY_folktales,mnn=True;emb=0.6227;dict=Review,ok,
v2pair_0248,silver_b,parallel_extraction_v2 sweep,"Agpang cang PGMA, maragul ing asaup ning BPOS king pangaracal ning obra","Ayon kay PGMA, malaki ang naitulong ng BPOs sa pagdami ng trabaho",Utt_News.txt,mnn=True;emb=0.6551;dict=Review,ok,
v2pair_0249,silver_b,parallel_extraction_v2 sweep,Atin cu pung asthma,May asthma po ako,Utt_Medical.txt,mnn=True;emb=0.6273;dict=Review,ok,
v2pair_0250,silver_a,parallel_extraction_v2 sweep,"Agpang cang PGMA, matupad na ing pamamie obra caring Filipino","Ayon kay PGMA, matutupad na ang pagbibigay ng mga trabaho sa mga Pilipino",Utt_News.txt,mnn=True;emb=0.6637;dict=Review,ok,
v2pair_0251,silver_a,parallel_extraction_v2 sweep,"""Ha, ha"", nganing matsing. ""Macanian pala, ne! Tatacut cang malumud! Ilumud daca ngeni.""","""Ha, ha"", ang tawa ng matsing.",Utt_Essay.txt,mnn=True;emb=0.6911;dict=Review,partial: FIL renders only 'ha ha the monkey laughed' - omits the threat quote,
v2pair_0252,silver_b,parallel_extraction_v2 sweep,Pepalino na ning presidenti a bisa yang gauang obrang mangaragul a sueldo king Ilocos Norte ban e la manaliuang bansa ding Filipino ban manakitan lamung maragul,Ipinaliwanag ng pangulo na ibig niyang lumikha ng trabahong malaki ang suweldo sa Ilocos Norte upang hindi na mangibang bansa ang mga Pilipino para kumita lamang nang malaki.,Utt_News.txt,mnn=True;emb=0.6425;dict=Review,ok,
v2pair_0253,silver_b,parallel_extraction_v2 sweep,"""Ati ca pala keni, amac a pau,"" ing sabi na.","""Narito ka pala, hamak na pagong"", ang sabi niya.",Utt_Essay.txt,mnn=True;emb=0.6246;dict=Review,ok,
v2pair_0254,silver_a,parallel_extraction_v2 sweep,"“Makiramdam ca cacu Jose, ing sabi na. Atin cung icuentu keca.”","Makinig ka sa akin, Jose, ang sabi niya.",STORY_folktales,mnn=True;emb=0.6799;dict=Review,partial: FIL omits 'Atin cung icuentu keca' (I have something to tell you),
v2pair_0255,silver_b,parallel_extraction_v2 sweep,Mangat ing economia king banuang aduang libu at apulu agpang kang Teves,Aangat ang ekonomiya sa taong dalawang libo at sampu ayon kay Teves,Utt_News.txt,mnn=True;emb=0.636;dict=Review,ok,
v2pair_0256,silver_b,parallel_extraction_v2 sweep,Atiyu king apat apulu’t walung pesus at siam a pulu’t limang centimus na ing libayan ning pesus laban king dollar,Nasa apatnapu't walong piso at siyamnapu't limang sentimo na ang palitan ng piso laban sa dolyar,Utt_News.txt,mnn=True;emb=0.6334;dict=Review,ok,
v2pair_0257,silver_b,parallel_extraction_v2 sweep,Manganib a magisan ing produccion ning ngungut king bansa,Nanganganib na maubos ang produksyon ng niyog sa bansa,Utt_News.txt,mnn=True;emb=0.6204;dict=Review,ok,
v2pair_0258,silver_a,parallel_extraction_v2 sweep,Icabit ing cuaderno king lamesa at marcan cu la.,Ilagay ang notebook sa table at mamarkahan ko.,Utt_Educ.txt,mnn=True;emb=0.6894;dict=Review,ok,
v2pair_0259,silver_b,parallel_extraction_v2 sweep,Maigit labing aduang bilyong pesus ing acolecta ning capamalan ibat king E-VAT manibat Noviembre ning milabas a banua,Mahigit labindalawang bilyong piso ang nakolekta ng pamahalaan mula sa E-VAT mula Nobyembre ng nakaraang taon,Utt_News.txt,mnn=True;emb=0.6381;dict=Review,ok,
v2pair_0260,silver_a,parallel_extraction_v2 sweep,"“Ha, ha”, nganing matsing. “Macanian pala, ne! Tatacut cang malumud! Lunuran daca ngeni.”","""Ha, ha"", ang tawa ng matsing.",STORY_folktales,mnn=True;emb=0.7023;dict=Review,partial: same as rv_0220 - FIL omits the threat quote,
v2pair_0261,silver_b,parallel_extraction_v2 sweep,Nanu wari ing mabisang panulu ken?,Ano ba ang mabisang gamot diyan?,Utt_Medical.txt,mnn=True;emb=0.6346;dict=Review,ok,
v2pair_0262,silver_b,parallel_extraction_v2 sweep,"Nung nanu ya ing pun, ya ing bunga.","Kung ano ang puno, siya ang bunga.",Utt_Salawikain.txt,mnn=True;emb=0.6366;dict=Review,ok,
v2pair_0263,silver_a,parallel_extraction_v2 sweep,Atiu caninu ing susi ning bale?,Nakanino ang susi ng bahay?,Utt_Interrogatives.txt,mnn=True;emb=0.6403;dict=Accept,ok,
v2pair_0264,silver_a,parallel_extraction_v2 sweep,"Dinatang ya nandin, ne?","Dumating siya kanina, ano?",Utt_Interrogatives.txt,mnn=True;emb=0.6879;dict=Review,ok,
v2pair_0265,silver_b,parallel_extraction_v2 sweep,Dacal a salamat hu.,Maraming salamat ho.,Utt_CommonExpressions.txt,mnn=True;emb=0.6257;dict=Review,ok,
v2pair_0266,silver_a,parallel_extraction_v2 sweep,Mayap a bengi pu Doc,Magandang gabi po Dok,Utt_Medical.txt,mnn=True;emb=0.7168;dict=Review,ok,
v2pair_0267,silver_b,parallel_extraction_v2 sweep,"Munta ca wari king Menila, o king Baguiu?","Pupunta ka ba sa Maynila, o sa Baguio?",Utt_Interrogatives.txt,mnn=True;emb=0.6209;dict=Review,ok,
v2pair_0269,silver_a,parallel_extraction_v2 sweep,Ipagpaumahin yu pu.,Makikisuyo po.,Utt_Greetings.txt,mnn=True;emb=0.7545;dict=Review,"partial: 'excuse me / I apologise' vs 'may I ask a favour' - related politeness formulae, not the same",
v2pair_0270,silver_a,parallel_extraction_v2 sweep,Mayap a bengi.,Magandang gabi.,Utt_CommonExpressions.txt,mnn=True;emb=0.7248;dict=Review,ok,
v2pair_0271,silver_b,parallel_extraction_v2 sweep,"""Inda co"" ing pagmalun ning matsing, ""maluat neng mete! At ing keca, Binibining Pau?""","""Naku"", ang himutok ng matsing, ""matagal nang patay! At ang iyo, Bb. Pagong?""",Utt_Essay.txt,mnn=True;emb=0.6202;dict=Review,ok,
v2pair_0272,silver_b,parallel_extraction_v2 sweep,Dapot macananu nung e mig-click ing liban a negocio?,Pero paano kung hindi nag-click ang pinasok na negosyo?,Utt_News.txt,mnn=True;emb=0.6297;dict=Review,ok,
v2pair_0273,silver_b,parallel_extraction_v2 sweep,Bawal mamuat mababayat,Bawal magbuhat ng mga mabibigat,Utt_Medical.txt,mnn=True;emb=0.6431;dict=Review,ok,
v2pair_0274,silver_b,parallel_extraction_v2 sweep,Iti ing calabing aduang bulang mitutuki a maigit king metung bilyong dollar ing pedala ding OFWs a daralan caring banco,Ito na ang ikalabindalawang buwan na magkakasunod na mahigit sa isang bilyong dolyar ang padala ng mga OFWs na dumadaan sa mga bangko.,Utt_News.txt,mnn=True;emb=0.627;dict=Review,ok,
v2pair_0275,silver_a,parallel_extraction_v2 sweep,Mayap a bengi Doc,Magandang hapon Dok,Utt_Medical.txt,mnn=True;emb=0.709;dict=Review,ok,
v2pair_0276,silver_a,parallel_extraction_v2 sweep,Mayap a bengi pu.,Magandang gabi ho.,Utt_CommonExpressions.txt,mnn=True;emb=0.7165;dict=Review,ok,
v2pair_0277,silver_b,parallel_extraction_v2 sweep,Basan ye ing cuento.,Basahin ninyo ang kuwento.,Utt_Educ.txt,mnn=True;emb=0.623;dict=Review,ok,
v2pair_0278,silver_a,parallel_extraction_v2 sweep,"E ya mengan, ne?","Kumain ka, ano?",Utt_Interrogatives.txt,mnn=True;emb=0.7192;dict=Review,"partial: negation + person mismatch: 'he didn't eat, right?' vs 'you ate, right?'",
v2pair_0279,silver_b,parallel_extraction_v2 sweep,Bagiang binaui ing pesus contra king dollar,Bahagyang bumawi ang piso kontra sa dolyar,Utt_News.txt,mnn=True;emb=0.6256;dict=Review,ok,
v2pair_0280,silver_b,parallel_extraction_v2 sweep,Pilang aldo neng lalagnat?,Gaano katagal na siyang nilalagnat?,Utt_Medical.txt,mnn=True;emb=0.6304;dict=Review,ok,
v2pair_0281,silver_b,parallel_extraction_v2 sweep,Balaus ya pamaglagu ing alaga ning pesus laban king dollar,Pumalo sa pinakamataas na halaga ang piso kontra dolyar,Utt_News.txt,mnn=True;emb=0.6296;dict=Review,ok,
v2pair_0282,silver_b,parallel_extraction_v2 sweep,"Atiu king Dios ing lunus, atiu king tau ing gaua.","Nasa Diyos ang awà, nasa tao ang gawâ.",Utt_Salawikain.txt,mnn=True;emb=0.6467;dict=Review,ok,
v2pair_0283,silver_b,parallel_extraction_v2 sweep,E dapat micarugan ing memaleng Filipino king pangaina ning pesus contra dollar,Nangangamba ang Phil-export sa paglakas ng piso kontra dolyar,Utt_News.txt,mnn=True;emb=0.6349;dict=Review,ok,
v2pair_0284,silver_b,parallel_extraction_v2 sweep,"Nung ating tenam, ating pupulan.","Kapag may isinuksok, may madudukot.",Utt_Salawikain.txt,mnn=True;emb=0.6325;dict=Review,ok,
v2pair_0286,silver_b,parallel_extraction_v2 sweep,Maligayang bati pu.,Maligayang bati.,Utt_CommonExpressions.txt,mnn=False;emb=0.9733;dict=Accept,ok,
v2pair_0287,silver_b,parallel_extraction_v2 sweep,Maligayang bati pu.,Maligayang bati ho.,Utt_CommonExpressions.txt,mnn=False;emb=0.953;dict=Accept,ok,
v2pair_0288,silver_b,parallel_extraction_v2 sweep,Maligayang bati hu.,Maligayang bati ho.,Utt_CommonExpressions.txt,mnn=False;emb=0.9134;dict=Accept,ok,
v2pair_0289,silver_b,parallel_extraction_v2 sweep,Maligayang bati hu.,Maligayang bati.,Utt_CommonExpressions.txt,mnn=False;emb=0.9071;dict=Accept,ok,
v2pair_0290,silver_b,parallel_extraction_v2 sweep,Maligayang bati hu.,Maligayang bati po.,Utt_CommonExpressions.txt,mnn=False;emb=0.9092;dict=Accept,ok,
v2pair_0291,silver_b,parallel_extraction_v2 sweep,Maligayang bati pu kecayu.,Maligayang bati po.,Utt_CommonExpressions.txt,mnn=False;emb=0.9355;dict=Accept,ok,
v2pair_0292,silver_b,parallel_extraction_v2 sweep,Maligayang bati (puge).,Maligayang bati.,Utt_CommonExpressions.txt,mnn=False;emb=0.8022;dict=Accept,ok,
v2pair_0293,silver_b,parallel_extraction_v2 sweep,Maligayang bati (puge).,Maligayang bati po.,Utt_CommonExpressions.txt,mnn=False;emb=0.7837;dict=Accept,ok,
v2pair_0294,silver_b,parallel_extraction_v2 sweep,Maligayang Pascu pu.,Maligayang Pasko po.,Utt_Greetings.txt,mnn=False;emb=0.8845;dict=Accept,ok,
v2pair_0295,silver_b,parallel_extraction_v2 sweep,Maligayang kebaitan pu.,Maligayang bati po.,Utt_CommonExpressions.txt,mnn=False;emb=0.911;dict=Accept,"partial: 'kebaitan' (birthday) but FIL says 'bati' (greeting), not 'kaarawan'",
v2pair_0296,silver_b,parallel_extraction_v2 sweep,Maligayang Pascu.,Maligayang Pasko po.,Utt_Greetings.txt,mnn=False;emb=0.9118;dict=Accept,ok,
v2pair_0297,silver_b,parallel_extraction_v2 sweep,Maligayang bati (puge).,Maligayang bati ho.,Utt_CommonExpressions.txt,mnn=False;emb=0.7616;dict=Accept,ok,
v2pair_0298,silver_b,parallel_extraction_v2 sweep,Maligayang bati hu kecayu.,Maligayang bati ho.,Utt_CommonExpressions.txt,mnn=False;emb=0.8212;dict=Accept,ok,
v2pair_0299,silver_b,parallel_extraction_v2 sweep,Maligayang Pascu pu.,Maligayang Pasko.,Utt_Greetings.txt,mnn=False;emb=0.8737;dict=Accept,ok,
v2pair_0300,silver_b,parallel_extraction_v2 sweep,Maligayang bati hu kecayu.,Maligayang bati po.,Utt_CommonExpressions.txt,mnn=False;emb=0.8111;dict=Accept,ok,
v2pair_0301,silver_b,parallel_extraction_v2 sweep,Nucarin ya ing terminal ning bus?,Saan ho ang terminal ng bus?,Utt_CommonExpressions.txt,mnn=False;emb=0.8312;dict=Accept,ok,
v2pair_0302,silver_b,parallel_extraction_v2 sweep,Maligayang bati hu kecayu.,Maligayang bati.,Utt_CommonExpressions.txt,mnn=False;emb=0.7914;dict=Accept,ok,
v2pair_0303,silver_b,parallel_extraction_v2 sweep,Nucarin ya ing terminal ning bus?,Saan po ang terminal ng bus?,Utt_CommonExpressions.txt,mnn=False;emb=0.8302;dict=Accept,ok,
v2pair_0304,silver_b,parallel_extraction_v2 sweep,"Moodys, mababahala ya king utang ning NAPOCOR","Moody's, nababahala sa utang ng NAPOCOR",Utt_News.txt,mnn=False;emb=0.8438;dict=Accept,ok,
v2pair_0305,silver_b,parallel_extraction_v2 sweep,"Matalino ya man ing matsing, malolocu yamu rin.","Matalino man ang matsing, naiisahan din.",Utt_Salawikain.txt,mnn=False;emb=0.8368;dict=Accept,ok,
v2pair_0306,silver_b,parallel_extraction_v2 sweep,Nucarin ya ing terminal ning bus?,Saan ang terminal ng bus?,Utt_CommonExpressions.txt,mnn=False;emb=0.8196;dict=Accept,ok,
v2pair_0307,silver_b,parallel_extraction_v2 sweep,Nucarin ya pu ing terminal ning bus?,Saan po ang terminal ng bus?,Utt_CommonExpressions.txt,mnn=False;emb=0.8375;dict=Accept,ok,
v2pair_0308,silver_b,parallel_extraction_v2 sweep,Nucarin ya hu ing terminal ning bus?,Saan ho ang terminal ng bus?,Utt_CommonExpressions.txt,mnn=False;emb=0.828;dict=Accept,ok,
v2pair_0309,silver_b,parallel_extraction_v2 sweep,Nucarin ya hu ing terminal ning bus?,Saan po ang terminal ng bus?,Utt_CommonExpressions.txt,mnn=False;emb=0.8262;dict=Accept,ok,
v2pair_0310,silver_b,parallel_extraction_v2 sweep,Maligayang kebaitan pu kecayu.,Maligayang bati po.,Utt_CommonExpressions.txt,mnn=False;emb=0.8552;dict=Accept,ok,
v2pair_0311,silver_b,parallel_extraction_v2 sweep,Nucarin ya pu ing terminal ning bus?,Saan ang terminal ng bus?,Utt_CommonExpressions.txt,mnn=False;emb=0.8245;dict=Accept,ok,
v2pair_0312,silver_b,parallel_extraction_v2 sweep,Nucarin ya hu ing terminal ning bus?,Saan ang terminal ng bus?,Utt_CommonExpressions.txt,mnn=False;emb=0.8153;dict=Accept,ok,
v2pair_0313,silver_b,parallel_extraction_v2 sweep,Iwasan ing paticdo-ticdo.,Iwasan ang patayu-tayo.,Utt_Educ.txt,mnn=False;emb=0.795;dict=Accept,ok,
v2pair_0314,silver_b,parallel_extraction_v2 sweep,Pulutan ing basura.,Pulutin ang basura,Utt_Educ.txt,mnn=False;emb=0.7287;dict=Accept,ok,
v2pair_0315,silver_b,parallel_extraction_v2 sweep,Ing pamibaba ning presyo ning LPG pegumpisan da neng patupad,Ibinaba uli ang presyo ng LPG,Utt_News.txt,mnn=False;emb=0.8176;dict=Accept,partial: FIL is a shortened version of the PAM headline,
v2pair_0316,silver_b,parallel_extraction_v2 sweep,Ing pamibaba ning presyo ning LPG pegumpisan da neng patupad,Ang presyo ng LPG ay ibinaba,Utt_News.txt,mnn=False;emb=0.8014;dict=Accept,ok,
v2pair_0317,silver_b,parallel_extraction_v2 sweep,E naman mebanggit king balita nung magcanu asali ning Petron ing Caltex LPG,Binili ng Petron ang Caltex LPG,Utt_News.txt,mnn=False;emb=0.7985;dict=Accept,partial: FIL drops 'it was not mentioned in the news how much' - truncated,
v2pair_0318,silver_b,parallel_extraction_v2 sweep,Ipasa na ing papil.,Ipasa na ang papel.,Utt_Educ.txt,mnn=False;emb=0.5783;dict=Accept,ok,
v2pair_0319,silver_b,parallel_extraction_v2 sweep,Ala pang panulu keng sakit a yan,Wala pang gamot sa sakit na 'yan,Utt_Medical.txt,mnn=False;emb=0.6201;dict=Accept,ok,
v2pair_0320,silver_b,parallel_extraction_v2 sweep,Matalino ya man ing matsing apaglocuan yamu rin.,"Matalino man ang matsing, napaglalalangan din.",Utt_Salawikain.txt,mnn=False;emb=0.6409;dict=Accept,ok,
v2pair_0321,silver_b,parallel_extraction_v2 sweep,Paki sara ing auang.,Paki sara ang bintana.,Utt_Educ.txt,mnn=False;emb=0.5703;dict=Accept,ok,
v2pair_0322,silver_b,parallel_extraction_v2 sweep,Isulat yang ustu ing atiu king pisara.,Isulat sa pisara.,Utt_Educ.txt,mnn=False;emb=0.6837;dict=Accept,partial: 'write correctly what is on the board' vs 'write on the board' - FIL simplified,
v2pair_0323,silver_b,parallel_extraction_v2 sweep,Panatiliang malinis ing kecatamung silid-aralan.,linisin ang silid-aralan,Utt_Educ.txt,mnn=False;emb=0.647;dict=Accept,"partial: 'keep our classroom clean' vs 'clean the classroom' - close, slight scope difference",
v2pair_0324,silver_b,parallel_extraction_v2 sweep,Nanu ing gagawan ng Michael king bale?,Ano ang ginagawa ni Michael sa bahay?,Utt_Interrogatives.txt,mnn=False;emb=0.659;dict=Accept,ok,
v2pair_0325,silver_b,parallel_extraction_v2 sweep,Mayap a bengi pu kecayu.,Magandang gabi po.,Utt_CommonExpressions.txt,mnn=False;emb=0.6214;dict=Accept,ok,
