id,surface,normalized,root,morph_segments,affixes,process,original_confidence,reconstruction_ok,root_in_v2_lexicon,root_in_secondary_lexicon,reconciliation_root_tier,affix_recognized,in_known_function_word_list,reconciliation_conflict,reconciliation_conflict_reason,tier
kap-morph-0001,king,king,king,king,,function_word,high,True,True,True,strong,,True,False,,A_strong_silver
kap-morph-0002,at,at,at,at,,function_word,high,True,True,True,strong,,True,False,,A_strong_silver
kap-morph-0003,ing,ing,ing,ing,,function_word,high,True,True,False,strong,,True,False,,A_strong_silver
kap-morph-0004,na,na,na,na,,clitic_or_function,high,True,True,False,strong,,True,False,,A_strong_silver
kap-morph-0005,ning,ning,ning,ning,,function_word,high,True,True,False,strong,,True,False,,A_strong_silver
kap-morph-0006,ding,ding,ding,ding,,function_word,high,True,False,False,strong,,True,False,,A_strong_silver
kap-morph-0007,ya,ya,ya,ya,,clitic_or_function,high,True,True,True,strong,,True,False,,A_strong_silver
kap-morph-0008,ku,ku,ku,ku,,clitic_or_function,high,True,True,False,strong,,True,False,,A_strong_silver
kap-morph-0009,nang,nang,nang,nang,,function_word,high,True,True,False,strong,,False,False,,B_moderate_silver
kap-morph-0010,mu,mu,mu,mu,,clitic_or_function,high,True,True,False,strong,,True,False,,A_strong_silver
kap-morph-0011,la,la,la,la,,clitic_or_function,high,True,True,False,strong,,True,False,,A_strong_silver
kap-morph-0012,karing,karing,karing,karing,,function_word,high,True,False,True,weak,,False,False,,B_moderate_silver
kap-morph-0013,nung,nung,nung,nung,,function_word,high,True,True,True,strong,,False,False,,B_moderate_silver
kap-morph-0014,kekang,kekang,kekang,kekang,,function_word,high,True,False,False,weak,,False,False,,B_moderate_silver
kap-morph-0015,metung,metung,metung,metung,,function_word,high,True,True,True,strong,,False,False,,B_moderate_silver
kap-morph-0016,ne,ne,ne,ne,,clitic_or_function,high,True,True,False,strong,,True,False,,A_strong_silver
kap-morph-0017,ka,ka,ka,ka,,clitic_or_function,high,True,True,True,strong,,False,False,,B_moderate_silver
kap-morph-0018,kang,kang,kang,kang,,function_word,high,True,True,False,weak,,True,False,,A_strong_silver
kap-morph-0019,uling,uling,uling,uling,,function_word,high,True,True,True,strong,,False,False,,B_moderate_silver
kap-morph-0020,kakung,kakung,kakung,kakung,,function_word,high,True,False,False,weak,,False,False,,B_moderate_silver
kap-morph-0021,ra,ra,ra,ra,,clitic_or_function,high,True,True,False,strong,,True,False,,A_strong_silver
kap-morph-0022,keka,keka,keka,keka,,function_word,high,True,True,False,weak,,False,False,,B_moderate_silver
kap-morph-0023,sinabi,sinabi,sabi,s+in+abi,-in-,infixation,medium,True,True,True,strong,True,False,False,,A_strong_silver
kap-morph-0024,karelang,karelang,karelang,karelang,,function_word,high,True,False,False,weak,,False,False,,B_moderate_silver
kap-morph-0025,iti,iti,iti,iti,,function_word,high,True,True,False,strong,,False,False,,B_moderate_silver
kap-morph-0026,dapot,dapot,dapot,dapot,,function_word,high,True,True,True,strong,,False,False,,B_moderate_silver
kap-morph-0027,no,no,no,no,,clitic_or_function,high,True,True,False,strong,,True,False,,A_strong_silver
kap-morph-0028,lalaki,lalaki,laki,la~laki,la~,reduplication,medium,True,False,False,weak,True,False,False,,B_moderate_silver
kap-morph-0029,karin,karin,karin,karin,,function_word,high,True,True,True,strong,,False,False,,B_moderate_silver
kap-morph-0030,kanaku,kanaku,kanaku,kanaku,,function_word,high,True,True,False,weak,,False,False,,B_moderate_silver
kap-morph-0031,kanakung,kanakung,kanakung,kanakung,,function_word,high,True,False,False,weak,,False,False,,B_moderate_silver
kap-morph-0032,keng,keng,keng,keng,,function_word,high,True,False,False,weak,,True,False,,A_strong_silver
kap-morph-0033,bang,bang,bang,bang,,function_word,high,True,False,False,weak,,False,False,,B_moderate_silver
kap-morph-0034,naman,naman,nam,nam+an,-an,suffixation,medium,True,False,False,weak,True,False,False,,B_moderate_silver
kap-morph-0035,ika,ika,ika,ika,,function_word,high,True,True,True,strong,,True,False,,A_strong_silver
kap-morph-0036,karela,karela,karela,karela,,function_word,high,True,True,False,weak,,False,False,,B_moderate_silver
kap-morph-0037,balayan,balayan,balay,balay+an,-an,suffixation,medium,True,False,False,strong,True,False,True,reconciliation found this exact surface independently attested as its own dictionary headword with no source evidence supporting further decomposition (do_not_promote_without_root_evidence),F_conflicts_with_reconciliation_evidence
kap-morph-0038,inya,inya,inya,inya,,function_word,high,True,False,True,strong,,False,False,,B_moderate_silver
kap-morph-0039,ko,ko,ko,ko,,function_word,high,True,True,False,weak,,False,False,,B_moderate_silver
kap-morph-0040,dalan,dalan,dal,dal+an,-an,suffixation,medium,True,False,False,weak,True,False,False,,B_moderate_silver
kap-morph-0041,de,de,de,de,,clitic_or_function,high,True,False,True,strong,,False,False,,B_moderate_silver
kap-morph-0042,itang,itang,itang,itang,,function_word,high,True,False,False,weak,,False,False,,B_moderate_silver
kap-morph-0043,arapan,arapan,arap,arap+an,-an,suffixation,medium,True,True,True,strong,True,False,False,,A_strong_silver
kap-morph-0044,maguing,maguing,uing,mag+uing,mag-,prefixation,medium,True,False,False,weak,True,False,False,,B_moderate_silver
kap-morph-0045,kanita,kanita,kanita,kanita,,function_word,high,True,True,False,strong,,True,False,,A_strong_silver
kap-morph-0046,aku,aku,aku,aku,,function_word,high,True,True,True,strong,,False,False,,B_moderate_silver
kap-morph-0047,babai,babai,bai,ba~bai,ba~,reduplication,medium,True,False,False,strong,True,False,False,,A_strong_silver
kap-morph-0048,mabilug,mabilug,bilug,ma+bilug,ma-,prefixation,medium,True,True,True,strong,True,False,False,,A_strong_silver
kap-morph-0049,uli,uli,uli,uli,,function_word,high,True,True,True,strong,,False,False,,B_moderate_silver
kap-morph-0050,pabustan,pabustan,bust,pa+bust+an,pa- + -an,circumfixation,medium,True,False,False,weak,True,False,False,,B_moderate_silver
kap-morph-0051,inyang,inyang,inyang,inyang,,function_word,high,True,False,False,weak,,False,False,,B_moderate_silver
kap-morph-0052,nala,nala,nala,nala,,clitic_or_function,high,True,False,False,weak,,False,False,,B_moderate_silver
kap-morph-0053,kapampangan,kapampangan,pampang,ka+pampang+an,ka- + -an,circumfixation,medium,True,False,False,weak,True,False,False,,B_moderate_silver
kap-morph-0054,manibat,manibat,ibat,man+ibat,man-,prefixation,medium,True,True,True,strong,True,False,False,,A_strong_silver
kap-morph-0055,kekayu,kekayu,kekayu,kekayu,,function_word,high,True,True,False,weak,,False,False,,B_moderate_silver
kap-morph-0056,babo,babo,babo,babo,,function_word,high,True,True,True,strong,,False,False,,B_moderate_silver
kap-morph-0057,kayu,kayu,kayu,kayu,,function_word,high,True,True,False,strong,,False,False,,B_moderate_silver
kap-morph-0058,makanian,makanian,nian,maka+nian,maka-,prefixation,medium,True,False,False,strong,True,False,True,reconciliation found this exact surface independently attested as its own dictionary headword with no source evidence supporting further decomposition (do_not_promote_without_root_evidence),F_conflicts_with_reconciliation_evidence
kap-morph-0059,ita,ita,ita,ita,,function_word,high,True,True,True,strong,,False,False,,B_moderate_silver
kap-morph-0060,oini,oini,oini,oini,,function_word,high,True,False,False,strong,,False,False,,B_moderate_silver
kap-morph-0061,ba,ba,ba,ba,,function_word,high,True,True,True,strong,,False,False,,B_moderate_silver
kap-morph-0062,ibat,ibat,ibat,ibat,,function_word,high,True,True,True,strong,,False,False,,B_moderate_silver
kap-morph-0063,detang,detang,detang,detang,,function_word,high,True,False,False,weak,,False,False,,B_moderate_silver
kap-morph-0064,ketang,ketang,ketang,ketang,,function_word,high,True,False,False,weak,,False,False,,B_moderate_silver
kap-morph-0065,sabian,sabian,sabi,sabi+an,-an,suffixation,medium,True,True,True,strong,True,False,False,,A_strong_silver
kap-morph-0066,marawak,marawak,rawak,ma+rawak,ma-,prefixation,medium,True,False,False,none,True,False,False,,B_moderate_silver
kap-morph-0067,wari,wari,wari,wari,,function_word,high,True,True,True,weak,,False,False,,B_moderate_silver
kap-morph-0068,panaun,panaun,naun,pa+naun,pa-,prefixation,medium,True,False,True,strong,True,False,False,,A_strong_silver
kap-morph-0069,matulid,matulid,tulid,ma+tulid,ma-,prefixation,medium,True,True,True,strong,True,False,False,,A_strong_silver
kap-morph-0070,ilang,ilang,ilang,ilang,,function_word,high,True,False,False,strong,,False,False,,B_moderate_silver
kap-morph-0071,binie,binie,bie,b+in+ie,-in-,infixation,medium,True,True,True,strong,True,False,False,,A_strong_silver
kap-morph-0072,dewakan,dewakan,dewak,dewak+an,-an,suffixation,medium,True,False,False,none,True,False,False,,B_moderate_silver
kap-morph-0073,libutad,libutad,libutad,libutad,,function_word,high,True,True,True,strong,,False,False,,B_moderate_silver
kap-morph-0074,kaya,kaya,kaya,kaya,,function_word,high,True,True,True,strong,,False,False,,B_moderate_silver
kap-morph-0075,deng,deng,deng,deng,,function_word,high,True,False,False,strong,,True,False,,A_strong_silver
kap-morph-0076,ini,ini,ini,ini,,function_word,high,True,True,False,strong,,False,False,,B_moderate_silver
kap-morph-0077,maragul,maragul,ragul,ma+ragul,ma-,prefixation,medium,True,True,False,strong,True,False,False,,A_strong_silver
kap-morph-0078,meguing,meguing,uing,meg+uing,meg-,prefixation,medium,True,False,False,weak,True,False,False,,B_moderate_silver
kap-morph-0079,kekeng,kekeng,keng,ke~keng,ke~,reduplication,medium,True,False,False,weak,True,False,True,reconciliation found this exact surface independently attested as its own dictionary headword with no source evidence supporting further decomposition (do_not_promote_without_root_evidence),F_conflicts_with_reconciliation_evidence
kap-morph-0080,manuknangan,manuknangan,uknang,man+uknang+an,man-; -an,prefixation+suffixation,medium,True,False,False,none,True,False,False,,B_moderate_silver
kap-morph-0081,ining,ining,ining,ining,,function_word,high,True,False,False,weak,,False,False,,B_moderate_silver
kap-morph-0082,depatan,depatan,depat,depat+an,-an,suffixation,medium,True,False,False,weak,True,False,False,,B_moderate_silver
kap-morph-0083,kapakaluluan,kapakaluluan,pakalulu,ka+pakalulu+an,ka- + -an,circumfixation,medium,True,False,False,weak,True,False,False,,B_moderate_silver
kap-morph-0084,daptan,daptan,dapt,dapt+an,-an,suffixation,medium,True,False,False,weak,True,False,False,,B_moderate_silver
kap-morph-0085,kanitang,kanitang,kanitang,kanitang,,function_word,high,True,False,False,weak,,False,False,,B_moderate_silver
kap-morph-0086,purian,purian,puri,puri+an,-an,suffixation,medium,True,False,True,strong,True,False,True,reconciliation found this exact surface independently attested as its own dictionary headword with no source evidence supporting further decomposition (do_not_promote_without_root_evidence),F_conflicts_with_reconciliation_evidence
kap-morph-0087,manatili,manatili,atili,man+atili,man-,prefixation,medium,True,False,False,none,True,False,False,,B_moderate_silver
kap-morph-0088,laman,laman,lam,lam+an,-an,suffixation,medium,True,False,False,weak,True,False,False,,B_moderate_silver
kap-morph-0089,ampon,ampon,ampon,ampon,,function_word,high,True,True,True,strong,,False,False,,B_moderate_silver
kap-morph-0090,katuliran,katuliran,tulir,ka+tulir+an,ka- + -an,circumfixation,medium,True,False,False,none,True,False,True,reconciliation found this exact surface independently attested as its own dictionary headword with no source evidence supporting further decomposition (do_not_promote_without_root_evidence),F_conflicts_with_reconciliation_evidence
kap-morph-0091,pasibayu,pasibayu,sibayu,pa+sibayu,pa-,prefixation,medium,True,False,False,none,True,False,False,,B_moderate_silver
kap-morph-0092,marangle,marangle,rangle,ma+rangle,ma-,prefixation,medium,True,False,False,none,True,False,False,,B_moderate_silver
kap-morph-0093,kautusan,kautusan,utus,ka+utus+an,ka- + -an,circumfixation,medium,True,True,True,strong,True,False,False,,A_strong_silver
kap-morph-0094,lalam,lalam,lalam,lalam,,function_word,high,True,True,True,strong,,False,False,,B_moderate_silver
kap-morph-0095,sikanan,sikanan,sikan,sikan+an,-an,suffixation,medium,True,True,False,strong,True,False,False,,A_strong_silver
kap-morph-0096,laban,laban,lab,lab+an,-an,suffixation,medium,True,False,False,weak,True,False,False,,B_moderate_silver
kap-morph-0097,panuanan,panuanan,nuan,pa+nuan+an,pa- + -an,circumfixation,medium,True,True,True,strong,True,False,False,,A_strong_silver
kap-morph-0098,binili,binili,bili,b+in+ili,-in-,infixation,medium,True,True,True,strong,True,False,False,,A_strong_silver
kap-morph-0099,dinatang,dinatang,datang,d+in+atang,-in-,infixation,medium,True,True,True,strong,True,False,False,,A_strong_silver
kap-morph-0100,ingatan,ingatan,ngat,i+ngat+an,i-; -an,prefixation+suffixation,medium,True,False,False,none,True,False,True,reconciliation found this exact surface independently attested as its own dictionary headword with no source evidence supporting further decomposition (do_not_promote_without_root_evidence),F_conflicts_with_reconciliation_evidence
kap-morph-0101,tuntunan,tuntunan,tuntun,tuntun+an,-an,suffixation,medium,True,False,True,strong,True,False,True,reconciliation found this exact surface independently attested as its own dictionary headword with no source evidence supporting further decomposition (do_not_promote_without_root_evidence),F_conflicts_with_reconciliation_evidence
kap-morph-0102,kawan,kawan,kaw,kaw+an,-an,suffixation,medium,True,False,False,weak,True,False,True,reconciliation found this exact surface independently attested as its own dictionary headword with no source evidence supporting further decomposition (do_not_promote_without_root_evidence),F_conflicts_with_reconciliation_evidence
kap-morph-0103,panalangin,panalangin,alangin,pan+alangin,pan-,prefixation,medium,True,False,False,none,True,False,False,,B_moderate_silver
kap-morph-0104,makananu,makananu,nanu,maka+nanu,maka-,prefixation,medium,True,True,True,strong,True,False,False,,A_strong_silver
kap-morph-0105,ikong,ikong,ikong,ikong,,function_word,high,True,False,False,weak,,False,False,,B_moderate_silver
kap-morph-0106,kapurian,kapurian,puri,ka+puri+an,ka- + -an,circumfixation,medium,True,False,True,strong,True,False,True,reconciliation found this exact surface independently attested as its own dictionary headword with no source evidence supporting further decomposition (do_not_promote_without_root_evidence),F_conflicts_with_reconciliation_evidence
kap-morph-0107,inia,inia,inia,inia,,function_word,high,True,False,False,weak,,False,False,,B_moderate_silver
kap-morph-0108,kasalanan,kasalanan,salan,ka+salan+an,ka- + -an,circumfixation,medium,True,False,False,none,True,False,False,,B_moderate_silver
kap-morph-0109,makanyan,makanyan,nyan,maka+nyan,maka-,prefixation,medium,True,False,False,strong,True,False,True,reconciliation found this exact surface independently attested as its own dictionary headword with no source evidence supporting further decomposition (do_not_promote_without_root_evidence),F_conflicts_with_reconciliation_evidence
kap-morph-0110,pamangan,pamangan,mang,pa+mang+an,pa- + -an,circumfixation,medium,True,True,False,weak,True,False,False,,A_strong_silver
kap-morph-0111,kaligtasan,kaligtasan,ligtas,ka+ligtas+an,ka- + -an,circumfixation,medium,True,True,False,strong,True,False,False,,A_strong_silver
kap-morph-0112,kamatayan,kamatayan,matay,ka+matay+an,ka- + -an,circumfixation,medium,True,False,False,none,True,False,False,,B_moderate_silver
kap-morph-0113,kinua,kinua,kua,k+in+ua,-in-,infixation,medium,True,False,False,weak,True,False,False,,B_moderate_silver
kap-morph-0114,mangatua,mangatua,atua,mang+atua,mang-,prefixation,medium,True,False,False,weak,True,False,False,,B_moderate_silver
kap-morph-0115,pakiramdaman,pakiramdaman,kiramdam,pa+kiramdam+an,pa- + -an,circumfixation,medium,True,False,False,none,True,False,True,"existing v2/v4 analysis already accepts root 'PAKIRAMDAM' (segments 'PAKIRAMDAM + AN') for this exact surface, not 'kiramdam'",F_conflicts_with_reconciliation_evidence
kap-morph-0116,karetang,karetang,karetang,karetang,,function_word,high,True,False,False,weak,,False,False,,B_moderate_silver
kap-morph-0117,bulan,bulan,bul,bul+an,-an,suffixation,medium,True,False,False,none,True,False,False,,B_moderate_silver
kap-morph-0118,kaniti,kaniti,kaniti,kaniti,,function_word,high,True,False,False,weak,,False,False,,B_moderate_silver
kap-morph-0119,misan,misan,mis,mis+an,-an,suffixation,medium,True,True,False,strong,True,False,False,,A_strong_silver
kap-morph-0120,wanan,wanan,wan,wan+an,-an,suffixation,medium,True,False,False,weak,True,False,False,,B_moderate_silver
kap-morph-0121,malyari,malyari,lyari,ma+lyari,ma-,prefixation,medium,True,False,False,none,True,False,False,,B_moderate_silver
kap-morph-0122,pamamilatan,pamamilatan,mamilat,pa+mamilat+an,pa- + -an,circumfixation,medium,True,False,False,none,True,False,False,,B_moderate_silver
kap-morph-0123,pekapun,pekapun,kapun,pe+kapun,pe-,prefixation,medium,True,True,False,weak,False,False,False,,C_weak_needs_review
kap-morph-0124,pitung,pitung,tung,pi+tung,pi-,prefixation,medium,True,True,False,strong,True,False,False,,A_strong_silver
kap-morph-0125,tutu,tutu,tu,tu~tu,tu~,reduplication,medium,True,False,False,weak,True,False,False,,B_moderate_silver
kap-morph-0126,kayanakan,kayanakan,yanak,ka+yanak+an,ka- + -an,circumfixation,medium,True,False,False,none,True,False,False,,B_moderate_silver
kap-morph-0127,lalaking,lalaking,laking,la~laking,la~,reduplication,medium,True,False,False,weak,True,False,False,,B_moderate_silver
kap-morph-0128,kaluguran,kaluguran,lugur,ka+lugur+an,ka- + -an,circumfixation,medium,True,False,False,none,True,False,False,,B_moderate_silver
kap-morph-0129,pablasang,pablasang,blasang,pa+blasang,pa-,prefixation,medium,True,False,False,none,True,False,False,,B_moderate_silver
kap-morph-0130,sisuan,sisuan,sisu,sisu+an,-an,suffixation,medium,True,False,False,none,True,False,False,,B_moderate_silver
kap-morph-0131,tatakut,tatakut,takut,ta~takut,ta~,reduplication,medium,True,True,True,strong,True,False,False,,A_strong_silver
kap-morph-0132,tipan,tipan,tip,tip+an,-an,suffixation,medium,True,False,False,weak,True,False,True,reconciliation found this exact surface independently attested as its own dictionary headword with no source evidence supporting further decomposition (do_not_promote_without_root_evidence),F_conflicts_with_reconciliation_evidence
kap-morph-0133,ikang,ikang,ikang,ikang,,function_word,high,True,False,False,weak,,False,False,,B_moderate_silver
kap-morph-0134,katutuan,katutuan,tutu,ka+tutu+an,ka- + -an,circumfixation,medium,True,True,True,weak,True,False,False,,A_strong_silver
kap-morph-0135,malyaring,malyaring,lyaring,ma+lyaring,ma-,prefixation,medium,True,False,False,none,True,False,False,,B_moderate_silver
kap-morph-0136,tinape,tinape,tape,t+in+ape,-in-,infixation,medium,True,False,False,weak,True,False,False,,B_moderate_silver
kap-morph-0137,maiguit,maiguit,iguit,ma+iguit,ma-,prefixation,medium,True,False,True,weak,True,False,False,,B_moderate_silver
kap-morph-0138,magkang,magkang,kang,mag+kang,mag-,prefixation,medium,True,True,False,weak,True,False,False,,A_strong_silver
kap-morph-0139,pasbul,pasbul,sbul,pa+sbul,pa-,prefixation,medium,True,False,False,none,True,False,False,,B_moderate_silver
kap-morph-0140,sasabian,sasabian,sabi,sa~sabi+an,sa~; -an,reduplication+suffixation,medium,True,True,True,strong,True,False,False,,A_strong_silver
kap-morph-0141,gawan,gawan,gaw,gaw+an,-an,suffixation,medium,True,False,False,none,True,False,False,,B_moderate_silver
kap-morph-0142,maniabi,maniabi,iabi,man+iabi,man-,prefixation,medium,True,False,False,none,True,False,False,,B_moderate_silver
kap-morph-0143,sinta,sinta,sta,s+in+ta,-in-,infixation,medium,True,False,False,weak,True,False,False,,B_moderate_silver
kap-morph-0144,dinan,dinan,dan,d+in+an,-in-,infixation,medium,True,False,True,strong,True,False,True,"existing v2/v4 analysis already accepts root 'Din' (segments 'Din + an') for this exact surface, not 'dan'",F_conflicts_with_reconciliation_evidence
kap-morph-0145,miniabi,miniabi,miabi,m+in+iabi,-in-,infixation,medium,True,False,False,none,True,False,False,,B_moderate_silver
kap-morph-0146,linual,linual,lual,l+in+ual,-in-,infixation,medium,True,True,True,strong,True,False,False,,A_strong_silver
kap-morph-0147,pasalamat,pasalamat,salamat,pa+salamat,pa-,prefixation,medium,True,True,True,strong,True,False,False,,A_strong_silver
kap-morph-0148,pasbulan,pasbulan,sbul,pa+sbul+an,pa- + -an,circumfixation,medium,True,False,False,none,True,False,True,"existing v2/v4 analysis already accepts root 'pasbul' (segments 'pasbul + an') for this exact surface, not 'sbul'",F_conflicts_with_reconciliation_evidence
kap-morph-0149,babaing,babaing,baing,ba~baing,ba~,reduplication,medium,True,False,False,weak,True,False,False,,B_moderate_silver
kap-morph-0150,kabaldugan,kabaldugan,baldug,ka+baldug+an,ka- + -an,circumfixation,medium,True,True,True,strong,True,False,True,"existing v2/v4 analysis already accepts root 'BALDUGAN' (segments 'KA + BALDUGAN') for this exact surface, not 'baldug'",F_conflicts_with_reconciliation_evidence
kap-morph-0151,mangan,mangan,ngan,ma+ngan,ma-,prefixation,medium,True,True,False,strong,True,False,False,,A_strong_silver
kap-morph-0152,nangan,nangan,nang,nang+an,-an,suffixation,medium,True,True,False,strong,True,False,False,,A_strong_silver
kap-morph-0153,binang,binang,bang,b+in+ang,-in-,infixation,medium,True,False,False,weak,True,False,False,,B_moderate_silver
kap-morph-0154,dinalan,dinalan,dalan,d+in+alan,-in-,infixation,medium,True,True,True,strong,True,False,False,,A_strong_silver
kap-morph-0155,canaan,canaan,cana,cana+an,-an,suffixation,medium,True,False,False,strong,True,False,True,reconciliation found this exact surface independently attested as its own dictionary headword with no source evidence supporting further decomposition (do_not_promote_without_root_evidence),F_conflicts_with_reconciliation_evidence
kap-morph-0156,pekabuntuk,pekabuntuk,kabuntuk,pe+kabuntuk,pe-,prefixation,medium,True,False,False,weak,False,False,False,,C_weak_needs_review
kap-morph-0157,larawan,larawan,laraw,laraw+an,-an,suffixation,medium,True,False,False,none,True,False,False,,B_moderate_silver
kap-morph-0158,maging,maging,ging,ma+ging,ma-,prefixation,medium,True,False,False,weak,True,False,True,"existing v2/v4 analysis already accepts root 'ING' (segments 'MAG + ING') for this exact surface, not 'ging'",F_conflicts_with_reconciliation_evidence
kap-morph-0159,menuknangan,menuknangan,uknang,men+uknang+an,men-; -an,prefixation+suffixation,medium,True,False,False,none,True,False,False,,B_moderate_silver
kap-morph-0160,pibandian,pibandian,bandi,pi+bandi+an,pi-; -an,prefixation+suffixation,medium,True,True,True,strong,True,False,False,,A_strong_silver
kap-morph-0161,pagamuamu,pagamuamu,gamuamu,pa+gamuamu,pa-,prefixation,medium,True,False,False,none,True,False,False,,B_moderate_silver
kap-morph-0162,kapayapan,kapayapan,payap,ka+payap+an,ka- + -an,circumfixation,medium,True,False,False,none,True,False,False,,B_moderate_silver
kap-morph-0163,makapatulug,makapatulug,tulug,makapa+tulug,makapa-,prefixation,medium,True,False,True,none,False,False,False,,C_weak_needs_review
kap-morph-0164,tinalakad,tinalakad,talakad,t+in+alakad,-in-,infixation,medium,True,True,True,strong,True,False,False,,A_strong_silver
kap-morph-0165,manaya,manaya,naya,ma+naya,ma-,prefixation,medium,True,False,True,strong,True,False,False,,A_strong_silver
kap-morph-0166,marayu,marayu,rayu,ma+rayu,ma-,prefixation,medium,True,False,False,none,True,False,False,,B_moderate_silver
kap-morph-0167,pangane,pangane,gane,pan+gane,pan-,prefixation,medium,True,False,False,none,True,False,True,"existing v2/v4 analysis already accepts root 'Panga' (segments 'Panga + ne') for this exact surface, not 'gane'",F_conflicts_with_reconciliation_evidence
kap-morph-0168,tumula,tumula,tula,t+um+ula,-um-,infixation,medium,True,False,True,strong,True,False,True,reconciliation found this exact surface independently attested as its own dictionary headword with no source evidence supporting further decomposition (do_not_promote_without_root_evidence),F_conflicts_with_reconciliation_evidence
kap-morph-0169,bandian,bandian,bandi,bandi+an,-an,suffixation,medium,True,True,True,strong,True,False,False,,A_strong_silver
kap-morph-0170,dinapat,dinapat,dapat,d+in+apat,-in-,infixation,medium,True,True,True,strong,True,False,False,,A_strong_silver
kap-morph-0171,makapagmulala,makapagmulala,mulala,makapag+mulala,makapag-,prefixation,medium,True,True,True,strong,True,False,False,,A_strong_silver
kap-morph-0172,tuparan,tuparan,tupar,tupar+an,-an,suffixation,medium,True,False,False,none,True,False,False,,B_moderate_silver
kap-morph-0173,angganan,angganan,anggan,anggan+an,-an,suffixation,medium,True,False,False,weak,True,False,True,reconciliation found this exact surface independently attested as its own dictionary headword with no source evidence supporting further decomposition (do_not_promote_without_root_evidence),F_conflicts_with_reconciliation_evidence
kap-morph-0174,kasakitan,kasakitan,sakit,ka+sakit+an,ka- + -an,circumfixation,medium,True,True,True,strong,True,False,False,,A_strong_silver
kap-morph-0175,malagu,malagu,lagu,ma+lagu,ma-,prefixation,medium,True,True,False,strong,True,False,False,,A_strong_silver
kap-morph-0176,minuna,minuna,muna,m+in+una,-in-,infixation,medium,True,False,True,strong,True,False,True,reconciliation found this exact surface independently attested as its own dictionary headword with no source evidence supporting further decomposition (do_not_promote_without_root_evidence),F_conflicts_with_reconciliation_evidence
kap-morph-0177,linub,linub,lub,l+in+ub,-in-,infixation,medium,True,True,True,strong,True,False,False,,A_strong_silver
kap-morph-0178,malugud,malugud,lugud,ma+lugud,ma-,prefixation,medium,True,True,True,strong,True,False,False,,A_strong_silver
kap-morph-0179,manalig,manalig,alig,man+alig,man-,prefixation,medium,True,False,True,none,True,False,False,,B_moderate_silver
kap-morph-0180,dininan,dininan,dinan,d+in+inan,-in-,infixation,medium,True,False,False,weak,True,False,False,,B_moderate_silver
kap-morph-0181,jordan,jordan,jord,jord+an,-an,suffixation,medium,True,False,False,none,True,False,False,,B_moderate_silver
kap-morph-0182,masikan,masikan,sikan,ma+sikan,ma-,prefixation,medium,True,True,False,strong,True,False,False,,A_strong_silver
kap-morph-0183,paninap,paninap,inap,pan+inap,pan-,prefixation,medium,True,False,False,none,True,False,False,,B_moderate_silver
kap-morph-0184,tanaman,tanaman,tanam,tanam+an,-an,suffixation,medium,True,True,True,strong,True,False,False,,A_strong_silver
kap-morph-0185,manakit,manakit,akit,man+akit,man-,prefixation,medium,True,True,True,strong,True,False,False,,A_strong_silver
kap-morph-0186,bunduk-bundukan,bunduk-bundukan,bunduk-bunduk,bunduk-bunduk+an,-an,suffixation,medium,True,False,False,none,True,False,False,,B_moderate_silver
kap-morph-0187,damdaman,damdaman,damdam,damdam+an,-an,suffixation,medium,True,True,True,strong,True,False,False,,A_strong_silver
kap-morph-0188,lawan,lawan,law,law+an,-an,suffixation,medium,True,False,False,weak,True,False,False,,B_moderate_silver
kap-morph-0189,ninumang,ninumang,numang,n+in+umang,-in-,infixation,medium,True,False,False,none,True,False,False,,B_moderate_silver
kap-morph-0190,gagawan,gagawan,gawan,ga~gawan,ga~,reduplication,medium,True,False,True,weak,True,False,False,,B_moderate_silver
kap-morph-0191,mangaragul,mangaragul,aragul,mang+aragul,mang-,prefixation,medium,True,False,False,weak,True,False,False,,B_moderate_silver
kap-morph-0192,menganak,menganak,anak,meng+anak,meng-,prefixation,medium,True,True,True,strong,True,False,False,,A_strong_silver
kap-morph-0193,penganak,penganak,nganak,pe+nganak,pe-,prefixation,medium,True,False,False,none,False,False,False,,C_weak_needs_review
kap-morph-0194,ganakan,ganakan,ganak,ganak+an,-an,suffixation,medium,True,False,False,none,True,False,False,,B_moderate_silver
kap-morph-0195,kuanan,kuanan,kuan,kuan+an,-an,suffixation,medium,True,False,False,weak,True,False,False,,B_moderate_silver
kap-morph-0196,makapayan,makapayan,payan,maka+payan,maka-,prefixation,medium,True,False,False,none,True,False,False,,B_moderate_silver
kap-morph-0197,masanting,masanting,santing,ma+santing,ma-,prefixation,medium,True,True,True,strong,True,False,False,,A_strong_silver
kap-morph-0198,menibatan,menibatan,ibat,men+ibat+an,men-; -an,prefixation+suffixation,medium,True,True,True,strong,True,False,False,,A_strong_silver
kap-morph-0199,leguan,leguan,legu,legu+an,-an,suffixation,medium,True,False,False,none,True,False,False,,B_moderate_silver
kap-morph-0200,ninung,ninung,nung,n+in+ung,-in-,infixation,medium,True,True,True,strong,True,False,False,,A_strong_silver
kap-morph-0201,daraptan,daraptan,darapt,darapt+an,-an,suffixation,medium,True,False,False,none,True,False,False,,B_moderate_silver
kap-morph-0202,magsaya,magsaya,saya,mag+saya,mag-,prefixation,medium,True,False,True,strong,True,False,False,,A_strong_silver
kap-morph-0203,manintun,manintun,intun,man+intun,man-,prefixation,medium,True,True,False,none,True,False,False,,A_strong_silver
kap-morph-0204,panintunan,panintunan,nintun,pa+nintun+an,pa- + -an,circumfixation,medium,True,False,False,none,True,False,True,"existing v2/v4 analysis already accepts root 'intun' (segments 'Pan + intun + an') for this exact surface, not 'nintun'",F_conflicts_with_reconciliation_evidence
kap-morph-0205,aslagan,aslagan,aslag,aslag+an,-an,suffixation,medium,True,False,True,strong,True,False,False,,A_strong_silver
kap-morph-0206,lelangan,lelangan,lelang,lelang+an,-an,suffixation,medium,True,False,False,weak,True,False,False,,B_moderate_silver
kap-morph-0207,linigtas,linigtas,ligtas,l+in+igtas,-in-,infixation,medium,True,True,False,strong,True,False,False,,A_strong_silver
kap-morph-0208,palsintan,palsintan,lsint,pa+lsint+an,pa- + -an,circumfixation,medium,True,False,False,none,True,False,False,,B_moderate_silver
kap-morph-0209,nune,nune,nune,nune,,function_word,high,True,True,False,weak,,False,False,,B_moderate_silver
kap-morph-0210,pepanuanan,pepanuanan,panuan,pe+panuan+an,pe-; -an,prefixation+suffixation,medium,True,False,False,weak,False,False,False,,C_weak_needs_review
kap-morph-0211,sugatan,sugatan,sugat,sugat+an,-an,suffixation,medium,True,True,True,strong,True,False,False,,A_strong_silver
kap-morph-0212,sumpa,sumpa,spa,s+um+pa,-um-,infixation,medium,True,False,False,weak,True,False,False,,B_moderate_silver
kap-morph-0213,kanuanan,kanuanan,nuan,ka+nuan+an,ka- + -an,circumfixation,medium,True,True,True,strong,True,False,False,,A_strong_silver
kap-morph-0214,katapatan,katapatan,tapat,ka+tapat+an,ka- + -an,circumfixation,medium,True,False,True,strong,True,False,True,reconciliation found this exact surface independently attested as its own dictionary headword with no source evidence supporting further decomposition (do_not_promote_without_root_evidence),F_conflicts_with_reconciliation_evidence
kap-morph-0215,luklukan,luklukan,lukluk,lukluk+an,-an,suffixation,medium,True,True,True,strong,True,False,False,,A_strong_silver
kap-morph-0216,parang,parang,rang,pa+rang,pa-,prefixation,medium,True,False,False,weak,True,False,True,reconciliation found this exact surface independently attested as its own dictionary headword with no source evidence supporting further decomposition (do_not_promote_without_root_evidence),F_conflicts_with_reconciliation_evidence
kap-morph-0217,patutu,patutu,tutu,pa+tutu,pa-,prefixation,medium,True,True,True,weak,True,False,False,,A_strong_silver
kap-morph-0218,sinampa,sinampa,sampa,s+in+ampa,-in-,infixation,medium,True,True,False,strong,True,False,False,,A_strong_silver
kap-morph-0219,kawatasan,kawatasan,watas,ka+watas+an,ka- + -an,circumfixation,medium,True,False,False,weak,True,False,False,,B_moderate_silver
kap-morph-0220,malapit,malapit,lapit,ma+lapit,ma-,prefixation,medium,True,True,True,strong,True,False,False,,A_strong_silver
kap-morph-0221,maligaya,maligaya,ligaya,ma+ligaya,ma-,prefixation,medium,True,False,True,strong,True,False,True,reconciliation found this exact surface independently attested as its own dictionary headword with no source evidence supporting further decomposition (do_not_promote_without_root_evidence),F_conflicts_with_reconciliation_evidence
kap-morph-0222,menakit,menakit,akit,men+akit,men-,prefixation,medium,True,True,True,strong,True,False,False,,A_strong_silver
kap-morph-0223,matibe,matibe,tibe,ma+tibe,ma-,prefixation,medium,True,True,True,strong,True,False,False,,A_strong_silver
kap-morph-0224,patayan,patayan,tayan,pa+tayan,pa-,prefixation,medium,True,False,False,weak,True,False,True,reconciliation found this exact surface independently attested as its own dictionary headword with no source evidence supporting further decomposition (do_not_promote_without_root_evidence),F_conflicts_with_reconciliation_evidence
kap-morph-0225,tuknangan,tuknangan,tuknang,tuknang+an,-an,suffixation,medium,True,True,True,strong,True,False,False,,A_strong_silver
kap-morph-0226,kabiasnan,kabiasnan,biasn,ka+biasn+an,ka- + -an,circumfixation,medium,True,False,False,none,True,False,False,,B_moderate_silver
kap-morph-0227,kinanua,kinanua,kanua,k+in+anua,-in-,infixation,medium,True,False,False,none,True,False,False,,B_moderate_silver
kap-morph-0228,ausan,ausan,aus,aus+an,-an,suffixation,medium,True,True,False,strong,True,False,False,,A_strong_silver
kap-morph-0229,daralan,daralan,daral,daral+an,-an,suffixation,medium,True,False,False,weak,True,False,False,,B_moderate_silver
kap-morph-0230,linapit,linapit,lapit,l+in+apit,-in-,infixation,medium,True,True,True,strong,True,False,False,,A_strong_silver
kap-morph-0231,lipulan,lipulan,lipul,lipul+an,-an,suffixation,medium,True,False,True,none,True,False,True,reconciliation found this exact surface independently attested as its own dictionary headword with no source evidence supporting further decomposition (do_not_promote_without_root_evidence),F_conflicts_with_reconciliation_evidence
kap-morph-0232,makatalakad,makatalakad,talakad,maka+talakad,maka-,prefixation,medium,True,True,True,strong,True,False,False,,A_strong_silver
kap-morph-0233,pamanalastas,pamanalastas,nalastas,pama+nalastas,pama-,prefixation,medium,True,False,False,none,False,False,True,"existing v2/v4 analysis already accepts root 'manalastas' (segments 'pa + manalastas') for this exact surface, not 'nalastas'",F_conflicts_with_reconciliation_evidence
kap-morph-0234,panimanman,panimanman,nimanm,pa+nimanm+an,pa- + -an,circumfixation,medium,True,False,False,none,True,False,True,reconciliation found this exact surface independently attested as its own dictionary headword with no source evidence supporting further decomposition (do_not_promote_without_root_evidence),F_conflicts_with_reconciliation_evidence
kap-morph-0235,babayi,babayi,bayi,ba~bayi,ba~,reduplication,medium,True,False,True,strong,True,False,False,,A_strong_silver
kap-morph-0236,kailangan,kailangan,ilang,ka+ilang+an,ka- + -an,circumfixation,medium,True,False,False,strong,True,False,False,,A_strong_silver
kap-morph-0237,kaligaligan,kaligaligan,ligalig,ka+ligalig+an,ka- + -an,circumfixation,medium,True,False,True,strong,True,False,True,reconciliation found this exact surface independently attested as its own dictionary headword with no source evidence supporting further decomposition (do_not_promote_without_root_evidence),F_conflicts_with_reconciliation_evidence
kap-morph-0238,lalakad,lalakad,lakad,la~lakad,la~,reduplication,medium,True,True,True,strong,True,False,False,,A_strong_silver
kap-morph-0239,makatua,makatua,katua,ma+katua,ma-,prefixation,medium,True,False,False,weak,True,False,False,,B_moderate_silver
kap-morph-0240,manibatan,manibatan,ibat,man+ibat+an,man-; -an,prefixation+suffixation,medium,True,True,True,strong,True,False,True,"existing v2/v4 analysis already accepts root 'Manibat' (segments 'Manibat + an') for this exact surface, not 'ibat'",F_conflicts_with_reconciliation_evidence
kap-morph-0241,timan,timan,tim,tim+an,-an,suffixation,medium,True,False,False,weak,True,False,False,,B_moderate_silver
kap-morph-0242,binye,binye,bye,b+in+ye,-in-,infixation,medium,True,True,False,strong,True,False,False,,A_strong_silver
kap-morph-0243,makiramdam,makiramdam,kiramdam,ma+kiramdam,ma-,prefixation,medium,True,False,False,none,True,False,False,,B_moderate_silver
kap-morph-0244,pekiramdaman,pekiramdaman,kiramdam,pe+kiramdam+an,pe-; -an,prefixation+suffixation,medium,True,False,False,none,False,False,False,,C_weak_needs_review
kap-morph-0245,pepakit,pepakit,pakit,pe+pakit,pe-,prefixation,medium,True,False,False,strong,False,False,False,,C_weak_needs_review
kap-morph-0246,sangkan,sangkan,sangk,sangk+an,-an,suffixation,medium,True,False,False,none,True,False,False,,B_moderate_silver
kap-morph-0247,tata,tata,ta,ta~ta,ta~,reduplication,medium,True,True,True,strong,True,False,False,,A_strong_silver
kap-morph-0248,legwan,legwan,legw,legw+an,-an,suffixation,medium,True,False,False,none,True,False,False,,B_moderate_silver
kap-morph-0249,linto,linto,lto,l+in+to,-in-,infixation,medium,True,False,False,none,True,False,False,,B_moderate_silver
kap-morph-0250,matula,matula,tula,ma+tula,ma-,prefixation,medium,True,False,True,strong,True,False,True,reconciliation found this exact surface independently attested as its own dictionary headword with no source evidence supporting further decomposition (do_not_promote_without_root_evidence),F_conflicts_with_reconciliation_evidence
kap-morph-0251,miguising,miguising,uising,mig+uising,mig-,prefixation,medium,True,False,False,none,True,False,False,,B_moderate_silver
kap-morph-0252,pakalulu,pakalulu,kalulu,pa+kalulu,pa-,prefixation,medium,True,False,True,strong,True,False,True,reconciliation found this exact surface independently attested as its own dictionary headword with no source evidence supporting further decomposition (do_not_promote_without_root_evidence),F_conflicts_with_reconciliation_evidence
kap-morph-0253,penandit,penandit,nandit,pe+nandit,pe-,prefixation,medium,True,False,False,none,False,False,False,,C_weak_needs_review
kap-morph-0254,tutung,tutung,tung,tu~tung,tu~,reduplication,medium,True,True,False,strong,True,False,True,reconciliation found this exact surface independently attested as its own dictionary headword with no source evidence supporting further decomposition (do_not_promote_without_root_evidence),F_conflicts_with_reconciliation_evidence
kap-morph-0255,kanan,kanan,kan,kan+an,-an,suffixation,medium,True,True,True,strong,True,False,False,,A_strong_silver
kap-morph-0256,luguran,luguran,lugur,lugur+an,-an,suffixation,medium,True,False,False,none,True,False,False,,B_moderate_silver
kap-morph-0257,magsantung,magsantung,santung,mag+santung,mag-,prefixation,medium,True,True,False,strong,True,False,False,,A_strong_silver
kap-morph-0258,makananung,makananung,nanung,maka+nanung,maka-,prefixation,medium,True,False,False,weak,True,False,False,,B_moderate_silver
kap-morph-0259,matudtud,matudtud,tudtud,ma+tudtud,ma-,prefixation,medium,True,True,True,strong,True,False,False,,A_strong_silver
kap-morph-0260,mumuna,mumuna,muna,m+um+una,-um-,infixation,medium,True,False,True,strong,True,False,True,reconciliation found this exact surface independently attested as its own dictionary headword with no source evidence supporting further decomposition (do_not_promote_without_root_evidence),F_conflicts_with_reconciliation_evidence
kap-morph-0261,kaisipan,kaisipan,isip,ka+isip+an,ka- + -an,circumfixation,medium,True,True,True,strong,True,False,False,,A_strong_silver
kap-morph-0262,lele,lele,le,le~le,le~,reduplication,medium,True,False,True,strong,True,False,False,,A_strong_silver
kap-morph-0263,makapangilabut,makapangilabut,ngilabut,makapa+ngilabut,makapa-,prefixation,medium,True,False,False,none,False,False,False,,C_weak_needs_review
kap-morph-0264,mamangan,mamangan,mang,ma~mang+an,ma~; -an,reduplication+suffixation,medium,True,True,False,weak,True,False,True,"existing v2/v4 analysis already accepts root 'mangan' (segments 'Ma + mangan') for this exact surface, not 'mang'",F_conflicts_with_reconciliation_evidence
kap-morph-0265,menibat,menibat,ibat,men+ibat,men-,prefixation,medium,True,True,True,strong,True,False,False,,A_strong_silver
kap-morph-0266,mitagan,mitagan,mitag,mitag+an,-an,suffixation,medium,True,False,False,none,True,False,False,,B_moderate_silver
kap-morph-0267,pinili,pinili,pili,p+in+ili,-in-,infixation,medium,True,True,True,strong,True,False,False,,A_strong_silver
kap-morph-0268,sintang,sintang,stang,s+in+tang,-in-,infixation,medium,True,False,False,none,True,False,True,reconciliation found this exact surface independently attested as its own dictionary headword with no source evidence supporting further decomposition (do_not_promote_without_root_evidence),F_conflicts_with_reconciliation_evidence
kap-morph-0269,kayatulan,kayatulan,yatul,ka+yatul+an,ka- + -an,circumfixation,medium,True,False,False,weak,True,False,False,,B_moderate_silver
kap-morph-0270,kinuldas,kinuldas,kuldas,k+in+uldas,-in-,infixation,medium,True,True,True,strong,True,False,False,,A_strong_silver
kap-morph-0271,lumakad,lumakad,lakad,l+um+akad,-um-,infixation,medium,True,True,True,strong,True,False,False,,A_strong_silver
kap-morph-0272,magdala,magdala,dala,mag+dala,mag-,prefixation,medium,True,True,True,strong,True,False,False,,A_strong_silver
kap-morph-0273,makanianman,makanianman,nianm,maka+nianm+an,maka-; -an,prefixation+suffixation,medium,True,False,False,none,True,False,False,,B_moderate_silver
kap-morph-0274,malinis,malinis,linis,ma+linis,ma-,prefixation,medium,True,True,True,strong,True,False,False,,A_strong_silver
kap-morph-0275,pemalaguiuwan,pemalaguiuwan,malaguiuw,pe+malaguiuw+an,pe-; -an,prefixation+suffixation,medium,True,False,False,none,False,False,False,,C_weak_needs_review
kap-morph-0276,pilinan,pilinan,linan,pi+linan,pi-,prefixation,medium,True,False,False,weak,True,False,False,,B_moderate_silver
kap-morph-0277,sabyan,sabyan,saby,saby+an,-an,suffixation,medium,True,False,False,none,True,False,False,,B_moderate_silver
kap-morph-0278,sinulat,sinulat,sulat,s+in+ulat,-in-,infixation,medium,True,True,True,strong,True,False,False,,A_strong_silver
kap-morph-0279,tumakut,tumakut,takut,t+um+akut,-um-,infixation,medium,True,True,True,strong,True,False,False,,A_strong_silver
kap-morph-0280,atulan,atulan,atul,atul+an,-an,suffixation,medium,True,True,True,strong,True,False,False,,A_strong_silver
kap-morph-0281,basan,basan,bas,bas+an,-an,suffixation,medium,True,False,False,weak,True,False,False,,B_moderate_silver
kap-morph-0282,beluan,beluan,belu,belu+an,-an,suffixation,medium,True,False,False,weak,True,False,False,,B_moderate_silver
kap-morph-0283,durulukan,durulukan,duruluk,duruluk+an,-an,suffixation,medium,True,False,False,weak,True,False,False,,B_moderate_silver
kap-morph-0284,kutkutan,kutkutan,kutkut,kutkut+an,-an,suffixation,medium,True,True,True,strong,True,False,False,,A_strong_silver
kap-morph-0285,likwan,likwan,likw,likw+an,-an,suffixation,medium,True,False,False,none,True,False,False,,B_moderate_silver
kap-morph-0286,maluka,maluka,luka,ma+luka,ma-,prefixation,medium,True,False,True,strong,True,False,True,reconciliation found this exact surface independently attested as its own dictionary headword with no source evidence supporting further decomposition (do_not_promote_without_root_evidence),F_conflicts_with_reconciliation_evidence
kap-morph-0287,masaya,masaya,saya,ma+saya,ma-,prefixation,medium,True,False,True,strong,True,False,False,,A_strong_silver
kap-morph-0288,paburen,paburen,buren,pa+buren,pa-,prefixation,medium,True,False,False,strong,True,False,False,,A_strong_silver
kap-morph-0289,tinakas,tinakas,takas,t+in+akas,-in-,infixation,medium,True,True,True,strong,True,False,False,,A_strong_silver
kap-morph-0290,tinas,tinas,tas,t+in+as,-in-,infixation,medium,True,True,True,strong,True,False,False,,A_strong_silver
kap-morph-0291,apat,apat,apat,apat,,function_word,high,True,True,True,strong,,False,False,,B_moderate_silver
kap-morph-0292,kalalaman,kalalaman,lalam,ka+lalam+an,ka- + -an,circumfixation,medium,True,True,True,strong,True,False,False,,A_strong_silver
kap-morph-0293,linawe,linawe,lawe,l+in+awe,-in-,infixation,medium,True,False,True,strong,True,False,True,reconciliation found this exact surface independently attested as its own dictionary headword with no source evidence supporting further decomposition (do_not_promote_without_root_evidence),F_conflicts_with_reconciliation_evidence
kap-morph-0294,lulual,lulual,lual,lu~lual,lu~,reduplication,medium,True,True,True,strong,True,False,False,,A_strong_silver
kap-morph-0295,makapamisan,makapamisan,misan,makapa+misan,makapa-,prefixation,medium,True,False,True,strong,False,False,False,,C_weak_needs_review
kap-morph-0296,mumunang,mumunang,munang,m+um+unang,-um-,infixation,medium,True,False,False,weak,True,False,False,,B_moderate_silver
kap-morph-0297,pakibatan,pakibatan,kibat,pa+kibat+an,pa- + -an,circumfixation,medium,True,False,False,none,True,False,True,"existing v2/v4 analysis already accepts root 'Pakibat' (segments 'Pakibat + an') for this exact surface, not 'kibat'",F_conflicts_with_reconciliation_evidence
kap-morph-0298,santungan,santungan,santung,santung+an,-an,suffixation,medium,True,True,False,strong,True,False,False,,A_strong_silver
kap-morph-0299,keraklan,keraklan,kerakl,kerakl+an,-an,suffixation,medium,True,False,False,none,True,False,False,,B_moderate_silver
kap-morph-0300,macanian,macanian,cani,ma+cani+an,ma-; -an,prefixation+suffixation,medium,True,False,False,none,True,False,False,,B_moderate_silver
kap-morph-0301,malagung,malagung,lagung,ma+lagung,ma-,prefixation,medium,True,False,False,weak,True,False,False,,B_moderate_silver
kap-morph-0302,maranun,maranun,ranun,ma+ranun,ma-,prefixation,medium,True,True,False,none,True,False,False,,A_strong_silver
kap-morph-0303,mawala,mawala,wala,ma+wala,ma-,prefixation,medium,True,False,True,strong,True,False,True,reconciliation found this exact surface independently attested as its own dictionary headword with no source evidence supporting further decomposition (do_not_promote_without_root_evidence),F_conflicts_with_reconciliation_evidence
kap-morph-0304,pagkeran,pagkeran,gker,pa+gker+an,pa- + -an,circumfixation,medium,True,False,False,none,True,False,False,,B_moderate_silver
kap-morph-0305,pamanyampa,pamanyampa,nyampa,pama+nyampa,pama-,prefixation,medium,True,False,False,none,False,False,False,,C_weak_needs_review
kap-morph-0306,panayan,panayan,ayan,pan+ayan,pan-,prefixation,medium,True,True,True,strong,True,False,True,reconciliation found this exact surface independently attested as its own dictionary headword with no source evidence supporting further decomposition (do_not_promote_without_root_evidence),F_conflicts_with_reconciliation_evidence
kap-morph-0307,pilatan,pilatan,latan,pi+latan,pi-,prefixation,medium,True,False,False,none,True,False,False,,B_moderate_silver
kap-morph-0308,sigatan,sigatan,sigat,sigat+an,-an,suffixation,medium,True,False,False,none,True,False,False,,B_moderate_silver
kap-morph-0309,sinugat,sinugat,sugat,s+in+ugat,-in-,infixation,medium,True,True,True,strong,True,False,False,,A_strong_silver
kap-morph-0310,sinuyu,sinuyu,suyu,s+in+uyu,-in-,infixation,medium,True,False,False,weak,True,False,False,,B_moderate_silver
kap-morph-0311,alipan,alipan,alip,alip+an,-an,suffixation,medium,True,False,False,weak,True,False,True,reconciliation found this exact surface independently attested as its own dictionary headword with no source evidence supporting further decomposition (do_not_promote_without_root_evidence),F_conflicts_with_reconciliation_evidence
kap-morph-0312,kalibakan,kalibakan,libak,ka+libak+an,ka- + -an,circumfixation,medium,True,False,True,weak,True,False,False,,B_moderate_silver
kap-morph-0313,kayarian,kayarian,yari,ka+yari+an,ka- + -an,circumfixation,medium,True,True,True,strong,True,False,False,,A_strong_silver
kap-morph-0314,magkailangan,magkailangan,kailang,mag+kailang+an,mag-; -an,prefixation+suffixation,medium,True,False,False,weak,True,False,True,"existing v2/v4 analysis already accepts root 'kailangan' (segments 'mag + kailangan') for this exact surface, not 'kailang'",F_conflicts_with_reconciliation_evidence
kap-morph-0315,malati,malati,lati,ma+lati,ma-,prefixation,medium,True,False,True,strong,True,False,False,,A_strong_silver
kap-morph-0316,mayupaya,mayupaya,yupaya,ma+yupaya,ma-,prefixation,medium,True,False,False,none,True,False,False,,B_moderate_silver
kap-morph-0317,midian,midian,midi,midi+an,-an,suffixation,medium,True,False,False,weak,True,False,False,,B_moderate_silver
kap-morph-0318,nanan,nanan,nan,na~nan,na~,reduplication,medium,True,True,False,strong,True,False,False,,A_strong_silver
kap-morph-0319,panamdam,panamdam,amdam,pan+amdam,pan-,prefixation,medium,True,False,False,none,True,False,True,reconciliation found this exact surface independently attested as its own dictionary headword with no source evidence supporting further decomposition (do_not_promote_without_root_evidence),F_conflicts_with_reconciliation_evidence
kap-morph-0320,dinalung,dinalung,dalung,d+in+alung,-in-,infixation,medium,True,False,False,strong,True,False,True,reconciliation found this exact surface independently attested as its own dictionary headword with no source evidence supporting further decomposition (do_not_promote_without_root_evidence),F_conflicts_with_reconciliation_evidence
kap-morph-0321,dinam,dinam,dam,d+in+am,-in-,infixation,medium,True,True,True,strong,True,False,False,,A_strong_silver
kap-morph-0322,kagutgutan,kagutgutan,gutgut,ka+gutgut+an,ka- + -an,circumfixation,medium,True,False,False,strong,True,False,True,reconciliation found this exact surface independently attested as its own dictionary headword with no source evidence supporting further decomposition (do_not_promote_without_root_evidence),F_conflicts_with_reconciliation_evidence
kap-morph-0323,kalinguan,kalinguan,lingu,ka+lingu+an,ka- + -an,circumfixation,medium,True,False,False,none,True,False,False,,B_moderate_silver
kap-morph-0324,makapagmulalang,makapagmulalang,mulalang,makapag+mulalang,makapag-,prefixation,medium,True,False,False,none,True,False,False,,B_moderate_silver
kap-morph-0325,makipamuk,makipamuk,kipamuk,ma+kipamuk,ma-,prefixation,medium,True,False,False,none,True,False,False,,B_moderate_silver
kap-morph-0326,masikanan,masikanan,sikan,ma+sikan+an,ma-; -an,prefixation+suffixation,medium,True,True,False,strong,True,False,True,"existing v2/v4 analysis already accepts root 'masikan' (segments 'masikan + an') for this exact surface, not 'sikan'",F_conflicts_with_reconciliation_evidence
kap-morph-0327,minaus,minaus,maus,m+in+aus,-in-,infixation,medium,True,False,False,weak,True,False,False,,B_moderate_silver
kap-morph-0328,minunang,minunang,munang,m+in+unang,-in-,infixation,medium,True,False,False,weak,True,False,False,,B_moderate_silver
kap-morph-0329,pangisnawa,pangisnawa,isnawa,pang+isnawa,pang-,prefixation,medium,True,False,True,none,True,False,False,,B_moderate_silver
kap-morph-0330,panlalawe,panlalawe,lalawe,pan+lalawe,pan-,prefixation,medium,True,False,False,weak,True,False,False,,B_moderate_silver
kap-morph-0331,sumuyu,sumuyu,suyu,s+um+uyu,-um-,infixation,medium,True,False,False,weak,True,False,False,,B_moderate_silver
kap-morph-0332,tinuki,tinuki,tuki,t+in+uki,-in-,infixation,medium,True,True,True,strong,True,False,False,,A_strong_silver
kap-morph-0333,capampangan,capampangan,capampang,capampang+an,-an,suffixation,medium,True,False,False,none,True,False,False,,B_moderate_silver
kap-morph-0334,kakanan,kakanan,kanan,ka~kanan,ka~,reduplication,medium,True,False,False,weak,True,False,True,"existing v2/v4 analysis already accepts root 'kan' (segments 'Ka + kan + an') for this exact surface, not 'kanan'",F_conflicts_with_reconciliation_evidence
kap-morph-0335,kakataskatasan,kakataskatasan,kataskatas,ka+kataskatas+an,ka- + -an,circumfixation,medium,True,False,False,none,True,False,False,,B_moderate_silver
kap-morph-0336,kamarinayan,kamarinayan,marinay,ka+marinay+an,ka- + -an,circumfixation,medium,True,False,False,none,True,False,False,,B_moderate_silver
kap-morph-0337,kapulungan,kapulungan,pulung,ka+pulung+an,ka- + -an,circumfixation,medium,True,False,True,weak,True,False,False,,B_moderate_silver
kap-morph-0338,lumapit,lumapit,lapit,l+um+apit,-um-,infixation,medium,True,True,True,strong,True,False,False,,A_strong_silver
kap-morph-0339,makalukluk,makalukluk,lukluk,maka+lukluk,maka-,prefixation,medium,True,True,True,strong,True,False,False,,A_strong_silver
kap-morph-0340,manases,manases,ases,man+ases,man-,prefixation,medium,True,False,False,none,True,False,False,,B_moderate_silver
kap-morph-0341,masampat,masampat,sampat,ma+sampat,ma-,prefixation,medium,True,False,True,strong,True,False,True,reconciliation found this exact surface independently attested as its own dictionary headword with no source evidence supporting further decomposition (do_not_promote_without_root_evidence),F_conflicts_with_reconciliation_evidence
kap-morph-0342,masayang,masayang,sayang,ma+sayang,ma-,prefixation,medium,True,True,True,strong,True,False,False,,A_strong_silver
kap-morph-0343,minum,minum,mum,m+in+um,-in-,infixation,medium,True,False,False,strong,True,False,False,,A_strong_silver
kap-morph-0344,myuman,myuman,myum,myum+an,-an,suffixation,medium,True,False,False,none,True,False,False,,B_moderate_silver
kap-morph-0345,pisamban,pisamban,samb,pi+samb+an,pi-; -an,prefixation+suffixation,medium,True,False,False,none,True,False,False,,B_moderate_silver
kap-morph-0346,tatang,tatang,tang,ta~tang,ta~,reduplication,medium,True,False,False,strong,True,False,True,reconciliation found this exact surface independently attested as its own dictionary headword with no source evidence supporting further decomposition (do_not_promote_without_root_evidence),F_conflicts_with_reconciliation_evidence
kap-morph-0347,anam,anam,anam,anam,,function_word,high,True,True,True,strong,,False,False,,B_moderate_silver
kap-morph-0348,batiawan,batiawan,batiaw,batiaw+an,-an,suffixation,medium,True,False,False,none,True,False,False,,B_moderate_silver
kap-morph-0349,dangalan,dangalan,dangal,dangal+an,-an,suffixation,medium,True,True,True,strong,True,False,False,,A_strong_silver
kap-morph-0350,kakaluguran,kakaluguran,kalugur,ka+kalugur+an,ka- + -an,circumfixation,medium,True,False,False,none,True,False,True,"existing v2/v4 analysis already accepts root 'KALUGURAN' (segments 'KA + KALUGURAN') for this exact surface, not 'kalugur'",F_conflicts_with_reconciliation_evidence
kap-morph-0351,kayupayan,kayupayan,yupay,ka+yupay+an,ka- + -an,circumfixation,medium,True,False,False,none,True,False,False,,B_moderate_silver
kap-morph-0352,magligtas,magligtas,ligtas,mag+ligtas,mag-,prefixation,medium,True,True,False,strong,True,False,False,,A_strong_silver
kap-morph-0353,mamagus,mamagus,magus,ma~magus,ma~,reduplication,medium,True,False,False,weak,True,False,False,,B_moderate_silver
kap-morph-0354,matuang,matuang,tuang,ma+tuang,ma-,prefixation,medium,True,False,False,strong,True,False,True,reconciliation found this exact surface independently attested as its own dictionary headword with no source evidence supporting further decomposition (do_not_promote_without_root_evidence),F_conflicts_with_reconciliation_evidence
kap-morph-0355,pamintuan,pamintuan,mintu,pa+mintu+an,pa- + -an,circumfixation,medium,True,False,False,none,True,False,False,,B_moderate_silver
kap-morph-0356,pangatau,pangatau,atau,pang+atau,pang-,prefixation,medium,True,False,False,weak,True,False,False,,B_moderate_silver
kap-morph-0357,patugut,patugut,tugut,pa+tugut,pa-,prefixation,medium,True,False,True,strong,True,False,False,,A_strong_silver
kap-morph-0358,saupan,saupan,saup,saup+an,-an,suffixation,medium,True,True,True,strong,True,False,False,,A_strong_silver
kap-morph-0359,singsing,singsing,sgsing,s+in+gsing,-in-,infixation,medium,True,False,False,none,True,False,False,,B_moderate_silver
kap-morph-0360,susuyu,susuyu,suyu,su~suyu,su~,reduplication,medium,True,False,False,weak,True,False,False,,B_moderate_silver
kap-morph-0361,binutil,binutil,butil,b+in+util,-in-,infixation,medium,True,True,True,strong,True,False,False,,A_strong_silver
kap-morph-0362,kiniak,kiniak,kiak,k+in+iak,-in-,infixation,medium,True,False,True,weak,True,False,False,,B_moderate_silver
kap-morph-0363,labanan,labanan,laban,laban+an,-an,suffixation,medium,True,True,True,strong,True,False,False,,A_strong_silver
kap-morph-0364,lakuan,lakuan,laku,laku+an,-an,suffixation,medium,True,False,False,none,True,False,False,,B_moderate_silver
kap-morph-0365,liguran,liguran,ligur,ligur+an,-an,suffixation,medium,True,False,False,none,True,False,False,,B_moderate_silver
kap-morph-0366,mabayat,mabayat,bayat,ma+bayat,ma-,prefixation,medium,True,True,True,strong,True,False,False,,A_strong_silver
kap-morph-0367,malalam,malalam,lalam,ma+lalam,ma-,prefixation,medium,True,True,True,strong,True,False,False,,A_strong_silver
kap-morph-0368,mapilan,mapilan,pilan,ma+pilan,ma-,prefixation,medium,True,True,True,strong,True,False,False,,A_strong_silver
kap-morph-0369,minie,minie,mie,m+in+ie,-in-,infixation,medium,True,False,False,weak,True,False,False,,B_moderate_silver
kap-morph-0370,minta,minta,mta,m+in+ta,-in-,infixation,medium,True,False,False,none,True,False,False,,B_moderate_silver
kap-morph-0371,pakakalulu,pakakalulu,kakalulu,pa+kakalulu,pa-,prefixation,medium,True,False,False,weak,True,False,False,,B_moderate_silver
kap-morph-0372,pamipamuk,pamipamuk,pamuk,pami+pamuk,pami-,prefixation,medium,True,False,False,weak,False,False,False,,C_weak_needs_review
kap-morph-0373,panata,panata,nata,pa+nata,pa-,prefixation,medium,True,False,False,weak,True,False,True,reconciliation found this exact surface independently attested as its own dictionary headword with no source evidence supporting further decomposition (do_not_promote_without_root_evidence),F_conflicts_with_reconciliation_evidence
kap-morph-0374,pisali,pisali,sali,pi+sali,pi-,prefixation,medium,True,True,True,strong,True,False,False,,A_strong_silver
kap-morph-0375,tinikdo,tinikdo,tikdo,t+in+ikdo,-in-,infixation,medium,True,True,True,weak,True,False,False,,A_strong_silver
kap-morph-0376,akalinguan,akalinguan,akalingu,akalingu+an,-an,suffixation,medium,True,False,False,none,True,False,False,,B_moderate_silver
kap-morph-0377,daramdaman,daramdaman,daramdam,daramdam+an,-an,suffixation,medium,True,False,False,weak,True,False,False,,B_moderate_silver
kap-morph-0378,kapasalamatan,kapasalamatan,pasalamat,ka+pasalamat+an,ka- + -an,circumfixation,medium,True,False,False,strong,True,False,True,reconciliation found this exact surface independently attested as its own dictionary headword with no source evidence supporting further decomposition (do_not_promote_without_root_evidence),F_conflicts_with_reconciliation_evidence
kap-morph-0379,kapupusan,kapupusan,pupus,ka+pupus+an,ka- + -an,circumfixation,medium,True,False,True,strong,True,False,True,reconciliation found this exact surface independently attested as its own dictionary headword with no source evidence supporting further decomposition (do_not_promote_without_root_evidence),F_conflicts_with_reconciliation_evidence
kap-morph-0380,kinagli,kinagli,kagli,k+in+agli,-in-,infixation,medium,True,False,False,strong,True,False,True,reconciliation found this exact surface independently attested as its own dictionary headword with no source evidence supporting further decomposition (do_not_promote_without_root_evidence),F_conflicts_with_reconciliation_evidence
kap-morph-0381,makatungkul,makatungkul,tungkul,maka+tungkul,maka-,prefixation,medium,True,True,True,strong,True,False,False,,A_strong_silver
kap-morph-0382,mapalyari,mapalyari,palyari,ma+palyari,ma-,prefixation,medium,True,False,False,none,True,False,False,,B_moderate_silver
kap-morph-0383,ninuman,ninuman,numan,n+in+uman,-in-,infixation,medium,True,False,False,weak,True,False,False,,B_moderate_silver
kap-morph-0384,paimburisan,paimburisan,imburis,pa+imburis+an,pa- + -an,circumfixation,medium,True,False,False,none,True,False,False,,B_moderate_silver
kap-morph-0385,panugali,panugali,ugali,pan+ugali,pan-,prefixation,medium,True,False,True,strong,True,False,False,,A_strong_silver
kap-morph-0386,sikan,sikan,sik,sik+an,-an,suffixation,medium,True,False,False,none,True,False,False,,B_moderate_silver
kap-morph-0387,tanggapan,tanggapan,tanggap,tanggap+an,-an,suffixation,medium,True,True,True,strong,True,False,False,,A_strong_silver
kap-morph-0388,kalungkutan,kalungkutan,lungkut,ka+lungkut+an,ka- + -an,circumfixation,medium,True,True,True,strong,True,False,False,,A_strong_silver
kap-morph-0389,kandungan,kandungan,ndung,ka+ndung+an,ka- + -an,circumfixation,medium,True,False,False,none,True,False,False,,B_moderate_silver
kap-morph-0390,lalawan,lalawan,lawan,la~lawan,la~,reduplication,medium,True,False,False,weak,True,False,False,,B_moderate_silver
kap-morph-0391,magbalik,magbalik,balik,mag+balik,mag-,prefixation,medium,True,True,True,strong,True,False,False,,A_strong_silver
kap-morph-0392,makasumami,makasumami,sumami,maka+sumami,maka-,prefixation,medium,True,False,True,strong,True,False,True,reconciliation found this exact surface independently attested as its own dictionary headword with no source evidence supporting further decomposition (do_not_promote_without_root_evidence),F_conflicts_with_reconciliation_evidence
kap-morph-0393,malating,malating,lating,ma+lating,ma-,prefixation,medium,True,False,False,weak,True,False,False,,B_moderate_silver
kap-morph-0394,maldang,maldang,ldang,ma+ldang,ma-,prefixation,medium,True,False,False,none,True,False,False,,B_moderate_silver
kap-morph-0395,mamaus,mamaus,maus,ma~maus,ma~,reduplication,medium,True,False,False,weak,True,False,False,,B_moderate_silver
kap-morph-0396,mangmang,mangmang,mang,mang+mang,mang-,prefixation,medium,True,True,False,weak,True,False,False,,A_strong_silver
kap-morph-0397,maybug,maybug,ybug,ma+ybug,ma-,prefixation,medium,True,False,False,none,True,False,False,,B_moderate_silver
kap-morph-0398,palalu,palalu,lalu,pa+lalu,pa-,prefixation,medium,True,True,False,strong,True,False,False,,A_strong_silver
kap-morph-0399,palang,palang,lang,pa+lang,pa-,prefixation,medium,True,False,False,weak,True,False,False,,B_moderate_silver
kap-morph-0400,pansin,pansin,nsin,pa+nsin,pa-,prefixation,medium,True,False,False,none,True,False,False,,B_moderate_silver
kap-morph-0401,payapa,payapa,yapa,pa+yapa,pa-,prefixation,medium,True,False,False,weak,True,False,True,reconciliation found this exact surface independently attested as its own dictionary headword with no source evidence supporting further decomposition (do_not_promote_without_root_evidence),F_conflicts_with_reconciliation_evidence
kap-morph-0402,pengari,pengari,ngari,pe+ngari,pe-,prefixation,medium,True,False,False,weak,False,False,False,,C_weak_needs_review
kap-morph-0403,sinumpa,sinumpa,sumpa,s+in+umpa,-in-,infixation,medium,True,True,True,strong,True,False,False,,A_strong_silver
kap-morph-0404,taguimpan,taguimpan,taguimp,taguimp+an,-an,suffixation,medium,True,False,False,none,True,False,False,,B_moderate_silver
kap-morph-0405,ubingan,ubingan,ubing,ubing+an,-an,suffixation,medium,True,False,False,weak,True,False,False,,B_moderate_silver
kap-morph-0406,kabyasnan,kabyasnan,byasn,ka+byasn+an,ka- + -an,circumfixation,medium,True,False,False,none,True,False,False,,B_moderate_silver
kap-morph-0407,kakalinguan,kakalinguan,kalingu,ka+kalingu+an,ka- + -an,circumfixation,medium,True,False,False,none,True,False,True,"existing v2/v4 analysis already accepts root 'kalinguan' (segments 'ka + kalinguan') for this exact surface, not 'kalingu'",F_conflicts_with_reconciliation_evidence
kap-morph-0408,linian,linian,lian,l+in+ian,-in-,infixation,medium,True,False,False,weak,True,False,False,,B_moderate_silver
kap-morph-0409,mababa,mababa,baba,ma+baba,ma-,prefixation,medium,True,False,True,strong,True,False,True,reconciliation found this exact surface independently attested as its own dictionary headword with no source evidence supporting further decomposition (do_not_promote_without_root_evidence),F_conflicts_with_reconciliation_evidence
kap-morph-0410,makibat,makibat,kibat,ma+kibat,ma-,prefixation,medium,True,False,False,none,True,False,False,,B_moderate_silver
kap-morph-0411,mangarawak,mangarawak,arawak,mang+arawak,mang-,prefixation,medium,True,False,False,none,True,False,False,,B_moderate_silver
kap-morph-0412,mangatas,mangatas,atas,mang+atas,mang-,prefixation,medium,True,False,True,strong,True,False,True,reconciliation found this exact surface independently attested as its own dictionary headword with no source evidence supporting further decomposition (do_not_promote_without_root_evidence),F_conflicts_with_reconciliation_evidence
kap-morph-0413,marinat,marinat,rinat,ma+rinat,ma-,prefixation,medium,True,False,False,none,True,False,False,,B_moderate_silver
kap-morph-0414,masakit,masakit,sakit,ma+sakit,ma-,prefixation,medium,True,True,True,strong,True,False,False,,A_strong_silver
kap-morph-0415,masalese,masalese,salese,ma+salese,ma-,prefixation,medium,True,True,True,strong,True,False,False,,A_strong_silver
kap-morph-0416,masant,masant,sant,ma+sant,ma-,prefixation,medium,True,False,False,weak,True,False,False,,B_moderate_silver
kap-morph-0417,maslag,maslag,slag,ma+slag,ma-,prefixation,medium,True,False,False,none,True,False,False,,B_moderate_silver
kap-morph-0418,pagkalub,pagkalub,gkalub,pa+gkalub,pa-,prefixation,medium,True,False,False,none,True,False,False,,B_moderate_silver
kap-morph-0419,pagsalbat,pagsalbat,gsalbat,pa+gsalbat,pa-,prefixation,medium,True,False,False,none,True,False,False,,B_moderate_silver
kap-morph-0420,pakamalan,pakamalan,kamal,pa+kamal+an,pa- + -an,circumfixation,medium,True,False,False,weak,True,False,False,,B_moderate_silver
kap-morph-0421,parakalan,parakalan,rakal,pa+rakal+an,pa- + -an,circumfixation,medium,True,False,False,none,True,False,False,,B_moderate_silver
kap-morph-0422,paralan,paralan,ralan,pa+ralan,pa-,prefixation,medium,True,False,False,weak,True,False,False,,B_moderate_silver
kap-morph-0423,pastul,pastul,stul,pa+stul,pa-,prefixation,medium,True,False,False,none,True,False,True,reconciliation found this exact surface independently attested as its own dictionary headword with no source evidence supporting further decomposition (do_not_promote_without_root_evidence),F_conflicts_with_reconciliation_evidence
kap-morph-0424,pilubluban,pilubluban,lublub,pi+lublub+an,pi-; -an,prefixation+suffixation,medium,True,False,True,strong,True,False,True,reconciliation found this exact surface independently attested as its own dictionary headword with no source evidence supporting further decomposition (do_not_promote_without_root_evidence),F_conflicts_with_reconciliation_evidence
kap-morph-0425,pinatubu,pinatubu,patubu,p+in+atubu,-in-,infixation,medium,True,False,False,weak,True,False,False,,B_moderate_silver
kap-morph-0426,pitu,pitu,pitu,pitu,,function_word,high,True,True,False,strong,,False,False,,B_moderate_silver
kap-morph-0427,sukulan,sukulan,sukul,sukul+an,-an,suffixation,medium,True,True,True,strong,True,False,False,,A_strong_silver
kap-morph-0428,tatalakad,tatalakad,talakad,ta~talakad,ta~,reduplication,medium,True,True,True,strong,True,False,False,,A_strong_silver
kap-morph-0429,tinuknang,tinuknang,tuknang,t+in+uknang,-in-,infixation,medium,True,True,True,strong,True,False,False,,A_strong_silver
kap-morph-0430,adwan,adwan,adw,adw+an,-an,suffixation,medium,True,False,False,none,True,False,False,,B_moderate_silver
kap-morph-0431,bustan,bustan,bust,bust+an,-an,suffixation,medium,True,False,False,weak,True,False,False,,B_moderate_silver
kap-morph-0432,canian,canian,cani,cani+an,-an,suffixation,medium,True,False,False,none,True,False,False,,B_moderate_silver
kap-morph-0433,gagapang,gagapang,gapang,ga~gapang,ga~,reduplication,medium,True,True,True,strong,True,False,False,,A_strong_silver
kap-morph-0434,kaban,kaban,kab,kab+an,-an,suffixation,medium,True,False,False,weak,True,False,False,,B_moderate_silver
kap-morph-0435,kapamisanan,kapamisanan,pamis,ka+pampamis+an,ka- + -an; -an,circumfixation+suffixation,medium,False,False,False,none,True,False,False,,D_reject_structural_failure
kap-morph-0436,kayubuan,kayubuan,yubu,ka+yubu+an,ka- + -an,circumfixation,medium,True,True,False,strong,True,False,False,,A_strong_silver
kap-morph-0437,malutu,malutu,lutu,ma+lutu,ma-,prefixation,medium,True,True,True,strong,True,False,False,,A_strong_silver
kap-morph-0438,manalo,manalo,nalo,ma+nalo,ma-,prefixation,medium,True,False,False,none,True,False,False,,B_moderate_silver
kap-morph-0439,mangalati,mangalati,alati,mang+alati,mang-,prefixation,medium,True,False,False,none,True,False,False,,B_moderate_silver
kap-morph-0440,mapaling,mapaling,paling,ma+paling,ma-,prefixation,medium,True,False,True,strong,True,False,True,reconciliation found this exact surface independently attested as its own dictionary headword with no source evidence supporting further decomposition (do_not_promote_without_root_evidence),F_conflicts_with_reconciliation_evidence
kap-morph-0441,matatag,matatag,tatag,ma+tatag,ma-,prefixation,medium,True,False,True,strong,True,False,True,reconciliation found this exact surface independently attested as its own dictionary headword with no source evidence supporting further decomposition (do_not_promote_without_root_evidence),F_conflicts_with_reconciliation_evidence
kap-morph-0442,mayumu,mayumu,yumu,ma+yumu,ma-,prefixation,medium,True,False,True,strong,True,False,True,"existing v2/v4 analysis already accepts root 'Mayu' (segments 'Mayu + mu') for this exact surface, not 'yumu'",F_conflicts_with_reconciliation_evidence
kap-morph-0443,pamikapali,pamikapali,kapali,pami+kapali,pami-,prefixation,medium,True,False,False,weak,False,False,False,,C_weak_needs_review
kap-morph-0444,parati,parati,rati,pa+rati,pa-,prefixation,medium,True,False,False,none,True,False,False,,B_moderate_silver
kap-morph-0445,retang,retang,retang,retang,,function_word,high,True,False,False,weak,,False,False,,B_moderate_silver
kap-morph-0446,samban,samban,samb,samb+an,-an,suffixation,medium,True,False,False,none,True,False,False,,B_moderate_silver
kap-morph-0447,sasabyan,sasabyan,saby,sa~saby+an,sa~; -an,reduplication+suffixation,medium,True,False,False,none,True,False,False,,B_moderate_silver
kap-morph-0448,sasamban,sasamban,samb,sa~samb+an,sa~; -an,reduplication+suffixation,medium,True,False,False,none,True,False,False,,B_moderate_silver
kap-morph-0449,sinag,sinag,sag,s+in+ag,-in-,infixation,medium,True,False,False,weak,True,False,False,,B_moderate_silver
kap-morph-0450,tumakas,tumakas,takas,t+um+akas,-um-,infixation,medium,True,True,True,strong,True,False,False,,A_strong_silver
kap-morph-0451,aguman,aguman,agum,agum+an,-an,suffixation,medium,True,True,True,strong,True,False,False,,A_strong_silver
kap-morph-0452,apalsintan,apalsintan,apalsint,apalsint+an,-an,suffixation,medium,True,False,False,none,True,False,False,,B_moderate_silver
kap-morph-0453,dinuku,dinuku,duku,d+in+uku,-in-,infixation,medium,True,False,False,strong,True,False,True,reconciliation found this exact surface independently attested as its own dictionary headword with no source evidence supporting further decomposition (do_not_promote_without_root_evidence),F_conflicts_with_reconciliation_evidence
kap-morph-0454,ipagamuamu,ipagamuamu,gamuamu,ipa+gamuamu,ipa-,prefixation,medium,True,False,False,none,True,False,False,,B_moderate_silver
kap-morph-0455,kalaraman,kalaraman,laram,ka+laram+an,ka- + -an,circumfixation,medium,True,True,True,strong,True,False,False,,A_strong_silver
kap-morph-0456,kapalaran,kapalaran,palar,ka+palar+an,ka- + -an,circumfixation,medium,True,False,False,weak,True,False,True,reconciliation found this exact surface independently attested as its own dictionary headword with no source evidence supporting further decomposition (do_not_promote_without_root_evidence),F_conflicts_with_reconciliation_evidence
kap-morph-0457,kapanayan,kapanayan,panay,ka+panay+an,ka- + -an,circumfixation,medium,True,False,False,strong,True,False,False,,A_strong_silver
kap-morph-0458,karalumduman,karalumduman,ralumdum,ka+ralumdum+an,ka- + -an,circumfixation,medium,True,False,False,none,True,False,False,,B_moderate_silver
kap-morph-0459,karampatan,karampatan,rampat,ka+rampat+an,ka- + -an,circumfixation,medium,True,False,False,none,True,False,False,,B_moderate_silver
kap-morph-0460,lalawe,lalawe,lawe,la~lawe,la~,reduplication,medium,True,False,True,strong,True,False,False,,A_strong_silver
kap-morph-0461,lulugud,lulugud,lugud,lu~lugud,lu~,reduplication,medium,True,True,True,strong,True,False,False,,A_strong_silver
kap-morph-0462,makimut,makimut,kimut,ma+kimut,ma-,prefixation,medium,True,True,True,strong,True,False,False,,A_strong_silver
kap-morph-0463,makudta,makudta,kudta,ma+kudta,ma-,prefixation,medium,True,False,True,weak,True,False,False,,B_moderate_silver
kap-morph-0464,malale,malale,lale,ma+lale,ma-,prefixation,medium,True,False,True,strong,True,False,True,reconciliation found this exact surface independently attested as its own dictionary headword with no source evidence supporting further decomposition (do_not_promote_without_root_evidence),F_conflicts_with_reconciliation_evidence
kap-morph-0465,manenaya,manenaya,enaya,man+enaya,man-,prefixation,medium,True,False,False,none,True,False,False,,B_moderate_silver
kap-morph-0466,matalik,matalik,talik,ma+talik,ma-,prefixation,medium,True,True,True,strong,True,False,False,,A_strong_silver
kap-morph-0467,miglalang,miglalang,lalang,mig+lalang,mig-,prefixation,medium,True,True,True,strong,True,False,False,,A_strong_silver
kap-morph-0468,minuli,minuli,muli,m+in+uli,-in-,infixation,medium,True,True,False,strong,True,False,False,,A_strong_silver
kap-morph-0469,pamakipamuk,pamakipamuk,ipamuk,pamak+ipamuk,pamak-,prefixation,medium,True,False,False,none,False,False,False,,C_weak_needs_review
kap-morph-0470,pampanga,pampanga,panga,pam+panga,pam-,prefixation,medium,True,True,True,strong,True,False,False,,A_strong_silver
kap-morph-0471,panamdaman,panamdaman,namdam,pa+namdam+an,pa- + -an,circumfixation,medium,True,False,False,none,True,False,True,reconciliation found this exact surface independently attested as its own dictionary headword with no source evidence supporting further decomposition (do_not_promote_without_root_evidence),F_conflicts_with_reconciliation_evidence
kap-morph-0472,pangamate,pangamate,mate,panga+mate,panga-,prefixation,medium,True,True,True,strong,True,False,False,,A_strong_silver
kap-morph-0473,pantas,pantas,ntas,pa+ntas,pa-,prefixation,medium,True,False,False,none,True,False,True,reconciliation found this exact surface independently attested as its own dictionary headword with no source evidence supporting further decomposition (do_not_promote_without_root_evidence),F_conflicts_with_reconciliation_evidence
kap-morph-0474,pengan,pengan,ngan,pe+ngan,pe-,prefixation,medium,True,True,False,strong,False,False,True,reconciliation found this exact surface independently attested as its own dictionary headword with no source evidence supporting further decomposition (do_not_promote_without_root_evidence),F_conflicts_with_reconciliation_evidence
kap-morph-0475,pikakasaman,pikakasaman,kakasam,pi+kakasam+an,pi-; -an,prefixation+suffixation,medium,True,False,False,none,True,False,False,,B_moderate_silver
kap-morph-0476,siran,siran,sir,sir+an,-an,suffixation,medium,True,False,False,weak,True,False,False,,B_moderate_silver
kap-morph-0477,tinabi,tinabi,tabi,t+in+abi,-in-,infixation,medium,True,False,True,strong,True,False,True,reconciliation found this exact surface independently attested as its own dictionary headword with no source evidence supporting further decomposition (do_not_promote_without_root_evidence),F_conflicts_with_reconciliation_evidence
kap-morph-0478,tutula,tutula,tula,tu~tula,tu~,reduplication,medium,True,False,True,strong,True,False,True,"existing v2/v4 analysis already accepts root 'Tutu' (segments 'Tutu + la') for this exact surface, not 'tula'",F_conflicts_with_reconciliation_evidence
kap-morph-0479,dinukit,dinukit,dukit,d+in+ukit,-in-,infixation,medium,True,True,False,strong,True,False,False,,A_strong_silver
kap-morph-0480,gagalo,gagalo,galo,ga~galo,ga~,reduplication,medium,True,True,True,strong,True,False,False,,A_strong_silver
kap-morph-0481,ipasiag,ipasiag,siag,ipa+siag,ipa-,prefixation,medium,True,False,False,none,True,False,True,reconciliation found this exact surface independently attested as its own dictionary headword with no source evidence supporting further decomposition (do_not_promote_without_root_evidence),F_conflicts_with_reconciliation_evidence
kap-morph-0482,kaligayan,kaligayan,ligay,ka+ligay+an,ka- + -an,circumfixation,medium,True,False,False,none,True,False,False,,B_moderate_silver
kap-morph-0483,kapanamdaman,kapanamdaman,panamdam,ka+panamdam+an,ka- + -an,circumfixation,medium,True,False,False,strong,True,False,True,reconciliation found this exact surface independently attested as its own dictionary headword with no source evidence supporting further decomposition (do_not_promote_without_root_evidence),F_conflicts_with_reconciliation_evidence
kap-morph-0484,katipunan,katipunan,tipun,ka+tipun+an,ka- + -an,circumfixation,medium,True,True,False,strong,True,False,False,,A_strong_silver
kap-morph-0485,kayatinan,kayatinan,yatin,ka+yatin+an,ka- + -an,circumfixation,medium,True,False,False,none,True,False,False,,B_moderate_silver
kap-morph-0486,kukuldas,kukuldas,kuldas,ku~kuldas,ku~,reduplication,medium,True,True,True,strong,True,False,False,,A_strong_silver
kap-morph-0487,linabas,linabas,labas,l+in+abas,-in-,infixation,medium,True,True,True,strong,True,False,False,,A_strong_silver
kap-morph-0488,linakad,linakad,lakad,l+in+akad,-in-,infixation,medium,True,True,True,strong,True,False,False,,A_strong_silver
kap-morph-0489,linukluk,linukluk,lukluk,l+in+ukluk,-in-,infixation,medium,True,True,True,strong,True,False,False,,A_strong_silver
kap-morph-0490,mangalambut,mangalambut,alambut,mang+alambut,mang-,prefixation,medium,True,False,False,none,True,False,False,,B_moderate_silver
kap-morph-0491,maniaman,maniaman,iaman,man+iaman,man-,prefixation,medium,True,False,False,weak,True,False,False,,B_moderate_silver
kap-morph-0492,mantabe,mantabe,tabe,man+tabe,man-,prefixation,medium,True,False,False,weak,True,False,False,,B_moderate_silver
kap-morph-0493,mengari,mengari,gari,men+gari,men-,prefixation,medium,True,False,False,weak,True,False,False,,B_moderate_silver
kap-morph-0494,minic,minic,mic,m+in+ic,-in-,infixation,medium,True,False,False,none,True,False,False,,B_moderate_silver
kap-morph-0495,minukiat,minukiat,mukiat,m+in+ukiat,-in-,infixation,medium,True,False,False,weak,True,False,False,,B_moderate_silver
kap-morph-0496,mitakutan,mitakutan,mitakut,mitakut+an,-an,suffixation,medium,True,False,False,none,True,False,False,,B_moderate_silver
kap-morph-0497,pagnasan,pagnasan,gnas,pa+gnas+an,pa- + -an,circumfixation,medium,True,False,False,none,True,False,False,,B_moderate_silver
kap-morph-0498,pekibatan,pekibatan,kibat,pe+kibat+an,pe-; -an,prefixation+suffixation,medium,True,False,False,none,False,False,False,,C_weak_needs_review
kap-morph-0499,tikpan,tikpan,tikp,tikp+an,-an,suffixation,medium,True,False,False,none,True,False,False,,B_moderate_silver
kap-morph-0500,tinipa,tinipa,tipa,t+in+ipa,-in-,infixation,medium,True,True,True,strong,True,False,False,,A_strong_silver
kap-morph-0501,tipunan,tipunan,tipun,tipun+an,-an,suffixation,medium,True,True,False,strong,True,False,False,,A_strong_silver
kap-morph-0502,capitan,capitan,capit,capit+an,-an,suffixation,medium,True,False,False,none,True,False,True,reconciliation found this exact surface independently attested as its own dictionary headword with no source evidence supporting further decomposition (do_not_promote_without_root_evidence),F_conflicts_with_reconciliation_evidence
kap-morph-0503,kapagnasan,kapagnasan,pagnas,ka+pagnas+an,ka- + -an,circumfixation,medium,True,False,False,none,True,False,False,,B_moderate_silver
kap-morph-0504,kasangkapan,kasangkapan,sangkap,ka+sangkap+an,ka- + -an,circumfixation,medium,True,True,True,strong,True,False,False,,A_strong_silver
kap-morph-0505,kekaban,kekaban,kekab,kekab+an,-an,suffixation,medium,True,False,False,none,True,False,False,,B_moderate_silver
kap-morph-0506,kelinguan,kelinguan,kelingu,kelingu+an,-an,suffixation,medium,True,False,False,none,True,False,False,,B_moderate_silver
kap-morph-0507,lingap,lingap,lgap,l+in+gap,-in-,infixation,medium,True,False,False,none,True,False,False,,B_moderate_silver
kap-morph-0508,malipul,malipul,lipul,ma+lipul,ma-,prefixation,medium,True,False,True,none,True,False,True,reconciliation found this exact surface independently attested as its own dictionary headword with no source evidence supporting further decomposition (do_not_promote_without_root_evidence),F_conflicts_with_reconciliation_evidence
kap-morph-0509,malunus,malunus,lunus,ma+lunus,ma-,prefixation,medium,True,True,True,strong,True,False,False,,A_strong_silver
kap-morph-0510,mangga,mangga,ngga,ma+ngga,ma-,prefixation,medium,True,False,False,none,True,False,False,,B_moderate_silver
kap-morph-0511,marapat,marapat,rapat,ma+rapat,ma-,prefixation,medium,True,False,False,weak,True,False,False,,B_moderate_silver
kap-morph-0512,masias,masias,sias,ma+sias,ma-,prefixation,medium,True,False,False,strong,True,False,True,reconciliation found this exact surface independently attested as its own dictionary headword with no source evidence supporting further decomposition (do_not_promote_without_root_evidence),F_conflicts_with_reconciliation_evidence
kap-morph-0513,mekamate,mekamate,mate,meka+mate,meka-,prefixation,medium,True,True,True,strong,True,False,False,,A_strong_silver
kap-morph-0514,mingat,mingat,mgat,m+in+gat,-in-,infixation,medium,True,False,False,none,True,False,False,,B_moderate_silver
kap-morph-0515,nanuman,nanuman,nanum,nanum+an,-an,suffixation,medium,True,False,False,none,True,False,False,,B_moderate_silver
kap-morph-0516,naya,naya,naya,naya,,clitic_or_function,high,True,False,True,strong,,False,False,,B_moderate_silver
kap-morph-0517,patingapun,patingapun,tingapun,pa+tingapun,pa-,prefixation,medium,True,False,False,none,True,False,False,,B_moderate_silver
kap-morph-0518,pepakilala,pepakilala,pakilala,pe+pakilala,pe-,prefixation,medium,True,False,False,weak,False,False,False,,C_weak_needs_review
kap-morph-0519,pibatan,pibatan,batan,pi+batan,pi-,prefixation,medium,True,False,False,weak,True,False,True,reconciliation found this exact surface independently attested as its own dictionary headword with no source evidence supporting further decomposition (do_not_promote_without_root_evidence),F_conflicts_with_reconciliation_evidence
kap-morph-0520,pilan,pilan,pil,pil+an,-an,suffixation,medium,True,False,False,none,True,False,False,,B_moderate_silver
kap-morph-0521,rugu,rugu,rugu,rugu,,function_word,high,True,False,False,strong,,False,False,,B_moderate_silver
kap-morph-0522,sibukan,sibukan,sibuk,sibuk+an,-an,suffixation,medium,True,False,False,none,True,False,False,,B_moderate_silver
kap-morph-0523,siniping,siniping,siping,s+in+iping,-in-,infixation,medium,True,True,True,strong,True,False,False,,A_strong_silver
kap-morph-0524,tatas,tatas,tas,ta~tas,ta~,reduplication,medium,True,True,True,strong,True,False,True,reconciliation found this exact surface independently attested as its own dictionary headword with no source evidence supporting further decomposition (do_not_promote_without_root_evidence),F_conflicts_with_reconciliation_evidence
kap-morph-0525,adwa,adwa,adwa,adwa,,function_word,high,True,False,True,strong,,False,False,,B_moderate_silver
kap-morph-0526,bamban,bamban,bamb,bamb+an,-an,suffixation,medium,True,False,False,none,True,False,True,reconciliation found this exact surface independently attested as its own dictionary headword with no source evidence supporting further decomposition (do_not_promote_without_root_evidence),F_conflicts_with_reconciliation_evidence
kap-morph-0527,bayaran,bayaran,bayar,bayar+an,-an,suffixation,medium,True,False,False,none,True,False,False,,B_moderate_silver
kap-morph-0528,gagalgal,gagalgal,galgal,ga~galgal,ga~,reduplication,medium,True,True,True,strong,True,False,True,reconciliation found this exact surface independently attested as its own dictionary headword with no source evidence supporting further decomposition (do_not_promote_without_root_evidence),F_conflicts_with_reconciliation_evidence
kap-morph-0529,inatulan,inatulan,natul,i+natul+an,i-; -an,prefixation+suffixation,medium,True,False,False,none,True,False,False,,B_moderate_silver
kap-morph-0530,kabilugan,kabilugan,bilug,ka+bilug+an,ka- + -an,circumfixation,medium,True,True,True,strong,True,False,False,,A_strong_silver
kap-morph-0531,kalaganapan,kalaganapan,laganap,ka+laganap+an,ka- + -an,circumfixation,medium,True,False,True,weak,True,False,False,,B_moderate_silver
kap-morph-0532,kapagalan,kapagalan,pagal,ka+pagal+an,ka- + -an,circumfixation,medium,True,True,True,strong,True,False,False,,A_strong_silver
kap-morph-0533,kapainawan,kapainawan,painaw,ka+painaw+an,ka- + -an,circumfixation,medium,True,False,False,none,True,False,False,,B_moderate_silver
kap-morph-0534,kealan,kealan,keal,keal+an,-an,suffixation,medium,True,False,False,none,True,False,False,,B_moderate_silver
kap-morph-0535,kimutan,kimutan,kimut,kimut+an,-an,suffixation,medium,True,True,True,strong,True,False,False,,A_strong_silver
kap-morph-0536,linipul,linipul,lipul,l+in+ipul,-in-,infixation,medium,True,False,True,none,True,False,True,reconciliation found this exact surface independently attested as its own dictionary headword with no source evidence supporting further decomposition (do_not_promote_without_root_evidence),F_conflicts_with_reconciliation_evidence
kap-morph-0537,magbili,magbili,bili,mag+bili,mag-,prefixation,medium,True,True,True,strong,True,False,False,,A_strong_silver
kap-morph-0538,makasulat,makasulat,sulat,maka+sulat,maka-,prefixation,medium,True,True,True,strong,True,False,False,,A_strong_silver
kap-morph-0539,makibalu,makibalu,kibalu,ma+kibalu,ma-,prefixation,medium,True,False,False,none,True,False,False,,B_moderate_silver
kap-morph-0540,makule,makule,kule,ma+kule,ma-,prefixation,medium,True,False,False,strong,True,False,True,reconciliation found this exact surface independently attested as its own dictionary headword with no source evidence supporting further decomposition (do_not_promote_without_root_evidence),F_conflicts_with_reconciliation_evidence
kap-morph-0541,malambut,malambut,lambut,ma+lambut,ma-,prefixation,medium,True,True,True,strong,True,False,False,,A_strong_silver
kap-morph-0542,malungkut,malungkut,lungkut,ma+lungkut,ma-,prefixation,medium,True,True,True,strong,True,False,False,,A_strong_silver
kap-morph-0543,manganak,manganak,anak,mang+anak,mang-,prefixation,medium,True,True,True,strong,True,False,False,,A_strong_silver
kap-morph-0544,marangal,marangal,rangal,ma+rangal,ma-,prefixation,medium,True,False,False,none,True,False,False,,B_moderate_silver
kap-morph-0545,masipag,masipag,sipag,ma+sipag,ma-,prefixation,medium,True,True,True,strong,True,False,False,,A_strong_silver
kap-morph-0546,matuling,matuling,tuling,ma+tuling,ma-,prefixation,medium,True,True,True,strong,True,False,False,,A_strong_silver
kap-morph-0547,menalig,menalig,alig,men+alig,men-,prefixation,medium,True,False,True,none,True,False,False,,B_moderate_silver
kap-morph-0548,menatili,menatili,atili,men+atili,men-,prefixation,medium,True,False,False,none,True,False,False,,B_moderate_silver
kap-morph-0549,mipanuanan,mipanuanan,mipanuan,mipanuan+an,-an,suffixation,medium,True,False,False,weak,True,False,False,,B_moderate_silver
kap-morph-0550,pagumasdan,pagumasdan,gumasd,pa+gumasd+an,pa- + -an,circumfixation,medium,True,False,False,none,True,False,False,,B_moderate_silver
kap-morph-0551,pakakak,pakakak,kakak,pa+kakak,pa-,prefixation,medium,True,True,False,strong,True,False,False,,A_strong_silver
kap-morph-0552,pakibat,pakibat,kibat,pa+kibat,pa-,prefixation,medium,True,False,False,none,True,False,False,,B_moderate_silver
kap-morph-0553,paldas,paldas,ldas,pa+ldas,pa-,prefixation,medium,True,False,False,none,True,False,False,,B_moderate_silver
kap-morph-0554,pamalsinta,pamalsinta,lsinta,pama+lsinta,pama-,prefixation,medium,True,False,False,none,False,False,False,,C_weak_needs_review
kap-morph-0555,pamisip,pamisip,isip,pam+isip,pam-,prefixation,medium,True,True,True,strong,True,False,True,"existing v2/v4 analysis already accepts root 'MISIP' (segments 'PA + MISIP') for this exact surface, not 'isip'",F_conflicts_with_reconciliation_evidence
kap-morph-0556,pampang,pampang,pang,pam+pang,pam-,prefixation,medium,True,True,False,strong,True,False,False,,A_strong_silver
kap-morph-0557,panenayan,panenayan,nenay,pa+nenay+an,pa- + -an,circumfixation,medium,True,False,False,none,True,False,True,reconciliation found this exact surface independently attested as its own dictionary headword with no source evidence supporting further decomposition (do_not_promote_without_root_evidence),F_conflicts_with_reconciliation_evidence
kap-morph-0558,paralaya,paralaya,ralaya,pa+ralaya,pa-,prefixation,medium,True,False,False,none,True,False,True,reconciliation found this exact surface independently attested as its own dictionary headword with no source evidence supporting further decomposition (do_not_promote_without_root_evidence),F_conflicts_with_reconciliation_evidence
kap-morph-0559,penintun,penintun,nintun,pe+nintun,pe-,prefixation,medium,True,False,False,none,False,False,False,,C_weak_needs_review
kap-morph-0560,pepalakuan,pepalakuan,palaku,pe+palaku+an,pe-; -an,prefixation+suffixation,medium,True,False,False,none,False,False,False,,C_weak_needs_review
kap-morph-0561,pilipinas,pilipinas,lipinas,pi+lipinas,pi-,prefixation,medium,True,False,False,none,True,False,False,,B_moderate_silver
kap-morph-0562,sasalikut,sasalikut,salikut,sa~salikut,sa~,reduplication,medium,True,True,True,strong,True,False,False,,A_strong_silver
kap-morph-0563,sinira,sinira,sira,s+in+ira,-in-,infixation,medium,True,False,True,strong,True,False,True,reconciliation found this exact surface independently attested as its own dictionary headword with no source evidence supporting further decomposition (do_not_promote_without_root_evidence),F_conflicts_with_reconciliation_evidence
kap-morph-0564,sumiping,sumiping,siping,s+um+iping,-um-,infixation,medium,True,True,True,strong,True,False,False,,A_strong_silver
kap-morph-0565,yuyutus,yuyutus,yutus,yu~yutus,yu~,reduplication,medium,True,False,False,weak,True,False,False,,B_moderate_silver
kap-morph-0566,dasnan,dasnan,dasn,dasn+an,-an,suffixation,medium,True,False,False,none,True,False,False,,B_moderate_silver
kap-morph-0567,degulan,degulan,degul,degul+an,-an,suffixation,medium,True,False,False,weak,True,False,False,,B_moderate_silver
kap-morph-0568,dumpa,dumpa,dpa,d+um+pa,-um-,infixation,medium,True,False,False,weak,True,False,False,,B_moderate_silver
kap-morph-0569,gugulutan,gugulutan,gulut,gu~gulut+an,gu~; -an,reduplication+suffixation,medium,True,True,True,strong,True,False,False,,A_strong_silver
kap-morph-0570,haran,haran,har,har+an,-an,suffixation,medium,True,False,False,none,True,False,False,,B_moderate_silver
kap-morph-0571,kabilyan,kabilyan,bily,ka+bily+an,ka- + -an,circumfixation,medium,True,False,False,none,True,False,False,,B_moderate_silver
kap-morph-0572,kaburian,kaburian,buri,ka+buri+an,ka- + -an,circumfixation,medium,True,True,True,strong,True,False,False,,A_strong_silver
kap-morph-0573,kamulangan,kamulangan,mulang,ka+mulang+an,ka- + -an,circumfixation,medium,True,True,True,strong,True,False,False,,A_strong_silver
kap-morph-0574,kapalaluan,kapalaluan,palalu,ka+palalu+an,ka- + -an,circumfixation,medium,True,False,False,weak,True,False,False,,B_moderate_silver
kap-morph-0575,kapatagan,kapatagan,patag,ka+patag+an,ka- + -an,circumfixation,medium,True,True,True,strong,True,False,False,,A_strong_silver
kap-morph-0576,katungkulan,katungkulan,tungkul,ka+tungkul+an,ka- + -an,circumfixation,medium,True,True,True,strong,True,False,False,,A_strong_silver
kap-morph-0577,kawakasan,kawakasan,wakas,ka+wakas+an,ka- + -an,circumfixation,medium,True,True,True,strong,True,False,False,,A_strong_silver
kap-morph-0578,kayaldawan,kayaldawan,yaldaw,ka+yaldaw+an,ka- + -an,circumfixation,medium,True,False,False,none,True,False,False,,B_moderate_silver
kap-morph-0579,kumabsi,kumabsi,kabsi,k+um+absi,-um-,infixation,medium,True,False,False,weak,True,False,False,,B_moderate_silver
kap-morph-0580,lalapit,lalapit,lapit,la~lapit,la~,reduplication,medium,True,True,True,strong,True,False,False,,A_strong_silver
kap-morph-0581,lasakan,lasakan,lasak,lasak+an,-an,suffixation,medium,True,True,True,strong,True,False,False,,A_strong_silver
kap-morph-0582,linaban,linaban,laban,l+in+aban,-in-,infixation,medium,True,True,True,strong,True,False,False,,A_strong_silver
kap-morph-0583,lumbe,lumbe,lbe,l+um+be,-um-,infixation,medium,True,False,False,none,True,False,True,reconciliation found this exact surface independently attested as its own dictionary headword with no source evidence supporting further decomposition (do_not_promote_without_root_evidence),F_conflicts_with_reconciliation_evidence
kap-morph-0584,mabilis,mabilis,bilis,ma+bilis,ma-,prefixation,medium,True,True,True,strong,True,False,False,,A_strong_silver
kap-morph-0585,magaral,magaral,aral,mag+aral,mag-,prefixation,medium,True,True,True,strong,True,False,False,,A_strong_silver
kap-morph-0586,malagwa,malagwa,lagwa,ma+lagwa,ma-,prefixation,medium,True,False,False,none,True,False,True,reconciliation found this exact surface independently attested as its own dictionary headword with no source evidence supporting further decomposition (do_not_promote_without_root_evidence),F_conflicts_with_reconciliation_evidence
kap-morph-0587,malangi,malangi,langi,ma+langi,ma-,prefixation,medium,True,False,True,strong,True,False,False,,A_strong_silver
kap-morph-0588,malino,malino,lino,ma+lino,ma-,prefixation,medium,True,True,True,strong,True,False,False,,A_strong_silver
kap-morph-0589,mamamate,mamamate,mamate,ma~mamate,ma~,reduplication,medium,True,False,False,weak,True,False,False,,B_moderate_silver
kap-morph-0590,mangamate,mangamate,amate,mang+amate,mang-,prefixation,medium,True,False,False,none,True,False,False,,B_moderate_silver
kap-morph-0591,maniabing,maniabing,iabing,man+iabing,man-,prefixation,medium,True,False,False,none,True,False,False,,B_moderate_silver
kap-morph-0592,maninap,maninap,inap,man+inap,man-,prefixation,medium,True,False,False,none,True,False,False,,B_moderate_silver
kap-morph-0593,manyawad,manyawad,yawad,man+yawad,man-,prefixation,medium,True,True,True,strong,True,False,False,,A_strong_silver
kap-morph-0594,mapait,mapait,pait,ma+pait,ma-,prefixation,medium,True,True,True,strong,True,False,False,,A_strong_silver
kap-morph-0595,mayubu,mayubu,yubu,ma+yubu,ma-,prefixation,medium,True,True,False,strong,True,False,False,,A_strong_silver
kap-morph-0596,migising,migising,ising,mig+ising,mig-,prefixation,medium,True,False,False,strong,True,False,True,reconciliation found this exact surface independently attested as its own dictionary headword with no source evidence supporting further decomposition (do_not_promote_without_root_evidence),F_conflicts_with_reconciliation_evidence
kap-morph-0597,minyabi,minyabi,myabi,m+in+yabi,-in-,infixation,medium,True,False,False,none,True,False,False,,B_moderate_silver
kap-morph-0598,nining,nining,ning,n+in+ing,-in-,infixation,medium,True,True,False,strong,True,False,False,,A_strong_silver
kap-morph-0599,pamanalangsang,pamanalangsang,nalangsang,pama+nalangsang,pama-,prefixation,medium,True,False,False,none,False,False,False,,C_weak_needs_review
kap-morph-0600,pamilya,pamilya,ilya,pam+ilya,pam-,prefixation,medium,True,False,False,weak,True,False,False,,B_moderate_silver
kap-morph-0601,pangaku,pangaku,gaku,pan+gaku,pan-,prefixation,medium,True,False,False,none,True,False,False,,B_moderate_silver
kap-morph-0602,pangaras,pangaras,aras,pang+aras,pang-,prefixation,medium,True,False,False,weak,True,False,False,,B_moderate_silver
kap-morph-0603,pasibayung,pasibayung,sibayung,pa+sibayung,pa-,prefixation,medium,True,False,False,none,True,False,False,,B_moderate_silver
kap-morph-0604,patawad,patawad,tawad,pa+tawad,pa-,prefixation,medium,True,True,True,strong,True,False,False,,A_strong_silver
kap-morph-0605,personang,personang,rsonang,pe+rsonang,pe-,prefixation,medium,True,False,False,none,False,False,False,,C_weak_needs_review
kap-morph-0606,pibandyan,pibandyan,bandy,pi+bandy+an,pi-; -an,prefixation+suffixation,medium,True,False,False,none,True,False,False,,B_moderate_silver
kap-morph-0607,sasalpantaya,sasalpantaya,salpantaya,sa~salpantaya,sa~,reduplication,medium,True,False,True,strong,True,False,False,,A_strong_silver
kap-morph-0608,sumakup,sumakup,sakup,s+um+akup,-um-,infixation,medium,True,True,True,strong,True,False,False,,A_strong_silver
kap-morph-0609,talan,talan,tal,tal+an,-an,suffixation,medium,True,False,False,strong,True,False,False,,A_strong_silver
kap-morph-0610,telanan,telanan,telan,telan+an,-an,suffixation,medium,True,False,False,weak,True,False,False,,B_moderate_silver
kap-morph-0611,uvasan,uvasan,uvas,uvas+an,-an,suffixation,medium,True,False,False,weak,True,False,False,,B_moderate_silver
kap-morph-0612,akalingwan,akalingwan,akalingw,akalingw+an,-an,suffixation,medium,True,False,False,none,True,False,False,,B_moderate_silver
kap-morph-0613,albugan,albugan,albug,albug+an,-an,suffixation,medium,True,True,True,strong,True,False,False,,A_strong_silver
kap-morph-0614,atbusan,atbusan,atbus,atbus+an,-an,suffixation,medium,True,True,True,none,True,False,False,,A_strong_silver
kap-morph-0615,bebe,bebe,be,be~be,be~,reduplication,medium,True,False,True,strong,True,False,False,,A_strong_silver
kap-morph-0616,camatayan,camatayan,camatay,camatay+an,-an,suffixation,medium,True,False,False,none,True,False,True,reconciliation found this exact surface independently attested as its own dictionary headword with no source evidence supporting further decomposition (do_not_promote_without_root_evidence),F_conflicts_with_reconciliation_evidence
kap-morph-0617,dumalan,dumalan,dalan,d+um+alan,-um-,infixation,medium,True,True,True,strong,True,False,False,,A_strong_silver
kap-morph-0618,gagalang,gagalang,galang,ga~galang,ga~,reduplication,medium,True,True,True,strong,True,False,False,,A_strong_silver
kap-morph-0619,gagawa,gagawa,gawa,ga~gawa,ga~,reduplication,medium,True,False,True,strong,True,False,False,,A_strong_silver
kap-morph-0620,ipaintulut,ipaintulut,intulut,ipa+intulut,ipa-,prefixation,medium,True,False,False,none,True,False,False,,B_moderate_silver
kap-morph-0621,kabengian,kabengian,bengi,ka+bengi+an,ka- + -an,circumfixation,medium,True,True,True,strong,True,False,False,,A_strong_silver
kap-morph-0622,kibkuban,kibkuban,kibkub,kibkub+an,-an,suffixation,medium,True,False,False,none,True,False,False,,B_moderate_silver
kap-morph-0623,kinaul,kinaul,kaul,k+in+aul,-in-,infixation,medium,True,True,True,strong,True,False,False,,A_strong_silver
kap-morph-0624,kundiman,kundiman,kundim,kundim+an,-an,suffixation,medium,True,False,False,none,True,False,False,,B_moderate_silver
kap-morph-0625,kwayan,kwayan,kway,kway+an,-an,suffixation,medium,True,False,False,weak,True,False,False,,B_moderate_silver
kap-morph-0626,lakwan,lakwan,lakw,lakw+an,-an,suffixation,medium,True,False,False,none,True,False,False,,B_moderate_silver
kap-morph-0627,likuan,likuan,liku,liku+an,-an,suffixation,medium,True,False,False,weak,True,False,False,,B_moderate_silver
kap-morph-0628,maestro,maestro,estro,ma+estro,ma-,prefixation,medium,True,False,False,none,True,False,True,reconciliation found this exact surface independently attested as its own dictionary headword with no source evidence supporting further decomposition (do_not_promote_without_root_evidence),F_conflicts_with_reconciliation_evidence
kap-morph-0629,magari,magari,gari,ma+gari,ma-,prefixation,medium,True,False,False,weak,True,False,False,,B_moderate_silver
kap-morph-0630,makalangan,makalangan,lang,maka+lang+an,maka-; -an,prefixation+suffixation,medium,True,False,False,weak,True,False,True,reconciliation found this exact surface independently attested as its own dictionary headword with no source evidence supporting further decomposition (do_not_promote_without_root_evidence),F_conflicts_with_reconciliation_evidence
kap-morph-0631,makalunus,makalunus,lunus,maka+lunus,maka-,prefixation,medium,True,True,True,strong,True,False,False,,A_strong_silver
kap-morph-0632,makasalikut,makasalikut,salikut,maka+salikut,maka-,prefixation,medium,True,True,True,strong,True,False,False,,A_strong_silver
kap-morph-0633,mamintu,mamintu,intu,mam+intu,mam-,prefixation,medium,True,False,False,none,True,False,False,,B_moderate_silver
kap-morph-0634,manaliwang,manaliwang,aliwang,man+aliwang,man-,prefixation,medium,True,False,False,weak,True,False,False,,B_moderate_silver
kap-morph-0635,manyad,manyad,nyad,ma+nyad,ma-,prefixation,medium,True,False,False,none,True,False,False,,B_moderate_silver
kap-morph-0636,mapinu,mapinu,pinu,ma+pinu,ma-,prefixation,medium,True,True,False,strong,True,False,False,,A_strong_silver
kap-morph-0637,masala,masala,sala,ma+sala,ma-,prefixation,medium,True,False,True,strong,True,False,False,,A_strong_silver
kap-morph-0638,masquil,masquil,squil,ma+squil,ma-,prefixation,medium,True,False,False,none,True,False,False,,B_moderate_silver
kap-morph-0639,mayakit,mayakit,yakit,ma+yakit,ma-,prefixation,medium,True,False,False,weak,True,False,False,,B_moderate_silver
kap-morph-0640,menalakad,menalakad,alakad,men+alakad,men-,prefixation,medium,True,False,False,none,True,False,False,,B_moderate_silver
kap-morph-0641,meninap,meninap,inap,men+inap,men-,prefixation,medium,True,False,False,none,True,False,False,,B_moderate_silver
kap-morph-0642,migdala,migdala,dala,mig+dala,mig-,prefixation,medium,True,True,True,strong,True,False,False,,A_strong_silver
kap-morph-0643,mirinan,mirinan,mirin,mirin+an,-an,suffixation,medium,True,False,False,weak,True,False,False,,B_moderate_silver
kap-morph-0644,pangaligtas,pangaligtas,ligtas,panga+ligtas,panga-,prefixation,medium,True,True,False,strong,True,False,False,,A_strong_silver
kap-morph-0645,parusa,parusa,rusa,pa+rusa,pa-,prefixation,medium,True,False,False,none,True,False,True,reconciliation found this exact surface independently attested as its own dictionary headword with no source evidence supporting further decomposition (do_not_promote_without_root_evidence),F_conflicts_with_reconciliation_evidence
kap-morph-0646,pasiknangan,pasiknangan,siknang,pa+siknang+an,pa- + -an,circumfixation,medium,True,False,False,none,True,False,False,,B_moderate_silver
kap-morph-0647,patutut,patutut,tutut,pa+tutut,pa-,prefixation,medium,True,False,False,none,True,False,False,,B_moderate_silver
kap-morph-0648,pengaku,pengaku,ngaku,pe+ngaku,pe-,prefixation,medium,True,True,False,weak,False,False,False,,C_weak_needs_review
kap-morph-0649,pepabal,pepabal,pabal,pe+pabal,pe-,prefixation,medium,True,False,False,weak,False,False,False,,C_weak_needs_review
kap-morph-0650,pepakan,pepakan,pakan,pe+pakan,pe-,prefixation,medium,True,False,False,weak,False,False,False,,C_weak_needs_review
