unit,pam_text,fil_text,emb_cosine,token_jaccard,char3_cosine,length_ratio,mutual_best,blended_score,reviewer_verdict,reviewer_notes
Iso_Weather.txt,La Nina,La Nina,1.0,1.0,1.0,1.0,True,1.05,Accept,Exact match
Iso_Weather.txt,El Nino,El Nino,1.0,1.0,1.0,1.0,True,1.05,Accept,Exact match
Utt_CommonExpressions.txt,Maligayang bati pu.,Maligayang bati po.,0.9862,0.5,0.8421,1.0,True,0.9259,Accept,Verified via dictionary alignment & score
Utt_Educ.txt,Recess na.,Recess na,0.7923,1.0,0.8433,1.0,True,0.9097,Accept,Verified via dictionary alignment & score
Utt_CommonExpressions.txt,Nanung oras na?,Anong oras na?,0.9616,0.5,0.7143,1.0,True,0.8984,Accept,Verified via dictionary alignment & score
Utt_Educ.txt,Nanung oras na?,Anong oras na?,0.9616,0.5,0.7143,1.0,True,0.8984,Accept,Verified via dictionary alignment & score
Utt_CommonExpressions.txt,Sige pu.,Sige po.,0.9895,0.3333,0.625,1.0,True,0.8729,Accept,Verified via dictionary alignment & score
Utt_Greetings.txt,Mayalang galang na po.,Mawalang galang na po.,0.8636,0.6,0.8333,1.0,True,0.8715,Accept,Verified via dictionary alignment & score
Utt_Medical.txt,Salamat Doc,Salamat Dok,0.9402,0.3333,0.8182,1.0,True,0.8626,Accept,Verified via dictionary alignment & score
Utt_Greetings.txt,Maligayang pamamuge.,Maligayang pagbátì.,0.9703,0.3333,0.6156,1.0,True,0.8604,Accept,Verified via dictionary alignment & score
Utt_Greetings.txt,Paumanhin pu.,Paumanhin po.,0.9436,0.3333,0.7692,1.0,True,0.8598,Accept,Verified via dictionary alignment & score
Utt_News.txt,Pang-export na la rin ding papacbung ning Bulacan,Pang-export na rin ang mga paputok ng Bulacan,0.9317,0.3846,0.6441,1.0,True,0.8503,Accept,Verified via dictionary alignment & score
Utt_Medical.txt,Salamat pu Doctor,Salamat po Doktor,0.9906,0.2,0.6471,1.0,True,0.8491,Accept,Verified via dictionary alignment & score
Utt_Greetings.txt,Maligayang Pascu.,Maligayang Pasko.,0.9207,0.3333,0.7647,1.0,True,0.8456,Accept,Verified via dictionary alignment & score
Iso_Ordinal.txt,Catlumpulu't limang,ikatatlumpu't limang,0.8684,0.5,0.7182,1.0,True,0.8429,Accept,Verified via dictionary alignment & score
Utt_Educ.txt,Bayaran ing utang.,Bayaran ang utang,0.8267,0.5,0.7912,1.0,True,0.8251,Accept,Verified via dictionary alignment & score
Utt_News.txt,Mitas na naman ing precio ning LPG,Tumaas na naman ang presyo ng LPG,0.9239,0.2727,0.5806,1.0,True,0.8169,Accept,Verified via dictionary alignment & score
Utt_News.txt,Seventy six point eight percent ding Pinoy ding pacacalulu,Seventy-six point eight percent ng Pinoy ang mahirap,0.8253,0.5455,0.6667,0.8889,True,0.8098,Accept,Verified via dictionary alignment & score
Utt_News.txt,Ing pamakilaban contra terorismo,Ang paglaban kontra terorismo,0.9315,0.1429,0.6894,1.0,True,0.8064,Accept,Verified via dictionary alignment & score
Utt_Educ.txt,Culayan yang malinis.,Kulayan nang malinis.,0.8926,0.2,0.7807,1.0,True,0.8036,Accept,Verified via dictionary alignment & score
Utt_News.txt,"Moody’s, mababahala ya king utang ning NAPOCOR","Moody's, nababahala sa utang ng NAPOCOR",0.8818,0.3636,0.66,0.8571,True,0.8035,Accept,Verified via dictionary alignment & score
Utt_News.txt,Pinalu ketang Enero ing produccion ning furnitures atbp.,Humataw nung Enero ang produksyon ng furnitures atbp.,0.9095,0.2308,0.6155,1.0,True,0.8034,Accept,Verified via dictionary alignment & score
Utt_Medical.txt,Nucarin masakit?,Saan masakit?,0.8692,0.3333,0.624,1.0,True,0.8006,Accept,Verified via dictionary alignment & score
Utt_News.txt,Seli ne ning Petron ing Caltex LPG,Binili ng Petron ang Caltex LPG,0.8863,0.3,0.6778,0.8571,True,0.7953,Accept,Verified via dictionary alignment & score
Utt_News.txt,Papatupad da ne ing programang Tele-OFW,Ipinapatupad na ang programang Tele-OFW,0.8822,0.3,0.7201,0.8333,True,0.7946,Review,"Partial dictionary match, manual review needed"
Utt_Interrogatives.txt,Mawawala wari ing gamit nang Ronald?,Nawawala ba ang gamit ni Ronald?,0.8875,0.2,0.6776,1.0,True,0.7903,Review,"Partial dictionary match, manual review needed"
Utt_Interrogatives.txt,"Filipinu ya I James, o Americanu?","Pilipino si James, o Amerikano?",0.9182,0.2222,0.5487,0.8333,True,0.7835,Review,"Partial dictionary match, manual review needed"
Utt_Salawikain.txt,"Itang mapag-alinlangan, madalas yang malalacuan.","Yaong mapag-alinlangan, madalas mapagiwanan.",0.8311,0.375,0.7342,0.8,True,0.7771,Review,"Partial dictionary match, manual review needed"
Utt_Interrogatives.txt,Estudyanti ya wari I Michael?,Estudyante ba si Michael?,0.922,0.125,0.6314,0.8,True,0.7713,Review,"Partial dictionary match, manual review needed"
Utt_News.txt,Bayaran na ne ning gobierno ing PIATCO,Babayaran na ng gobyerno ang PIATCO,0.8732,0.1818,0.7146,0.8571,True,0.7674,Accept,Verified via dictionary alignment & score
Utt_Educ.txt,Pumila at mangan nang lelut.,Pumila na at kakain na ng lugaw.,0.9216,0.2222,0.4646,0.7143,True,0.7653,Review,"Partial dictionary match, manual review needed"
Utt_News.txt,"Samie Lim, miyalal yang bayung pamuntuc ning PCCI","Samie Lim, nahalal bilang bagong pangulo ng PCCI",0.8628,0.2308,0.5112,1.0,True,0.7649,Review,"Partial dictionary match, manual review needed"
Iso_Ordinal.txt,Catlumpulu't apat,ikatatlumpu't apat,0.7433,0.5,0.686,1.0,True,0.7646,Review,"Partial dictionary match, manual review needed"
STORY_folktales(PAM 5 files vs FIL Utt_Story.txt),"Meyangu ya ing cayang laguiu cang Bernardo de Carpio, metung a matapang, bantug, maticdi, at maalamat a mandirigma king bansang Espania","Hinango ang kanyang pangalan kay Bernardo de Carpio, isang matapang, bantog, makisig, at maalamat na mandirigma sa bansang Espanya.",0.8586,0.2581,0.5728,0.9048,True,0.7645,Review,"Partial dictionary match, manual review needed"
Utt_News.txt,"Samantala, pagmaragul nang Neri a lalagu ing economia ning bansa.","Samantala, ipinagmalaki ni Neri na gumaganda ang ekonomiya ng bansa.",0.8777,0.1765,0.5164,1.0,True,0.7635,Review,"Partial dictionary match, manual review needed"
Utt_Interrogatives.txt,"I Micahel wari ing magcanta, o i James?","Si Michael ba ang kakanta, o si James?",0.8852,0.1667,0.4867,1.0,True,0.7631,Review,"Partial dictionary match, manual review needed"
Utt_News.txt,Iti mecapaglista yang six point one percent,Ito'y nakapagtala ng six point one percent,0.7957,0.3636,0.6025,1.0,True,0.7604,Review,"Partial dictionary match, manual review needed"
Utt_News.txt,Sisiguraduan na ning DFA ing pamipalaya caring biag a OFWs ning Nigeria,Siniguro ng DFA ang paglaya ng mga bihag na OFW sa Nigeria,0.8803,0.1579,0.5059,1.0,True,0.7603,Review,"Partial dictionary match, manual review needed"
Utt_News.txt,"Inatasan neng PGMA ing TLRC, DOST a mitalacad planta ning VCO caring lalawigang dacal a ngungut","Inatasan ni PGMA ang TLRC, DOST na magtayo ng planta ng VCO sa mga lalawigang maraming niyog",0.8214,0.2917,0.6024,0.9412,True,0.7555,Review,"Partial dictionary match, manual review needed"
Utt_Educ.txt,Isulat ing lagiu.,Isulat sa pisara.,0.8828,0.2,0.3529,1.0,True,0.755,Review,"Partial dictionary match, manual review needed"
Utt_News.txt,Mangailangan yang piloto ing PAL,Nangangailangan ng mga piloto ang PAL,0.842,0.2222,0.6676,0.8333,True,0.7498,Review,"Partial dictionary match, manual review needed"
Utt_News.txt,Sapuan ne ning gobierno ing cabilugang limang dalang bilyong pesus a utang ning NAPOCOR,Sasaluhin ng gobyerno ang kabuuang limang daang bilyong piso utang ng NAPOCOR,0.8645,0.2,0.5489,0.8571,True,0.7493,Review,"Partial dictionary match, manual review needed"
Utt_Greetings.txt,Metung a taus pusung pasasalamat!,Isang taós pusong pasasalamat!,0.8916,0.125,0.5866,0.8,True,0.7486,Review,"Partial dictionary match, manual review needed"
Utt_News.txt,Makipag-ugnayan ya ing Phil-export caring LGU para king proceso ning pamagnegocio,Nakikipag-ugnayan ang Phil-export sa mga LGU para sa proseso ng pagnenegosyo,0.813,0.25,0.6057,1.0,True,0.7484,Review,"Partial dictionary match, manual review needed"
Utt_News.txt,Binabang one point five percent ing utang ning Filipinas king lual,Bumaba ng one point five percent ang utang ng Pilipinas sa labas,0.8036,0.2941,0.6545,0.9167,True,0.7481,Accept,Verified via dictionary alignment & score
Utt_Salawikain.txt,"Matalino ya man ing matsing, malolocu yamu rin.","Matalino man ang matsing, napaglalalangan din.",0.8634,0.2727,0.5002,0.75,True,0.7476,Accept,Verified via dictionary alignment & score
Utt_Essay.txt,"Ing pabulang Japon, Saru kani kassen, o ing labanan ning matsing at ning alimango, a milathala king Bobunsha king Tokyo yapin ing makatuki:","Ang pabulang Hapon, Saru kani kassen, o ang labanan ng matsing at ng alimango, na inilathala ng Kobunsha sa Tokyo ay ang sumusunod :",0.764,0.3571,0.6996,0.9583,True,0.7456,Review,"Partial dictionary match, manual review needed"
Utt_News.txt,Ing utang ning Filipinas mibaba,Ang utang ng Pilipinas ay bumaba,0.8933,0.1,0.5615,0.8333,True,0.7455,Review,"Partial dictionary match, manual review needed"
Utt_News.txt,Pinurian ne ning APEC ing economia ning Filipinas,Pinuri ng APEC ang ekonomiya ng Pilipinas,0.8909,0.0833,0.5658,0.875,True,0.7453,Review,"Partial dictionary match, manual review needed"
Utt_News.txt,Magtas yang singil ing Meralco,Magtataas ng singil ang Meralco,0.7796,0.25,0.7591,1.0,True,0.7436,Review,"Partial dictionary match, manual review needed"
Utt_Interrogatives.txt,Macananu mewala ing gamit nang Michael?,Paano nawala ang gamit ni Michael?,0.8234,0.2,0.5921,1.0,True,0.7433,Review,"Partial dictionary match, manual review needed"
Utt_Medical.txt,Ninu king pamilya yu ing ating diabetis?,Sino sa pamilya ninyo ang may diabetes?,0.8869,0.0769,0.427,1.0,True,0.7402,Review,"Partial dictionary match, manual review needed"
Utt_News.txt,Binulusuc ing penakitan ning Del Monte Pacific,Bumulusok ang kita ng Del Monte Pacific,0.7975,0.2727,0.5625,1.0,True,0.7393,Accept,Verified via dictionary alignment & score
Utt_Interrogatives.txt,"Tigtig ya wari i Francisco, o magcanta?","Tutugtog ba si Francisco, o kakanta?",0.8617,0.1818,0.4596,0.8571,True,0.7351,Review,"Partial dictionary match, manual review needed"
Utt_News.txt,"Buung suporta ing babie ning DTI king pamipaunlad ding mitulduang OTOP ning Palawan, particular ing productong balubad","Buong suporta ang ibibigay ng DTI sa pagpapaunlad ng mga natukoy na OTOP ng Palawan, partikular ang produktong kasuy.",0.8526,0.1481,0.5027,0.8947,True,0.7309,Review,"Partial dictionary match, manual review needed"
Utt_News.txt,Imanuyut ning gobierno ning TUCP a magpatupad reporma ban macagauang obra,Hinimok ang gobyerno ng TUCP na magpatupad ng reporma para makalikha ng trabaho,0.8566,0.1667,0.4785,0.8462,True,0.7297,Review,"Partial dictionary match, manual review needed"
Utt_News.txt,"Macanian man, sinabi nang Robles ding apat a dayuhang cumpania a interesadung ponduan ing mesabing proyecto","Gayunman, sinabi ni Robles na apat na mga dayuhang kompanya ang interesadong pondohan ang naturang proyekto.",0.8179,0.16,0.5575,1.0,True,0.7285,Review,"Partial dictionary match, manual review needed"
Iso_Ordinal.txt,Catlumpulu't pitung,ikatatlumpu't pitong,0.8031,0.2,0.5643,1.0,True,0.7283,Review,"Partial dictionary match, manual review needed"
Utt_CommonExpressions.txt,Nucarin ya pu ing terminal ning bus?,Saan ho ang terminal ng bus?,0.8385,0.1818,0.5281,0.8571,True,0.728,Accept,Verified via dictionary alignment & score
Utt_News.txt,Memie ya ing China a limang milyong pesus saup king Filipinas para king proyecto ning infrastructura,Nagbigay ang China ng limang milyong pisong tulong sa Pilipinas para sa proyekto ng imprastraktura,0.8286,0.1667,0.524,0.9375,True,0.7267,Review,"Partial dictionary match, manual review needed"
Utt_Educ.txt,Iwasan ing mangopia.,Iwasan ang patayu-tayo.,0.8419,0.1667,0.3814,1.0,True,0.7266,Accept,Verified via dictionary alignment & score
Utt_News.txt,Ing milistang utang ding pampublikung sector five point five trilyong pesus,Ang naitalang utang ng mga pampublikong sektor ay five point five trilyong piso,0.811,0.2222,0.6097,0.8462,True,0.7266,Review,"Partial dictionary match, manual review needed"
Utt_Educ.txt,Nanung masakit keca?,Anong masakit sayo?,0.8171,0.2,0.4617,1.0,True,0.7264,Accept,Verified via dictionary alignment & score
Utt_Letter.txt,Iti ausan deng ‘Pacto de Sangre’ ning Aring Sikatuna at nang Legaspi a pecacatauan ning Ari ning Espana.,Ito'y siyang tinatawag na 'Pacto de Sangre' ng haring Sikatuna at ni Legaspi na pinakakatawanan ng hari sa Espana.,0.779,0.2593,0.611,0.9474,True,0.7251,Review,"Partial dictionary match, manual review needed"
Utt_Interrogatives.txt,"Doctor ne I James, e wari? E wari?","Doktor na si James, hindi ba?Hindi ba?",0.8843,0.0909,0.3802,0.875,True,0.7243,Review,"Partial dictionary match, manual review needed"
Utt_News.txt,Beba dang pasibayu ing precio ning LPG limampulung setimus cada kilo,Binabaan muli ang presyo ng LPG ng limampung sentimo kada kilo,0.8461,0.1053,0.4542,1.0,True,0.7241,Review,"Partial dictionary match, manual review needed"
Utt_News.txt,"Agpang cang PGMA, tecnologia ing fundacion ning pamipaunlad ning economia ning bansa","Ayon kay PGMA, teknolohiya ang pundasyon ng pag-unlad ng ekonomiya ng bansa",0.8371,0.1053,0.4928,1.0,True,0.7226,Review,"Partial dictionary match, manual review needed"
Utt_Educ.txt,Magdalang lapis.,Magdala ng lapis,0.799,0.25,0.75,0.6667,True,0.7211,Review,"Partial dictionary match, manual review needed"
Utt_News.txt,Migprotesta la ding OFWs king Cotabato,Nagprotesta ang mga OFW sa Cotabato,0.8268,0.0909,0.5353,1.0,True,0.7178,Review,"Partial dictionary match, manual review needed"
Utt_News.txt,Isinup para king produccion ning mais ing walung dalan libong pesus ipautang ning ADB king Filipinas,Ilalagak para sa produksyon ng mais ang walong daang libong pisong ipapautang ng ADB sa Pilipinas,0.7948,0.1667,0.5732,1.0,True,0.7176,Review,"Partial dictionary match, manual review needed"
Utt_News.txt,Reforma king economia migresulta king pamibaba ning utang ning bansa,Mga reporma sa ekonomiya nagresulta ng pagbaba ng utang ng bansa,0.8172,0.1333,0.5893,0.9091,True,0.7168,Review,"Partial dictionary match, manual review needed"
Utt_Educ.txt,Linisan me ing CR.,Linisin mo ang CR.,0.8008,0.1429,0.5556,1.0,True,0.7146,Review,"Partial dictionary match, manual review needed"
Utt_News.txt,Dinagsa la ding dayuhang capitalista a mamuhunan king bansa,Dumagsa ang mga dayuhang kapitalista na namumuhunan sa bansa.,0.7981,0.125,0.6057,1.0,True,0.7144,Review,"Partial dictionary match, manual review needed"
Utt_Educ.txt,Gumamit pu at opu.,Gumamit ng po at opo,0.7761,0.2857,0.5948,0.8,True,0.7123,Review,"Partial dictionary match, manual review needed"
Utt_News.txt,Tinggap na neng PGMA ing resolucion ning PBC para caring programa king banuang aduang libu’t pitu,Tinanggap na ni PGMA ang resolusyon ng PBC para sa mga programa sa taong dalawang libo't pito,0.7777,0.2143,0.5663,0.9412,True,0.7102,Review,"Partial dictionary match, manual review needed"
Utt_Essay.txt,"Atiu king cuentung Filipino ing catalasan ning isip at calinauan ning pamagistoria, samantalang king cuentong Japon naman atiu ing caunlaran at cabiasnan.","Nasa-kuwentong Pilipino ang katalasan ng isip at kalinawan ng pagsasalaysay, samantalang sa kuwentong Hapon naman ay naroon ang kaunlara't kabihasnan.",0.8168,0.125,0.5414,0.9091,True,0.7101,Review,"Partial dictionary match, manual review needed"
Utt_News.txt,"SBMA, miglansad yang bayung gimik para caring turista","SBMA, naglunsad ng bagong gimik para sa mga turista",0.7489,0.3077,0.5743,0.8889,True,0.7072,Review,"Partial dictionary match, manual review needed"
Utt_Interrogatives.txt,Nanu ing linutu nang Michelle?,Mabait ba si Michelle?,0.8527,0.125,0.3693,0.8,True,0.7035,Review,"Partial dictionary match, manual review needed"
STORY_folktales(PAM 5 files vs FIL Utt_Story.txt),Oini anting sasabian na ing pamaging maalamat ning bie nang Bernardo Carpio keti Filipinas.,Eto ay parang nagbabadya sa magiging maalamat ding buhay ni Bernardo Carpio sa Pilipinas.,0.79,0.125,0.5399,1.0,True,0.703,Review,"Partial dictionary match, manual review needed"
Utt_News.txt,Gamitan ning DA laban caring peste ding ngungut ing atlumpulung milyong pesus,Gagamitin ng DA laban sa peste sa niyog ang tatlumpung milyong piso,0.7515,0.2105,0.592,1.0,True,0.7022,Review,"Partial dictionary match, manual review needed"
Utt_News.txt,Sisiguraduan nang PGMA ing balaus a pamipaunlad ning economia ning bansa,Sinisiguro ni PGMA ang patuloy na pag-unlad ng ekonomiya ng bansa,0.7974,0.1053,0.5162,1.0,True,0.7011,Review,"Partial dictionary match, manual review needed"
Utt_News.txt,Panibayung reporma king economia ing planu ning administracion,Ibayong reporma sa ekonomiya ang plano ng administrasyon,0.8058,0.0667,0.5276,1.0,True,0.6996,Review,"Partial dictionary match, manual review needed"
Utt_News.txt,Titingiran neng pansin ning presidente ing pamipaunlad king economia ning Filipinas,Pinagtutuonan ng pansin ng pangulo ang pagpapaunlad sa ekonomiya ng Pilipinas,0.8276,0.0556,0.4162,1.0,True,0.6993,Review,"Partial dictionary match, manual review needed"
Utt_News.txt,Samantalang minabut naman king five hundred four point five a milyong dollar ing atipun king pulayi ning negocio napun king mercado.,Samantalang umabot naman sa five hundred four point five na milyong dolyar ang naipon sa takbo ng negosyo kahapon sa merkado.,0.7359,0.2414,0.5798,1.0,True,0.6978,Review,"Partial dictionary match, manual review needed"
Utt_Interrogatives.txt,Macananu nang ikit ing gamit nang James?,Paano niya nahanap ang gamit ni James?,0.7708,0.1818,0.4865,1.0,True,0.6975,Review,"Partial dictionary match, manual review needed"
Utt_Medical.txt,Posible ya pung lala nung e ya maagapan?,Posible po yang lumala kung hindi maagapan?,0.7775,0.1667,0.5808,0.875,True,0.6954,Review,"Partial dictionary match, manual review needed"
Utt_News.txt,Ing utang ning gubierno minabut king three point nine trilyong pesus,Ang utang ng gobyerno ay umabot sa three point nine trilyong piso,0.7303,0.2778,0.5951,0.9167,True,0.6949,Accept,Verified via dictionary alignment & score
Utt_Interrogatives.txt,I Michael wari ing mengan king mangga?,Si Michael ba ang kumain ng mangga?,0.7685,0.1667,0.5002,1.0,True,0.6945,Review,"Partial dictionary match, manual review needed"
Utt_News.txt,"NAPOCOR, ibaba na ing singil king corriente","NAPOCOR, bababaan ang singil sa kuryente",0.7784,0.1818,0.5526,0.8571,True,0.6944,Accept,Verified via dictionary alignment & score
Utt_News.txt,"Pamipaunlad ning economia ning bansa, pakinabangan da ding anggang sector","Pag-unlad ng ekonomiya ng bansa, pakikinabangan ng lahat ng sektor",0.7892,0.0625,0.5716,1.0,True,0.6932,Review,"Partial dictionary match, manual review needed"
STORY_folktales(PAM 5 files vs FIL Utt_Story.txt),Agad neng lisungan Bernardo ing bangin ban sagipan at saupan ing cabayo.,Agad na nilusong ni Bernardo ang bangin upang sagipin at tulungan ang kabayo.,0.7453,0.2105,0.6151,0.9231,True,0.6931,Review,"Partial dictionary match, manual review needed"
Utt_News.txt,"NAPOCOR, macatipid yang metung a bilyong dollar ngening banua","NAPOCOR, makatitipid ng isang bilyong dolyar ngayong taon",0.7855,0.1333,0.5516,0.8889,True,0.692,Review,"Partial dictionary match, manual review needed"
Utt_Interrogatives.txt,Talaturu ya wari e Maricel?,Guro ba si Maricel?,0.8349,0.125,0.3599,0.8,True,0.6919,Review,"Partial dictionary match, manual review needed"
Utt_News.txt,Planu ning Banco Central ning Filipinas a ilaco king circulacion ing tantiang limampulung bilyung pesus labis a salapi,Plano ng Bangko Sentral ng Pilipinas na alisin sa sirkulasyon ang tinatayang limampung bilyong pisong labis na salapi.,0.8001,0.0667,0.4748,1.0,True,0.6909,Review,"Partial dictionary match, manual review needed"
Utt_Interrogatives.txt,Caninu ya ing bag a yan?,Kanino ang bag na iyan?,0.8106,0.1,0.4783,0.8333,True,0.6875,Review,"Partial dictionary match, manual review needed"
Utt_News.txt,Buclat-gamat nong tinggap ning Malacanang ding OFWs,"Bukas-kamay na tinanggap ng Malakanyang, mga OFWs",0.7976,0.0667,0.4256,1.0,True,0.6845,Review,"Partial dictionary match, manual review needed"
Utt_Greetings.txt,Tau po.,Tao po.,0.684,0.3333,0.5714,1.0,True,0.6842,Review,"Partial dictionary match, manual review needed"
Utt_News.txt,Inauad ning DAR king corte ing TRO,Hiniling ng DAR sa korte ang TRO,0.7612,0.1667,0.4407,1.0,True,0.6841,Accept,Verified via dictionary alignment & score
Utt_News.txt,"Atlung dayuhang compania, inspeccionan de ing controversial a NAIA","Tatlong dayuhang kompanya, iinspeksyunin ang kontrobersyal na NAIA",0.7868,0.1333,0.4628,0.8889,True,0.6839,Review,"Partial dictionary match, manual review needed"
Utt_Educ.txt,Cuanan ing libru at mamasa.,Kuhanin ang libro at magbasa.,0.7775,0.1111,0.4288,1.0,True,0.6816,Review,"Partial dictionary match, manual review needed"
Utt_Medical.txt,Type AB cu pu,Type AB po ako.,0.6904,0.3333,0.5013,1.0,True,0.681,Accept,Verified via dictionary alignment & score
Utt_News.txt,Pagaralan ne ning America ing pamanangcat mangga ibat Pangasinan,Pinag-aaralan ng Amerika ang pag-angkat ng mangga galing Pangasinan,0.7506,0.1176,0.5608,1.0,True,0.68,Review,"Partial dictionary match, manual review needed"
STORY_folktales(PAM 5 files vs FIL Utt_Story.txt),"“Ah mataloti ca pala,” pamanuya ning gorilya,","""Ah, duwag ka pala,"" ang pang-uuyam ng gorilya.",0.7738,0.2308,0.3182,0.875,True,0.6797,Review,"Partial dictionary match, manual review needed"
Utt_News.txt,Mangailangan ya ing gobiernong atlumpulut siam a bilyong dollar para caring proyecto niti,Mangangailangan ang gobyerno ng tatlumpu't siyam na bilyong dolyar para sa mga proyekto nito,0.7715,0.0769,0.5854,0.9286,True,0.6797,Review,"Partial dictionary match, manual review needed"
Utt_News.txt,Dedma ya ing Palacio,Dedma ang Palasyo,0.7778,0.1667,0.5423,0.75,True,0.6793,Accept,Verified via dictionary alignment & score
Utt_Letter.txt,"Panaun na ngening dapat lunto ing sala ning catutuan; panaun nang dapat tamung ipakilala a itamu atin tang sariling panamdam, ating puri, ating dine at pamagdamayan.","Panahon na ngayong dapat na lumitaw ang liwanag ng katotohanan; panahon nang dapat nating ipakilala na tayo'y may sariling pagdaramdam, may puri, may hiya at pagdadamayan.",0.7258,0.1892,0.55,1.0,True,0.6783,Review,"Partial dictionary match, manual review needed"
Utt_Interrogatives.txt,Okey ya wari?,Okey ba siya?,0.7617,0.2,0.3077,1.0,True,0.6778,Review,"Partial dictionary match, manual review needed"
Utt_News.txt,"Casakitan king bansa, mibaba agpang cang PGMA","Kahirapan sa bansa, bumaba ayon kay PGMA",0.7565,0.1667,0.4001,1.0,True,0.6773,Review,"Partial dictionary match, manual review needed"
Utt_News.txt,Mcasadia ya ing America a ibalaus ing pamag-develop king industria ning gatas keti Filipinas,Nakahanda ang Amerika na ituloy ang pag-develop sa industriya ng gatas sa Pilipinas.,0.7765,0.0833,0.5132,0.9286,True,0.6767,Review,"Partial dictionary match, manual review needed"
Utt_News.txt,Layunan ning mesabing proyecto ing aresolba ing manimunang problema king energia ning Mindanao,Layunin ng nasabing proyekto na maresolba ang pangunahing problema sa enerhiya ng Mindanao.,0.7467,0.0952,0.5926,1.0,True,0.6763,Review,"Partial dictionary match, manual review needed"
Utt_News.txt,Binaba ing panglual a utang ning bansa,Bumaba ang panlabas na utang ng bansa,0.7311,0.1667,0.5374,1.0,True,0.6757,Review,"Partial dictionary match, manual review needed"
Utt_News.txt,Gumastus labing atlung bilyong pesus ing gobierno king pamagbie king OPSF,Gagastos ng labintatlong bilyong piso ang gobyerno sa pagbuhay ng OPSF,0.7633,0.1111,0.4518,1.0,True,0.6754,Review,"Partial dictionary match, manual review needed"
Utt_News.txt,Palaguan ne ning administracion ing economia ning Filipinas,Pagagandahin ng administrasyon ang ekonomiya ng Pilipinas,0.8135,0.0,0.4906,0.875,True,0.6746,Review,"Partial dictionary match, manual review needed"
Utt_News.txt,Lalagu ing economia ning bansa,Gumaganda ang ekonomiya ng bansa,0.769,0.1111,0.4073,1.0,True,0.6743,Review,"Partial dictionary match, manual review needed"
Utt_Interrogatives.txt,Tigtig ya wari I Francisco?,Tutugtog ba si Francisco?,0.792,0.125,0.4315,0.8,True,0.6733,Review,"Partial dictionary match, manual review needed"
Utt_News.txt,Palauacan ing produccion ning abaca king Albay,Palalawakin ang produksyon ng abaca sa Albay,0.7209,0.1667,0.5611,1.0,True,0.672,Accept,Verified via dictionary alignment & score
Utt_News.txt,"Macasadia ya ing bansa a cuanan ing maragul a parte ning mercado ning mangga king Estados Unidos, agpang king secretario ning Departamento ning Agricultura","Nakahanda ang bansa na kunin ang malaking parte ng pamilihang-mangga sa Estados Unidos, ayun sa sekretaryo ng Departamento ng Agrikultura.",0.7362,0.2069,0.5518,0.8333,True,0.6716,Review,"Partial dictionary match, manual review needed"
Utt_Interrogatives.txt,"Bisa cang mangan, o painawa?","Gusto mo bang kumain, o magpahinga?",0.8121,0.1,0.297,0.8333,True,0.6703,Review,"Partial dictionary match, manual review needed"
Utt_News.txt,Dacpan la ding dayuhang criminal,Huhulihin ang mga dayuhang kriminal,0.7502,0.1111,0.4767,1.0,True,0.67,Review,"Partial dictionary match, manual review needed"
Utt_Interrogatives.txt,"Tigtig ya I Francisco, e wari?","Tutugtog si Francisco, 'di ba?",0.7986,0.1,0.3729,0.8333,True,0.6698,Review,"Partial dictionary match, manual review needed"
Utt_News.txt,Sali lang bayung tren ing MRT,Bibili ng mga bagong tren ang MRT,0.7533,0.1818,0.4568,0.8571,True,0.6698,Review,"Partial dictionary match, manual review needed"
STORY_folktales(PAM 5 files vs FIL Utt_Story.txt),Mabilis kinalat ing aca-aca a i Bernardo macasipit ya caring miyuyumpugang batu at balang magcapilit yang macauala maging sangcan niti ing ayun king cabunducan ning San Mateo.,Mabilis na kumalat ang haka-haka na si Bernardo ay naiipit ng nag- uumpugang bato at tuwing nagpipilit siyang kumawala ay nagiging sanhi eto ng paglindol sa kabundukan ng San Mateo.,0.774,0.1064,0.4356,0.9,True,0.6692,Review,"Partial dictionary match, manual review needed"
Utt_News.txt,"Minapela yang pasibayu caring sablang candidatu I PGMA a iwasan ing pamamulitica, at itingid ing pansin caring papalabung king economia","Umapela muli sa lahat ng kandidato si PGMA na iwasan ang pamumulitika, at ituon ang pansin sa pagpapalago ng ekonomiya",0.7368,0.129,0.4908,1.0,True,0.6669,Review,"Partial dictionary match, manual review needed"
Utt_News.txt,Patuc ya caring dayuhang capitalista ing campania ning gobierno king turismu,Patok sa mga dayuhang kapitalista ang kampanya ng gobyerno sa turismo,0.7535,0.05,0.5471,1.0,True,0.6668,Review,"Partial dictionary match, manual review needed"
Utt_Salawikain.txt,"Tauli ya man at magaling, mitagal ya pa mu rin.","Huli man daw at magaling, naihahabol din.",0.7597,0.2308,0.4445,0.7,True,0.6664,Review,"Partial dictionary match, manual review needed"
Utt_Greetings.txt,Maligayang Pascu at masaplalang bayung banua.,Maligayang Pasko po at manígong bagong taon.,0.7468,0.1818,0.4615,0.8571,True,0.6663,Review,"Partial dictionary match, manual review needed"
Utt_News.txt,Aminadung melugi ketang milabas a banua ing Cebu Pacific,Aminadong nalugi noong nakaraang taon ang Cebu Pacific,0.7568,0.1333,0.4608,0.8889,True,0.6657,Review,"Partial dictionary match, manual review needed"
Utt_News.txt,"Agpang cang PGMA, e ya miapectuan ning politica ing economia ning bansa","Ayon kay PGMA, hindi maaapektuhan ng pulitika ang ekonomiya ng bansa",0.7706,0.1053,0.4003,0.9167,True,0.6651,Review,"Partial dictionary match, manual review needed"
Utt_News.txt,Malati yamu ing efecto ning ayun king pambansang economia ning Indonesia,Hindi masyadong naapektuhan ng lindol ang pambansang ekonomiya ng Indonesia,0.7617,0.1176,0.4323,0.9091,True,0.6647,Review,"Partial dictionary match, manual review needed"
Utt_News.txt,Pepapurian ne ing ADBng PGMA,Pinapurihan ang ADB ni PGMA,0.7459,0.1111,0.4444,1.0,True,0.6642,Review,"Partial dictionary match, manual review needed"
Utt_Educ.txt,Antayu ing pisara?,Nasaan ang pisara?,0.6976,0.2,0.5556,1.0,True,0.6641,Accept,Verified via dictionary alignment & score
Utt_Interrogatives.txt,"Malagua mu wari ing exam, o masakit?","Madali lang ba ang eksam, o mahirap?",0.789,0.0769,0.2354,1.0,True,0.6623,Review,"Partial dictionary match, manual review needed"
Utt_Educ.txt,Miglinis cong balugbog?,Naglinis ba kayo ng tayga?,0.8726,0.0,0.2863,0.6,True,0.6622,Review,"Partial dictionary match, manual review needed"
Utt_Interrogatives.txt,Estudyanti ya wari?,Estudyante ba siya?,0.7815,0.0,0.4211,1.0,True,0.661,Review,"Partial dictionary match, manual review needed"
Utt_News.txt,Manatiling matatag ing economia ning bansa agiang king gulu ning politica,Nananatiling matatag ang ekonomiya ng bansa kabila ng mga gulo sa pulitika.,0.7478,0.1053,0.4964,0.9167,True,0.661,Review,"Partial dictionary match, manual review needed"
Utt_News.txt,Daracal la ding dayuhang mamuhunan king bansa,Dumadami ang mga dayuhang namumuhunan sa bansa,0.7053,0.1667,0.524,1.0,True,0.6589,Review,"Partial dictionary match, manual review needed"
Utt_News.txt,Tatasan dang nine point percent ing tinas ning coleccion ning BIR king milabas a banua nung nucarin mibangun ya ibat king pitung banuang pangalugmuc ning pamibuisan king GDP,Tinatayang nine point nine percent ang itinaas ng koleksyon nang BIR sa naturang taon kung saan nakaahon ito mula sa pitong taon na pagkakalugmok nang pagbubuwis sa GDP.,0.745,0.119,0.3775,1.0,True,0.6586,Review,"Partial dictionary match, manual review needed"
Utt_Salawikain.txt,Daig na ning maagap ing taung masipag.,Daig ng maagap ang taong masipag.,0.6529,0.3,0.7112,0.8571,True,0.6586,Accept,Verified via dictionary alignment & score
Utt_Educ.txt,Dagdagan ing bacal.,Dagdagan ang baon,0.6798,0.2,0.5893,1.0,True,0.6568,Accept,Verified via dictionary alignment & score
Utt_News.txt,Metung a ralan at aduampulu’t limang milyong pesus a pondu para king Gawad Kalinga,Isang daan at dalawampu't limang milyong pisong pondo para sa Gawad Kalinga,0.6533,0.35,0.5847,0.8571,True,0.6562,Review,"Partial dictionary match, manual review needed"
Utt_News.txt,Sisiguraduan de ing matatag a economia ning lungsud,Sinisiguro ang matatag na ekonomiya ng lungsod,0.7558,0.0714,0.5005,0.875,True,0.6553,Review,"Partial dictionary match, manual review needed"
Utt_Medical.txt,Macananu yang mabalu ing sakit a yan?,Nasa dugo niyo ba yung ganyang sakit?,0.7703,0.0769,0.2611,1.0,True,0.6537,Review,"Partial dictionary match, manual review needed"
Utt_News.txt,Mecabuu yang limang milyong obra ing capamalan,Nakabuo ng limang milyong trabaho ang pamahalaan,0.7091,0.1667,0.442,1.0,True,0.653,Review,"Partial dictionary match, manual review needed"
Utt_News.txt,Diniscuento ne ning Banco Central ing cacapusan ning dollar,Diniskwento ng Bangko Sentral ang kakapusan ng dolyar,0.7699,0.0,0.5204,0.8889,True,0.6529,Review,"Partial dictionary match, manual review needed"
Utt_News.txt,E ne pagalo PGMA ing pesus laban king dollar,Hindi ipagagalaw ni PGMA ang piso laban sa dolyar,0.7334,0.125,0.3786,1.0,True,0.6529,Review,"Partial dictionary match, manual review needed"
Utt_News.txt,"Semplang ne naman ing campania ning RP contra catiualian, agpang king WB","Semplang na naman ang kampanya ng RP kontra katiwalian, ayon sa WB",0.6753,0.2,0.5693,1.0,True,0.6521,Review,"Partial dictionary match, manual review needed"
Utt_Medical.txt,Sabian mu nung nucarin masakit,Sabihin niyo po kung saan masakit,0.7473,0.1,0.5011,0.8333,True,0.6518,Review,"Partial dictionary match, manual review needed"
STORY_folktales(PAM 5 files vs FIL Utt_Story.txt),"Pauli ning tagle nang sicanan at bilis ning cabayo inaus deng Hagibis, at manibat canita I Bernardo at Hagibis pane na lang miyayabe king pama masyal king cabunducan ning San Mateo.",Dahil sa tanglay na lakas at bilis ang kabayo ay tinawag niyang si Hagibis at mula nuon si Bernardo at si Hagibis ay laging magkasama sa pamamasyal sa kabundukan ng San Mateo.,0.6984,0.1667,0.5076,0.9688,True,0.65,Review,"Partial dictionary match, manual review needed"
Utt_News.txt,Tiualang acua ne ning Vietnam ing contrata king pami-angcat ning Filipinas abias,Tiwalang makukuha ng Vietnam ang kontrata sa pag-aangkat ng Pilipinas ng bigas,0.743,0.0455,0.4493,1.0,True,0.6498,Review,"Partial dictionary match, manual review needed"
Utt_Educ.txt,Nanu ing buri yung canan keng Christmas Party?,Ano ang gusto ninyong kainin sa Christmas Party?,0.7199,0.1429,0.391,1.0,True,0.6496,Accept,Verified via dictionary alignment & score
Utt_News.txt,"Ding mangangalacal, maniuala la a lalung lumabung ing negocio king lungsud ning Cotabato","Mangangalakal, naniniwala na lalong lalago ang negosyo sa lungsod ng Cotabato",0.7545,0.0435,0.5263,0.8462,True,0.6487,Review,"Partial dictionary match, manual review needed"
Utt_Interrogatives.txt,Macananu casakit ing exam yu?,Gaano kahirap ang eksam nyo?,0.8116,0.0,0.1053,1.0,True,0.6475,Review,"Partial dictionary match, manual review needed"
Utt_Medical.txt,Mayulu ya pa wari ita Doc?,Magagamot pa ba yun Dok?,0.796,0.1,0.1636,0.8333,True,0.6473,Review,"Partial dictionary match, manual review needed"
Utt_News.txt,Dobliyan ning Australia ing financial a saup king RP,Dodoblehin ng Australia ang pinansyal na tulong sa RP,0.7156,0.125,0.4244,1.0,True,0.6468,Review,"Partial dictionary match, manual review needed"
Utt_Educ.txt,Ayusan ing gamit.,Ayusin ang gamit.,0.652,0.2,0.6471,1.0,True,0.6459,Accept,Verified via dictionary alignment & score
Utt_Educ.txt,Tunggal-tunggal mu king CR.,Isa-isa lang sa CR,0.7609,0.1429,0.1066,1.0,True,0.6458,Review,"Partial dictionary match, manual review needed"
Utt_News.txt,Mecapaglista ya ing Filipinas aduang point eight a milyong visita king banuang aduang libo at anam,Nakapagtala ang Pilipinas ng two point eight na milyong bisita sa taong dalawang libo at anim,0.671,0.1923,0.5389,1.0,True,0.6449,Review,"Partial dictionary match, manual review needed"
Utt_Educ.txt,Magsane sumulat malagu.,Magsanay sumulat ng maganda.,0.7265,0.1667,0.5017,0.75,True,0.6444,Review,"Partial dictionary match, manual review needed"
Utt_Salawikain.txt,"Ing e lugud king cayang salita, migit pa king animal at malanam a asan. (Jose Rizal)",Ang hindî magmahál sa kaniyáng wikà ay mahigít pa sa hayop at malansáng isdâ. (José Rizal),0.7306,0.1111,0.3294,1.0,True,0.6435,Review,"Partial dictionary match, manual review needed"
Utt_Interrogatives.txt,Mawawala wari ing gamit na?,Nawawala ba ang gamit niya?,0.6891,0.1111,0.5769,1.0,True,0.6434,Review,"Partial dictionary match, manual review needed"
Utt_News.txt,Saupan dala ding SMEs ding labingsiam a compania,Tutulungan ang mga SMEs ng labingsiyam na kompanya,0.7316,0.0714,0.3968,1.0,True,0.6429,Review,"Partial dictionary match, manual review needed"
Utt_Educ.txt,Pulutan ing basura.,Itapon ang basura sa basurahan.,0.7877,0.1429,0.3149,0.6,True,0.6427,Review,"Partial dictionary match, manual review needed"
Utt_Medical.txt,Mesugat ya pu ing balat na,Nagsusugat po ang balat niya,0.7299,0.1,0.5004,0.8333,True,0.6413,Review,"Partial dictionary match, manual review needed"
Utt_News.txt,"Catunayan, sinabi ning BSP a cumpara ketang mengalabas a banua, binaba yang maigit metung a dollar ing singil king pamipadalang dollar","Katunayan, sinabi ng BSP na kumpara noong mga nakaraang taon, bumaba ng mahigit isang dolyar ang singil sa pagpapadala ng dolyar.",0.7081,0.0909,0.4785,1.0,True,0.6409,Review,"Partial dictionary match, manual review needed"
Utt_Medical.txt,Lalala ya pu ata ing sakit cu,Lumalala po ata ang sakit ko,0.6948,0.1818,0.5185,0.8571,True,0.6408,Accept,Verified via dictionary alignment & score
Utt_News.txt,Mecatipid ya ing gobiernong maigit apat a pulung milyong pesus king pamamayad interes king utang,Nakatipid ang gobyerno ng mahigit apatnapung milyong piso sa pagbayad ng interes sa utang,0.6928,0.1304,0.557,0.9333,True,0.6408,Review,"Partial dictionary match, manual review needed"
Utt_News.txt,"Agpang cang Bunye, balaus nang didinan pansin ning capamalan ing pamipalagu ning economia ning bansa","Ayon kay Bunye, patuloy na binibigyang pansin ng pamahalaan ang pagpapalago ng ekonomiya ng bansa",0.6967,0.1304,0.4625,1.0,True,0.6404,Review,"Partial dictionary match, manual review needed"
Utt_News.txt,Ing DBP mu rin ing magpalual pondu caring proyectong meapruban.,Ang DBP rin ang maglalabas ng pondo sa mga proyektong maaaprubahan.,0.7143,0.1176,0.47,0.9091,True,0.64,Review,"Partial dictionary match, manual review needed"
Utt_News.txt,"Agpang cang Presidente Arroyo, king pamakipagpulung niti caring negociante, ila canu paua lang magnasa a mibulus puhunan keti Filipinas ngening paangat na ing economia ning bansa","Ayon kay Pangulong Arroyo, sa pakikipagpulong nito sa mga negosyante, sila umano'y pawang naghahangad na magbuhos ng puhunan sa Pilipinas ngayong paangat na ang ekonomiya ng bansa.",0.7033,0.1111,0.4914,0.963,True,0.6396,Review,"Partial dictionary match, manual review needed"
Utt_News.txt,Mag-rollback pasibayu potang capitangan bengi ing LPG,Magro-rolbak uli mamayang hatinggabi ang LPG,0.7699,0.0714,0.265,0.8571,True,0.6384,Review,"Partial dictionary match, manual review needed"
Utt_Essay.txt,"'Ginung Matsing"", ing sabi ning pau, ""comusta ya ing kecang pun-saging?""","""G. Matsing"", ang sabi ng pagong, ""kumusta ang iyong punong-saging?""",0.6818,0.1667,0.5501,0.9091,True,0.6383,Review,"Partial dictionary match, manual review needed"
Utt_News.txt,Macaafectu king mabagal a pamangusad ning economia ning bansa ing balaus a intriga king politica,Nakakaapekto sa mabagal na pag-usad ng ekonomiya ng bansa ang patuloy na iringan sa pulitika,0.719,0.087,0.3924,1.0,True,0.6381,Review,"Partial dictionary match, manual review needed"
Utt_News.txt,Macasadiang mamisaling murang abias ing Vietnam king Filipinas,Handang magbenta ng murang bigas ang Vietnam sa Pilipinas,0.7118,0.1333,0.4511,0.8889,True,0.6378,Review,"Partial dictionary match, manual review needed"
Utt_Essay.txt,"Ing paralan king pangauacas ning cuentu ning Japon atin yang gusut, samantalang ing cuentung Filipino malino at papakilalang maingat a pamagumasid ning ugali’t panamdam.","Ang paraan ng pagkakawakas sa kuwento ng Hapon ay may kagusutan, samantalang ang kuwentong Pilipino'y malinaw at nagpapakilala ng maingat na pagmamasid ng ugali't pakiramdam.",0.69,0.125,0.5242,0.96,True,0.6374,Review,"Partial dictionary match, manual review needed"
STORY_folktales(PAM 5 files vs FIL Utt_Story.txt),Malati ya pa ayakitanan da ne I Bernardo pambihirang sican at ticdi.,Maliit pa lang ay kinakitaan na si Bernardo ng pambihirang lakas at kisig.,0.6838,0.1905,0.4627,0.9231,True,0.637,Review,"Partial dictionary match, manual review needed"
Utt_News.txt,Maingat ngening pagaralan ning local a capamalan ning lungsud ning Menila nung nanu-nanung caso ing maliaring isampa laban caring kilalang personalidad a mitalacad negocio king baywalk king kecaban ning Roxas Boulevard,Masusing pinag-aaralan ngayon ng lokal na pamahalaan ng lungsod ng Manila kung anu-anong kaso ang maaaring isampa laban sa mga kilalang personalidad na nagtayo ng negosyo sa baywalk sa kahabaan ng Roxas Blvd.,0.691,0.1224,0.5372,0.9394,True,0.6367,Review,"Partial dictionary match, manual review needed"
Utt_News.txt,Cumpiansa ya I Durano a tangkilican da rin ing mesabing isla calupa ning Boracay.,Kumpiyansa si Durano na tatangkilikin rin ang nasabing isla gaya ng Boracay.,0.6748,0.1818,0.5951,0.8571,True,0.6365,Review,"Partial dictionary match, manual review needed"
Utt_News.txt,Titiyacan na ning DTI a ligtas la ding pamisaling tinape king bansa,Tiniyak ng DTI na ligtas ang mga binibentang tinapay sa bansa,0.6795,0.2105,0.4433,0.9167,True,0.6358,Review,"Partial dictionary match, manual review needed"
Utt_News.txt,Binabang metung a porciento ing utang panlual ning Filipinas agpang king Banco Central ning Filipinas,Bumaba ng isang porsiyento ang utang panlabas ng Pilipinas ayon sa Bangko Sentral ng Pilipinas,0.7213,0.0417,0.4429,1.0,True,0.6354,Review,"Partial dictionary match, manual review needed"
Utt_News.txt,Titiyacan nang PGMA king yatu ing determinacion ding Filipino king pamisugpu caring terorista,Tiniyak ni PGMA sa mundo ang determinasyon ng mga Pilipino sa pagsugpo sa mga terorista,0.7232,0.0909,0.4648,0.8667,True,0.6352,Review,"Partial dictionary match, manual review needed"
Iso_Ordinal.txt,Catlumpulu't pitu,ikatatlumpu't pito,0.6437,0.2,0.5717,1.0,True,0.6334,Review,"Partial dictionary match, manual review needed"
Utt_Greetings.txt,Patauad pu.,Patawad po.,0.7279,0.0,0.4545,1.0,True,0.6322,Review,"Partial dictionary match, manual review needed"
STORY_folktales(PAM 5 files vs FIL Utt_Story.txt),Pangadalan nang Bernardo ginamit ne ning eng cantado ing cayang agimat ban piumpugan no ding mangaragul a batu king capagnasan nang sipitan at paten I Bernardo.,Pagdaan ni Bernardo ay ginamit ng engkantado ang kanyang agimat upang pag-umpugin nito ang naglalakihang bato sa pagnanais na ipitin at patayin si Bernardo.,0.7029,0.093,0.4938,0.9231,True,0.632,Review,"Partial dictionary match, manual review needed"
STORY_folktales(PAM 5 files vs FIL Utt_Story.txt),At nung tutuki ne ning cayang igpa king pamanga su anting alang nanu naman a puputputan nong Bernardo ding mapilan a pun ban macagauang dalan king masucal a cagubatan ning San Mateo.,At kapag isinasama siya ng ama sa pangangaso ay parang walang anuman na binubunot ni Bernardo ang ilang mga puno upang makagawa ng daanan sa masukal na kagubatan ng San Mateo.,0.709,0.0784,0.4377,0.9688,True,0.6318,Review,"Partial dictionary match, manual review needed"
Utt_Medical.txt,Mayap a bengi Doctor,Magandang gabi Doktor,0.8028,0.0,0.244,0.75,True,0.6311,Review,"Partial dictionary match, manual review needed"
Utt_News.txt,Sinabi na naman ning DOF a ustung pepaburian ya ing mesabing bage siguradung caualan yang panakitan ing gobierno.,Sinabi naman ng DOF na kapag pinagbigyan ang naturang bagay siguradong mawawalan ng kita ang gobyerno.,0.691,0.1481,0.4752,0.8889,True,0.6306,Review,"Partial dictionary match, manual review needed"
Utt_News.txt,Lalung pepasicnangan ing reforma nang PGMA,Lalong pinalakas ang reporma ni PGMA,0.7039,0.0909,0.4002,1.0,True,0.6306,Review,"Partial dictionary match, manual review needed"
Utt_News.txt,"Agpang king NAPOCOR, maliaring mabut ing carelang bayaran anggang siyam a milyong pesus.","Ayon sa NAPOCOR, maaring umabot ang kanilang babayaran ng hanggang siyam na milyong piso.",0.6763,0.125,0.5678,0.9286,True,0.6304,Review,"Partial dictionary match, manual review needed"
STORY_folktales(PAM 5 files vs FIL Utt_Story.txt),"“Ginung Matsing”, ing sabi nang pau, “comusta ya ing kecang pun saging?”","""Ginoong Matsing"", ang sabi ng pagong, ""kumusta ang iyong punong-saging?""",0.6974,0.1667,0.4463,0.8333,True,0.6297,Review,"Partial dictionary match, manual review needed"
Utt_Educ.txt,Pasantingan ing sulat.,Pagandahin ang sulat,0.6667,0.2,0.3904,1.0,True,0.629,Accept,Verified via dictionary alignment & score
Utt_News.txt,Ayamuyut nong PGMA ding negociante a mamuhunan king bansa,Nahikayat ni PGMA ang mga negosyante na mamuhunan sa ating bansa,0.6802,0.1765,0.532,0.8182,True,0.6284,Review,"Partial dictionary match, manual review needed"
Utt_Educ.txt,Panatiliang malinis ing kecatamung silid-aralan.,Pulutin ang mga kalat sa paligid ng silid-aralan.,0.739,0.1538,0.4131,0.625,True,0.628,Review,"Partial dictionary match, manual review needed"
Utt_Educ.txt,Ketan ing dila.,Kagatin ang dila,0.6762,0.2,0.3227,1.0,True,0.628,Accept,Verified via dictionary alignment & score
Utt_News.txt,Mecapaglista ya ing PSE maigit apat a pulung milyong pesus penakitan kilub namu ning aduang bulan,Nakapagtala ang PSE ng mahigit apatnapung milyong pisong kita sa loob lamang ng dalawang buwan,0.7184,0.0714,0.3885,0.9375,True,0.6279,Review,"Partial dictionary match, manual review needed"
Utt_News.txt,Binarug ya ing utang ning gobierno king atlung trilyon at walumpulut siam a bilyung pesus,Pumalo ang utang ng gobyerno sa tatlong trilyon at walumpu't siyam na milyong piso,0.6905,0.1111,0.4771,0.9333,True,0.6276,Review,"Partial dictionary match, manual review needed"
STORY_folktales(PAM 5 files vs FIL Utt_Story.txt),Agad yang sinulapo papunta king bale nang Amomongo.,Dali-dali siyang lumipad patungo sa bahay ni Amomongo.,0.7182,0.0667,0.3234,1.0,True,0.6266,Review,"Partial dictionary match, manual review needed"
Utt_Greetings.txt,Pakisabi mu pu.,Pakiusap lang po.,0.7628,0.0,0.1879,1.0,True,0.6264,Review,"Partial dictionary match, manual review needed"
Utt_Interrogatives.txt,Nucarin ya ngan munta I James?,Sa bahay ba magkikita sina James?,0.726,0.0909,0.2259,1.0,True,0.6264,Review,"Partial dictionary match, manual review needed"
Utt_News.txt,Italacad ya king Iloilo ing bayung palapagan eroplanu ning PAL,Itatayo sa Iloilo ang bagong paliparan ng PAL,0.7294,0.125,0.3331,0.8,True,0.6259,Accept,Verified via dictionary alignment & score
Utt_Essay.txt,Ing cuentung Filipino ya ing asabing lalung mas minuna kesa king cuentong Japon.,Ang kuwentong Pilipino ang siyang masasabing lalong una kaysa sa kuwentong Hapon.,0.7246,0.0,0.488,0.9231,True,0.6258,Review,"Partial dictionary match, manual review needed"
Utt_CommonExpressions.txt,Bisa cang mangan?,Gusto niyo pong kumain?,0.8143,0.0,0.1043,0.75,True,0.624,Review,"Partial dictionary match, manual review needed"
Utt_Greetings.txt,Tanggapan me ing pamakirame cu.,Tanggapin mo ang aking pakikiramay.,0.7017,0.0,0.5164,1.0,True,0.6226,Review,"Partial dictionary match, manual review needed"
Utt_News.txt,Asaan ning presidenti ding LGUs a itucnang ing mesabing bayaran uling macaragdag ya iting gastusan a ipapasa da caring consumers,Inatasan ng pangulo ang mga LGUs na itigil ang nasabing bayaran dahil nakakadagdag ito ng gastusin na ipinapasa sa mga consumers.,0.6819,0.0909,0.5,0.9524,True,0.6226,Review,"Partial dictionary match, manual review needed"
Utt_News.txt,Biclat da ne king Caloocan ing Botica ng Bayan,Binuksan na sa Caloocan ang Botika ng Bayan,0.6504,0.2143,0.5064,0.8889,True,0.6226,Accept,Verified via dictionary alignment & score
Utt_Educ.txt,Ninu ing bisang makiabe king programa?,Sino ang gustong sumali sa programa?,0.7045,0.0909,0.3143,1.0,True,0.6223,Accept,Verified via dictionary alignment & score
Utt_News.txt,Mitas na naman maigit metung a dollar ing precio cada bariles ning gasolina king pangyatung palengki,Tumaas na naman ng mahigit isang dolyar ang presyo kada bariles ng gasolina sa pandaigdigang pamilihan.,0.6583,0.1481,0.4748,1.0,True,0.6221,Review,"Partial dictionary match, manual review needed"
Utt_Medical.txt,Milaco ya wari iti agad Doc?,Mawawala ba agad ito Dok?,0.7422,0.1,0.2315,0.8333,True,0.6218,Review,"Partial dictionary match, manual review needed"
Utt_Medical.txt,Milaco ya wari agad ini?,Mawawala ba 'to agad?,0.754,0.125,0.1369,0.8,True,0.6211,Review,"Partial dictionary match, manual review needed"
Utt_Greetings.txt,Mamun na.,Paálam na.,0.6201,0.3333,0.3162,1.0,True,0.6203,Review,"Partial dictionary match, manual review needed"
Utt_News.txt,Linobu ing penakitan ning Manila Water king banuang aduang libu at lima,Lumobo ang kita ng Manila Water sa taong dalawang libo at lima,0.6382,0.2,0.47,1.0,True,0.6199,Review,"Partial dictionary match, manual review needed"
Utt_News.txt,"King salucuyan, mayakit ya king Zamboanga Sibugay ing pecamalauac a plantacion ding pun ning goma, katuki ya ing Basilan.","Sa kasalukuyan, matatagpuan sa Zamboanga Sibugay ang pinakamalawak na plantasyon ng mga puno ng goma, kasunod ang Basilan.",0.6483,0.1481,0.5524,0.9474,True,0.6186,Review,"Partial dictionary match, manual review needed"
Utt_News.txt,Pakibaluan ing pakinabang a babie ning butul ning balubad,Alamin ang pakinabang na dulot ng buto ng kasoy,0.7037,0.0667,0.3294,1.0,True,0.6185,Review,"Partial dictionary match, manual review needed"
Utt_News.txt,"Abias a mabilis pupulan, ati’na king mercado","Bigas na mabilis anihin, meron na sa merkado",0.6839,0.1538,0.3907,0.875,True,0.6177,Review,"Partial dictionary match, manual review needed"
Utt_Salawikain.txt,"Ing lalacad mabagal, nung masucsuc ya mababo. Ing lalacad mabilis, nung masucsuc ya malalam.","Ang lumalakad nang mabagal, kung matinik ay mababaw. Ang lumalakad nang matulin, kung matinik ay malalim.",0.7244,0.0556,0.3432,0.875,True,0.6176,Review,"Partial dictionary match, manual review needed"
STORY_folktales(PAM 5 files vs FIL Utt_Story.txt),Apansinan nang Donia Teodora a e makiramdam i Jose king cayang binasa. Sera ne ing aclat.,Napansin ni Donya Teodora na hindi nakikinig si Jose sa kanyang binasa.,0.6987,0.12,0.4851,0.75,True,0.6167,Review,"Partial dictionary match, manual review needed"
Iso_Weather.txt,Bugsu ning angin,bugso ng hangin,0.691,0.0,0.5164,1.0,True,0.6162,Review,"Partial dictionary match, manual review needed"
Utt_Educ.txt,Tahimic at makiramdam.,Tumahimik at makinig.,0.6404,0.2,0.4187,1.0,True,0.6161,Review,"Partial dictionary match, manual review needed"
Utt_Essay.txt,Minukyat ya ing matsing at king metung a sanga ning pun dutung megumpisa nong pengan ding bunga ning kaki.,Umakyat ang matsing at sa isang sanga ng punongkahoy at sinimulan niyang kanin ang mga bunga ng kaki.,0.6389,0.1786,0.5166,0.9474,True,0.6155,Review,"Partial dictionary match, manual review needed"
Utt_News.txt,Minabut king apat a ralan siamapulu’t atlu at capitnang milyong dollar ing acalap king pamilibayan napun king bansa.,Umabot sa apat na raan siyamnapu't tatlo at kalahating milyong dolyar ang nakalap sa palitan kahapon sa bansa.,0.6475,0.1724,0.4189,1.0,True,0.6149,Review,"Partial dictionary match, manual review needed"
Utt_Educ.txt,Isulat king maragul a letra ing amanu.,Isulat sa malaking titik ang salita.,0.723,0.0833,0.2858,0.8571,True,0.6148,Review,"Partial dictionary match, manual review needed"
Utt_News.txt,Tuturing nang maragul a amun ning Palacio ing pamaging culelat ning economia ning Filipinas king Asia,Itinuturing na malaking hamon ng Palasyo ang pagiging kulelat ng ekonomiya ng Pilipinas sa Asya,0.6976,0.0,0.475,0.9375,True,0.6098,Review,"Partial dictionary match, manual review needed"
Utt_News.txt,Binarug ya king limampulung pesus at siam a pulu’t limang centimus ing alaga ning pesus contra king metung a dollar bayu ya migsara king limampulu’t metung a pesus at limang centimus,Pumalo sa limampung piso at siyamnapu't limang sentimo ang halaga ng piso kontra sa isang dolyar bago nagsara sa limampu't isang piso at limang sentimo.,0.7051,0.0833,0.3779,0.8065,True,0.6081,Review,"Partial dictionary match, manual review needed"
STORY_folktales(PAM 5 files vs FIL Utt_Story.txt),Uli ning pangabigla nang Bernardo e ya mecapa-ngilag at bagya-bagya yang mesipit caring miyu-yumpugang batu.,Dahil sa pagkabigla ni Bernardo ay hindi siya nakaiwas at unti-unting siyang naipit ng nag-uuntugang bato.,0.695,0.0606,0.3497,0.9375,True,0.6078,Review,"Partial dictionary match, manual review needed"
Utt_Essay.txt,"""Paburen mu"", ing sabi ning mapanlinlang a matsing, ""aku ing mukyat at managtal bunga para keca.""","""Bayaan mo"", ang wika ng mapanlinlang na matsing, ""ako ang aakyat at mamimitas para sa iyo.""",0.6338,0.1538,0.4643,1.0,True,0.6075,Review,"Partial dictionary match, manual review needed"
Utt_Medical.txt,Manggatal ya wari ing buldit mo?,Nagkakati ba ang puwet mo?,0.7223,0.1,0.208,0.8333,True,0.6075,Review,"Partial dictionary match, manual review needed"
STORY_folktales(PAM 5 files vs FIL Utt_Story.txt),"“Paburen mu”, ing sabi ning mapanlinlang a matsing, “aku ing mukyat at managtal bunga para keca.”","""Bayaan mo"", ang wika ng mapanlinlang na matsing, ""ako ang aakyat at mamimitas para sa iyo.""",0.6435,0.1538,0.4048,1.0,True,0.6073,Review,"Partial dictionary match, manual review needed"
Utt_News.txt,Papagingatan ne ning DTI ing publicu caring defectibung producto ngening Pascu,Pinag-iingat ng DTI ang publiko sa mga depektibong produkto ngayong Pasko,0.6843,0.0455,0.375,1.0,True,0.6072,Review,"Partial dictionary match, manual review needed"
Utt_Greetings.txt,Saupan na ca sana ning Dios.,Pagpalain kayo ng diyos.,0.7838,0.0,0.2002,0.6667,True,0.6069,Review,"Partial dictionary match, manual review needed"
Utt_Salawikain.txt,"Nung makitid ya ing ulas, magtiis cang mamaluctut.","Hangga't makitid ang kumot, magtiis mamaluktot.",0.6728,0.1538,0.4719,0.75,True,0.6067,Review,"Partial dictionary match, manual review needed"
Utt_Educ.txt,Ninu ing tuki king field trip?,Sino ang sasama sa field trip?,0.6238,0.2,0.4211,1.0,True,0.6064,Accept,Verified via dictionary alignment & score
Utt_Educ.txt,Paintunan ing cabaldugan ning salita king thesaurus.,Hanapin ang kahulugan ng salita sa thesaurus.,0.6235,0.1667,0.4894,1.0,True,0.6064,Accept,Verified via dictionary alignment & score
Utt_News.txt,Pagcabie da ding Rosenian,Ikinabubuhay ng mga Rosenian,0.6557,0.1429,0.3402,1.0,True,0.606,Review,"Partial dictionary match, manual review needed"
Utt_Medical.txt,Pilang bulan ne pu ing bingut?,Ilang buwan na po ang sanggol?,0.7092,0.0,0.3019,1.0,True,0.6057,Review,"Partial dictionary match, manual review needed"
Utt_News.txt,Serioso ya ing Filipinas a apanatili ing posicion niti anting capat caring bansang mag-produce goma king mabilug a yatu.,Seryoso ang Pilipinas na mapanatili ang posisyon nito bilang ika-apat sa mga bansang nagpu-produce ng goma sa buong mundo.,0.6474,0.0882,0.4904,1.0,True,0.6051,Review,"Partial dictionary match, manual review needed"
Utt_Medical.txt,Ica mu wari king pamilya yu ing ating macanian a sakit?,May kakilala ka ba sa pamilya mo na may ganyang sakit din?,0.6895,0.1,0.2941,0.9167,True,0.6048,Review,"Partial dictionary match, manual review needed"
Utt_News.txt,Linibu ing penakitan ning LRTA,Lumobo ang kita ng LRTA,0.6652,0.1111,0.3299,1.0,True,0.6043,Review,"Partial dictionary match, manual review needed"
Utt_Educ.txt,Iyugse ing basura king plastic.,Itapon ang basura sa plastik,0.6435,0.1111,0.4562,1.0,True,0.604,Review,"Partial dictionary match, manual review needed"
Utt_News.txt,Lalung pasicnangan ing produccion ning mais,Lalong palalakasin ang produksyon ng mais,0.646,0.0909,0.4804,1.0,True,0.6038,Review,"Partial dictionary match, manual review needed"
Utt_Salawikain.txt,Magsisi ca man at tauli ala nang maliari.,Magsisi ka man at huli wala nang mangyayari.,0.5342,0.3333,0.6583,1.0,True,0.603,Accept,Verified via dictionary alignment & score
Utt_News.txt,Ala yang capakibatan caring bictima ding pekeng dollar ing Banco Central ning Filipinas,Walang pananagutan sa mga biktima ng pekeng dolyar ang Bangko Sentral ng Pilipinas,0.6615,0.0417,0.4701,1.0,True,0.6022,Review,"Partial dictionary match, manual review needed"
Utt_Essay.txt,"Ating aduang pabula, metung king Japon at ing metung naman king Filipinas.","May dalawang pabula, isa'y sa Hapon at ang isa nama'y sa Pilipinas.",0.6395,0.1053,0.4737,1.0,True,0.6021,Review,"Partial dictionary match, manual review needed"
STORY_folktales(PAM 5 files vs FIL Utt_Story.txt),"King sugestion ning paring Castila a minanga king sican at ticdi ning pungul, pepalagyuan deng Bernardo Carpio ding cayang pengari.","Sa suhestiyon ng kastilang pari na humanga sa lakas at kisig ng sanggol, siya ay pinangalanang Bernardo Carpio ng kanyang mga magulang.",0.6663,0.0882,0.4363,0.9091,True,0.602,Review,"Partial dictionary match, manual review needed"
Utt_Educ.txt,Talacad at mangadi.,Tumayo at manalangin.,0.6262,0.2,0.3504,1.0,True,0.6008,Review,"Partial dictionary match, manual review needed"
Utt_Educ.txt,Mengan na ca wari?,May baon ka ba?,0.7504,0.0,0.0,1.0,True,0.6003,Review,"Partial dictionary match, manual review needed"
STORY_folktales(PAM 5 files vs FIL Utt_Story.txt),"Caibat ning cuentu nang Donia Teodora, kitnan ne I Jose.",Tinuruan si Jose ni Donya Teodora na bumasa sa wikang Kastila.,0.6777,0.1053,0.3136,0.9091,True,0.6,Review,"Low similarity, verify semantics"
STORY_folktales(PAM 5 files vs FIL Utt_Story.txt),Sinagacgac yang masican I Amomongo.,Tumawa nang malakas si Amomongo.,0.6368,0.1111,0.4548,1.0,True,0.5998,Review,"Low similarity, verify semantics"
Utt_News.txt,Sinabi nang Baterina a mayari ya ing proyecto king banuang aduang libo at walu asaupan la ding ortelanu king anam a balen ning mumunang distritu ning lalawigan.,Sinabi ni Baterina na matatapos ang proyekto sa taong dalawang libo at walo na matutulungan ang mga magsasaka sa anim na bayan sa unang distrito ng lalawigan.,0.624,0.122,0.5041,1.0,True,0.5992,Review,"Low similarity, verify semantics"
Utt_News.txt,"Agpang king Malacanang, e ya makaapectu ing politica king pamipaunlad ning economia","Ayon sa Malakanyang, hindi makakaapekto ang pulitika sa pag-unlad ng ekonomiya",0.697,0.0,0.3803,0.9167,True,0.5979,Review,"Low similarity, verify semantics"
Utt_News.txt,"Ngeni, babie ya ing industria ning papacbung apat a ralang milyong pesus penakitan king capamalan.","Sa ngayon, nagbibigay ang industriya ng paputok ng apat na raang milyong pisong kita sa pamahalaan.",0.6554,0.0741,0.4607,0.9375,True,0.5978,Review,"Low similarity, verify semantics"
Utt_News.txt,Ning Agosto banuang metung a libu siam a ralan at siam apulu’t pitu,"Ng Agosto taong isang libo, siyam na raan at siyamnapu't pito.",0.6533,0.1429,0.4211,0.8462,True,0.5973,Review,"Low similarity, verify semantics"
Utt_News.txt,Binabang walung porciento ing interes ding utang ning gobierno,Bumaba ng walong porsyento ang interes sa mga utang ng gobyerno,0.6446,0.1176,0.5458,0.8182,True,0.5967,Review,"Low similarity, verify semantics"
STORY_folktales(PAM 5 files vs FIL Utt_Story.txt),"Banuang libu walung dalan siam a pulu’t lima ini ing pasibayu lang mipulung ding calalakyan king cueva ning Pamitinan at carin, king dangalan nang Bernardo Carpio, geua de ing mumunang gulisac ning himagsican laban caring Castila.","Taung eighteen ninety five nang muling magpulong ang mga kalalakihan sa yungib ng Pamitinan at duon, sa karangalan ni Bernardo Carpio, ay ginawa nila ang unang sigaw ng himagsikan laban sa mga Kastila.",0.6487,0.1071,0.4411,0.9167,True,0.5964,Review,"Low similarity, verify semantics"
Utt_CommonExpressions.txt,Dacal a salamat.,Maraming salamat.,0.6343,0.25,0.4851,0.6667,True,0.5957,Review,"Low similarity, verify semantics"
STORY_folktales(PAM 5 files vs FIL Utt_Story.txt),"Inyang panaun a ing Filipinas sasacupan de pa ding Castila ating miyasawang manuknangan king cabitisan ning bunduc ning San Mateo, Rizal","Nuong panahon nang ang Pilipinas ay nasasakop pa ng mga Kastila ay mayruong mag-asawang naninirahan sa paanan ng bundok ng San Mateo, Rizal.",0.6409,0.1081,0.4579,0.913,True,0.5933,Review,"Low similarity, verify semantics"
STORY_folktales(PAM 5 files vs FIL Utt_Story.txt),Inutusan nong Amomongo ding catyang cayabe a pumila.,Inutusan ni Amomongo ang kanyang mga kasama na humanay.,0.6452,0.1333,0.4046,0.8889,True,0.5931,Review,"Low similarity, verify semantics"
STORY_folktales(PAM 5 files vs FIL Utt_Story.txt),"“Inda co” ing pagmalun ning matsing, “maluat neng mete! At ing keca, Binibining Pau?”","""Naku"", ang himutok ng matsing, ""matagal nang patay! At ang iyo, Binibining Pagong?""",0.6478,0.1364,0.3358,0.9286,True,0.5924,Review,"Low similarity, verify semantics"
STORY_folktales(PAM 5 files vs FIL Utt_Story.txt),Agad deng inanyayan I Bernardo king metung a pamipulung ban canu maramdam ing caraingan ding Filipino.,Agad nilang inanyayahan si Bernardo sa isang pagpupulong upang diumano ay dinggin ang karaingan ng mga Pilipino.,0.6501,0.0645,0.4455,0.9412,True,0.5916,Review,"Low similarity, verify semantics"
Utt_Essay.txt,"E mi balu nung iti atin yang aliuang calupa king capuluan ning Malaya, king Sumatra o Java.","Hindi naming malaman kung ito ay may iba pang kahawig sa Kapuluan ng Malaya, sa Sumatra o sa Haba.",0.6509,0.1,0.4128,0.8947,True,0.5913,Review,"Low similarity, verify semantics"
STORY_folktales(PAM 5 files vs FIL Utt_Story.txt),"“Ati ca pala keni, amak a pau,” ing sabi na.","""Narito ka pala, hamak na pagong"", ang sabi niya.",0.6227,0.1875,0.3826,0.9,True,0.5894,Review,"Low similarity, verify semantics"
Utt_News.txt,"Agpang cang PGMA, maragul ing asaup ning BPOS king pangaracal ning obra","Ayon kay PGMA, malaki ang naitulong ng BPOs sa pagdami ng trabaho",0.6551,0.1,0.2588,1.0,True,0.5889,Review,"Low similarity, verify semantics"
Utt_Medical.txt,Atin cu pung asthma,May asthma po ako,0.6273,0.1429,0.3338,1.0,True,0.5884,Review,"Low similarity, verify semantics"
Utt_News.txt,"Agpang cang PGMA, matupad na ing pamamie obra caring Filipino","Ayon kay PGMA, matutupad na ang pagbibigay ng mga trabaho sa mga Pilipino",0.6637,0.1,0.4291,0.7692,True,0.588,Review,"Low similarity, verify semantics"
Utt_Essay.txt,"""Ha, ha"", nganing matsing. ""Macanian pala, ne! Tatacut cang malumud! Ilumud daca ngeni.""","""Ha, ha"", ang tawa ng matsing.",0.6911,0.1333,0.4932,0.4615,True,0.5868,Review,"Low similarity, verify semantics"
Utt_News.txt,Pepalino na ning presidenti a bisa yang gauang obrang mangaragul a sueldo king Ilocos Norte ban e la manaliuang bansa ding Filipino ban manakitan lamung maragul,Ipinaliwanag ng pangulo na ibig niyang lumikha ng trabahong malaki ang suweldo sa Ilocos Norte upang hindi na mangibang bansa ang mga Pilipino para kumita lamang nang malaki.,0.6425,0.0909,0.4004,0.9286,True,0.5866,Review,"Low similarity, verify semantics"
Utt_Essay.txt,"""Ati ca pala keni, amac a pau,"" ing sabi na.","""Narito ka pala, hamak na pagong"", ang sabi niya.",0.6246,0.1875,0.3376,0.9,True,0.586,Review,"Low similarity, verify semantics"
STORY_folktales(PAM 5 files vs FIL Utt_Story.txt),"“Makiramdam ca cacu Jose, ing sabi na. Atin cung icuentu keca.”","Makinig ka sa akin, Jose, ang sabi niya.",0.6799,0.1176,0.3157,0.7273,True,0.5857,Review,"Low similarity, verify semantics"
Utt_News.txt,Mangat ing economia king banuang aduang libu at apulu agpang kang Teves,Aangat ang ekonomiya sa taong dalawang libo at sampu ayon kay Teves,0.636,0.0909,0.3531,1.0,True,0.5851,Review,"Low similarity, verify semantics"
Utt_News.txt,Atiyu king apat apulu’t walung pesus at siam a pulu’t limang centimus na ing libayan ning pesus laban king dollar,Nasa apatnapu't walong piso at siyamnapu't limang sentimo na ang palitan ng piso laban sa dolyar,0.6334,0.1667,0.4055,0.8,True,0.5839,Review,"Low similarity, verify semantics"
Utt_News.txt,Manganib a magisan ing produccion ning ngungut king bansa,Nanganganib na maubos ang produksyon ng niyog sa bansa,0.6204,0.0588,0.4902,1.0,True,0.5831,Review,"Low similarity, verify semantics"
Utt_Educ.txt,Icabit ing cuaderno king lamesa at marcan cu la.,Ilagay ang notebook sa table at mamarkahan ko.,0.6894,0.0625,0.1778,0.8889,True,0.5828,Review,"Low similarity, verify semantics"
Utt_News.txt,Maigit labing aduang bilyong pesus ing acolecta ning capamalan ibat king E-VAT manibat Noviembre ning milabas a banua,Mahigit labindalawang bilyong piso ang nakolekta ng pamahalaan mula sa E-VAT mula Nobyembre ng nakaraang taon,0.6381,0.1,0.4069,0.8889,True,0.5824,Review,"Low similarity, verify semantics"
STORY_folktales(PAM 5 files vs FIL Utt_Story.txt),"“Ha, ha”, nganing matsing. “Macanian pala, ne! Tatacut cang malumud! Lunuran daca ngeni.”","""Ha, ha"", ang tawa ng matsing.",0.7023,0.1333,0.3785,0.4615,True,0.582,Review,"Low similarity, verify semantics"
Utt_Medical.txt,Nanu wari ing mabisang panulu ken?,Ano ba ang mabisang gamot diyan?,0.6346,0.0909,0.3283,1.0,True,0.5818,Review,"Low similarity, verify semantics"
Utt_Salawikain.txt,"Nung nanu ya ing pun, ya ing bunga.","Kung ano ang puno, siya ang bunga.",0.6366,0.0909,0.4364,0.875,True,0.5813,Review,"Low similarity, verify semantics"
Utt_Interrogatives.txt,Atiu caninu ing susi ning bale?,Nakanino ang susi ng bahay?,0.6403,0.1,0.4077,0.8333,True,0.5783,Accept,Verified via dictionary alignment & score
Utt_Interrogatives.txt,"Dinatang ya nandin, ne?","Dumating siya kanina, ano?",0.6879,0.0,0.1254,1.0,True,0.5753,Review,"Low similarity, verify semantics"
Utt_Educ.txt,Magcanta ta pa mu.,Huwag ngang tayo ng tayo.,0.7327,0.0,0.0556,0.8,True,0.5752,Review,"Low similarity, verify semantics"
Utt_CommonExpressions.txt,Dacal a salamat hu.,Maraming salamat ho.,0.6257,0.1667,0.4104,0.75,True,0.5748,Review,"Low similarity, verify semantics"
Utt_Medical.txt,Mayap a bengi pu Doc,Magandang gabi po Dok,0.7168,0.0,0.1464,0.8,True,0.5747,Review,"Low similarity, verify semantics"
Utt_Interrogatives.txt,"Munta ca wari king Menila, o king Baguiu?","Pupunta ka ba sa Maynila, o sa Baguio?",0.6209,0.0769,0.3665,1.0,True,0.5746,Review,"Low similarity, verify semantics"
Utt_Medical.txt,Obat pu misan ating plema ing cucu cu?,Ano po ang gamot sa singaw ng bata?,0.6929,0.0,0.0883,1.0,True,0.5746,Review,"Low similarity, verify semantics"
Utt_Greetings.txt,Ipagpaumahin yu pu.,Makikisuyo po.,0.7545,0.0,0.0,0.6667,True,0.5694,Review,"Low similarity, verify semantics"
Utt_CommonExpressions.txt,Mayap a bengi.,Magandang gabi.,0.7248,0.0,0.138,0.6667,True,0.5654,Review,"Low similarity, verify semantics"
Utt_Essay.txt,"""Inda co"" ing pagmalun ning matsing, ""maluat neng mete! At ing keca, Binibining Pau?""","""Naku"", ang himutok ng matsing, ""matagal nang patay! At ang iyo, Bb. Pagong?""",0.6202,0.087,0.3111,0.9286,True,0.5635,Review,"Low similarity, verify semantics"
Utt_News.txt,Dapot macananu nung e mig-click ing liban a negocio?,Pero paano kung hindi nag-click ang pinasok na negosyo?,0.6297,0.0526,0.25,1.0,True,0.5634,Review,"Low similarity, verify semantics"
Utt_Medical.txt,Bawal mamuat mababayat,Bawal magbuhat ng mga mabibigat,0.6431,0.1429,0.3834,0.6,True,0.5628,Review,"Low similarity, verify semantics"
Utt_News.txt,Iti ing calabing aduang bulang mitutuki a maigit king metung bilyong dollar ing pedala ding OFWs a daralan caring banco,Ito na ang ikalabindalawang buwan na magkakasunod na mahigit sa isang bilyong dolyar ang padala ng mga OFWs na dumadaan sa mga bangko.,0.627,0.0606,0.3659,0.8696,True,0.5619,Review,"Low similarity, verify semantics"
Utt_Medical.txt,Mayap a bengi Doc,Magandang hapon Dok,0.709,0.0,0.1113,0.75,True,0.5615,Review,"Low similarity, verify semantics"
Utt_CommonExpressions.txt,Mayap a bengi pu.,Magandang gabi ho.,0.7165,0.0,0.0572,0.75,True,0.5606,Review,"Low similarity, verify semantics"
Utt_Educ.txt,Basan ye ing cuento.,Basahin ninyo ang kuwento.,0.623,0.0,0.3508,1.0,True,0.5589,Review,"Low similarity, verify semantics"
Utt_CommonExpressions.txt,Pilang banua na co hu?,Magkano po ito?,0.7461,0.0,0.0,0.6,True,0.5576,Review,"Low similarity, verify semantics"
Utt_Interrogatives.txt,"E ya mengan, ne?","Kumain ka, ano?",0.7192,0.0,0.0,0.75,True,0.5565,Review,"Low similarity, verify semantics"
Utt_News.txt,Bagiang binaui ing pesus contra king dollar,Bahagyang bumawi ang piso kontra sa dolyar,0.6256,0.0,0.3,1.0,True,0.5554,Review,"Low similarity, verify semantics"
Utt_Interrogatives.txt,Tigtig ya wari?,Guro ba siya?,0.6696,0.0,0.0,1.0,True,0.5518,Review,"Low similarity, verify semantics"
Utt_Medical.txt,Pilang aldo neng lalagnat?,Gaano katagal na siyang nilalagnat?,0.6304,0.0,0.3719,0.8,True,0.5454,Review,"Low similarity, verify semantics"
Iso_MinPairs.txt,apu (n. grandmother) -- apu (n. grandchild),mama-mamà (mother-elderly man),0.7259,0.0,0.1358,0.4286,True,0.542,Review,"Low similarity, verify semantics"
Utt_Interrogatives.txt,"Tigtig ya, e wari?","May sakít ka, hindi ba?",0.6778,0.0,0.0506,0.8,True,0.5417,Review,"Low similarity, verify semantics"
Utt_News.txt,Balaus ya pamaglagu ing alaga ning pesus laban king dollar,Pumalo sa pinakamataas na halaga ang piso kontra dolyar,0.6296,0.0,0.2096,0.9,True,0.5387,Review,"Low similarity, verify semantics"
Utt_Educ.txt,Magdala cong pane lapis at papil.,Magdala kayo palagi ng lapis at papel?,0.4762,0.3,0.5688,0.8571,True,0.5383,Review,"Low similarity, verify semantics"
Iso_MinPairs.txt,masakit (adj. difficult) -- masakit (adj. painful),hirap-hiráp (hardship-struggling),0.7649,0.0,0.0,0.2857,True,0.5375,Review,"Low similarity, verify semantics"
Utt_Medical.txt,Pacencia na,Pasensya na,0.4731,0.3333,0.3636,1.0,True,0.5369,Review,"Low similarity, verify semantics"
Utt_Salawikain.txt,"Atiu king Dios ing lunus, atiu king tau ing gaua.","Nasa Diyos ang awà, nasa tao ang gawâ.",0.6467,0.0,0.1822,0.8,True,0.5363,Review,"Low similarity, verify semantics"
Utt_Educ.txt,Cuanan ing libru.,Lagyan ng cover ang aklat.,0.6914,0.0,0.097,0.6,True,0.5345,Review,"Low similarity, verify semantics"
STORY_folktales(PAM 5 files vs FIL Utt_Story.txt),Mengatacutan la at mibalic king capatagan a e de man ikit i Bernardo.,Subali't sila ay may nakahandang bitag kay Bernardo.,0.6389,0.0476,0.2785,0.6154,True,0.5322,Review,"Low similarity, verify semantics"
Utt_News.txt,E dapat micarugan ing memaleng Filipino king pangaina ning pesus contra dollar,Nangangamba ang Phil-export sa paglakas ng piso kontra dolyar,0.6349,0.0,0.2362,0.75,True,0.5296,Review,"Low similarity, verify semantics"
Utt_Salawikain.txt,"Nung ating tenam, ating pupulan.","Kapag may isinuksok, may madudukot.",0.6325,0.0,0.0,1.0,True,0.5295,Review,"Low similarity, verify semantics"
Utt_Interrogatives.txt,Ninu ing cayabe mu?,Sa bahay ba?,0.6734,0.0,0.0,0.75,True,0.529,Review,"Low similarity, verify semantics"
Utt_Educ.txt,Ninung e na aintindian?,Sino ang walang takda?,0.6237,0.0,0.0466,1.0,True,0.5289,Review,"Low similarity, verify semantics"
Utt_CommonExpressions.txt,Mayap pu.,Ingat kayo.,0.6305,0.0,0.0,1.0,True,0.5283,Review,"Low similarity, verify semantics"
Iso_Kinship.txt,Titu (bapa),kaputol (utol),0.6293,0.0,0.0,1.0,True,0.5276,Review,"Low similarity, verify semantics"
Utt_Educ.txt,Baual mangan.,Kumain ng tahimik.,0.6494,0.0,0.0,0.6667,True,0.5063,Review,"Low similarity, verify semantics"
Iso_MinPairs.txt,dapat (v.do) -- dapat (v. must),kaya-kayâ (able-for that reason),0.625,0.0,0.0375,0.6667,True,0.4954,Review,"Low similarity, verify semantics"
Utt_Educ.txt,Lumaue keni.,Bili na kayo,0.6262,0.0,0.0,0.6667,True,0.4924,Review,"Low similarity, verify semantics"
Iso_MinPairs.txt,"sepu (v. caught) -- sepu (adj. end, extremity)",huli-hulí (caught-late),0.6231,0.1111,0.1332,0.25,True,0.4844,Review,"Low similarity, verify semantics"
Utt_CommonExpressions.txt,Maligayang bati pu.,Maligayang bati.,0.9733,0.6667,0.803,0.6667,False,0.8643,Accept,Verified via dictionary alignment & score
Utt_CommonExpressions.txt,Maligayang bati pu.,Maligayang bati ho.,0.953,0.5,0.7895,1.0,False,0.8507,Accept,Verified via dictionary alignment & score
Utt_CommonExpressions.txt,Maligayang bati hu.,Maligayang bati ho.,0.9134,0.5,0.8421,1.0,False,0.8322,Accept,Verified via dictionary alignment & score
Utt_CommonExpressions.txt,Maligayang bati hu.,Maligayang bati.,0.9071,0.6667,0.803,0.6667,False,0.8246,Accept,Verified via dictionary alignment & score
Utt_CommonExpressions.txt,Maligayang bati hu.,Maligayang bati po.,0.9092,0.5,0.7895,1.0,False,0.8245,Accept,Verified via dictionary alignment & score
Utt_CommonExpressions.txt,Sige pu.,Sige ho.,0.9681,0.3333,0.5,1.0,False,0.7975,Review,"Partial dictionary match, manual review needed"
Utt_Greetings.txt,Maligayang kebaitan.,Maligayang pagbátì.,0.9511,0.3333,0.513,1.0,False,0.7886,Review,"Partial dictionary match, manual review needed"
Utt_CommonExpressions.txt,Maligayang bati pu kecayu.,Maligayang bati po.,0.9355,0.4,0.7199,0.75,False,0.7883,Accept,Verified via dictionary alignment & score
Utt_Medical.txt,Salamat Doc,Salamat Doktor,0.9077,0.3333,0.7252,1.0,False,0.7838,Review,"Partial dictionary match, manual review needed"
Utt_CommonExpressions.txt,Sige hu.,Sige ho.,0.9074,0.3333,0.625,1.0,False,0.7736,Review,"Partial dictionary match, manual review needed"
Utt_Medical.txt,Salamat pu Doctor,Salamat Doktor,0.9855,0.25,0.6482,0.6667,False,0.7728,Review,"Partial dictionary match, manual review needed"
Utt_Greetings.txt,Maligayang puge.,Maligayang pagbátì.,0.894,0.3333,0.6309,1.0,False,0.7662,Review,"Partial dictionary match, manual review needed"
Utt_CommonExpressions.txt,Maligayang kebaitan.,Maligayang bati.,0.8982,0.3333,0.559,1.0,False,0.7615,Review,"Partial dictionary match, manual review needed"
Utt_Greetings.txt,Maligayang kebaitan.,Maligayang bati.,0.8982,0.3333,0.559,1.0,False,0.7615,Review,"Partial dictionary match, manual review needed"
Utt_CommonExpressions.txt,Maligayang bati (puge).,Maligayang bati.,0.8022,0.6667,0.7298,0.6667,False,0.7543,Accept,Verified via dictionary alignment & score
Utt_Greetings.txt,Maligayang pamamuge.,Maligayang bati.,0.877,0.3333,0.559,1.0,False,0.7488,Review,"Partial dictionary match, manual review needed"
Utt_CommonExpressions.txt,Maligayang bati pu kecayu.,Maligayang bati po sa inyo.,0.9119,0.2857,0.6039,0.8,False,0.7447,Review,"Partial dictionary match, manual review needed"
Utt_CommonExpressions.txt,Sige hu.,Sige po.,0.8766,0.3333,0.5,1.0,False,0.7427,Review,"Partial dictionary match, manual review needed"
Utt_CommonExpressions.txt,Maligayang bati (puge).,Maligayang bati po.,0.7837,0.5,0.7175,1.0,False,0.742,Accept,Verified via dictionary alignment & score
Utt_CommonExpressions.txt,Maligayang bati pu kecayu.,Maligayang bati ho sa inyo.,0.9137,0.2857,0.5661,0.8,False,0.742,Review,"Partial dictionary match, manual review needed"
Iso_Ordinal.txt,Caduampulu't limang,ikatatlumpu't limang,0.8135,0.5,0.513,1.0,False,0.7394,Review,"Partial dictionary match, manual review needed"
Utt_Greetings.txt,Maligayang puge.,Maligayang bati.,0.849,0.3333,0.625,1.0,False,0.7386,Review,"Partial dictionary match, manual review needed"
Utt_Greetings.txt,Maligayang Pascu pu.,Maligayang Pasko po.,0.8845,0.2,0.65,1.0,False,0.7357,Accept,Verified via dictionary alignment & score
Utt_CommonExpressions.txt,Maligayang kebaitan pu.,Maligayang bati po.,0.911,0.2,0.4784,1.0,False,0.7344,Accept,Verified via dictionary alignment & score
Iso_Ordinal.txt,Catlumpulu't limang,ikadalawampu't limang,0.8071,0.5,0.5006,1.0,False,0.7343,Review,"Partial dictionary match, manual review needed"
Utt_Greetings.txt,Maligayang Pascu.,Maligayang Pasko po.,0.9118,0.25,0.705,0.6667,False,0.7342,Accept,Verified via dictionary alignment & score
Utt_Interrogatives.txt,"Filipinu ya I James, o Americanu?","Pilipino ba si James, o Amerikano?",0.9001,0.2,0.5231,1.0,False,0.7324,Review,"Partial dictionary match, manual review needed"
Utt_CommonExpressions.txt,Maligayang bati (puge).,Maligayang bati ho.,0.7616,0.5,0.7175,1.0,False,0.7287,Accept,Verified via dictionary alignment & score
Iso_Ordinal.txt,Caduampulu't limang,ikadalawampu't limang,0.7816,0.5,0.5507,1.0,False,0.7241,Review,"Partial dictionary match, manual review needed"
Utt_CommonExpressions.txt,Maligayang bati hu kecayu.,Maligayang bati ho.,0.8212,0.4,0.7199,0.75,False,0.7197,Accept,Verified via dictionary alignment & score
Utt_Medical.txt,Salamat Doc,Salamat po Doktor,0.901,0.25,0.585,0.6667,False,0.7158,Review,"Partial dictionary match, manual review needed"
Utt_Interrogatives.txt,"Filipinu ya wari I James, o Americanu?","Pilipino ba si James, o Amerikano?",0.906,0.1818,0.4865,0.8571,False,0.7144,Review,"Partial dictionary match, manual review needed"
Utt_CommonExpressions.txt,Maligayang kebaitan pu.,Maligayang bati ho.,0.8771,0.2,0.4784,1.0,False,0.7141,Review,"Partial dictionary match, manual review needed"
Utt_Interrogatives.txt,"Filipinu ya wari I James, o Americanu?","Pilipino si James, o Amerikano?",0.9171,0.2,0.5103,0.7143,False,0.7127,Review,"Partial dictionary match, manual review needed"
Utt_Greetings.txt,Maligayang Pascu pu.,Maligayang Pasko.,0.8737,0.25,0.705,0.6667,False,0.7114,Accept,Verified via dictionary alignment & score
Utt_CommonExpressions.txt,Maligayang bati hu kecayu.,Maligayang bati po.,0.8111,0.4,0.6749,0.75,False,0.7091,Accept,Verified via dictionary alignment & score
Utt_CommonExpressions.txt,Maligayang kebaitan hu.,Maligayang bati ho.,0.8632,0.2,0.4784,1.0,False,0.7057,Review,"Partial dictionary match, manual review needed"
Utt_CommonExpressions.txt,Maligayang kebaitan.,Maligayang bati po.,0.8936,0.25,0.513,0.6667,False,0.7041,Review,"Partial dictionary match, manual review needed"
Utt_CommonExpressions.txt,Maligayang kebaitan pu.,Maligayang bati.,0.888,0.25,0.5213,0.6667,False,0.7016,Review,"Partial dictionary match, manual review needed"
Utt_CommonExpressions.txt,Maligayang kebaitan hu.,Maligayang bati po.,0.8538,0.2,0.4784,1.0,False,0.7001,Review,"Partial dictionary match, manual review needed"
Utt_Interrogatives.txt,Mawala ya wari ing gamit e Ronald?,Nawawala ba ang gamit ni Ronald?,0.8647,0.1818,0.5544,0.8571,False,0.6964,Review,"Partial dictionary match, manual review needed"
Utt_News.txt,Sapuan ne ning gobierno ing cabilugang limang dalang bilyong pesus a utang ning NAPOCOR,Sasaluhin ng gobyerno ang kabuuang limang daang bilyong pisong utang ng NAPOCOR,0.8596,0.2,0.5489,0.8571,False,0.6964,Review,"Partial dictionary match, manual review needed"
Utt_Educ.txt,Isulat ing tacdang aralan.,Isulat ang takdang aralin.,0.8339,0.1429,0.6532,1.0,False,0.6942,Review,"Partial dictionary match, manual review needed"
Utt_CommonExpressions.txt,Nucarin ya ing terminal ning bus?,Saan ho ang terminal ng bus?,0.8312,0.2,0.553,1.0,False,0.694,Accept,Verified via dictionary alignment & score
Utt_CommonExpressions.txt,Maligayang bati hu kecayu.,Maligayang bati.,0.7914,0.5,0.6864,0.5,False,0.6935,Accept,Verified via dictionary alignment & score
Utt_CommonExpressions.txt,Nucarin ya ing terminal ning bus?,Saan po ang terminal ng bus?,0.8302,0.2,0.553,1.0,False,0.6934,Accept,Verified via dictionary alignment & score
Utt_News.txt,"Moodys, mababahala ya king utang ning NAPOCOR","Moody's, nababahala sa utang ng NAPOCOR",0.8438,0.1667,0.6682,0.8571,False,0.6921,Accept,Verified via dictionary alignment & score
Utt_Greetings.txt,Maligayang Pascu.,Maligayang pagbátì.,0.7611,0.3333,0.6677,1.0,False,0.6901,Review,"Partial dictionary match, manual review needed"
Utt_Greetings.txt,Maligayang kebaitan kecayu.,Maligayang pagbátì.,0.8745,0.25,0.4499,0.6667,False,0.6864,Review,"Partial dictionary match, manual review needed"
Utt_Essay.txt,"Ing pabulang Japon, Saru kani kassen, o ing labanan ning matsing at ning alimango, a milathala king Bobunsha king Tokyo yapin ing makatuki:","Ang pabulang Hapon, Saru kani kassen, o ang labanan ng matsing at ng alimango, na inilathala ng Kobunsha sa Tokyo ay ang sumusunod",0.7395,0.3571,0.7059,1.0,False,0.6857,Review,"Partial dictionary match, manual review needed"
Utt_Salawikain.txt,"Matalino ya man ing matsing, malolocu yamu rin.","Matalino man ang matsing, naiisahan din.",0.8368,0.2727,0.5206,0.75,False,0.6837,Accept,Verified via dictionary alignment & score
Utt_News.txt,Mitas na naman ing precio ning LPG,Ibinaba uli ang presyo ng LPG,0.9166,0.0833,0.3055,0.8571,False,0.6829,Review,"Partial dictionary match, manual review needed"
Iso_Ordinal.txt,Catlumpulu't lima,ikatatlumpu't lima,0.6861,0.5,0.686,1.0,False,0.6803,Review,"Partial dictionary match, manual review needed"
Utt_Greetings.txt,Maligayang kebaitan.,Maligayang kaarawan.,0.7476,0.3333,0.65,1.0,False,0.6802,Review,"Partial dictionary match, manual review needed"
Utt_Greetings.txt,Maligayang pamamuge.,Maligayang kaarawan.,0.7708,0.3333,0.5,1.0,False,0.6792,Review,"Partial dictionary match, manual review needed"
Utt_Medical.txt,Salamat pu Doctor,Salamat Dok,0.8395,0.25,0.585,0.6667,False,0.6789,Review,"Partial dictionary match, manual review needed"
Utt_CommonExpressions.txt,Maligayang kebaitan.,Maligayang bati ho.,0.8514,0.25,0.513,0.6667,False,0.6788,Review,"Partial dictionary match, manual review needed"
Utt_CommonExpressions.txt,Nucarin ya ing terminal ning bus?,Saan ang terminal ng bus?,0.8196,0.2222,0.5866,0.8333,False,0.6782,Accept,Verified via dictionary alignment & score
Utt_CommonExpressions.txt,Nucarin ya pu ing terminal ning bus?,Saan po ang terminal ng bus?,0.8375,0.1818,0.5281,0.8571,False,0.6774,Accept,Verified via dictionary alignment & score
Utt_CommonExpressions.txt,Maligayang kebaitan hu.,Maligayang bati.,0.8386,0.25,0.5213,0.6667,False,0.6719,Review,"Partial dictionary match, manual review needed"
Utt_CommonExpressions.txt,Nucarin ya hu ing terminal ning bus?,Saan ho ang terminal ng bus?,0.828,0.1818,0.5281,0.8571,False,0.6717,Accept,Verified via dictionary alignment & score
Utt_CommonExpressions.txt,Nucarin ya hu ing terminal ning bus?,Saan po ang terminal ng bus?,0.8262,0.1818,0.5281,0.8571,False,0.6706,Accept,Verified via dictionary alignment & score
Utt_Educ.txt,Isulat ing tacdang aralan.,Isulat sa pisara.,0.8788,0.1667,0.3395,0.75,False,0.6696,Review,"Partial dictionary match, manual review needed"
Utt_Greetings.txt,Paumanhin pu.,Ipagpaumanhin po ninyo.,0.9171,0.0,0.5205,0.6667,False,0.669,Review,"Partial dictionary match, manual review needed"
Utt_CommonExpressions.txt,Maligayang kebaitan pu kecayu.,Maligayang bati po.,0.8552,0.1667,0.426,0.75,False,0.664,Accept,Verified via dictionary alignment & score
Utt_CommonExpressions.txt,Nucarin ya pu ing terminal ning bus?,Saan ang terminal ng bus?,0.8245,0.2,0.5601,0.7143,False,0.6621,Accept,Verified via dictionary alignment & score
Utt_Educ.txt,Panatiliang malinis ing kecatamung silid-aralan.,Panatilihing malinis ang ating silid-aralan,0.706,0.3333,0.7013,1.0,False,0.6604,Review,"Partial dictionary match, manual review needed"
Utt_CommonExpressions.txt,Nucarin ya hu ing terminal ning bus?,Saan ang terminal ng bus?,0.8153,0.2,0.5601,0.7143,False,0.6566,Accept,Verified via dictionary alignment & score
Utt_Educ.txt,Iwasan ing paticdo-ticdo.,Iwasan ang patayu-tayo.,0.795,0.1429,0.5,1.0,False,0.6556,Accept,Verified via dictionary alignment & score
Iso_Ordinal.txt,Catlumpulu't pitung,ikadalawampu't pitong,0.7954,0.2,0.3504,1.0,False,0.6523,Review,"Partial dictionary match, manual review needed"
Utt_Letter.txt,Iti ausan deng ‘Pacto de Sangre’ ning Aring Sikatuna at nang Legaspi a pecacatauan ning Ari ning Espana.,Ito'y siyang tinatawag na 'Pacto de Sangre' ng haring Sikatuna at ni Legaspi na pinakakatawanan ng hari sa España.,0.7597,0.2143,0.5852,0.9474,False,0.6519,Review,"Partial dictionary match, manual review needed"
Iso_Ordinal.txt,Catlumpulu't limang,ikatatlumpu't lima,0.7525,0.2,0.5948,1.0,False,0.651,Review,"Partial dictionary match, manual review needed"
Utt_Medical.txt,Keni ya masakit?,Saan masakit?,0.798,0.25,0.5547,0.6667,False,0.6509,Review,"Partial dictionary match, manual review needed"
Utt_Greetings.txt,Maligayang kebaitan kecayu.,Maligayang bati.,0.8076,0.25,0.4903,0.6667,False,0.6502,Review,"Partial dictionary match, manual review needed"
Iso_Ordinal.txt,Caduampulu't apat,ikatatlumpu't apat,0.6728,0.5,0.4573,1.0,False,0.6494,Review,"Partial dictionary match, manual review needed"
Utt_News.txt,Ing utang ning Filipinas mibaba,Bumaba ang utang panlabas ng Pilipinas,0.8263,0.1,0.5011,0.8333,False,0.6492,Review,"Partial dictionary match, manual review needed"
Utt_Interrogatives.txt,Estudyanti ya wari I Michael?,Mag-aaral ba si Michael?,0.8453,0.1111,0.3411,0.8,False,0.6435,Review,"Partial dictionary match, manual review needed"
Utt_CommonExpressions.txt,Maligayang kebaitan pu kecayu.,Maligayang bati po sa inyo.,0.8371,0.125,0.3574,0.8,False,0.643,Review,"Partial dictionary match, manual review needed"
Utt_News.txt,Mitas na naman ing precio ning LPG,Ang presyo ng LPG ay ibinaba,0.8444,0.0833,0.3111,0.8571,False,0.6401,Review,"Partial dictionary match, manual review needed"
Iso_Ordinal.txt,Caduampulu't limang,ikatatlumpu't lima,0.7703,0.2,0.3785,1.0,False,0.64,Review,"Partial dictionary match, manual review needed"
Utt_CommonExpressions.txt,Maligayang kebaitan pu kecayu.,Maligayang bati ho sa inyo.,0.8318,0.125,0.3574,0.8,False,0.6398,Review,"Partial dictionary match, manual review needed"
Utt_Interrogatives.txt,Maganaca ya wari I Michelle?,Mabait ba si Michelle?,0.8143,0.125,0.4432,0.8,False,0.6379,Review,"Partial dictionary match, manual review needed"
Utt_Educ.txt,Pulutan ing basura.,Pulutin ang basura,0.7287,0.2,0.5948,1.0,False,0.6367,Accept,Verified via dictionary alignment & score
Utt_News.txt,Tinggap na neng PGMA ing resolucion ning PBC para caring programa king banuang aduang libut pitu,Tinanggap na ni PGMA ang resolusyon ng PBC para sa mga programa sa taong dalawang libo't pito,0.7489,0.1786,0.5698,0.9412,False,0.6362,Review,"Partial dictionary match, manual review needed"
Utt_Interrogatives.txt,Magaral ya wari I Michael?,Estudyante ba si Michael?,0.8239,0.125,0.353,0.8,False,0.6347,Review,"Partial dictionary match, manual review needed"
Utt_Interrogatives.txt,Nanu-nanu ing linutu nang Maricel?,Guro ba si Maricel?,0.8235,0.125,0.3408,0.8,False,0.6332,Review,"Partial dictionary match, manual review needed"
Utt_News.txt,Mangailangan ya ing gobiernong atlumpulu’t siam a bilyong dollar para caring proyecto niti,Mangangailangan ang gobyerno ng tatlumpu't siyam na bilyong dolyar para sa mga proyekto nito,0.7641,0.1154,0.5818,0.9286,False,0.6326,Review,"Partial dictionary match, manual review needed"
Utt_Greetings.txt,Maligayang Pascu at masaplalang bayung banua.,Maligayang Pasko at manígong bagong taon.,0.7401,0.2,0.4804,1.0,False,0.6321,Review,"Partial dictionary match, manual review needed"
Utt_Interrogatives.txt,Nucarin ya magaral I Maricel?,Guro ba si Maricel?,0.8121,0.125,0.3974,0.8,False,0.632,Review,"Partial dictionary match, manual review needed"
Utt_Interrogatives.txt,Talaturu ya wari I Maricel?,Guro ba si Maricel?,0.8049,0.125,0.4049,0.8,False,0.6284,Review,"Partial dictionary match, manual review needed"
Utt_News.txt,"Pamipaunlad ning economia ning bansa, pakinabangan da ding anggang sector",Pag-unlad ng ekonomiya ng bansa pakikinabangan ng lahat ng sektor,0.7721,0.0625,0.5257,1.0,False,0.6283,Review,"Partial dictionary match, manual review needed"
Utt_News.txt,Manatili ing matas a precio ning LPG,Mananatiling mataas ang presyo ng LPG,0.768,0.0833,0.6364,0.8571,False,0.6268,Review,"Partial dictionary match, manual review needed"
Utt_Interrogatives.txt,Nucarin na ngan penintun Ronald ing gamit na?,Nawawala ba ang gamit ni Ronald?,0.7935,0.1818,0.3791,0.75,False,0.6254,Review,"Partial dictionary match, manual review needed"
Utt_Interrogatives.txt,Magaral ya wari I Michael?,Mag-aaral ba si Michael?,0.7777,0.1111,0.5604,0.8,False,0.6249,Review,"Partial dictionary match, manual review needed"
Utt_Interrogatives.txt,Caninu ya ing bag a yan?,Magkano ang bag na iyan?,0.8055,0.1,0.3831,0.8333,False,0.6249,Review,"Partial dictionary match, manual review needed"
Utt_Educ.txt,Idapuc ing basura king basuraan.,Itapon ang basura sa basurahan.,0.7691,0.1111,0.4003,1.0,False,0.6237,Review,"Partial dictionary match, manual review needed"
Utt_News.txt,Ing pamibaba ning presyo ning LPG pegumpisan da neng patupad,Ibinaba uli ang presyo ng LPG,0.8176,0.1538,0.4092,0.6,False,0.6222,Accept,Verified via dictionary alignment & score
Utt_Interrogatives.txt,ucarin na ngan penintun Ronald ing gamit na?,Nawawala ba ang gamit ni Ronald?,0.7849,0.1818,0.3835,0.75,False,0.6207,Review,"Partial dictionary match, manual review needed"
Utt_Interrogatives.txt,Malaut ya wari ing bale nang Ronald?,Nawawala ba ang gamit ni Ronald?,0.8015,0.0833,0.3643,0.8571,False,0.6197,Review,"Partial dictionary match, manual review needed"
Utt_Interrogatives.txt,Nanu ing linutu nang Michelle?,Ano ang niluto ni Michelle?,0.7579,0.1111,0.4234,1.0,False,0.6193,Review,"Partial dictionary match, manual review needed"
Utt_News.txt,E naman mebanggit king balita nung magcanu asali ning Petron ing Caltex LPG,Hindi naman binanggit sa ulat kung magkano nabili ng Petron ang Caltex LPG.,0.7203,0.1818,0.5036,1.0,False,0.6189,Review,"Partial dictionary match, manual review needed"
Utt_News.txt,Dinagsa la ding dayuhang capitalista a mamuhunan king bansa,Dumagsa ang mga dayuhang kapitalista na namumuhanan sa bansa.,0.7296,0.125,0.5608,1.0,False,0.6189,Review,"Partial dictionary match, manual review needed"
Utt_Interrogatives.txt,Sali ya waring pamangan I Maricel?,Guro ba si Maricel?,0.822,0.1111,0.3594,0.6667,False,0.618,Review,"Partial dictionary match, manual review needed"
Utt_Greetings.txt,Paumanhin pu.,Pasensya na po.,0.9061,0.0,0.0716,0.6667,False,0.6175,Review,"Partial dictionary match, manual review needed"
Utt_Interrogatives.txt,Maganaca ya wari I Michelle?,Ano ang niluto ni Michelle?,0.7604,0.1111,0.378,1.0,False,0.6163,Review,"Partial dictionary match, manual review needed"
Utt_News.txt,Beba reng pasibayu ing precio ning LPG,Tumaas na naman ang presyo ng LPG,0.7872,0.0769,0.2772,1.0,False,0.6154,Review,"Partial dictionary match, manual review needed"
Utt_Greetings.txt,Maligayang Pascu pu at masaplalang bayung banua.,Maligayang Pasko po at manígong bagong taon.,0.7292,0.1667,0.4447,1.0,False,0.6153,Review,"Partial dictionary match, manual review needed"
Utt_Medical.txt,Sabian mu nung nucarin masakit,Sabihin mo kung saan masakit,0.727,0.1111,0.5559,1.0,False,0.614,Review,"Partial dictionary match, manual review needed"
Iso_Ordinal.txt,Catlumpulu't apat,ikadalawampu't apat,0.6157,0.5,0.4451,1.0,False,0.6139,Review,"Partial dictionary match, manual review needed"
Utt_News.txt,"Agpang cang PGMA, e ya miapectuan ning politica ing economia ning bansa","Ayon kay PGMA, hindi maapektuhan ng pulitika ang ekonomiya ng bansa",0.768,0.1053,0.4034,0.9167,False,0.6139,Review,"Partial dictionary match, manual review needed"
Utt_News.txt,Ing pamibaba ning presyo ning LPG pegumpisan da neng patupad,Ang presyo ng LPG ay ibinaba,0.8014,0.1538,0.4167,0.6,False,0.6133,Accept,Verified via dictionary alignment & score
Utt_News.txt,Ing pamibaba ning presyo ning LPG pegumpisan da neng patupad,Tumaas na naman ang presyo ng LPG,0.7907,0.1429,0.3889,0.7,False,0.6119,Review,"Partial dictionary match, manual review needed"
Utt_News.txt,Binaba ing utang panglual ning Filipinas,Bumaba ang utang panlabas ng Pilipinas,0.7331,0.0909,0.5379,1.0,False,0.6118,Review,"Partial dictionary match, manual review needed"
Utt_Greetings.txt,Maligayang Pascu pu.,Maligayang pagbátì.,0.7216,0.25,0.6156,0.6667,False,0.6112,Review,"Partial dictionary match, manual review needed"
Utt_News.txt,E naman mebanggit king balita nung magcanu asali ning Petron ing Caltex LPG,Binili ng Petron ang Caltex LPG,0.7985,0.1875,0.4835,0.4615,False,0.6111,Accept,Verified via dictionary alignment & score
Utt_Interrogatives.txt,Tigtig ya wari I Francisco?,Sinu-sino ang sasáma kay Francisco?,0.7607,0.1,0.3363,1.0,False,0.6101,Review,"Partial dictionary match, manual review needed"
Iso_Ordinal.txt,Calabing limang,ikatatlumpu't limang,0.7043,0.25,0.3586,1.0,False,0.6084,Review,"Partial dictionary match, manual review needed"
Utt_News.txt,Ing pamakilaban contra terorismo,Todo bantay laban sa terorismo,0.7617,0.125,0.4596,0.8,False,0.608,Review,"Partial dictionary match, manual review needed"
Utt_Educ.txt,Iyugse ing basura king basuraan.,Itapon ang basura sa basurahan.,0.7417,0.1111,0.4003,1.0,False,0.6073,Review,"Partial dictionary match, manual review needed"
Utt_Interrogatives.txt,Nucarin na ngan penintun Ronald ing gamit na?,Saan-saan hinanap ni Ronald ang gamit niya?,0.7465,0.1667,0.3814,0.875,False,0.6069,Review,"Partial dictionary match, manual review needed"
Utt_CommonExpressions.txt,Maligayang kebaitan hu kecayu.,Maligayang bati ho.,0.7598,0.1667,0.426,0.75,False,0.6068,Review,"Partial dictionary match, manual review needed"
Utt_News.txt,Beba reng pasibayu ing precio ning LPG,Ibinaba uli ang presyo ng LPG,0.7853,0.0833,0.3241,0.8571,False,0.606,Review,"Partial dictionary match, manual review needed"
Utt_Interrogatives.txt,Mawawala wari ing gamit nang Ronald?,Saan-saan hinanap ni Ronald ang gamit niya?,0.7381,0.1818,0.4067,0.8571,False,0.6056,Review,"Partial dictionary match, manual review needed"
Utt_Interrogatives.txt,Miglutu ya wari I Michelle sinigang?,Nagluto ba si Michelle ng sinigáng?,0.7283,0.0909,0.4928,1.0,False,0.6045,Review,"Partial dictionary match, manual review needed"
Utt_Interrogatives.txt,Obat tigtig ya I Francisco?,Tutugtog ba si Francisco?,0.7594,0.125,0.4315,0.8,False,0.6038,Review,"Partial dictionary match, manual review needed"
Utt_Medical.txt,Milaco wari iti agad?,Mawawala ba 'to agad?,0.7481,0.1429,0.244,1.0,False,0.6018,Review,"Partial dictionary match, manual review needed"
Utt_Interrogatives.txt,"Tigtig ya I Francisco, e wari?","Tutugtog ba si Francisco, o kakanta?",0.749,0.0909,0.3404,1.0,False,0.6016,Review,"Partial dictionary match, manual review needed"
Utt_Interrogatives.txt,Mawala ya wari ing gamit e Ronald?,Saan-saan hinanap ni Ronald ang gamit niya?,0.7251,0.1667,0.3254,1.0,False,0.6009,Review,"Partial dictionary match, manual review needed"
Utt_CommonExpressions.txt,Maligayang kebaitan hu kecayu.,Maligayang bati po.,0.7495,0.1667,0.426,0.75,False,0.6007,Review,"Partial dictionary match, manual review needed"
Utt_News.txt,Manatiling matatag ing economia ning bansa agiang king gulu ning politica,Nananatiling matatag ang ekonomiya ng bansa sa kabila ng mga gulo sa pulitika.,0.7424,0.1053,0.4926,0.8462,False,0.6004,Review,"Partial dictionary match, manual review needed"
Utt_News.txt,Malati yamu ing efecto ning ayun king pambansang economia ning Indonesia,Maliit lamang ang epekto ng lindol sa pambansang ekonomiya ng Indonesia.,0.7169,0.1111,0.4755,1.0,False,0.5999,Review,"Low similarity, verify semantics"
Utt_Interrogatives.txt,Okey yamu wari?,Okey ba siya?,0.7182,0.2,0.2864,1.0,False,0.5996,Review,"Low similarity, verify semantics"
STORY_folktales(PAM 5 files vs FIL Utt_Story.txt),"Pauli ning tagle nang sicanan at bilis ning cabayo inaus deng Hagibis, at manibat canita I Bernardo at Hagibis pane na lang miyayabe king pama masyal king cabunducan ning San Mateo.","Dahil sa taglay na lakas at bilis ang kabayo ay tinawag niyang si Hagibis, at mula nuon si Bernardo at si Hagibis ay laging magkasama sa pamamasyal sa kabundukan ng San Mateo.",0.6916,0.1667,0.5393,0.9688,False,0.5991,Review,"Low similarity, verify semantics"
Utt_Interrogatives.txt,Ninu-ninu ding tuki cang Francisco?,Sinu-sino ang sasáma kay Francisco?,0.727,0.1,0.4244,1.0,False,0.5987,Review,"Low similarity, verify semantics"
STORY_folktales(PAM 5 files vs FIL Utt_Story.txt),"Pauli ning tagle nang sicanan at bilis ning cabayo inaus deng Hagibis, at manibat canita I Bernardo at Hagibis pane na lang miyayabe king pama masyal king cabunducan ning San Mateo.",Dahil sa taglay na lakas at bilis ang kabayo ay tinawag niyang si Hagibis at mula nuon si Bernardo at si Hagibis ay laging magkasama sa pamamasyal sa kabundukan ng San Mateo.,0.6909,0.1667,0.5228,0.9688,False,0.597,Review,"Low similarity, verify semantics"
Utt_Interrogatives.txt,Magcanu ya ing bag a yan?,Magkano ang bag na iyan?,0.7462,0.1,0.4583,0.8333,False,0.5969,Review,"Low similarity, verify semantics"
Utt_CommonExpressions.txt,Bisa co pung mangan?,Gusto niyo pong kumain?,0.804,0.0,0.1399,1.0,False,0.5964,Review,"Low similarity, verify semantics"
Utt_Educ.txt,Magdalang lapis.,Kuhanin ang lapis,0.7287,0.25,0.4244,0.6667,False,0.5963,Review,"Low similarity, verify semantics"
Utt_Greetings.txt,Maligayang Pascu pu at masaplalang bayung banua.,Maligayang Pasko at manígong bagong taon.,0.7124,0.1818,0.4629,0.8571,False,0.5958,Review,"Low similarity, verify semantics"
Utt_Interrogatives.txt,Talaturu ya wari e Maricel?,Anu-ano ang niluto ni Maricel?,0.7435,0.1,0.2965,1.0,False,0.5957,Review,"Low similarity, verify semantics"
Utt_CommonExpressions.txt,Bisa cang mangan?,Gusto mong kumain?,0.8052,0.0,0.1179,1.0,False,0.5949,Review,"Low similarity, verify semantics"
Utt_News.txt,Beba reng pasibayu ing precio ning LPG,Mananatiling mataas ang presyo ng LPG,0.7708,0.0833,0.2985,0.8571,False,0.5947,Review,"Low similarity, verify semantics"
Utt_Interrogatives.txt,"Filipinu ya wari I James, o Americanu?","Si Michael ba ang kakanta, o si James?",0.7566,0.1667,0.1918,0.875,False,0.594,Review,"Low similarity, verify semantics"
Utt_Educ.txt,Tunggal-tunggal mu king CR.,Linisin mo ang CR.,0.7329,0.1429,0.2513,1.0,False,0.5934,Review,"Low similarity, verify semantics"
Utt_News.txt,Asaang baba ing utang panglual ning Filipinas,Bumaba ang utang panlabas ng Pilipinas,0.7329,0.0833,0.5095,0.8571,False,0.5931,Review,"Low similarity, verify semantics"
Iso_Ordinal.txt,Caduampulu't pitung,ikadalawampu't pitong,0.6875,0.2,0.4005,1.0,False,0.5926,Review,"Low similarity, verify semantics"
Utt_News.txt,Manatili ing matas a precio ning LPG,Tumaas na naman ang presyo ng LPG,0.7433,0.0769,0.3127,1.0,False,0.5926,Review,"Low similarity, verify semantics"
Utt_CommonExpressions.txt,Bisa co pung mangan?,Gusto niyo bang kumain?,0.7974,0.0,0.1399,1.0,False,0.5924,Review,"Low similarity, verify semantics"
Utt_Interrogatives.txt,Malaut ya wari ing bale nang Ronald?,Malayo ba ang bahay ni Ronald?,0.7432,0.0833,0.4394,0.8571,False,0.5923,Review,"Low similarity, verify semantics"
Utt_Greetings.txt,Pacensia na.,Pasensya na.,0.6258,0.3333,0.5,1.0,False,0.5921,Review,"Low similarity, verify semantics"
Utt_Interrogatives.txt,Talaturu ya wari I Maricel?,Anu-ano ang niluto ni Maricel?,0.7302,0.1,0.3336,1.0,False,0.5914,Review,"Low similarity, verify semantics"
Utt_News.txt,Manatili ing matas a precio ning LPG,Ibinaba uli ang presyo ng LPG,0.7623,0.0833,0.2961,0.8571,False,0.5894,Review,"Low similarity, verify semantics"
Utt_Medical.txt,Mayap a bengi Doctor,Magandang gabi po Doktor,0.7844,0.0,0.1826,1.0,False,0.5889,Review,"Low similarity, verify semantics"
Utt_Interrogatives.txt,Obat tigtig ya I Francisco?,"Tutugtog si Francisco, 'di ba?",0.7218,0.1111,0.3223,1.0,False,0.5875,Review,"Low similarity, verify semantics"
Utt_Interrogatives.txt,ucarin na ngan penintun Ronald ing gamit na?,Saan-saan hinanap ni Ronald ang gamit niya?,0.7135,0.1667,0.3858,0.875,False,0.5875,Review,"Low similarity, verify semantics"
Utt_Medical.txt,Magsugat ya pu ing balat na,Nagsusugat po ang balat niya,0.71,0.1,0.5661,0.8333,False,0.586,Review,"Low similarity, verify semantics"
Utt_News.txt,E ya maciadung meapectuan ning ayun ing pambansang economia ning Indonesia,Hindi masyadong naapektuhan ng lindol ang pambansang ekonomiya ng Indonesia,0.7059,0.1176,0.4806,0.9091,False,0.586,Review,"Low similarity, verify semantics"
Utt_Interrogatives.txt,Ninu-ninu ding tuki cang Francisco?,Tutugtog ba si Francisco?,0.7354,0.125,0.3889,0.8,False,0.5852,Review,"Low similarity, verify semantics"
Utt_Interrogatives.txt,Nanu ing linutu nang Michelle?,Nagluto ba si Michelle ng sinigáng?,0.7534,0.1,0.297,0.8333,False,0.5851,Review,"Low similarity, verify semantics"
Utt_Interrogatives.txt,Miglutu ya wari I Michelle sinigang?,Ano ang niluto ni Michelle?,0.7459,0.1,0.3381,0.8333,False,0.5847,Review,"Low similarity, verify semantics"
Utt_News.txt,Binarug ya ing utang ning gobierno king atlung trilyon at walumpulu’t siam a bilyung pesus,Pumalo ang utang ng gobyerno sa tatlong trilyon at walumpu't siyam na bilyong piso,0.684,0.1481,0.5136,0.9333,False,0.5847,Review,"Low similarity, verify semantics"
Utt_CommonExpressions.txt,Maligayang kebaitan hu kecayu.,Maligayang bati ho sa inyo.,0.7397,0.125,0.3574,0.8,False,0.5845,Review,"Low similarity, verify semantics"
Utt_Educ.txt,Isulat ing tacdang aralan.,Isulat ang pangalan sa papel.,0.7348,0.125,0.3849,0.8,False,0.5844,Review,"Low similarity, verify semantics"
Utt_News.txt,"Catunayan, sinabi ning BSP a cumpara ketang mengalabas a banua, binaba yang maigit metung a dollar ing singil king pamipadalang dollar","Katunayan sinabi ng BSP na kumpara noong mga nakaraang taon, bumaba ng mahigit isang dolyar ang singil sa pagpapadala ng dolyar.",0.7005,0.0909,0.4593,1.0,False,0.5844,Review,"Low similarity, verify semantics"
Utt_News.txt,Binarug ya ing utang ning gobierno king atlung trilyon at walumpulu’t siam a bilyung pesus,Pumalo ang utang ng gobyerno sa tatlong trilyon at walumpu't siyam na milyong piso,0.6895,0.1481,0.4741,0.9333,False,0.5841,Review,"Low similarity, verify semantics"
Utt_News.txt,"Casakitan king bansa, mibaba agpang cang PGMA",Kahirapan sa bansa bumaba ayon kay PGMA,0.6902,0.1667,0.3644,1.0,False,0.5839,Review,"Low similarity, verify semantics"
Utt_Medical.txt,Macananu yang mabalu ing sakit a yan?,Paano po matutukoy ang sakit na yan?,0.6831,0.1667,0.4062,1.0,False,0.5838,Review,"Low similarity, verify semantics"
Utt_News.txt,Binaba ing utang panglual ning Filipinas,Ang utang ng Pilipinas ay bumaba,0.6924,0.0909,0.5022,1.0,False,0.5838,Review,"Low similarity, verify semantics"
STORY_folktales(PAM 5 files vs FIL Utt_Story.txt),At nung tutuki ne ning cayang igpa king pamangasu anting alang nanu naman a puputputan nong Bernardo ding mapilan a pun ban macagauang dalan king masucal a cagubatan ning San Mateo.,At kapag isinasama siya ng ama sa pangangaso ay parang walang anuman na binubunot ni Bernardo ang ilang mga puno upang makagawa ng daanan sa masukal na kagubatan ng San Mateo.,0.7073,0.08,0.4335,1.0,False,0.5837,Review,"Low similarity, verify semantics"
Utt_Interrogatives.txt,Magcanu ya ing bag a yan?,Kanino ang bag na iyan?,0.7367,0.1,0.3831,0.8333,False,0.5837,Review,"Low similarity, verify semantics"
Utt_Interrogatives.txt,Nanu-nanu ing linutu nang Maricel?,Anu-ano ang niluto ni Maricel?,0.7024,0.1,0.4211,1.0,False,0.5835,Review,"Low similarity, verify semantics"
Utt_News.txt,Metung a ralan at aduampulut limang milyong pesus a pondu para king Gawad Kalinga,Isang daan at dalawampu't limang milyong pisong pondo para sa Gawad Kalinga,0.6315,0.3,0.5886,0.8571,False,0.5835,Review,"Low similarity, verify semantics"
Iso_Ordinal.txt,Caduampulu't apat,ikadalawampu't apat,0.5553,0.5,0.5008,1.0,False,0.5833,Review,"Low similarity, verify semantics"
Utt_Interrogatives.txt,Mawawala wari ing gamit nang Ronald?,Malayo ba ang bahay ni Ronald?,0.7164,0.0909,0.3503,1.0,False,0.5831,Review,"Low similarity, verify semantics"
Utt_Interrogatives.txt,Miglutu ya wari I Michelle sinigang?,Mabait ba si Michelle?,0.7695,0.1111,0.3243,0.6667,False,0.583,Review,"Low similarity, verify semantics"
Utt_News.txt,Ing presyu ning LPG mibaba,Ibinaba uli ang presyo ng LPG,0.7212,0.1,0.4629,0.8333,False,0.5823,Review,"Low similarity, verify semantics"
Utt_Interrogatives.txt,Magaral ya wari I Michael?,Paano nawala ang gamit ni Michael?,0.7475,0.1,0.3027,0.8333,False,0.5821,Review,"Low similarity, verify semantics"
Utt_Educ.txt,Ipasa na ing papil.,Ipasa na ang papel.,0.5783,0.3333,0.6842,1.0,False,0.582,Accept,Verified via dictionary alignment & score
Iso_Ordinal.txt,Calabing limang,ikadalawampu't limang,0.6514,0.25,0.4082,1.0,False,0.5817,Review,"Low similarity, verify semantics"
Iso_Ordinal.txt,Catlumpulu't lima,ikadalawampu't lima,0.5609,0.5,0.4451,1.0,False,0.5811,Review,"Low similarity, verify semantics"
Iso_Ordinal.txt,Catlumpulu't pitung,ikatatlumpu't siyam,0.6736,0.2,0.3684,1.0,False,0.581,Review,"Low similarity, verify semantics"
Utt_News.txt,"Agpang cang Bunye, malaus nang didinan pansin ning capamalan ing pamipalagu ning economia ning bansa","Ayon kay Bunye, patuloy na binibigyang pansin ng pamahalaan ang pagpapalago ng ekonomiya ng bansa",0.6805,0.1304,0.4625,1.0,False,0.5806,Review,"Low similarity, verify semantics"
Utt_News.txt,Ing utang ning Filipinas mibaba,Inaasahang bababa ang utang panlabas ng Pilipinas,0.7305,0.0909,0.5212,0.7143,False,0.58,Review,"Low similarity, verify semantics"
Utt_CommonExpressions.txt,Bisa cayu hung mangan?,Gusto niyo pong kumain?,0.7845,0.0,0.0889,1.0,False,0.5796,Review,"Low similarity, verify semantics"
Utt_Interrogatives.txt,Tigtig ya wari I Francisco?,"Tutugtog ba si Francisco, o kakanta?",0.7448,0.1,0.2942,0.8333,False,0.5796,Review,"Low similarity, verify semantics"
Utt_CommonExpressions.txt,Bisa cayu hung mangan?,Gusto niyo bang kumain?,0.7769,0.0,0.1334,1.0,False,0.5795,Review,"Low similarity, verify semantics"
Utt_News.txt,Binarug ya ing utang ning gobierno king atlung trilyon at walumpulut siam a bilyung pesus,Pumalo ang utang ng gobyerno sa tatlong trilyon at walumpu't siyam na bilyong piso,0.6859,0.1111,0.5168,0.9333,False,0.5788,Review,"Low similarity, verify semantics"
Utt_News.txt,Importacion ing mibangun king economia ning Filipinas,Importasyon ang mag-aahon sa ekonomiya ng Pilipinas.,0.7302,0.0,0.4041,1.0,False,0.5785,Review,"Low similarity, verify semantics"
Utt_CommonExpressions.txt,Bisa cang mangan?,Gusto niyo bang kumain?,0.8125,0.0,0.1564,0.75,False,0.5781,Review,"Low similarity, verify semantics"
Utt_Educ.txt,Isulat ing lagiu.,Isulat ang takdang aralin.,0.7252,0.1667,0.3466,0.75,False,0.5781,Review,"Low similarity, verify semantics"
Utt_News.txt,"Agpang cang PGMA, tecnologia ing fundacion ning pamipaunlad ning economia ning bansa",Sinisiguro ni PGMA ang patuloy na pag-unlad ng ekonomiya ng bansa,0.7138,0.1053,0.3699,0.9167,False,0.578,Review,"Low similarity, verify semantics"
Utt_Interrogatives.txt,Nucarin ya magaral I Maricel?,Anu-ano ang niluto ni Maricel?,0.7087,0.1,0.3273,1.0,False,0.5779,Review,"Low similarity, verify semantics"
Utt_Greetings.txt,Tanggapan ye pu ing kecaming taus pusung pamipasalamat!,Tanggapin po ninyo ang aming taós pusong pasasalamat!,0.7084,0.0,0.5155,1.0,False,0.5766,Review,"Low similarity, verify semantics"
Utt_Interrogatives.txt,Talaturu ya wari e Maricel?,Saan nag-aaral si Maricel?,0.7389,0.1111,0.3077,0.8,False,0.5763,Review,"Low similarity, verify semantics"
Utt_Interrogatives.txt,Obat tigtig ya I Francisco?,"Tutugtog ba si Francisco, o kakanta?",0.7388,0.1,0.2942,0.8333,False,0.576,Review,"Low similarity, verify semantics"
Utt_Interrogatives.txt,Okey ya wari?,OKey lang ba siya?,0.7358,0.1667,0.2615,0.75,False,0.5759,Review,"Low similarity, verify semantics"
Utt_Interrogatives.txt,Capilan la mikit king bale di Ronald?,Nawawala ba ang gamit ni Ronald?,0.7285,0.0833,0.3543,0.8571,False,0.5749,Review,"Low similarity, verify semantics"
Utt_Interrogatives.txt,Nanu ing gagawan ng Michael king bale?,Si Michael ba ang kumain ng mangga?,0.6768,0.1667,0.3531,1.0,False,0.5747,Review,"Low similarity, verify semantics"
Utt_CommonExpressions.txt,Sige pu.,Mabuti ho.,0.7894,0.0,0.0,1.0,False,0.5737,Review,"Low similarity, verify semantics"
Utt_News.txt,"Buung suporta ing babie ning DTI king pamipaunlad ding mitulduang OTOP ning Palawan, particular ing productong balubad","Buong suporta ang ibibigay ng DTI sa pagpapaunlad ng mga natukoy na otap ng palawan, partikular ang produktong kasuy.",0.6926,0.1071,0.472,0.8947,False,0.5736,Review,"Low similarity, verify semantics"
Utt_Greetings.txt,Maligayang kebaitan kecayu.,Maligayang kaarawan.,0.6809,0.25,0.4824,0.6667,False,0.5734,Review,"Low similarity, verify semantics"
Utt_Medical.txt,Ala pang panulu keng sakit a yan,Wala pang gamot sa sakit na 'yan,0.6201,0.2727,0.4669,1.0,False,0.5733,Accept,Verified via dictionary alignment & score
Iso_Ordinal.txt,Caduampulu't pitung,ikatatlumpu't pitong,0.6611,0.2,0.3591,1.0,False,0.5726,Review,"Low similarity, verify semantics"
Utt_Interrogatives.txt,"Filipinu ya I James, o Americanu?","Si Michael ba ang kakanta, o si James?",0.7321,0.1818,0.2062,0.75,False,0.5713,Review,"Low similarity, verify semantics"
Utt_News.txt,"Agpang cang PGMA, e ya miapectuan ning politica ing economia ning bansa",Sinisiguro ni PGMA ang patuloy na pag-unlad ng ekonomiya ng bansa,0.7137,0.1,0.3141,0.9167,False,0.5713,Review,"Low similarity, verify semantics"
Iso_Ordinal.txt,Calabing apat,ikatatlumpu't apat,0.6569,0.25,0.2615,1.0,False,0.5703,Review,"Low similarity, verify semantics"
Utt_News.txt,Asaang baba ing utang panglual ning Filipinas,Ang utang ng Pilipinas ay bumaba,0.7005,0.0833,0.4758,0.8571,False,0.5703,Review,"Low similarity, verify semantics"
Utt_Interrogatives.txt,Obat dela de king ospital I Maricel?,Bakit dinala sa ospital si Maricel?,0.6608,0.1818,0.5143,0.8571,False,0.57,Review,"Low similarity, verify semantics"
Utt_News.txt,Ing presyu ning LPG mibaba,Ang presyo ng LPG ay ibinaba,0.6987,0.1,0.4714,0.8333,False,0.5697,Review,"Low similarity, verify semantics"
Utt_Interrogatives.txt,Macananu mewala ing gamit nang Michael?,Si Michael ba ang kumain ng mangga?,0.7299,0.0833,0.2862,0.8571,False,0.569,Review,"Low similarity, verify semantics"
Utt_Educ.txt,Cuma nang libru at mamasa.,Kuhanin ang libro at magbasa.,0.6652,0.1111,0.4734,1.0,False,0.5687,Review,"Low similarity, verify semantics"
Utt_Greetings.txt,Maligayang puge.,Magandang gabí.,0.7489,0.0,0.1936,1.0,False,0.5687,Review,"Low similarity, verify semantics"
Utt_News.txt,"Ding mangangalacal, maniuala la a lalung lumabung ing negocio king lungsud ning Cotabato",Mangangalakal naniniwala na lalong lalago ang negosyo sa lungsod ng Cotabato,0.7088,0.0435,0.5001,0.8462,False,0.5686,Review,"Low similarity, verify semantics"
Utt_CommonExpressions.txt,Bisa cayu hung mangan?,Gusto niyo hong kumain?,0.7653,0.0,0.0889,1.0,False,0.5681,Review,"Low similarity, verify semantics"
Utt_News.txt,E ya maciadung meapectuan ning ayun ing pambansang economia ning Indonesia,Maliit lamang ang epekto ng lindol sa pambansang ekonomiya ng Indonesia.,0.6711,0.1111,0.4286,1.0,False,0.5677,Review,"Low similarity, verify semantics"
Utt_Educ.txt,Ingatan yu la ding libru.,Ingatan ninyo ang mga libro.,0.6709,0.1111,0.4243,1.0,False,0.5672,Review,"Low similarity, verify semantics"
Utt_Interrogatives.txt,Macananu nang ikit ing gamit nang James?,Sa bahay ba magkikita sina James?,0.7256,0.0909,0.277,0.8571,False,0.5669,Review,"Low similarity, verify semantics"
Utt_Salawikain.txt,Matalino ya man ing matsing apaglocuan yamu rin.,"Matalino man ang matsing, napaglalalangan din.",0.6409,0.2727,0.5252,0.75,False,0.5666,Accept,Verified via dictionary alignment & score
Utt_Interrogatives.txt,Sali ya waring pamangan I Maricel?,Anu-ano ang niluto ni Maricel?,0.7145,0.0909,0.3619,0.8333,False,0.5664,Review,"Low similarity, verify semantics"
Utt_News.txt,Asaang baba ing utang panglual ning Filipinas,Inaasahang bababa ang utang panlabas ng Pilipinas,0.6521,0.0769,0.5975,1.0,False,0.5664,Review,"Low similarity, verify semantics"
Utt_Greetings.txt,Saupan na ca sana ning Dios.,Pagpalain ka nawâ ng diyos.,0.7595,0.0,0.2642,0.8333,False,0.5654,Review,"Low similarity, verify semantics"
Utt_Interrogatives.txt,Talaturu ya wari I Maricel?,Saan nag-aaral si Maricel?,0.7141,0.1111,0.3462,0.8,False,0.5653,Review,"Low similarity, verify semantics"
Utt_Greetings.txt,Saupan na cayu ning Dios.,Pagpalain ka ng diyos.,0.7726,0.0,0.2132,0.8,False,0.5649,Review,"Low similarity, verify semantics"
Utt_News.txt,Dinagsa la ding dayuhang capitalista a mamuhunan king bansa,Dumadami ang mga dayuhang namumuhunan sa bansa,0.691,0.1429,0.4399,0.7778,False,0.5649,Review,"Low similarity, verify semantics"
Utt_Greetings.txt,Saupan na cayu ning Dios.,Pagpalain kayo ng diyos.,0.7738,0.0,0.2041,0.8,False,0.5647,Review,"Low similarity, verify semantics"
Utt_Interrogatives.txt,Pilang banua na ca?,Ilang taon ka na?,0.6614,0.1429,0.3895,1.0,False,0.5644,Review,"Low similarity, verify semantics"
Utt_Medical.txt,Mayap a bengi Doctor,Magandang hapon Doktor,0.7837,0.0,0.1907,0.75,False,0.5643,Review,"Low similarity, verify semantics"
Iso_Ordinal.txt,Caduampulu't lima,ikatatlumpu't lima,0.5307,0.5,0.4573,1.0,False,0.5642,Review,"Low similarity, verify semantics"
Utt_Interrogatives.txt,"Tigtig ya wari i Francisco, o magcanta?","Tutugtog si Francisco, 'di ba?",0.7318,0.0909,0.3554,0.7143,False,0.5642,Review,"Low similarity, verify semantics"
Utt_News.txt,Todu bante laban king terorismu.,Todo bantay laban sa terorismo,0.6476,0.1111,0.5336,1.0,False,0.5641,Review,"Low similarity, verify semantics"
Utt_Interrogatives.txt,Maganaca ya wari I Michelle?,Nagluto ba si Michelle ng sinigáng?,0.7245,0.1,0.2593,0.8333,False,0.564,Review,"Low similarity, verify semantics"
Utt_Medical.txt,Macananu yang mabalu ing sakit a yan?,Paano matutukoy ang sakit na yan?,0.6636,0.1818,0.4242,0.8571,False,0.5627,Review,"Low similarity, verify semantics"
Utt_Greetings.txt,Metung a taus pusung pasasalamat!,Tanggapin po ninyo ang aming taós pusong pasasalamat!,0.7265,0.0833,0.4743,0.625,False,0.5625,Review,"Low similarity, verify semantics"
Utt_Educ.txt,Isulat yang ustu ing atiu king pisara.,Isulat nang wasto ang nasa pisara,0.6654,0.1818,0.4012,0.8571,False,0.5614,Review,"Low similarity, verify semantics"
Utt_Educ.txt,Paki sara ing auang.,Paki sara ang bintana.,0.5703,0.3333,0.5244,1.0,False,0.5613,Accept,Verified via dictionary alignment & score
Utt_Interrogatives.txt,Macananu mewala ing gamit nang Michael?,Estudyante ba si Michael?,0.7434,0.1111,0.263,0.6667,False,0.5612,Review,"Low similarity, verify semantics"
Utt_Medical.txt,Mayap a bengi hu Doctor,Magandang gabi ho Doktor,0.766,0.0,0.2128,0.8,False,0.5609,Review,"Low similarity, verify semantics"
STORY_folktales(PAM 5 files vs FIL Utt_Story.txt),"Caibat ning cuentu nang Donia Teodora, kitnan ne I Jose.","Pagkatapos ng kuwento ni Donya Teodora, tinanong niya si Jose.",0.6683,0.1111,0.372,1.0,False,0.5604,Review,"Low similarity, verify semantics"
Utt_Interrogatives.txt,Nucarin ya magaral I Maricel?,Saan nag-aaral si Maricel?,0.6882,0.1111,0.4529,0.8,False,0.5604,Review,"Low similarity, verify semantics"
Utt_Interrogatives.txt,Malaut ya wari ing bale nang Ronald?,Kailan magkikita sa bahay sina Ronald?,0.7218,0.0833,0.2468,0.8571,False,0.5601,Review,"Low similarity, verify semantics"
Utt_Greetings.txt,Saupan na cayu ning Dios.,Pagpalain ka nawâ ng diyos.,0.7277,0.0,0.2309,1.0,False,0.5597,Review,"Low similarity, verify semantics"
Utt_Interrogatives.txt,Nanu-nanu ing linutu nang Maricel?,Saan nag-aaral si Maricel?,0.7075,0.1111,0.3278,0.8,False,0.5595,Review,"Low similarity, verify semantics"
Utt_Medical.txt,Mayap a bengi pu Doctor,Magandang gabi po Doktor,0.7612,0.0,0.2128,0.8,False,0.558,Review,"Low similarity, verify semantics"
Utt_CommonExpressions.txt,Bisa co pung mangan?,Gusto mong kumain?,0.7869,0.0,0.1054,0.75,False,0.5577,Review,"Low similarity, verify semantics"
Utt_Greetings.txt,Saupan na ca sana ning Dios.,Pagpalain ka ng diyos.,0.7765,0.0,0.2509,0.6667,False,0.5577,Review,"Low similarity, verify semantics"
Utt_Medical.txt,Mayap a bengi hu Doctor,Magandang gabi po Doktor,0.7678,0.0,0.1703,0.8,False,0.5577,Review,"Low similarity, verify semantics"
STORY_folktales(PAM 5 files vs FIL Utt_Story.txt),Tiruanan neng Donia Teodora I Jose ban mamasa king amanung Castila.,Tinuruan si Jose ni Donya Teodora na bumasa sa wikang Kastila.,0.6509,0.1,0.4678,1.0,False,0.5573,Review,"Low similarity, verify semantics"
Utt_Interrogatives.txt,Ninu-ninu ding tuki cang Francisco?,Bakit tutugtog si Francisco?,0.692,0.125,0.3675,0.8,False,0.557,Review,"Low similarity, verify semantics"
Utt_Educ.txt,Isulat yang ustu ing atiu king pisara.,Isulat sa pisara.,0.6837,0.25,0.5329,0.4286,False,0.5564,Accept,Verified via dictionary alignment & score
STORY_folktales(PAM 5 files vs FIL Utt_Story.txt),"Banuang libu walung dalan siam a pulu’t lima ini ang pasibayu lang mipulung ding calalakyan king cueva ning Pamitinan at carin, king dangalan nang Bernardo Carpio, geua de ing mumunang gulisac ning himagsican laban caring Castila.","Taung isang libo, walong daan siyamnapu't lima nang muling magpulong ang mga kalalakihan sa yungib ng Pamitinan at duon, sa karangalan ni Bernardo Carpio, ay ginawa nila ang unang sigaw ng himagsikan laban sa mga Kastila.",0.6264,0.1552,0.4925,1.0,False,0.5561,Review,"Low similarity, verify semantics"
Utt_Educ.txt,Isulat ing lagiu.,Isulat ang pangalan sa papel.,0.723,0.1429,0.3267,0.6,False,0.555,Review,"Low similarity, verify semantics"
Iso_Ordinal.txt,Calabing limang,ikatatlumpu't lima,0.7251,0.0,0.189,1.0,False,0.5539,Review,"Low similarity, verify semantics"
Utt_Interrogatives.txt,Okey yamu wari?,OKey lang ba siya?,0.7018,0.1667,0.2434,0.75,False,0.5538,Review,"Low similarity, verify semantics"
Utt_News.txt,Sisiguraduan nang PGMA ing balaus a pamipaunlad ning economia ning bansa,"Ayon kay PGMA, teknolohiya ang pundasyon ng pag-unlad ng ekonomiya ng bansa",0.6713,0.1053,0.375,0.9167,False,0.553,Review,"Low similarity, verify semantics"
Utt_News.txt,Ing presyu ning LPG mibaba,Tumaas na naman ang presyo ng LPG,0.7103,0.0909,0.3666,0.7143,False,0.5525,Review,"Low similarity, verify semantics"
Utt_Interrogatives.txt,"Tigtig ya I Francisco, e wari?",Tutugtog ba si Francisco?,0.7168,0.1111,0.3343,0.6667,False,0.5524,Review,"Low similarity, verify semantics"
Utt_Interrogatives.txt,Macananu nang ikit ing gamit nang James?,Saan-saan pupunta si James?,0.753,0.1111,0.2089,0.5714,False,0.552,Review,"Low similarity, verify semantics"
Utt_News.txt,Binarug ya king limampulung pesus at siam a pulut limang centimus ing alaga ning pesus contra king metung a dollar bayu ya migsara king limampulut metung a pesus at limang centimus,Pumalo sa limampung piso at siyamnapu't limang sentimo ang halaga ng piso kontra sa isang dolyar bago nagsara sa limampu't isang piso at limang sentimo.,0.7034,0.0556,0.3797,0.8065,False,0.5518,Review,"Low similarity, verify semantics"
STORY_folktales(PAM 5 files vs FIL Utt_Story.txt),"Banuang libu walung dalan siam a pulu’t lima ini ing pasibayu lang mipulung ding calalakyan king cueva ning Pamitinan at carin, king dangalan nang Bernardo Carpio, geua de ing mumunang gulisac ning himagsican laban caring Castila.","Taung isang libo, walong daan siyamnapu't lima nang muling magpulong ang mga kalalakihan sa yungib ng Pamitinan at duon, sa karangalan ni Bernardo Carpio, ay ginawa nila ang unang sigaw ng himagsikan laban sa mga Kastila.",0.6253,0.1379,0.488,1.0,False,0.5516,Review,"Low similarity, verify semantics"
Utt_Educ.txt,Panatiliang malinis ing kecatamung silid-aralan.,linisin ang silid-aralan,0.647,0.25,0.5173,0.6,False,0.5499,Accept,Verified via dictionary alignment & score
Utt_Educ.txt,Linisan me ing CR.,Isa-isa lang sa CR,0.6722,0.1429,0.1768,1.0,False,0.5496,Review,"Low similarity, verify semantics"
STORY_folktales(PAM 5 files vs FIL Utt_Story.txt),"Banuang libu walung dalan siam a pulu’t lima ini ang pasibayu lang mipulung ding calalakyan king cueva ning Pamitinan at carin, king dangalan nang Bernardo Carpio, geua de ing mumunang gulisac ning himagsican laban caring Castila.","Taung eighteen ninety five nang muling magpulong ang mga kalalakihan sa yungib ng Pamitinan at duon, sa karangalan ni Bernardo Carpio, ay ginawa nila ang unang sigaw ng himagsikan laban sa mga Kastila.",0.6463,0.125,0.4459,0.9167,False,0.5491,Review,"Low similarity, verify semantics"
Utt_News.txt,Minabut king apat a ralan siamapulut atlu at capitnang milyong dollar ing acalap king pamilibayan napun king bansa.,Umabot sa apat na raan siyamnapu't tatlo at kalahating milyong dolyar ang nakalap sa palitan kahapon sa bansa.,0.6319,0.1379,0.4233,1.0,False,0.5491,Review,"Low similarity, verify semantics"
Utt_Interrogatives.txt,King bale la wari mikit di James?,"Si Michael ba ang kakanta, o si James?",0.6882,0.0769,0.3191,0.875,False,0.5477,Review,"Low similarity, verify semantics"
Utt_Interrogatives.txt,Nanu ing gagawan ng Michael king bale?,Ano ang ginagawa ni Michael sa bahay?,0.659,0.0769,0.3662,1.0,False,0.5474,Accept,Verified via dictionary alignment & score
Utt_Educ.txt,Mengan na cayu wari?,May baon ka ba?,0.7452,0.0,0.0,1.0,False,0.5471,Review,"Low similarity, verify semantics"
Utt_News.txt,Binaba ing utang panglual ning Filipinas,Inaasahang bababa ang utang panlabas ng Pilipinas,0.6541,0.0833,0.521,0.8571,False,0.547,Review,"Low similarity, verify semantics"
Utt_Interrogatives.txt,Capilan la mikit king bale di Ronald?,Malayo ba ang bahay ni Ronald?,0.6846,0.0833,0.3358,0.8571,False,0.5467,Review,"Low similarity, verify semantics"
Utt_Medical.txt,Milaco ya wari agad ini?,Mawawala ba agad ito?,0.698,0.125,0.2282,0.8,False,0.5466,Review,"Low similarity, verify semantics"
Utt_News.txt,"Agpang king Malacanang, e ya makaapectu ing politica king pamipaunlad ning economia","Ayon sa Malacañang, hindi makakaapekto ang pulitika sa pag-unlad ng ekonomiya",0.6897,0.0,0.4085,0.9167,False,0.5463,Review,"Low similarity, verify semantics"
Utt_News.txt,"Ngeni, babie ya ing industria ning papacbung apat a ralang milyong pesus penakitan king capamalan.","Sa ngayon, nagbibigay ang industriya ng paputok ng apat na raang milyong piso kita sa pamahalaan.",0.6525,0.0741,0.4607,0.9375,False,0.5461,Review,"Low similarity, verify semantics"
Utt_Greetings.txt,Dacal a salamat.,Maraming salamat.,0.6343,0.25,0.4851,0.6667,False,0.5457,Review,"Low similarity, verify semantics"
STORY_folktales(PAM 5 files vs FIL Utt_Story.txt),"Banuang libu walung dalan siam a pulut lima ini ang pasibayu lang mipulung ding calalakyan king cueva ning Pamitinan at carin, king dangalan nang Bernardo Carpio, geua de ing mumunang gulisac ning himagsican laban caring Castila.","Taung eighteen ninety five nang muling magpulong ang mga kalalakihan sa yungib ng Pamitinan at duon, sa karangalan ni Bernardo Carpio, ay ginawa nila ang unang sigaw ng himagsikan laban sa mga Kastila.",0.6393,0.1273,0.4473,0.9167,False,0.5454,Review,"Low similarity, verify semantics"
Utt_Greetings.txt,Makikisuyu pu.,Makikisuyo po.,0.647,0.0,0.5714,1.0,False,0.5454,Review,"Low similarity, verify semantics"
Utt_CommonExpressions.txt,Sige hu.,Mabuti ho.,0.7416,0.0,0.0,1.0,False,0.545,Review,"Low similarity, verify semantics"
Utt_Educ.txt,Idapuc ing basura king dapucanan basura.,Itapon ang basura sa basurahan.,0.6845,0.1111,0.2864,0.8333,False,0.5449,Review,"Low similarity, verify semantics"
Utt_Medical.txt,Mayap a bengi pu Doctor,Magandang gabi Doktor,0.7769,0.0,0.182,0.6,False,0.5444,Review,"Low similarity, verify semantics"
Utt_Medical.txt,Ala pang panulu keng sakit a yan,Paano po matutukoy ang sakit na yan?,0.6228,0.1667,0.3714,1.0,False,0.5441,Review,"Low similarity, verify semantics"
Utt_Medical.txt,Mayap a bengi hu Doctor,Magandang gabi Doktor,0.7761,0.0,0.182,0.6,False,0.5438,Review,"Low similarity, verify semantics"
Utt_Interrogatives.txt,"I Micahel wari ing magcanta, o i James?","Pilipino ba si James, o Amerikano?",0.687,0.1818,0.1977,0.75,False,0.5434,Review,"Low similarity, verify semantics"
Utt_Interrogatives.txt,Pilang banua na ca?,Magkano ang bag na iyan?,0.6839,0.125,0.281,0.8,False,0.5434,Review,"Low similarity, verify semantics"
Utt_Interrogatives.txt,Nanu ing gagawan ng Michael king bale?,Anu-ano ang bibilhin ni Michael sa palengke?,0.658,0.0714,0.3351,1.0,False,0.5426,Review,"Low similarity, verify semantics"
Utt_Interrogatives.txt,"Tigtig ya wari i Francisco, o magcanta?",Tutugtog ba si Francisco?,0.7259,0.1,0.292,0.5714,False,0.5419,Review,"Low similarity, verify semantics"
Utt_News.txt,Pasican nang pasican ing economia,Palakas ng palakas ang ekonomiya,0.682,0.0,0.3266,1.0,False,0.5419,Review,"Low similarity, verify semantics"
Utt_CommonExpressions.txt,Pilan nacang banua?,Magkano po ito?,0.7356,0.0,0.0,1.0,False,0.5414,Review,"Low similarity, verify semantics"
Utt_Medical.txt,Bawal co pung mamuat mababayat,Bawal magbuhat ng mga mabibigat,0.6366,0.1111,0.3574,1.0,False,0.5399,Review,"Low similarity, verify semantics"
Utt_Interrogatives.txt,Nucarin ya ngan munta I James?,Saan-saan pupunta si James?,0.6845,0.1111,0.4017,0.6667,False,0.5398,Review,"Low similarity, verify semantics"
Utt_Interrogatives.txt,Sali ya waring pamangan I Maricel?,Saan nag-aaral si Maricel?,0.6921,0.1,0.3755,0.6667,False,0.5395,Review,"Low similarity, verify semantics"
Utt_Essay.txt,"E mi balu nung iti atin yang aliuang calupa king capuluan ning Malaya, king Sumatra o Java.","Hindi namin malaman kung ito ay may iba pang kahawig sa Kapuluan ng Malaya, sa Sumatra o sa Haba.",0.6479,0.1,0.4103,0.8947,False,0.5392,Review,"Low similarity, verify semantics"
Utt_Interrogatives.txt,"I Micahel wari ing magcanta, o i James?","Pilipino si James, o Amerikano?",0.6929,0.2,0.2073,0.625,False,0.539,Review,"Low similarity, verify semantics"
Utt_CommonExpressions.txt,Pilan nacang banua?,Magkano ho ito?,0.7315,0.0,0.0,1.0,False,0.5389,Review,"Low similarity, verify semantics"
Utt_Salawikain.txt,"Nung nanu ya ing pun, ya ing bunga.","Kung ano ang puno, siya rin ang bunga.",0.6357,0.0833,0.4082,1.0,False,0.5389,Review,"Low similarity, verify semantics"
STORY_folktales(PAM 5 files vs FIL Utt_Story.txt),Dapot atin lang sidiang bitag cang Bernardo.,Subali't sila ay may nakahandang bitag kay Bernardo.,0.6352,0.1429,0.4076,0.875,False,0.5379,Review,"Low similarity, verify semantics"
Utt_Interrogatives.txt,Capilan la mikit king bale di Ronald?,Kailan magkikita sa bahay sina Ronald?,0.6676,0.0833,0.3467,0.8571,False,0.5376,Review,"Low similarity, verify semantics"
Utt_News.txt,Sisiguraduan nang PGMA ing balaus a pamipaunlad ning economia ning bansa,Inihayag ni PGMA ang magandang paglago ng ekonomiya,0.7124,0.0588,0.2546,0.7273,False,0.5374,Review,"Low similarity, verify semantics"
Utt_Medical.txt,Mayap a bengi Doc,Magandang gabi po Dok,0.7089,0.0,0.1059,1.0,False,0.5359,Review,"Low similarity, verify semantics"
Utt_Interrogatives.txt,Nanu-nanu ing saliuan nang Michael king palengki?,Si Michael ba ang kumain ng mangga?,0.6514,0.0769,0.2955,1.0,False,0.5358,Review,"Low similarity, verify semantics"
Utt_Interrogatives.txt,Mawala ya wari ing gamit e Ronald?,Kailan magkikita sa bahay sina Ronald?,0.6839,0.0833,0.2226,0.8571,False,0.535,Review,"Low similarity, verify semantics"
Utt_Essay.txt,"Atiu king cuentung Filipino ing catalasan ning isip at calinauan ning pamagistoria, samantalang king cuentong Japon naman atiu ing caunlaran at cabiasnan.","Ang paraan ng pagkakawakas sa kuwento ng Hapon ay may kagusutan, samantalang ang kuwentong Pilipino'y malinaw at nagpapakilala ng maingat na pagmamasid ng ugali't pakiramdam.",0.6738,0.0526,0.3162,0.88,False,0.5344,Review,"Low similarity, verify semantics"
Utt_News.txt,Binarug ya king limampulu’t aduang pesus at pitumpulu’t aduang centimus ing alaga ning pesus laban king dollar,Pumalo sa limampu't dalawang piso at pitumpu't dalawang sentimo ang halaga ng piso laban sa dolyar.,0.6254,0.1154,0.4161,0.9412,False,0.534,Review,"Low similarity, verify semantics"
Utt_News.txt,Mag-rollback pasibayu potang capitangan bengi ing LPG,Ibinaba uli ang presyo ng LPG,0.6945,0.0769,0.1604,0.8571,False,0.5339,Review,"Low similarity, verify semantics"
Utt_Educ.txt,Nanung oras na?,Tapos na?,0.6349,0.25,0.3563,0.6667,False,0.5332,Review,"Low similarity, verify semantics"
STORY_folktales(PAM 5 files vs FIL Utt_Story.txt),"Caibat ning cuentu nang Donia Teodora, kitnan ne I Jose.","Pagkatapos ng kuwento ni Donya Teodor, tinanong niya si Jose.",0.65,0.0526,0.3216,1.0,False,0.5327,Review,"Low similarity, verify semantics"
Utt_News.txt,Lalagu ing economia ning bansa,Palakas ng palakas ang ekonomiya,0.6821,0.0,0.2315,1.0,False,0.5324,Review,"Low similarity, verify semantics"
STORY_folktales(PAM 5 files vs FIL Utt_Story.txt),At nung tutuki ne ning cayang igpa king pamangasu anting alang nanu naman a puputputan nong Bernardo ding mapilan a pun ban macagauang dalan king masucal a cagubatan ning San Mateo.,Mabilis na kumalat ang haka-haka na si Bernardo ay naiipit ng nag- uumpugang bato at tuwing nagpipilit siyang kumawala ay nagiging sanhi eto ng paglindol sa kabundukan ng San Mateo.,0.6498,0.0816,0.2911,0.9677,False,0.5321,Review,"Low similarity, verify semantics"
Utt_CommonExpressions.txt,Mayap a bengi.,Magandang gabi po.,0.7096,0.0,0.063,1.0,False,0.5321,Review,"Low similarity, verify semantics"
Utt_News.txt,Importacion ing mibangun king economia ning Filipinas,Pagagandahin ng administrasyon ang ekonomiya ng Pilipinas,0.6711,0.0,0.2943,1.0,False,0.5321,Review,"Low similarity, verify semantics"
Utt_News.txt,Ning Agosto banuang metung a libu siam a ralan at siam apulut pitu,"Ng Agosto taong isang libo, siyam na raan at siyamnapu't pito.",0.6433,0.0952,0.4248,0.8462,False,0.5321,Review,"Low similarity, verify semantics"
Utt_News.txt,Daracal la ding dayuhang mamuhunan king bansa,Dumagsa ang mga dayuhang kapitalista na namumuhunan sa bansa.,0.6318,0.1429,0.4591,0.7778,False,0.5313,Review,"Low similarity, verify semantics"
Utt_News.txt,"Abias a mabilis pupulan, atina king mercado","Bigas na mabilis anihin, meron na sa merkado",0.6482,0.0769,0.3953,0.875,False,0.5313,Review,"Low similarity, verify semantics"
Utt_Interrogatives.txt,Estudyanti ya wari?,Mag-aaral ba siya?,0.7178,0.0,0.0,1.0,False,0.5307,Review,"Low similarity, verify semantics"
Utt_Medical.txt,Milaco ya wari agad ini?,Mawawala ba agad ito Dok?,0.646,0.1111,0.2083,1.0,False,0.5307,Review,"Low similarity, verify semantics"
Utt_Interrogatives.txt,Estudyanti ya wari I Michael?,Si Michael ba ang kumain ng mangga?,0.6973,0.0909,0.2263,0.7143,False,0.5306,Review,"Low similarity, verify semantics"
Utt_Salawikain.txt,"Nung makitid ya ing ulas, magtiis cang mamaluctut.","Pagmakitid ang kumot, magtiis kang mamaluktot.",0.6501,0.0769,0.5001,0.75,False,0.5305,Review,"Low similarity, verify semantics"
Utt_CommonExpressions.txt,Mayap a bengi.,Magandang gabi ho.,0.7066,0.0,0.063,1.0,False,0.5303,Review,"Low similarity, verify semantics"
Utt_Greetings.txt,Pacensia na.,Makikisuyo po.,0.717,0.0,0.0,1.0,False,0.5302,Review,"Low similarity, verify semantics"
Utt_Medical.txt,Milaco wari iti agad?,Mawawala ba agad ito?,0.636,0.1429,0.1952,1.0,False,0.5297,Review,"Low similarity, verify semantics"
Utt_News.txt,Importacion ing mibangun king economia ning Filipinas,Pinagtutuonan ng pansin ng pangulo ang pagpapaunlad sa ekonomiya ng Pilipinas,0.7341,0.0,0.2561,0.6364,False,0.5297,Review,"Low similarity, verify semantics"
STORY_folktales(PAM 5 files vs FIL Utt_Story.txt),At nung tutuki ne ning cayang igpa king pamanga su anting alang nanu naman a puputputan nong Bernardo ding mapilan a pun ban macagauang dalan king masucal a cagubatan ning San Mateo.,Mabilis na kumalat ang haka-haka na si Bernardo ay naiipit ng nag- uumpugang bato at tuwing nagpipilit siyang kumawala ay nagiging sanhi eto ng paglindol sa kabundukan ng San Mateo.,0.6502,0.08,0.2963,0.9375,False,0.5295,Review,"Low similarity, verify semantics"
Utt_News.txt,Seli ne ning Petron ing Caltex LPG,Hindi naman binanggit sa ulat kung magkano nabili ng Petron ang Caltex LPG.,0.6635,0.1765,0.4226,0.5385,False,0.5295,Review,"Low similarity, verify semantics"
Utt_CommonExpressions.txt,Pilang nacang banua?,Magkano po ito?,0.7151,0.0,0.0,1.0,False,0.5291,Review,"Low similarity, verify semantics"
Utt_Interrogatives.txt,"Doctor ne I James, e wari? E wari?","Si Michael ba ang kakanta, o si James?",0.6607,0.0833,0.1604,1.0,False,0.5291,Review,"Low similarity, verify semantics"
Utt_Interrogatives.txt,King bale la wari mikit di James?,Sa bahay ba magkikita sina James?,0.6648,0.0833,0.277,0.8571,False,0.529,Review,"Low similarity, verify semantics"
Utt_Medical.txt,Mayap a bengi pu Doctor,Magandang hapon Doktor,0.752,0.0,0.1778,0.6,False,0.529,Review,"Low similarity, verify semantics"
Utt_Educ.txt,Isulat ing lagiu king papil.,Isulat sa pisara.,0.6858,0.1429,0.2854,0.6,False,0.5286,Accept,Verified via dictionary alignment & score
Utt_News.txt,Pepalino na ning presidenti a bisa yang gauang obrang mangaragul a sueldo king Ilocos Norte ban e la manaliuang bansa ding Filipino ban manakitan lamung maragul,Ipinaliwanag ng pangulo na ibig niyang lumikha ng mga trabahong malaki ang suweldo sa Ilocos Norte upang hindi na mangibang bansa ang mga Pilipino para kumita lamang nang malaki.,0.6345,0.0909,0.4004,0.8966,False,0.5286,Review,"Low similarity, verify semantics"
Utt_Educ.txt,Idapuc ing basura king basuraan.,Ilagay ang basura sa basurahan,0.6222,0.1111,0.3266,1.0,False,0.5282,Review,"Low similarity, verify semantics"
Utt_News.txt,Pasican nang pasican ing economia,Maganda ang plataporma sa ekonomiya,0.6798,0.0,0.2028,1.0,False,0.5282,Review,"Low similarity, verify semantics"
Utt_Medical.txt,Ala pang panulu keng sakit a yan,Lumalala po ata ang sakit ko,0.6439,0.0833,0.3931,0.8571,False,0.5281,Review,"Low similarity, verify semantics"
Utt_Medical.txt,Capilan ya pa megumpisa yan?,Magagamot pa ba yun Dok?,0.654,0.1111,0.1204,1.0,False,0.5267,Review,"Low similarity, verify semantics"
Utt_News.txt,Atiyu king apat apulu’t walung pesus at siam a pulu’t limang centimus na ing libayan ning pesus laban king dollar,Nasa apatanapu't walong piso at siyamnapu't limang sentimo na ang palitan ng piso laban sa dolyar,0.6214,0.1667,0.4055,0.8,False,0.5267,Review,"Low similarity, verify semantics"
Utt_Greetings.txt,Pacensia na.,Patawad po.,0.6963,0.0,0.087,1.0,False,0.5265,Review,"Low similarity, verify semantics"
STORY_folktales(PAM 5 files vs FIL Utt_Story.txt),Agad neng lisungan Bernardo ing bangin ban sagipan at saupan ing cabayo.,Maliit pa lang ay kinakitaan na si Bernardo ng pambihirang lakas at kisig.,0.6567,0.0909,0.2192,0.9231,False,0.5264,Review,"Low similarity, verify semantics"
Utt_CommonExpressions.txt,Pilang nacang banua?,Magkano ho ito?,0.7107,0.0,0.0,1.0,False,0.5264,Review,"Low similarity, verify semantics"
Utt_Educ.txt,Mengan na ca wari?,May baon ba kayo?,0.7105,0.0,0.0,1.0,False,0.5263,Review,"Low similarity, verify semantics"
Utt_Educ.txt,Isulat king maragul a letra ing amanu.,Isulat nang wasto ang nasa pisara,0.6607,0.0833,0.2739,0.8571,False,0.5262,Review,"Low similarity, verify semantics"
Utt_News.txt,Pinurian ne ning APEC ing economia ning Filipinas,Pagagandahin ng administrasyon ang ekonomiya ng Pilipinas,0.6734,0.0,0.3391,0.875,False,0.5255,Review,"Low similarity, verify semantics"
Utt_Educ.txt,Mengan na ca wari?,Gutom na ba kayo?,0.6414,0.1429,0.1143,1.0,False,0.5249,Review,"Low similarity, verify semantics"
Utt_News.txt,Atiyu king apat apulut walung pesus at siam a pulut limang centimus na ing libayan ning pesus laban king dollar,Nasa apatnapu't walong piso at siyamnapu't limang sentimo na ang palitan ng piso laban sa dolyar,0.6288,0.1333,0.4079,0.8,False,0.5247,Review,"Low similarity, verify semantics"
STORY_folktales(PAM 5 files vs FIL Utt_Story.txt),"Meyangu ya ing cayang laguiu cang Bernardo de Carpio, metung a matapang, bantug, maticdi, at maalamat a mandirigma king bansang Espania","Sa suhestiyon ng kastilang pari na humanga sa lakas at kisig ng sanggol, siya ay pinangalanang Bernardo Carpio ng kanyang mga magulang.",0.6442,0.0833,0.2593,0.9545,False,0.5246,Review,"Low similarity, verify semantics"
Utt_News.txt,Mibagsac ya ing pesus king limapulu’t metung a pesus at siyam apulu’t limang sentimus cumpara napun a pinalu ya iting limapulu’t metung a pesus at anam a pulu’t siam a centimus.,Pumalo sa limampung piso at siyamnapu't limang sentimo ang halaga ng piso kontra sa isang dolyar bago nagsara sa limampu't isang piso at limang sentimo.,0.6513,0.0811,0.3677,0.8065,False,0.5244,Review,"Low similarity, verify semantics"
Utt_Educ.txt,E papalub ing chinelas king CR.,Linisin mo ang CR.,0.6876,0.1111,0.2227,0.6667,False,0.5237,Review,"Low similarity, verify semantics"
Utt_Educ.txt,Danupan na cayu wari?,Gutom na ba kayo?,0.6388,0.1429,0.1059,1.0,False,0.5224,Review,"Low similarity, verify semantics"
Utt_News.txt,"Pamipaunlad ning economia ning bansa, pakinabangan da ding anggang sector",Gumaganda ang ekonomiya ng bansa,0.7041,0.0769,0.3449,0.5,False,0.5224,Review,"Low similarity, verify semantics"
Utt_Interrogatives.txt,Estudyanti ya wari?,Estudyante ba si Michael?,0.684,0.0,0.3671,0.75,False,0.5221,Review,"Low similarity, verify semantics"
Utt_Medical.txt,Nanu wari ing mabisang panulu ken?,Ano ba ang mabisang gamot dito?,0.6226,0.0909,0.3007,1.0,False,0.5218,Review,"Low similarity, verify semantics"
Utt_Educ.txt,Magsane sumulat malagu.,Isulat sa pisara.,0.6758,0.0,0.1551,1.0,False,0.521,Review,"Low similarity, verify semantics"
Utt_Interrogatives.txt,Nucarin na ngan penintun Ronald ing gamit na?,Malayo ba ang bahay ni Ronald?,0.6875,0.0833,0.168,0.75,False,0.521,Review,"Low similarity, verify semantics"
Utt_Educ.txt,Mengan na cayu wari?,May baon ba kayo?,0.7016,0.0,0.0,1.0,False,0.5209,Review,"Low similarity, verify semantics"
Utt_News.txt,E dapat micarugan ing memaleng Filipino king pangaina ning pesus contra dollar,Hindi dapat mabahala ang sambayanang Pilipino sa paghina ng piso kontra dolyar.,0.6239,0.0435,0.375,1.0,False,0.5205,Review,"Low similarity, verify semantics"
Utt_Greetings.txt,Mingat pu.,Patawad po.,0.7007,0.0,0.0,1.0,False,0.5204,Review,"Low similarity, verify semantics"
Utt_Interrogatives.txt,ucarin na ngan penintun Ronald ing gamit na?,Malayo ba ang bahay ni Ronald?,0.6856,0.0833,0.1699,0.75,False,0.52,Review,"Low similarity, verify semantics"
Utt_News.txt,"Agpang cang PGMA, tecnologia ing fundacion ning pamipaunlad ning economia ning bansa","Ayon kay PGMA, hindi maapektuhan ng pulitika ang ekonomiya ng bansa",0.6241,0.1111,0.316,0.9167,False,0.5199,Review,"Low similarity, verify semantics"
Utt_News.txt,Capaniausan nang PGMA caring memalen,Lalong pinalakas ang reporma ni PGMA,0.6594,0.1,0.2059,0.8333,False,0.5196,Review,"Low similarity, verify semantics"
Utt_News.txt,Manatiling matatag ing economia ning bansa agiang king gulu ning politica,Nakakaapekto sa mabagal na pag-usad ng ekonomiya ng bansa ang patuloy na iringan sa pulitika,0.6822,0.0455,0.2742,0.7333,False,0.5192,Review,"Low similarity, verify semantics"
Utt_Essay.txt,"Ing paralan king pangauacas ning cuentu ning Japon atin yang gusut, samantalang ing cuentung Filipino malino at papakilalang maingat a pamagumasid ning ugali’t panamdam.","Nasa-kuwentong Pilipino ang katalasan ng isip at kalinawan ng pagsasalaysay, samantalang sa kuwentong Hapon naman ay naroon ang kaunlara't kabihasnan.",0.6502,0.0789,0.2934,0.8333,False,0.5186,Review,"Low similarity, verify semantics"
Utt_Educ.txt,Buran ya ing pisara.,Isulat sa pisara.,0.6203,0.1667,0.3796,0.75,False,0.5185,Review,"Low similarity, verify semantics"
Iso_Ordinal.txt,Caduampulu't lima,ikadalawampu't lima,0.4464,0.5,0.5008,1.0,False,0.5179,Review,"Low similarity, verify semantics"
Utt_Interrogatives.txt,"Bisa cang mangan, o painawa?",Kumain ka na ba?,0.7137,0.0,0.0962,0.8,False,0.5179,Review,"Low similarity, verify semantics"
Utt_Medical.txt,Mangalbag ya ing acmulan mo?,Nagkakati ba ang puwet mo?,0.6282,0.1111,0.1853,1.0,False,0.5177,Review,"Low similarity, verify semantics"
Utt_News.txt,Memialungan neman ing libayan ning dollar napun king pilatan ning apat apulu’t walung pesus at anam apulu’t limang centimus anggang apat apulu’t walung pesus at pitumpulu’t limang centimus,Pumalo sa limampung piso at siyamnapu't limang sentimo ang halaga ng piso kontra sa isang dolyar bago nagsara sa limampu't isang piso at limang sentimo.,0.6421,0.0857,0.2605,0.8929,False,0.5177,Review,"Low similarity, verify semantics"
Utt_News.txt,Memialungan neman ing libayan ning dollar napun king pilatan ning apat apulut walung pesus at anam apulut limang centimus anggang apat apulut walung pesus at pitumpulut limang centimus,Pumalo sa limampung piso at siyamnapu't limang sentimo ang halaga ng piso kontra sa isang dolyar bago nagsara sa limampu't isang piso at limang sentimo.,0.6502,0.0571,0.2618,0.8929,False,0.517,Review,"Low similarity, verify semantics"
Utt_Medical.txt,Mayap a bengi Doc,Magandang gabi Dok,0.7076,0.0,0.1715,0.75,False,0.5167,Review,"Low similarity, verify semantics"
STORY_folktales(PAM 5 files vs FIL Utt_Story.txt),"Calupa ding cayang pengari I Bernardo dinagul yang maganaca, mapanyaup, at matatag a lub.",Maliit pa lang ay kinakitaan na si Bernardo ng pambihirang lakas at kisig.,0.6345,0.08,0.2592,0.9286,False,0.5155,Review,"Low similarity, verify semantics"
Utt_CommonExpressions.txt,Pilang na cayung banua?,Magkano po ito?,0.7315,0.0,0.0,0.75,False,0.5139,Review,"Low similarity, verify semantics"
Utt_News.txt,Ing utang ning gubierno minabut king three point nine trilyong pesus,Pumalo ang utang ng gobyerno sa tatlong trilyon at walumpu't siyam na bilyong piso,0.6618,0.04,0.3022,0.7857,False,0.5139,Review,"Low similarity, verify semantics"
Utt_CommonExpressions.txt,Mayap a bengi pu.,Magandang gabi po.,0.7122,0.0,0.1143,0.75,False,0.5138,Accept,Verified via dictionary alignment & score
Utt_Interrogatives.txt,"Mangan ca, ne?","Kumain ka, ano?",0.6778,0.0,0.069,1.0,False,0.5136,Review,"Low similarity, verify semantics"
Utt_News.txt,Binabang one point five percent ing utang ning Filipinas king lual,Bumaba ng isang porsiyento ang utang panlabas ng Pilipinas ayon sa Bangko Sentral ng Pilipinas,0.6691,0.0455,0.2922,0.7333,False,0.5131,Review,"Low similarity, verify semantics"
Utt_Medical.txt,"E ya adalan ini keng panulu mo, Doctor?","Hindi ba ito madadaan sa gamot lang, Doktor?",0.6542,0.0,0.1954,1.0,False,0.5121,Review,"Low similarity, verify semantics"
Utt_CommonExpressions.txt,Pilang banua na co hu?,Magkano ho ito?,0.7442,0.0,0.055,0.6,False,0.512,Review,"Low similarity, verify semantics"
Utt_News.txt,Sapuan ne ning gobierno ing cabilugang limang dalang bilyong pesus a utang ning NAPOCOR,Aabot sa labing-isang bilyong piso ang atraso ng mga GOCCs sa gobyerno,0.6506,0.0417,0.2735,0.8571,False,0.5118,Review,"Low similarity, verify semantics"
Utt_Interrogatives.txt,Nanu-nanu ing saliuan nang Michael king palengki?,Paano nawala ang gamit ni Michael?,0.6381,0.0833,0.2646,0.8571,False,0.5117,Review,"Low similarity, verify semantics"
Utt_Educ.txt,Pasantingan ing sulat.,Isulat sa pisara.,0.6596,0.0,0.1588,1.0,False,0.5116,Review,"Low similarity, verify semantics"
STORY_folktales(PAM 5 files vs FIL Utt_Story.txt),"Meyangu ya ing cayang laguiu cang Bernardo de Carpio, metung a matapang, bantug, maticdi, at maalamat a mandirigma king bansang Espania",Eto ay parang nagbabadya sa magiging maalamat ding buhay ni Bernardo Carpio sa Pilipinas.,0.66,0.1,0.2882,0.6667,False,0.5115,Review,"Low similarity, verify semantics"
Utt_News.txt,Ing presyu ning LPG mibabang limampulu manibat potang capitangan bengi,Magro-rolbak uli mamayang hatinggabi ang LPG,0.7017,0.0625,0.18,0.6,False,0.5115,Review,"Low similarity, verify semantics"
STORY_folktales(PAM 5 files vs FIL Utt_Story.txt),Mabilis kinalat ing aca-aca a i Bernardo macasipit ya caring miyuyumpugang batu at balang magcapilit yang macauala maging sangcan niti ing ayun king cabunducan ning San Mateo.,At kapag isinasama siya ng ama sa pangangaso ay parang walang anuman na binubunot ni Bernardo ang ilang mga puno upang makagawa ng daanan sa masukal na kagubatan ng San Mateo.,0.6319,0.0816,0.288,0.871,False,0.5114,Review,"Low similarity, verify semantics"
Utt_News.txt,Ing utang ning gubierno minabut king three point nine trilyong pesus,Pumalo ang utang ng gobyerno sa tatlong trilyon at walumpu't siyam na milyong piso,0.6547,0.04,0.3173,0.7857,False,0.5111,Review,"Low similarity, verify semantics"
Utt_News.txt,Todu bante laban king terorismu.,Ang paglaban kontra terorismo,0.6457,0.0,0.4336,0.8,False,0.5108,Review,"Low similarity, verify semantics"
Utt_CommonExpressions.txt,Pilang na cayung banua?,Magkano ho ito?,0.7259,0.0,0.0,0.75,False,0.5105,Review,"Low similarity, verify semantics"
Utt_Medical.txt,Obat misan ating plema ing cucu cu?,Ano ang gamot sa singaw ng bata?,0.6677,0.0,0.0968,1.0,False,0.5103,Review,"Low similarity, verify semantics"
Utt_Educ.txt,Pulutan ing basura.,Ilagay ang basura sa basurahan,0.6415,0.1429,0.3671,0.6,False,0.5102,Review,"Low similarity, verify semantics"
Utt_Educ.txt,Danupan na cayu wari?,May baon ka ba?,0.6824,0.0,0.0,1.0,False,0.5094,Review,"Low similarity, verify semantics"
Utt_Medical.txt,Mayap a gatpanapun Doctor,Magandang hapon po Doktor,0.6553,0.0,0.16,1.0,False,0.5092,Review,"Low similarity, verify semantics"
Utt_News.txt,Pinurian ne ning APEC ing economia ning Filipinas,Pinagtutuonan ng pansin ng pangulo ang pagpapaunlad sa ekonomiya ng Pilipinas,0.6776,0.0,0.2963,0.7273,False,0.5089,Review,"Low similarity, verify semantics"
Utt_News.txt,Mibagsac ya ing pesus king limapulut metung a pesus at siyam apulut limang sentimus cumpara napun a pinalu ya iting limampulut metung a pesus at anam a pulut siam a centimus.,Pumalo sa limampung piso at siyamnapu't limang sentimo ang halaga ng piso kontra sa isang dolyar bago nagsara sa limampu't isang piso at limang sentimo.,0.6295,0.0526,0.3944,0.8065,False,0.5083,Review,"Low similarity, verify semantics"
Utt_News.txt,Patuc ya caring dayuhang capitalista ing campania ning gobierno king turismu,Patok na patok sa mga dayuhang kapitalista ang kampanya ng pamahalaan sa pagpapalakas nito ng turismo.,0.6486,0.0435,0.4163,0.6875,False,0.5082,Review,"Low similarity, verify semantics"
Utt_News.txt,Iti ing calabing aduang bulang mitutuki a maigit king metung bilyong dollar ing pedala ding OFWs a daralan caring banco,Ito na ang ikalabing dalawang buwan na magkakasunod na mahigit sa isang bilyong dolyar ang padala ng mga OFWs na dumadaan sa mga bangko.,0.6241,0.0588,0.3862,0.8333,False,0.5082,Review,"Low similarity, verify semantics"
Utt_CommonExpressions.txt,Nanung oras na?,Magkano po ito?,0.6791,0.0,0.0,1.0,False,0.5075,Review,"Low similarity, verify semantics"
Utt_Educ.txt,Isulat king maragul a letra ing amanu.,Isulat ang pangalan sa papel.,0.6589,0.0909,0.2245,0.7143,False,0.5074,Review,"Low similarity, verify semantics"
Utt_Medical.txt,Obat misan ating plema ing cucu cu?,Ano po ang gamot sa singaw ng bata?,0.6845,0.0,0.0923,0.875,False,0.5074,Review,"Low similarity, verify semantics"
Utt_Medical.txt,Mayap a bengi hu Doc,Magandang gabi ho Dok,0.6875,0.0,0.1464,0.8,False,0.5071,Review,"Low similarity, verify semantics"
STORY_folktales(PAM 5 files vs FIL Utt_Story.txt),Agad neng lisungan Bernardo ing bangin ban sagipan at saupan ing cabayo.,Dahil sa pagkabigla ni Bernardo ay hindi siya nakaiwas at unti-unting siyang naipit ng nag-uuntugang bato.,0.655,0.0741,0.2423,0.75,False,0.507,Review,"Low similarity, verify semantics"
Utt_Greetings.txt,Mingat pu.,Tuloy ka.,0.6784,0.0,0.0,1.0,False,0.507,Review,"Low similarity, verify semantics"
Utt_News.txt,Palaguan ne ning administracion ing economia ning Filipinas,Pinuri ng APEC ang ekonomiya ng Pilipinas,0.6449,0.0,0.3205,0.875,False,0.5065,Review,"Low similarity, verify semantics"
Utt_Educ.txt,Cuanan ing libru.,Ingatan ninyo ang mga libro.,0.6898,0.0,0.3208,0.6,False,0.506,Review,"Low similarity, verify semantics"
Utt_Interrogatives.txt,Nucarin ya ngan munta I James?,"Si Michael ba ang kakanta, o si James?",0.648,0.0833,0.2434,0.75,False,0.5048,Review,"Low similarity, verify semantics"
STORY_folktales(PAM 5 files vs FIL Utt_Story.txt),Apansinan nang Donia Teodora a e makiramdam i Jose king cayang binasa. Sera ne ing aclat.,Tinuruan si Jose ni Donya Teodora na bumasa sa wikang Kastila.,0.6474,0.08,0.313,0.6875,False,0.5045,Review,"Low similarity, verify semantics"
Utt_Medical.txt,Mayap a bengi hu Doc,Magandang gabi po Dok,0.6908,0.0,0.0976,0.8,False,0.5043,Review,"Low similarity, verify semantics"
Utt_CommonExpressions.txt,Pilang nacang banua?,Ilang taon na ho kayo?,0.6984,0.0,0.2513,0.6,False,0.5042,Review,"Low similarity, verify semantics"
Iso_Weather.txt,La Nina,El Nino,0.6258,0.0,0.2857,1.0,False,0.5041,Review,"Low similarity, verify semantics"
Iso_Weather.txt,El Nino,La Nina,0.6258,0.0,0.2857,1.0,False,0.5041,Review,"Low similarity, verify semantics"
Utt_News.txt,Tiualang acua ne ning Vietnam ing contrata king pami-angcat ning Filipinas abias,Handang magbenta ng murang bigas ang Vietnam sa Pilipinas,0.6417,0.05,0.3405,0.75,False,0.5041,Review,"Low similarity, verify semantics"
Utt_News.txt,Binabang metung a porciento ing utang panlual ning Filipinas agpang king Banco Central ning Filipinas,Walang pananagutan sa mga biktima ng pekeng dolyar ang Bangko Sentral ng Pilipinas,0.6387,0.0,0.3357,0.8667,False,0.5035,Review,"Low similarity, verify semantics"
Utt_Medical.txt,Milaco ya wari iti agad Doc?,Magagamot pa ba yun Dok?,0.687,0.0,0.0788,0.8333,False,0.5034,Review,"Low similarity, verify semantics"
Utt_News.txt,"King pamilibayan napun, binarug ya iti king limampulu’t metung a pesus at pitumpulu’t metung a centimus contra king dollar bayu balaus migsara king limapulu’t metung a pesus at anamapulu’t siam a centimus.",Pumalo sa limampung piso at siyamnapu't limang sentimo ang halaga ng piso kontra sa isang dolyar bago nagsara sa limampu't isang piso at limang sentimo.,0.6347,0.0526,0.3386,0.7812,False,0.5033,Review,"Low similarity, verify semantics"
Utt_Medical.txt,Obat pu misan ating plema ing cucu cu?,Ano ang gamot sa singaw ng bata?,0.6764,0.0,0.0926,0.875,False,0.5026,Review,"Low similarity, verify semantics"
Utt_News.txt,Mangailangan yang piloto ing PAL,Magdaragdag ng apat na eroplano ang PAL,0.6456,0.0909,0.2566,0.7143,False,0.5026,Review,"Low similarity, verify semantics"
Utt_News.txt,Atiyu king apat apulu’t walung pesus at siam a pulu’t limang centimus na ing libayan ning pesus laban king dollar,Pumalo sa limampung piso at siyamnapu't limang sentimo ang halaga ng piso kontra sa isang dolyar bago nagsara sa limampu't isang piso at limang sentimo.,0.6301,0.0882,0.2669,0.8,False,0.5024,Review,"Low similarity, verify semantics"
Utt_Greetings.txt,Mayap naman.,Patawad po.,0.6691,0.0,0.0,1.0,False,0.5015,Review,"Low similarity, verify semantics"
Utt_Medical.txt,Mayulu ya pa wari ita Doc?,Mawawala ba agad ito Dok?,0.677,0.0,0.1201,0.8333,False,0.5015,Review,"Low similarity, verify semantics"
Utt_News.txt,Pepapurian ne ing ADBng PGMA,Lalong pinalakas ang reporma ni PGMA,0.6289,0.1,0.198,0.8333,False,0.5005,Review,"Low similarity, verify semantics"
Utt_Interrogatives.txt,I Michael wari ing mengan king mangga?,Estudyante ba si Michael?,0.6649,0.1,0.2366,0.5714,False,0.4998,Review,"Low similarity, verify semantics"
Utt_News.txt,Gumastus labing atlung bilyong pesus ing gobierno king pamagbie king OPSF,Sasaluhin ng gobyerno ang kabuuang limang daang bilyong piso utang ng NAPOCOR,0.622,0.05,0.2421,0.9167,False,0.4991,Review,"Low similarity, verify semantics"
Utt_Interrogatives.txt,I Michael wari ing mengan king mangga?,Mag-aaral ba si Michael?,0.6589,0.0909,0.276,0.5714,False,0.4983,Review,"Low similarity, verify semantics"
Utt_Medical.txt,Keni ya masakit?,Nasa dugo niyo ba yung ganyang sakit?,0.717,0.0,0.25,0.4286,False,0.4981,Review,"Low similarity, verify semantics"
Utt_News.txt,Panibayung reporma king economia ing planu ning administracion,Pagagandahin ng administrasyon ang ekonomiya ng Pilipinas,0.6297,0.0,0.3275,0.875,False,0.498,Review,"Low similarity, verify semantics"
Utt_Greetings.txt,Mayap naman.,Makikisuyo po.,0.6502,0.0,0.0772,1.0,False,0.4978,Review,"Low similarity, verify semantics"
Utt_CommonExpressions.txt,Pilan nacang banua?,Magkano ito?,0.7177,0.0,0.0,0.6667,False,0.4973,Review,"Low similarity, verify semantics"
Utt_Greetings.txt,Ipagpaumahin yu pu.,Patawad po.,0.7168,0.0,0.0,0.6667,False,0.4967,Review,"Low similarity, verify semantics"
Utt_Interrogatives.txt,"Bisa cang mangan, o painawa?",Kumain ba siya?,0.7112,0.0,0.0994,0.6,False,0.4967,Review,"Low similarity, verify semantics"
Utt_Interrogatives.txt,Obat dela de king ospital I Maricel?,Guro ba si Maricel?,0.6404,0.1,0.349,0.5714,False,0.4963,Review,"Low similarity, verify semantics"
Utt_News.txt,Beba dang pasibayu ing precio ning LPG limampulung setimus cada kilo,Tumaas na naman ang presyo ng LPG,0.6633,0.0588,0.2281,0.6364,False,0.4962,Review,"Low similarity, verify semantics"
Utt_Greetings.txt,Mayap a bengi.,Magandang tanghali po.,0.65,0.0,0.0583,1.0,False,0.4958,Review,"Low similarity, verify semantics"
Utt_CommonExpressions.txt,Mayap a bengi hu.,Magandang gabi ho.,0.6816,0.0,0.1143,0.75,False,0.4954,Review,"Low similarity, verify semantics"
Utt_News.txt,Beba dang pasibayu ing precio ning LPG limampulung setimus cada kilo,Ibinaba uli ang presyo ng LPG,0.6694,0.0625,0.264,0.5455,False,0.4951,Review,"Low similarity, verify semantics"
Utt_Medical.txt,Mayap a gatpanapun Doctor,Magandang hapon Doktor,0.6642,0.0,0.2132,0.75,False,0.4948,Review,"Low similarity, verify semantics"
Utt_Greetings.txt,Mapun pu.,Patawad po.,0.6576,0.0,0.0,1.0,False,0.4945,Review,"Low similarity, verify semantics"
Utt_Medical.txt,Mayap a bengi pu Doc,Magandang gabi Dok,0.7041,0.0,0.1054,0.6,False,0.493,Review,"Low similarity, verify semantics"
Utt_News.txt,Atiyu king apat apulut walung pesus at siam a pulut limang centimus na ing libayan ning pesus laban king dollar,Pumalo sa limampung piso at siyamnapu't limang sentimo ang halaga ng piso kontra sa isang dolyar bago nagsara sa limampu't isang piso at limang sentimo.,0.6234,0.0588,0.2685,0.8,False,0.4927,Review,"Low similarity, verify semantics"
Utt_CommonExpressions.txt,Magcanu ya hu iti?,Magkano po ito?,0.6647,0.0,0.1826,0.75,False,0.4921,Review,"Low similarity, verify semantics"
Utt_Medical.txt,Mayap a bengi pu Doc,Magandang gabi Doktor,0.7035,0.0,0.0976,0.6,False,0.4918,Review,"Low similarity, verify semantics"
Utt_Medical.txt,Nucarin masakit?,Sabihin niyo po kung saan masakit,0.6568,0.1429,0.3536,0.3333,False,0.4913,Review,"Low similarity, verify semantics"
Utt_Educ.txt,Nanu ing bacal mu?,May baon ka ba?,0.641,0.0,0.063,1.0,False,0.4909,Review,"Low similarity, verify semantics"
Utt_News.txt,Binarug ya king limampulu’t aduang pesus at pitumpulu’t aduang centimus ing alaga ning pesus laban king dollar,Pumalo sa limampung piso at siyamnapu't limang sentimo ang halaga ng piso kontra sa isang dolyar bago nagsara sa limampu't isang piso at limang sentimo.,0.6374,0.0645,0.275,0.68,False,0.4909,Review,"Low similarity, verify semantics"
Utt_News.txt,Lalagu ing economia ning bansa,Maganda ang plataporma sa ekonomiya,0.6243,0.0,0.1597,1.0,False,0.4905,Review,"Low similarity, verify semantics"
Utt_News.txt,Titingiran neng pansin ning presidente ing pamipaunlad king economia ning Filipinas,Pagagandahin ng administrasyon ang ekonomiya ng Pilipinas,0.6627,0.0,0.2811,0.6364,False,0.4894,Review,"Low similarity, verify semantics"
Utt_Medical.txt,Magcanu pu ing panulu?,Nagkakati ba ang puwet mo?,0.6594,0.0,0.1284,0.8,False,0.4885,Review,"Low similarity, verify semantics"
Utt_Interrogatives.txt,Magaral ya wari?,Guro ba siya?,0.6461,0.0,0.0,1.0,False,0.4876,Review,"Low similarity, verify semantics"
Utt_Educ.txt,Danupan na cayu wari?,May baon ba kayo?,0.6457,0.0,0.0,1.0,False,0.4874,Review,"Low similarity, verify semantics"
Utt_CommonExpressions.txt,Magcanu ya hu iti?,Magkano ho ito?,0.6558,0.0,0.1826,0.75,False,0.4867,Review,"Low similarity, verify semantics"
Utt_Educ.txt,Cuanan ing lapis.,Isulat sa pisara.,0.6324,0.0,0.0588,1.0,False,0.4853,Review,"Low similarity, verify semantics"
Utt_News.txt,Macasadiang mamisaling murang abias ing Vietnam king Filipinas,Tiwalang makukuha ng Vietnam ang kontrata sa pag-aangkat ng Pilipinas ng bigas,0.6263,0.0556,0.3172,0.6667,False,0.4853,Review,"Low similarity, verify semantics"
Utt_Interrogatives.txt,"Doctor ne I James, e wari? E wari?","Pilipino si James, o Amerikano?",0.6296,0.1,0.246,0.625,False,0.4848,Review,"Low similarity, verify semantics"
Utt_Medical.txt,Bawal mamuat mababayat,Huwag kayong manigarilyo,0.6322,0.0,0.0468,1.0,False,0.484,Review,"Low similarity, verify semantics"
Utt_Medical.txt,Mamangan ca waring masalese?,Nagkakati ba ang puwet mo?,0.6588,0.0,0.0755,0.8,False,0.4828,Review,"Low similarity, verify semantics"
Utt_CommonExpressions.txt,Mayap a bengi pu.,Magandang gabi.,0.7103,0.0,0.0626,0.5,False,0.4825,Review,"Low similarity, verify semantics"
Utt_News.txt,Palaguan ne ning administracion ing economia ning Filipinas,Pinagtutuonan ng pansin ng pangulo ang pagpapaunlad sa ekonomiya ng Pilipinas,0.639,0.0,0.2638,0.7273,False,0.4825,Review,"Low similarity, verify semantics"
Utt_Educ.txt,Cuanan ing libru.,Isulat sa pisara.,0.6374,0.0,0.0,1.0,False,0.4824,Review,"Low similarity, verify semantics"
Utt_CommonExpressions.txt,Mayap a bengi hu.,Magandang gabi po.,0.6675,0.0,0.0572,0.75,False,0.4812,Review,"Low similarity, verify semantics"
Utt_CommonExpressions.txt,Pilan na cayung banua?,Magkano po ito?,0.6765,0.0,0.0,0.75,False,0.4809,Review,"Low similarity, verify semantics"
Utt_Interrogatives.txt,Tigtig ya wari?,Mabait ba siya?,0.634,0.0,0.0,1.0,False,0.4804,Review,"Low similarity, verify semantics"
Utt_Educ.txt,Ninung e mindilu?,Nasaan ang pisara?,0.6235,0.0,0.0572,1.0,False,0.4798,Review,"Low similarity, verify semantics"
Utt_Medical.txt,Mayap a gatpanapun hu Doctor,Magandang hapon ho Doktor,0.6333,0.0,0.189,0.8,False,0.4789,Review,"Low similarity, verify semantics"
Utt_News.txt,Memialungan neman ing libayan ning dollar napun king pilatan ning apat apulut walung pesus at anam apulut limang centimus anggang apat apulut walung pesus at pitumpulut limang centimus,Nasa apatnapu't walong piso at siyamnapu't limang sentimo na ang palitan ng piso laban sa dolyar,0.6248,0.0606,0.3471,0.5714,False,0.4789,Review,"Low similarity, verify semantics"
Utt_Educ.txt,Nanu ing bacal mu?,May baon ba kayo?,0.6215,0.0,0.0589,1.0,False,0.4788,Review,"Low similarity, verify semantics"
Utt_Greetings.txt,Tanggapan ye pu ing kecaming taus pusung pamipasalamat!,Isang taós pusong pasasalamat!,0.6335,0.0,0.486,0.5,False,0.4787,Review,"Low similarity, verify semantics"
Utt_Medical.txt,Mayap a bengi hu Doc,Magandang gabi Dok,0.679,0.0,0.1054,0.6,False,0.4779,Review,"Low similarity, verify semantics"
Utt_CommonExpressions.txt,Pilang na cayung banua?,Magkano ito?,0.7118,0.0,0.0,0.5,False,0.4771,Review,"Low similarity, verify semantics"
Utt_Medical.txt,Macapangan ca waring masalese?,Nagkakati ba ang puwet mo?,0.6494,0.0,0.0728,0.8,False,0.4769,Review,"Low similarity, verify semantics"
Utt_CommonExpressions.txt,Pilan na cayung banua?,Magkano ho ito?,0.6697,0.0,0.0,0.75,False,0.4768,Review,"Low similarity, verify semantics"
Utt_Greetings.txt,Pakisabi mu pu.,Makikisuyo po.,0.6605,0.0,0.138,0.6667,False,0.4768,Review,"Low similarity, verify semantics"
Utt_Medical.txt,Ica mu wari king pamilya yu ing ating macanian a sakit?,May kamag-anak ka ba na may kaparehong sakit?,0.6202,0.0556,0.2018,0.7273,False,0.4761,Review,"Low similarity, verify semantics"
Utt_Interrogatives.txt,King bale la wari mikit di James?,Saan-saan pupunta si James?,0.6238,0.1,0.2437,0.5714,False,0.4758,Review,"Low similarity, verify semantics"
Utt_Greetings.txt,Metung a taus pusung pasasalamat!,Maraming salamat po.,0.6516,0.0,0.2449,0.6,False,0.4754,Review,"Low similarity, verify semantics"
Utt_Educ.txt,Nanu uari ing pengan mu?,May baon ka ba?,0.6588,0.0,0.0,0.8,False,0.4753,Review,"Low similarity, verify semantics"
Utt_Medical.txt,Mayap a gatpanapun Doctor,Salamat Doktor,0.6819,0.0,0.1604,0.5,False,0.4752,Review,"Low similarity, verify semantics"
Utt_CommonExpressions.txt,Nanung oras na?,Magkano ito?,0.68,0.0,0.0,0.6667,False,0.4747,Review,"Low similarity, verify semantics"
Utt_CommonExpressions.txt,Pilang banua na co hu?,Magkano ito?,0.7243,0.0,0.0,0.4,False,0.4746,Review,"Low similarity, verify semantics"
Utt_Greetings.txt,Mayap a bengi.,Magandang tanghali.,0.6588,0.0,0.126,0.6667,False,0.4745,Review,"Low similarity, verify semantics"
Utt_CommonExpressions.txt,Pilang na co pung banua?,Magkano po ito?,0.6811,0.0,0.0538,0.6,False,0.4741,Review,"Low similarity, verify semantics"
Utt_News.txt,Sisiguraduan de ing matatag a economia ning lungsud,Palakas ng palakas ang ekonomiya,0.6657,0.0,0.1179,0.625,False,0.4737,Review,"Low similarity, verify semantics"
Utt_Greetings.txt,Mayap a bengi pu.,Magandang tanghali po.,0.6451,0.0,0.1059,0.75,False,0.4727,Review,"Low similarity, verify semantics"
Utt_Educ.txt,Atin cang bacal?,May baon ka ba?,0.6514,0.0,0.0668,0.75,False,0.4725,Review,"Low similarity, verify semantics"
Utt_Interrogatives.txt,Nanu-nanu ing saliuan nang Michael king palengki?,Estudyante ba si Michael?,0.6279,0.1,0.1852,0.5714,False,0.4724,Review,"Low similarity, verify semantics"
Utt_Educ.txt,Mengan na.,Kumain na,0.4721,0.3333,0.2108,1.0,False,0.471,Review,"Low similarity, verify semantics"
Utt_Greetings.txt,Mayap naman pu.,Patawad po.,0.6732,0.0,0.0,0.6667,False,0.4706,Review,"Low similarity, verify semantics"
Utt_Salawikain.txt,"Atiu king tau ing gaua, atiu king Dios ing lunus.","Nasa Diyos ang awà, nasa tao ang gawâ.",0.6206,0.0,0.1822,0.8,False,0.4706,Review,"Low similarity, verify semantics"
Utt_Interrogatives.txt,"Bisa ca waring tuke, o ali?","May sakít ka, hindi ba?",0.6452,0.0,0.0,0.8333,False,0.4704,Review,"Low similarity, verify semantics"
Utt_Greetings.txt,Mayap a bengi.,Magandang hapon.,0.6603,0.0,0.0668,0.6667,False,0.4696,Review,"Low similarity, verify semantics"
Utt_CommonExpressions.txt,Magcanu ya hu iti?,Magkano ito?,0.6642,0.0,0.2041,0.5,False,0.4689,Review,"Low similarity, verify semantics"
Utt_Greetings.txt,Mayap a bengi pu.,Magandang hapon po.,0.6452,0.0,0.0556,0.75,False,0.4677,Review,"Low similarity, verify semantics"
Utt_Educ.txt,Mengan na cayu wari?,Anong masakit sayo?,0.6538,0.0,0.0,0.75,False,0.4673,Review,"Low similarity, verify semantics"
Utt_News.txt,Titingiran neng pansin ning presidente ing pamipaunlad king economia ning Filipinas,Pinuri ng APEC ang ekonomiya ng Pilipinas,0.625,0.0,0.2809,0.6364,False,0.4667,Review,"Low similarity, verify semantics"
Utt_Medical.txt,Alayu casi i Doctor ngeni,Magandang hapon ho Doktor,0.6233,0.0,0.12,0.8,False,0.466,Review,"Low similarity, verify semantics"
Utt_Greetings.txt,Mayap naman pu.,Makikisuyo po.,0.6539,0.0,0.069,0.6667,False,0.4659,Review,"Low similarity, verify semantics"
Utt_Interrogatives.txt,"Dinatang ya nandin, ne?","May sakít ka, hindi ba?",0.6357,0.0,0.0445,0.8,False,0.4659,Review,"Low similarity, verify semantics"
Utt_Medical.txt,"E ya adalan ini keng panulu mo, Doctor?",Magagamot pa ba yun Dok?,0.6606,0.0,0.0668,0.625,False,0.4655,Review,"Low similarity, verify semantics"
Utt_CommonExpressions.txt,Pilang na co pung banua?,Magkano ho ito?,0.6746,0.0,0.0,0.6,False,0.4647,Review,"Low similarity, verify semantics"
Utt_Medical.txt,Mayap a gatpanapun pu Doctor,Magandang hapon Doktor,0.6475,0.0,0.1612,0.6,False,0.4646,Review,"Low similarity, verify semantics"
Utt_Medical.txt,Macananu ne caluat lalagnat?,Nagkakati ba ang puwet mo?,0.6399,0.0,0.0,0.8,False,0.4639,Review,"Low similarity, verify semantics"
Utt_Medical.txt,Keni ya masakit?,Nagkakati ba ang puwet mo?,0.6714,0.0,0.0,0.6,False,0.4629,Review,"Low similarity, verify semantics"
Utt_Educ.txt,Meyari na cayo?,May baon ka ba?,0.6449,0.0,0.0,0.75,False,0.462,Review,"Low similarity, verify semantics"
Utt_Medical.txt,Mayap a gatpanapun pu Doctor,Salamat po Doktor,0.6471,0.0,0.1375,0.6,False,0.462,Review,"Low similarity, verify semantics"
Utt_Medical.txt,Mangalbag ya ing acmulan mo?,Mawawala ba 'to agad?,0.6284,0.0,0.0423,0.8,False,0.4613,Review,"Low similarity, verify semantics"
Utt_Greetings.txt,Mayap naman pu.,Mawalang galang na po.,0.6226,0.0,0.1217,0.75,False,0.4607,Review,"Low similarity, verify semantics"
Iso_MinPairs.txt,apu (n. grandmother) -- apu (n. grandchild),kaka-kakâ (uncle/aunt-elder sister/brother),0.6732,0.0,0.1386,0.4286,False,0.4606,Review,"Low similarity, verify semantics"
Utt_Educ.txt,Nanu uari ing pengan mu?,May baon ba kayo?,0.6338,0.0,0.0,0.8,False,0.4603,Review,"Low similarity, verify semantics"
Utt_Medical.txt,Magcasakit cang mangisnaua?,Mawawala ba 'to agad?,0.6297,0.0,0.0447,0.75,False,0.4573,Review,"Low similarity, verify semantics"
Utt_Medical.txt,Mayap a gatpanapun pu Doctor,Salamat Doktor,0.6701,0.0,0.1515,0.4,False,0.4572,Review,"Low similarity, verify semantics"
Utt_News.txt,Sisiguraduan de ing matatag a economia ning lungsud,Gumaganda ang ekonomiya ng bansa,0.6361,0.0,0.1296,0.625,False,0.4571,Review,"Low similarity, verify semantics"
Utt_Educ.txt,Atin cang bacal?,May baon ba kayo?,0.625,0.0,0.0625,0.75,False,0.4562,Review,"Low similarity, verify semantics"
Utt_News.txt,Balaus ya pamaglagu ing alaga ning pesus laban king dollar,Bahagyang bumawi ang piso kontra sa dolyar,0.6209,0.0,0.1328,0.7,False,0.4558,Review,"Low similarity, verify semantics"
Utt_Interrogatives.txt,"E ya dinatang, ne?","May sakít ka, hindi ba?",0.6262,0.0,0.0,0.8,False,0.4557,Review,"Low similarity, verify semantics"
Iso_MinPairs.txt,apu (n. grandmother) -- apu (n. grandchild),babà-babâ (chin-go down),0.6811,0.0,0.0375,0.4286,False,0.4553,Review,"Low similarity, verify semantics"
Utt_CommonExpressions.txt,Mayap a bengi hu.,Magandang gabi.,0.6649,0.0,0.0626,0.5,False,0.4552,Review,"Low similarity, verify semantics"
Utt_Educ.txt,Atin cong bacal?,May baon ka ba?,0.6219,0.0,0.0668,0.75,False,0.4548,Review,"Low similarity, verify semantics"
Utt_Interrogatives.txt,Tigtig ya wari?,OKey lang ba siya?,0.6331,0.0,0.0,0.75,False,0.4548,Review,"Low similarity, verify semantics"
Utt_Medical.txt,Magcasakit cang mangisnaua?,Nagkakati ba ang puwet mo?,0.6437,0.0,0.0784,0.6,False,0.454,Review,"Low similarity, verify semantics"
Utt_Medical.txt,Mayap a gatpanapun hu Doctor,Magandang hapon Doktor,0.6287,0.0,0.1612,0.6,False,0.4533,Review,"Low similarity, verify semantics"
Utt_Greetings.txt,Mayap a ugtu.,Makikisuyo po.,0.6275,0.0,0.0741,0.6667,False,0.4506,Review,"Low similarity, verify semantics"
Iso_MinPairs.txt,babo (prep. on top) -- babo (adj. shallow),babà-babâ (chin-go down),0.677,0.0,0.0686,0.375,False,0.4505,Review,"Low similarity, verify semantics"
Utt_Greetings.txt,Pakisabi mu pu.,Patawad po.,0.6259,0.0,0.0778,0.6667,False,0.45,Review,"Low similarity, verify semantics"
Utt_Greetings.txt,Mingat pu.,Tuloy po kayo.,0.637,0.0,0.0,0.6667,False,0.4488,Review,"Low similarity, verify semantics"
Utt_Medical.txt,Nucarin masakit?,Nasa dugo niyo ba yung ganyang sakit?,0.6573,0.0,0.25,0.2857,False,0.4479,Review,"Low similarity, verify semantics"
Utt_CommonExpressions.txt,Pilan na cayung banua?,Magkano ito?,0.6621,0.0,0.0,0.5,False,0.4472,Review,"Low similarity, verify semantics"
Utt_CommonExpressions.txt,Nanung laguiu mu?,Kumusta ka?,0.6302,0.0,0.0,0.6667,False,0.4448,Review,"Low similarity, verify semantics"
Utt_CommonExpressions.txt,Nanung laguiu mu?,Kumusta kayo?,0.6275,0.0,0.0,0.6667,False,0.4431,Review,"Low similarity, verify semantics"
Utt_Greetings.txt,Mayap a ugtu.,Patawad po.,0.6274,0.0,0.0,0.6667,False,0.4431,Review,"Low similarity, verify semantics"
Utt_CommonExpressions.txt,Mayap a bengi pu kecayu.,Magandang gabi po.,0.6214,0.0,0.0962,0.6,False,0.4425,Accept,Verified via dictionary alignment & score
Utt_Greetings.txt,Mayap a bengi pu.,Magandang hapon.,0.6439,0.0,0.0606,0.5,False,0.4424,Review,"Low similarity, verify semantics"
Utt_CommonExpressions.txt,Pilan na co pung banua?,Magkano po ito?,0.6276,0.0,0.0538,0.6,False,0.4419,Review,"Low similarity, verify semantics"
Utt_CommonExpressions.txt,Mayap pu.,Ingat ho kayo.,0.6221,0.0,0.0,0.6667,False,0.4399,Review,"Low similarity, verify semantics"
Utt_CommonExpressions.txt,Mayap pu.,Ingat po kayo.,0.6215,0.0,0.0,0.6667,False,0.4396,Review,"Low similarity, verify semantics"
Utt_CommonExpressions.txt,Mayap a bengi pu kecayu.,Magandang gabi ho.,0.6202,0.0,0.0481,0.6,False,0.4369,Review,"Low similarity, verify semantics"
Utt_Educ.txt,Magdalang lapis.,Ipasa na ang papel.,0.6256,0.0,0.1147,0.5,False,0.4368,Review,"Low similarity, verify semantics"
Utt_CommonExpressions.txt,Pilang na co pung banua?,Magkano ito?,0.6604,0.0,0.0,0.4,False,0.4362,Review,"Low similarity, verify semantics"
Utt_Interrogatives.txt,Okey yamu wari?,Kumusta na ang nanay mo?,0.6212,0.0,0.0,0.6,False,0.4327,Review,"Low similarity, verify semantics"
Utt_Medical.txt,Mayap a gatpanapun hu Doctor,Salamat Doktor,0.6293,0.0,0.1515,0.4,False,0.4327,Review,"Low similarity, verify semantics"
Iso_MinPairs.txt,masakit (adj. difficult) -- masakit (adj. painful),pagod-pagód (fatigue-tired),0.6594,0.0,0.0322,0.2857,False,0.4274,Review,"Low similarity, verify semantics"
Utt_CommonExpressions.txt,Nanu pung laguiu yu?,Kumusta kayo?,0.6272,0.0,0.0,0.5,False,0.4263,Review,"Low similarity, verify semantics"
Utt_CommonExpressions.txt,Nanu pung laguiu yu?,Kumusta ka?,0.6272,0.0,0.0,0.5,False,0.4263,Review,"Low similarity, verify semantics"
Iso_MinPairs.txt,babo (prep. on top) -- babo (adj. shallow),abá-abâ (interjection-poor),0.6402,0.0,0.0,0.25,False,0.4091,Review,"Low similarity, verify semantics"
Iso_MinPairs.txt,masakit (adj. difficult) -- masakit (adj. painful),muhi-muhî (irritation-irritated),0.6232,0.0,0.0,0.2857,False,0.4025,Review,"Low similarity, verify semantics"
Utt_CommonExpressions.txt,Pacencia na po kecayu.,Pasensiya na po.,0.2932,0.4,0.3198,0.75,False,0.3629,Accept,Verified via dictionary alignment & score
