id,source,surface,normalized,root,morph_segments,tokenizer_target,affixes,process,pos_guess,features,confidence,frequency_in_sources,context,notes
kap-morph-0001,literary,king,king,king,king,king,,function_word,PART/PRON/DET/PREP,closed_class; preserve_as_token,high,12262,Ketang misapwak ka keti [king] masala itang kakung Bungsu,Kept unsplit to avoid false affix boundaries in tokenizer training.
kap-morph-0002,literary,at,at,at,at,at,,function_word,PART/PRON/DET/PREP,closed_class; preserve_as_token,high,11738,keng daragul i Robin [at] mikakamale Daragul mu naman,Kept unsplit to avoid false affix boundaries in tokenizer training.
kap-morph-0003,literary,ing,ing,ing,ing,ing,,function_word,PART/PRON/DET/PREP,closed_class; preserve_as_token,high,11682,king kanakung pusu Uling [ing] kanakung paninap kanita biglang,Kept unsplit to avoid false affix boundaries in tokenizer training.
kap-morph-0004,literary,na,na,na,na,na,,clitic_or_function,PART/PRON/DET/PREP,closed_class; preserve_as_token,high,6536,mu naman ing kapanayan [na] ning maluka ming bye,Kept unsplit to avoid false affix boundaries in tokenizer training.
kap-morph-0005,literary,ning,ning,ning,ning,ning,,function_word,PART/PRON/DET/PREP,closed_class; preserve_as_token,high,6201,kung lalu Ing api [ning] lugud karing pamilya ku,Kept unsplit to avoid false affix boundaries in tokenizer training.
kap-morph-0006,literary,ding,ding,ding,ding,ding,,function_word,PART/PRON/DET/PREP,closed_class; preserve_as_token,high,5707,Ining keang koya t [ding] adwa nang atsi neng,Kept unsplit to avoid false affix boundaries in tokenizer training.
kap-morph-0007,literary,ya,ya,ya,ya,ya,,clitic_or_function,PART/PRON/DET/PREP,closed_class; preserve_as_token,high,4156,biglang mipaltutu A lalaki [ya] sa ing maging bungsu,Kept unsplit to avoid false affix boundaries in tokenizer training.
kap-morph-0008,literary,ku,ku,ku,ku,ku,,clitic_or_function,PART/PRON/DET/PREP,closed_class; preserve_as_token,high,3139,sa ing maging bungsu [ku] ba keng akalagyu Nung,Kept unsplit to avoid false affix boundaries in tokenizer training.
kap-morph-0009,literary,nang,nang,nang,nang,nang,,function_word,PART/PRON/DET/PREP,closed_class; preserve_as_token,high,3094,koya t ding adwa [nang] atsi neng pakyalungan de,Kept unsplit to avoid false affix boundaries in tokenizer training.
kap-morph-0010,literary,mu,mu,mu,mu,mu,,clitic_or_function,PART/PRON/DET/PREP,closed_class; preserve_as_token,high,2776,Robin at mikakamale Daragul [mu] naman ing kapanayan na,Kept unsplit to avoid false affix boundaries in tokenizer training.
kap-morph-0011,literary,la,la,la,la,la,,clitic_or_function,PART/PRON/DET/PREP,closed_class; preserve_as_token,high,2296,yang memun kanitang mako [la] Papunta king Baguio ning,Kept unsplit to avoid false affix boundaries in tokenizer training.
kap-morph-0012,literary,karing,karing,karing,karing,karing,,function_word,PART/PRON/DET/PREP,closed_class; preserve_as_token,high,2106,Ing api ning lugud [karing] pamilya ku lakwas mikaluku,Kept unsplit to avoid false affix boundaries in tokenizer training.
kap-morph-0013,literary,nung,nung,nung,nung,nung,,function_word,PART/PRON/DET/PREP,closed_class; preserve_as_token,high,1874,ku ba keng akalagyu [Nung] inya king kakung pamagsikap,Kept unsplit to avoid false affix boundaries in tokenizer training.
kap-morph-0014,literary,kekang,kekang,kekang,kekang,kekang,,function_word,PART/PRON/DET/PREP,closed_class; preserve_as_token,high,1819,bye ila pa ring [kekang] maranun agtalan Ninu mong,Kept unsplit to avoid false affix boundaries in tokenizer training.
kap-morph-0015,literary,metung,metung,metung,metung,metung,,function_word,PART/PRON/DET/PREP,closed_class; preserve_as_token,high,1483,rugu alang mekasagip agyang [metung] mu man Nung ali,Kept unsplit to avoid false affix boundaries in tokenizer training.
kap-morph-0016,literary,ne,ne,ne,ne,ne,,clitic_or_function,PART/PRON/DET/PREP,closed_class; preserve_as_token,high,1456,Ipakaisabi ku kayang e [ne] iabe ing ubingan Uling,Kept unsplit to avoid false affix boundaries in tokenizer training.
kap-morph-0017,literary,ka,ka,ka,ka,ka,,clitic_or_function,PART/PRON/DET/PREP,closed_class; preserve_as_token,high,1297,Writings DYOS KO NUKARIN [KA] Ketang misapwak ka keti,Kept unsplit to avoid false affix boundaries in tokenizer training.
kap-morph-0018,literary,kang,kang,kang,kang,kang,,function_word,PART/PRON/DET/PREP,closed_class; preserve_as_token,high,1280,Ibpa pota galang tin [Kang] buring sabyan binye Mung,Kept unsplit to avoid false affix boundaries in tokenizer training.
kap-morph-0019,literary,uling,uling,uling,uling,uling,,function_word,PART/PRON/DET/PREP,closed_class; preserve_as_token,high,1264,mipagyu king kanakung pusu [Uling] ing kanakung paninap kanita,Kept unsplit to avoid false affix boundaries in tokenizer training.
kap-morph-0020,literary,kakung,kakung,kakung,kakung,kakung,,function_word,PART/PRON/DET/PREP,closed_class; preserve_as_token,high,944,keti king masala itang [kakung] Bungsu Itang kaligayan e,Kept unsplit to avoid false affix boundaries in tokenizer training.
kap-morph-0021,literary,ra,ra,ra,ra,ra,,clitic_or_function,PART/PRON/DET/PREP,closed_class; preserve_as_token,high,921,na t dalung e [ra] darandaman O Mayupang Dyos,Kept unsplit to avoid false affix boundaries in tokenizer training.
kap-morph-0022,literary,keka,keka,keka,keka,keka,,function_word,PART/PRON/DET/PREP,closed_class; preserve_as_token,high,912,na itang kasuywan na [Keka] king myaliwang bage Kadwa,Kept unsplit to avoid false affix boundaries in tokenizer training.
kap-morph-0023,literary,sinabi,sinabi,sabi,s+in+abi,s | in | abi,-in-,infixation,V,infix=-in-; position=after_initial_consonant,medium,885,ka e Ku na [sinabi] Dis ING ALDO NING,Rule-based candidate from thesis affix inventory; review against native-speaker judgment/Forman or Del Corro lexicon for gold training.
kap-morph-0024,literary,karelang,karelang,karelang,karelang,karelang,,function_word,PART/PRON/DET/PREP,closed_class; preserve_as_token,high,668,tin yang laya Ketang [karelang] buring daptan Dapot sabla,Kept unsplit to avoid false affix boundaries in tokenizer training.
kap-morph-0025,literary,iti,iti,iti,iti,iti,,function_word,PART/PRON/DET/PREP,closed_class; preserve_as_token,high,651,Daklat Dyos ko nung [iti] man kapagsubukan a kaku,Kept unsplit to avoid false affix boundaries in tokenizer training.
kap-morph-0026,literary,dapot,dapot,dapot,dapot,dapot,,function_word,PART/PRON/DET/PREP,closed_class; preserve_as_token,high,606,dangalan aku ing tatanggap [Dapot] busal na ning ligaya,Kept unsplit to avoid false affix boundaries in tokenizer training.
kap-morph-0027,literary,no,no,no,no,no,,clitic_or_function,PART/PRON/DET/PREP,closed_class; preserve_as_token,high,528,king keang konsehu Pepaisipa [no] ring pili nang lider,Kept unsplit to avoid false affix boundaries in tokenizer training.
kap-morph-0028,literary,lalaki,lalaki,laki,la~laki,la~laki,la~,reduplication,V/ADJ,reduplicated_cv=la; aspect_or_intensification,medium,502,kanita biglang mipaltutu A [lalaki] ya sa ing maging,Rule-based candidate from thesis affix inventory; review against native-speaker judgment/Forman or Del Corro lexicon for gold training.
kap-morph-0029,literary,karin,karin,karin,karin,karin,,function_word,PART/PRON/DET/PREP,closed_class; preserve_as_token,high,486,ikit a bakas a [karin] Na mo sa likwan,Kept unsplit to avoid false affix boundaries in tokenizer training.
kap-morph-0030,literary,kanaku,kanaku,kanaku,kanaku,kanaku,,function_word,PART/PRON/DET/PREP,closed_class; preserve_as_token,high,466,Nung iti ya ing [kanaku] daraptan da ring aliwa,Kept unsplit to avoid false affix boundaries in tokenizer training.
kap-morph-0031,literary,kanakung,kanakung,kanakung,kanakung,kanakung,,function_word,PART/PRON/DET/PREP,closed_class; preserve_as_token,high,463,e maybug mipagyu king [kanakung] pusu Uling ing kanakung,Kept unsplit to avoid false affix boundaries in tokenizer training.
kap-morph-0032,literary,keng,keng,keng,keng,keng,,function_word,PART/PRON/DET/PREP,closed_class; preserve_as_token,high,453,maging bungsu ku ba [keng] akalagyu Nung inya king,Kept unsplit to avoid false affix boundaries in tokenizer training.
kap-morph-0033,literary,bang,bang,bang,bang,bang,,function_word,PART/PRON/DET/PREP,closed_class; preserve_as_token,high,451,kapayapan paka-samasan kung banten [Bang] gawan dang pyalimbawan ding,Kept unsplit to avoid false affix boundaries in tokenizer training.
kap-morph-0034,literary,naman,naman,nam,nam+an,nam | an,-an,suffixation,N/V,suffix=-an,medium,421,at mikakamale Daragul mu [naman] ing kapanayan na ning,Rule-based candidate from thesis affix inventory; review against native-speaker judgment/Forman or Del Corro lexicon for gold training.
kap-morph-0035,literary,ika,ika,ika,ika,ika,,function_word,PART/PRON/DET/PREP,closed_class; preserve_as_token,high,419,Inyang lusuban de pilming-pilming [Ika] ing awsan na Lagyu,Kept unsplit to avoid false affix boundaries in tokenizer training.
kap-morph-0036,literary,karela,karela,karela,karela,karela,,function_word,PART/PRON/DET/PREP,closed_class; preserve_as_token,high,407,lang sumuyung masolu Pablasang [karela] yang babie kuswelu Makarapat,Kept unsplit to avoid false affix boundaries in tokenizer training.
kap-morph-0037,literary,balayan,balayan,balay,balay+an,balay | an,-an,suffixation,N/V,suffix=-an,medium,406,masabal karing kawal ning [balayan] E malyaring managumpe e,Rule-based candidate from thesis affix inventory; review against native-speaker judgment/Forman or Del Corro lexicon for gold training.
kap-morph-0038,literary,inya,inya,inya,inya,inya,,function_word,PART/PRON/DET/PREP,closed_class; preserve_as_token,high,395,ba keng akalagyu Nung [inya] king kakung pamagsikap king,Kept unsplit to avoid false affix boundaries in tokenizer training.
kap-morph-0039,literary,ko,ko,ko,ko,ko,,function_word,PART/PRON/DET/PREP,closed_class; preserve_as_token,high,391,Writings Literary Writings DYOS [KO] NUKARIN KA Ketang misapwak,Kept unsplit to avoid false affix boundaries in tokenizer training.
kap-morph-0040,literary,dalan,dalan,dal,dal+an,dal | an,-an,suffixation,N/V,suffix=-an,medium,383,gulut ding paslit karing [dalan] ugse-ugse Mayntun putu king,Rule-based candidate from thesis affix inventory; review against native-speaker judgment/Forman or Del Corro lexicon for gold training.
kap-morph-0041,literary,de,de,de,de,de,,clitic_or_function,PART/PRON/DET/PREP,closed_class; preserve_as_token,high,358,nang atsi neng pakyalungan [de] Itang sagakgak da musika,Kept unsplit to avoid false affix boundaries in tokenizer training.
kap-morph-0042,literary,itang,itang,itang,itang,itang,,function_word,PART/PRON/DET/PREP,closed_class; preserve_as_token,high,348,ka keti king masala [itang] kakung Bungsu Itang kaligayan,Kept unsplit to avoid false affix boundaries in tokenizer training.
kap-morph-0043,literary,arapan,arapan,arap,arap+an,arap | an,-an,suffixation,N/V,suffix=-an,medium,335,akayantabe Atyu Ku king [arapan] da ring sisisi t,Rule-based candidate from thesis affix inventory; review against native-speaker judgment/Forman or Del Corro lexicon for gold training.
kap-morph-0044,literary,maguing,maguing,uing,mag+uing,mag | uing,mag-,prefixation,V/ADJ/N,prefix=mag-,medium,329,Inya ing buri kung [maguing] katambayan Malugud ya sana,Rule-based candidate from thesis affix inventory; review against native-speaker judgment/Forman or Del Corro lexicon for gold training.
kap-morph-0045,literary,kanita,kanita,kanita,kanita,kanita,,function_word,PART/PRON/DET/PREP,closed_class; preserve_as_token,high,328,Uling ing kanakung paninap [kanita] biglang mipaltutu A lalaki,Kept unsplit to avoid false affix boundaries in tokenizer training.
kap-morph-0046,literary,aku,aku,aku,aku,aku,,function_word,PART/PRON/DET/PREP,closed_class; preserve_as_token,high,320,ya at ketang dangalan [aku] ing tatanggap Dapot busal,Kept unsplit to avoid false affix boundaries in tokenizer training.
kap-morph-0047,literary,babai,babai,bai,ba~bai,ba~bai,ba~,reduplication,V/ADJ,reduplicated_cv=ba; aspect_or_intensification,medium,303,ing suagal alak at [babai] at pamanabusu King myaliwang,Rule-based candidate from thesis affix inventory; review against native-speaker judgment/Forman or Del Corro lexicon for gold training.
kap-morph-0048,literary,mabilug,mabilug,bilug,ma+bilug,ma | bilug,ma-,prefixation,V/ADJ/N,prefix=ma-,medium,289,Mesyas Ing kasalanan ning [Mabilug] a yatu meyatbus na,Rule-based candidate from thesis affix inventory; review against native-speaker judgment/Forman or Del Corro lexicon for gold training.
kap-morph-0049,literary,uli,uli,uli,uli,uli,,function_word,PART/PRON/DET/PREP,closed_class; preserve_as_token,high,284,ya miyablian daya King [uli] na ning kamasalan a,Kept unsplit to avoid false affix boundaries in tokenizer training.
kap-morph-0050,literary,pabustan,pabustan,bust,pa+bust+an,pa | bust | an,pa- + -an,circumfixation,N/V,circumfix=pa-...-an,medium,263,e mamagkanu Eta ya [pabustan] siran da terminu Ding,Rule-based candidate from thesis affix inventory; review against native-speaker judgment/Forman or Del Corro lexicon for gold training.
kap-morph-0051,literary,inyang,inyang,inyang,inyang,inyang,,function_word,PART/PRON/DET/PREP,closed_class; preserve_as_token,high,259,rugu ali Me segipan [Inyang] lusuban de pilming-pilming Ika,Kept unsplit to avoid false affix boundaries in tokenizer training.
kap-morph-0052,literary,nala,nala,nala,nala,nala,,clitic_or_function,PART/PRON/DET/PREP,closed_class; preserve_as_token,high,257,Ding taung menalbe mako [nala] naman Mapilan mung galo,Kept unsplit to avoid false affix boundaries in tokenizer training.
kap-morph-0053,literary,kapampangan,kapampangan,pampang,ka+pampang+an,ka | pampang | an,ka- + -an,circumfixation,N/V,circumfix=ka-...-an,medium,256,yang maglualu Inya anting [Kapampangan] ding asu nung nukarin,Rule-based candidate from thesis affix inventory; review against native-speaker judgment/Forman or Del Corro lexicon for gold training.
kap-morph-0054,literary,manibat,manibat,ibat,man+ibat,man | ibat,man-,prefixation,V/ADJ/N,prefix=man-,medium,253,adle Kalingwan ku wari [Manibat] kanitang paslit yang pelangga,Rule-based candidate from thesis affix inventory; review against native-speaker judgment/Forman or Del Corro lexicon for gold training.
kap-morph-0055,literary,kekayu,kekayu,kekayu,kekayu,kekayu,,function_word,PART/PRON/DET/PREP,closed_class; preserve_as_token,high,252,Miyatyat kung gamat mamili [kekayu] Ganakan yu sanang king,Kept unsplit to avoid false affix boundaries in tokenizer training.
kap-morph-0056,literary,babo,babo,babo,babo,babo,,function_word,PART/PRON/DET/PREP,closed_class; preserve_as_token,high,238,Mika-atin lang pisulwan king [babo] na ning lamesa Makanyan,Kept unsplit to avoid false affix boundaries in tokenizer training.
kap-morph-0057,literary,kayu,kayu,kayu,kayu,kayu,,function_word,PART/PRON/DET/PREP,closed_class; preserve_as_token,high,236,na ning balen Ume [kayu] keni o maldang memalen,Kept unsplit to avoid false affix boundaries in tokenizer training.
kap-morph-0058,literary,makanian,makanian,nian,maka+nian,maka | nian,maka-,prefixation,V/ADJ/N,prefix=maka-,medium,234,maglutu atyu keng mamangan [Makanian] ya ing bie kalupanga,Rule-based candidate from thesis affix inventory; review against native-speaker judgment/Forman or Del Corro lexicon for gold training.
kap-morph-0059,literary,ita,ita,ita,ita,ita,,function_word,PART/PRON/DET/PREP,closed_class; preserve_as_token,high,229,sabyan dang alang Dyos [ita] e mipasa A alang,Kept unsplit to avoid false affix boundaries in tokenizer training.
kap-morph-0060,literary,oini,oini,oini,oini,oini,,function_word,PART/PRON/DET/PREP,closed_class; preserve_as_token,high,229,kapampangan pigmalasakit ye kaya [Oini] pu ing kakung pluma,Kept unsplit to avoid false affix boundaries in tokenizer training.
kap-morph-0061,literary,ba,ba,ba,ba,ba,,function_word,PART/PRON/DET/PREP,closed_class; preserve_as_token,high,227,ing maging bungsu ku [ba] keng akalagyu Nung inya,Kept unsplit to avoid false affix boundaries in tokenizer training.
kap-morph-0062,literary,ibat,ibat,ibat,ibat,ibat,,function_word,PART/PRON/DET/PREP,closed_class; preserve_as_token,high,227,Bubusuk ya pa sang [ibat] king kawali Nung mitamban,Kept unsplit to avoid false affix boundaries in tokenizer training.
kap-morph-0063,literary,detang,detang,detang,detang,detang,,function_word,PART/PRON/DET/PREP,closed_class; preserve_as_token,high,214,muli karing kapatad na [Detang] deng maputla ala nang,Kept unsplit to avoid false affix boundaries in tokenizer training.
kap-morph-0064,literary,ketang,ketang,ketang,ketang,ketang,,function_word,PART/PRON/DET/PREP,closed_class; preserve_as_token,high,209,DYOS KO NUKARIN KA [Ketang] misapwak ka keti king,Kept unsplit to avoid false affix boundaries in tokenizer training.
kap-morph-0065,literary,sabian,sabian,sabi,sabi+an,sabi | an,-an,suffixation,N/V,suffix=-an,medium,208,Aping tinipa balu yeng [sabian] Ninu tai tang bayaning,Rule-based candidate from thesis affix inventory; review against native-speaker judgment/Forman or Del Corro lexicon for gold training.
kap-morph-0066,literary,marawak,marawak,rawak,ma+rawak,ma | rawak,ma-,prefixation,V/ADJ/N,prefix=ma-,medium,203,ing pamanabusu Ing sablang [marawak] A dapat ning tau,Rule-based candidate from thesis affix inventory; review against native-speaker judgment/Forman or Del Corro lexicon for gold training.
kap-morph-0067,literary,wari,wari,wari,wari,wari,,function_word,PART/PRON/DET/PREP,closed_class; preserve_as_token,high,188,mang adle Kalingwan ku [wari] Manibat kanitang paslit yang,Kept unsplit to avoid false affix boundaries in tokenizer training.
kap-morph-0068,literary,panaun,panaun,naun,pa+naun,pa | naun,pa-,prefixation,V/ADJ/N,prefix=pa-,medium,187,Sabi nang Tatang ku [Panaun] na bungsu Makyasawa na,Rule-based candidate from thesis affix inventory; review against native-speaker judgment/Forman or Del Corro lexicon for gold training.
kap-morph-0069,literary,matulid,matulid,tulid,ma+tulid,ma | tulid,ma-,prefixation,V/ADJ/N,prefix=ma-,medium,183,buyut King kayapan ing [matulid] ya ing papalto kung,Rule-based candidate from thesis affix inventory; review against native-speaker judgment/Forman or Del Corro lexicon for gold training.
kap-morph-0070,literary,ilang,ilang,ilang,ilang,ilang,,function_word,PART/PRON/DET/PREP,closed_class; preserve_as_token,high,182,nang tapat anggang wakas [ilang] mabye saksi A sibuburyan,Kept unsplit to avoid false affix boundaries in tokenizer training.
kap-morph-0071,literary,binie,binie,bie,b+in+ie,b | in | ie,-in-,infixation,V,infix=-in-; position=after_initial_consonant,medium,180,ku Ini nang upayang [binie] mu kanaku Tiru mung,Rule-based candidate from thesis affix inventory; review against native-speaker judgment/Forman or Del Corro lexicon for gold training.
kap-morph-0072,literary,dewakan,dewakan,dewak,dewak+an,dewak | an,-an,suffixation,N/V,suffix=-an,medium,179,Keang timpusan Inyang king [dewakan] Ume neng malumud ingmeto,Rule-based candidate from thesis affix inventory; review against native-speaker judgment/Forman or Del Corro lexicon for gold training.
kap-morph-0073,literary,libutad,libutad,libutad,libutad,libutad,,function_word,PART/PRON/DET/PREP,closed_class; preserve_as_token,high,179,kurus a iguguyud ku [libutad] ning dalan Tanda na,Kept unsplit to avoid false affix boundaries in tokenizer training.
kap-morph-0074,literary,kaya,kaya,kaya,kaya,kaya,,function_word,PART/PRON/DET/PREP,closed_class; preserve_as_token,high,178,kaluguran na a mituki [kaya] Dapot inya rugung parakit,Kept unsplit to avoid false affix boundaries in tokenizer training.
kap-morph-0075,literary,deng,deng,deng,deng,deng,,function_word,PART/PRON/DET/PREP,closed_class; preserve_as_token,high,175,karing kapatad na Detang [deng] maputla ala nang pangimut,Kept unsplit to avoid false affix boundaries in tokenizer training.
kap-morph-0076,literary,ini,ini,ini,ini,ini,,function_word,PART/PRON/DET/PREP,closed_class; preserve_as_token,high,160,O Perdiz paslamatan ku [Ini] nang upayang binie mu,Kept unsplit to avoid false affix boundaries in tokenizer training.
kap-morph-0077,literary,maragul,maragul,ragul,ma+ragul,ma | ragul,ma-,prefixation,V/ADJ/N,prefix=ma-,medium,159,magkwentu Minaus ya kanung [maragul] a pulung king keang,Rule-based candidate from thesis affix inventory; review against native-speaker judgment/Forman or Del Corro lexicon for gold training.
kap-morph-0078,literary,meguing,meguing,uing,meg+uing,meg | uing,meg-,prefixation,V/ADJ/N,prefix=meg-,medium,152,king gayut dang makailo [Meguing] supaping mekiapus king pangimut,Rule-based candidate from thesis affix inventory; review against native-speaker judgment/Forman or Del Corro lexicon for gold training.
kap-morph-0079,literary,kekeng,kekeng,keng,ke~keng,ke~keng,ke~,reduplication,V/ADJ,reduplicated_cv=ke; aspect_or_intensification,medium,149,Katambal ning leguan a [kekeng] kesale Inya ing buri,Rule-based candidate from thesis affix inventory; review against native-speaker judgment/Forman or Del Corro lexicon for gold training.
kap-morph-0080,literary,manuknangan,manuknangan,uknang,man+uknang+an,man | uknang | an,man-; -an,prefixation+suffixation,V/ADJ/N,prefix=man-; suffix=-an,medium,149,Eba ban Karin ke [manuknangan] Karing sabla-sablang mabie a,Rule-based candidate from thesis affix inventory; review against native-speaker judgment/Forman or Del Corro lexicon for gold training.
kap-morph-0081,literary,ining,ining,ining,ining,ining,,function_word,PART/PRON/DET/PREP,closed_class; preserve_as_token,high,145,ning maluka ming bye [Ining] keang koya t ding,Kept unsplit to avoid false affix boundaries in tokenizer training.
kap-morph-0082,literary,depatan,depatan,depat,depat+an,depat | an,-an,suffixation,N/V,suffix=-an,medium,143,alan neng ulaga King [depatan] nang maknayan ding taung,Rule-based candidate from thesis affix inventory; review against native-speaker judgment/Forman or Del Corro lexicon for gold training.
kap-morph-0083,religious,kapakaluluan,kapakaluluan,pakalulu,ka+pakalulu+an,ka | pakalulu | an,ka- + -an,circumfixation,N/V,circumfix=ka-...-an,medium,143,malating dili king anggang [kapakaluluan] at king anggang katutuan,Rule-based candidate from thesis affix inventory; review against native-speaker judgment/Forman or Del Corro lexicon for gold training.
kap-morph-0084,literary,daptan,daptan,dapt,dapt+an,dapt | an,-an,suffixation,N/V,suffix=-an,medium,138,Malyaring dakal pa ing [daptan] nang mayap lalama Mung,Rule-based candidate from thesis affix inventory; review against native-speaker judgment/Forman or Del Corro lexicon for gold training.
kap-morph-0085,literary,kanitang,kanitang,kanitang,kanitang,kanitang,,function_word,PART/PRON/DET/PREP,closed_class; preserve_as_token,high,132,Kalingwan ku wari Manibat [kanitang] paslit yang pelangga Angga,Kept unsplit to avoid false affix boundaries in tokenizer training.
kap-morph-0086,literary,purian,purian,puri,puri+an,puri | an,-an,suffixation,N/V,suffix=-an,medium,132,nang caring amanu mapinu [Purian] ne at paligayan ing,Rule-based candidate from thesis affix inventory; review against native-speaker judgment/Forman or Del Corro lexicon for gold training.
kap-morph-0087,literary,manatili,manatili,atili,man+atili,man | atili,man-,prefixation,V/ADJ/N,prefix=man-,medium,127,Turu Susulung at managumpe [manatili] mu ring bigu Ninu,Rule-based candidate from thesis affix inventory; review against native-speaker judgment/Forman or Del Corro lexicon for gold training.
kap-morph-0088,literary,laman,laman,lam,lam+an,lam | an,-an,suffixation,N/V,suffix=-an,medium,120,susuku king aus ning [laman] Ing kekang ligaya atyu,Rule-based candidate from thesis affix inventory; review against native-speaker judgment/Forman or Del Corro lexicon for gold training.
kap-morph-0089,literary,ampon,ampon,ampon,ampon,ampon,,function_word,PART/PRON/DET/PREP,closed_class; preserve_as_token,high,116,yamu kabud na magalang [ampon] maganaka Nune tau ya,Kept unsplit to avoid false affix boundaries in tokenizer training.
kap-morph-0090,literary,katuliran,katuliran,tulir,ka+tulir+an,ka | tulir | an,ka- + -an,circumfixation,N/V,circumfix=ka-...-an,medium,116,na king batas ning [katuliran] At ining taung dakilang,Rule-based candidate from thesis affix inventory; review against native-speaker judgment/Forman or Del Corro lexicon for gold training.
kap-morph-0091,literary,pasibayu,pasibayu,sibayu,pa+sibayu,pa | sibayu,pa-,prefixation,V/ADJ/N,prefix=pa-,medium,115,mate bait Mu ku [pasibayu] Dis l NUKARIN YA,Rule-based candidate from thesis affix inventory; review against native-speaker judgment/Forman or Del Corro lexicon for gold training.
kap-morph-0092,literary,marangle,marangle,rangle,ma+rangle,ma | rangle,ma-,prefixation,V/ADJ/N,prefix=ma-,medium,114,baryu Paraisa atin keng [marangle] Mananaman kaming miyaliwang gule,Rule-based candidate from thesis affix inventory; review against native-speaker judgment/Forman or Del Corro lexicon for gold training.
kap-morph-0093,literary,kautusan,kautusan,utus,ka+utus+an,ka | utus | an,ka- + -an,circumfixation,N/V,circumfix=ka-...-an,medium,112,kung kekeng gagalangan Ding [kautusan] na sinulat na no,Rule-based candidate from thesis affix inventory; review against native-speaker judgment/Forman or Del Corro lexicon for gold training.
kap-morph-0094,literary,lalam,lalam,lalam,lalam,lalam,,function_word,PART/PRON/DET/PREP,closed_class; preserve_as_token,high,111,tam u dulung king [lalam] ning yatu E tamu,Kept unsplit to avoid false affix boundaries in tokenizer training.
kap-morph-0095,literary,sikanan,sikanan,sikan,sikan+an,sikan | an,-an,suffixation,N/V,suffix=-an,medium,110,kekaming maluka at alang [sikanan] Kikyak ung justicia ing,Rule-based candidate from thesis affix inventory; review against native-speaker judgment/Forman or Del Corro lexicon for gold training.
kap-morph-0096,literary,laban,laban,lab,lab+an,lab | an,-an,suffixation,N/V,suffix=-an,medium,106,Ba na kung ingatan [laban] kang Satanas E na,Rule-based candidate from thesis affix inventory; review against native-speaker judgment/Forman or Del Corro lexicon for gold training.
kap-morph-0097,religious,panuanan,panuanan,nuan,pa+nuan+an,pa | nuan | an,pa- + -an,circumfixation,N/V,circumfix=pa-...-an,medium,106,a bansa at ika [panuanan] daka at paragulan ku,Rule-based candidate from thesis affix inventory; review against native-speaker judgment/Forman or Del Corro lexicon for gold training.
kap-morph-0098,literary,binili,binili,bili,b+in+ili,b | in | ili,-in-,infixation,V,infix=-in-; position=after_initial_consonant,medium,105,milayi yang bigla Kabud [binili] ke dimdam kung mewala,Rule-based candidate from thesis affix inventory; review against native-speaker judgment/Forman or Del Corro lexicon for gold training.
kap-morph-0099,literary,dinatang,dinatang,datang,d+in+atang,d | in | atang,-in-,infixation,V,infix=-in-; position=after_initial_consonant,medium,102,pang ali na ku [dinatang] arap yu Kapamu Ninu,Rule-based candidate from thesis affix inventory; review against native-speaker judgment/Forman or Del Corro lexicon for gold training.
kap-morph-0100,literary,ingatan,ingatan,ngat,i+ngat+an,i | ngat | an,i-; -an,prefixation+suffixation,V/ADJ/N,prefix=i-; suffix=-an,medium,102,bante Ba na kung [ingatan] laban kang Satanas E,Rule-based candidate from thesis affix inventory; review against native-speaker judgment/Forman or Del Corro lexicon for gold training.
kap-morph-0101,literary,tuntunan,tuntunan,tuntun,tuntun+an,tuntun | an,-an,suffixation,N/V,suffix=-an,medium,102,bye mangisnawa Maki-gulis yang [tuntunan] Balang tau tin yang,Rule-based candidate from thesis affix inventory; review against native-speaker judgment/Forman or Del Corro lexicon for gold training.
kap-morph-0102,literary,kawan,kawan,kaw,kaw+an,kaw | an,-an,suffixation,N/V,suffix=-an,medium,99,baryu Paraisa Atin kaming [kawan] king berding taldawa Manese,Rule-based candidate from thesis affix inventory; review against native-speaker judgment/Forman or Del Corro lexicon for gold training.
kap-morph-0103,literary,panalangin,panalangin,alangin,pan+alangin,pan | alangin,pan-,prefixation,V/ADJ/N,prefix=pan-,medium,99,mirina nang Wakas Pebrero [PANALANGIN] Soneto Asyano Ibpa king,Rule-based candidate from thesis affix inventory; review against native-speaker judgment/Forman or Del Corro lexicon for gold training.
kap-morph-0104,literary,makananu,makananu,nanu,maka+nanu,maka | nanu,maka-,prefixation,V/ADJ/N,prefix=maka-,medium,98,atyu king yatu Nung [makananu] rong ayuli Impyernus ding,Rule-based candidate from thesis affix inventory; review against native-speaker judgment/Forman or Del Corro lexicon for gold training.
kap-morph-0105,literary,ikong,ikong,ikong,ikong,ikong,,function_word,PART/PRON/DET/PREP,closed_class; preserve_as_token,high,94,Pasku maygit ming buburyan [Ikong] pengarimi at ikong tegawan,Kept unsplit to avoid false affix boundaries in tokenizer training.
kap-morph-0106,religious,kapurian,kapurian,puri,ka+puri+an,ka | puri | an,ka- + -an,circumfixation,N/V,circumfix=ka-...-an,medium,94,Deuteronomy Ya ing kekang [kapurian] at ya ing kekang,Rule-based candidate from thesis affix inventory; review against native-speaker judgment/Forman or Del Corro lexicon for gold training.
kap-morph-0107,literary,inia,inia,inia,inia,inia,,function_word,PART/PRON/DET/PREP,closed_class; preserve_as_token,high,93,watas mipabustan lang makanian [Inia] oyan Kapampangan oyan ing,Kept unsplit to avoid false affix boundaries in tokenizer training.
kap-morph-0108,literary,kasalanan,kasalanan,salan,ka+salan+an,ka | salan | an,ka- + -an,circumfixation,N/V,circumfix=ka-...-an,medium,93,Paparusan Mu ko king [kasalanan] kung tutu nang mabayat,Rule-based candidate from thesis affix inventory; review against native-speaker judgment/Forman or Del Corro lexicon for gold training.
kap-morph-0109,literary,makanyan,makanyan,nyan,maka+nyan,maka | nyan,maka-,prefixation,V/ADJ/N,prefix=maka-,medium,92,ing kayanakan na mesayang [makanyan] Dyos ko Nukarin Ka,Rule-based candidate from thesis affix inventory; review against native-speaker judgment/Forman or Del Corro lexicon for gold training.
kap-morph-0110,literary,pamangan,pamangan,mang,pa+mang+an,pa | mang | an,pa- + -an,circumfixation,N/V,circumfix=pa-...-an,medium,92,kekeng bale dakal ing [pamangan] Hamun prutas kesu kalame,Rule-based candidate from thesis affix inventory; review against native-speaker judgment/Forman or Del Corro lexicon for gold training.
kap-morph-0111,literary,kaligtasan,kaligtasan,ligtas,ka+ligtas+an,ka | ligtas | an,ka- + -an,circumfixation,N/V,circumfix=ka-...-an,medium,91,da na ping ating [kaligtasan] At tutung ating Dyos,Rule-based candidate from thesis affix inventory; review against native-speaker judgment/Forman or Del Corro lexicon for gold training.
kap-morph-0112,literary,kamatayan,kamatayan,matay,ka+matay+an,ka | matay | an,ka- + -an,circumfixation,N/V,circumfix=ka-...-an,medium,90,na nya sigmit Aring [Kamatayan] At e ku atagal,Rule-based candidate from thesis affix inventory; review against native-speaker judgment/Forman or Del Corro lexicon for gold training.
kap-morph-0113,literary,kinua,kinua,kua,k+in+ua,k | in | ua,-in-,infixation,V,infix=-in-; position=after_initial_consonant,medium,90,sebat da ding Tulisan [Kinua] do ding kayang pera,Rule-based candidate from thesis affix inventory; review against native-speaker judgment/Forman or Del Corro lexicon for gold training.
kap-morph-0114,literary,mangatua,mangatua,atua,mang+atua,mang | atua,mang-,prefixation,V/ADJ/N,prefix=mang-,medium,90,Ing sabi ra reng [mangatua] ing bie anti yang,Rule-based candidate from thesis affix inventory; review against native-speaker judgment/Forman or Del Corro lexicon for gold training.
kap-morph-0115,literary,pakiramdaman,pakiramdaman,kiramdam,pa+kiramdam+an,pa | kiramdam | an,pa- + -an,circumfixation,N/V,circumfix=pa-...-an,medium,90,pamitipun dang miminum magsaya [Pakiramdaman] yong maglabit mangaya Ere,Rule-based candidate from thesis affix inventory; review against native-speaker judgment/Forman or Del Corro lexicon for gold training.
kap-morph-0116,literary,karetang,karetang,karetang,karetang,karetang,,function_word,PART/PRON/DET/PREP,closed_class; preserve_as_token,high,89,Saresa matbud yang talaga [Karetang] mumukyat a pabisu-bisu Dakal,Kept unsplit to avoid false affix boundaries in tokenizer training.
kap-morph-0117,literary,bulan,bulan,bul,bul+an,bul | an,-an,suffixation,N/V,suffix=-an,medium,85,At ing manigning a [bulan] Anti la waring brilyanting,Rule-based candidate from thesis affix inventory; review against native-speaker judgment/Forman or Del Corro lexicon for gold training.
kap-morph-0118,literary,kaniti,kaniti,kaniti,kaniti,kaniti,,function_word,PART/PRON/DET/PREP,closed_class; preserve_as_token,high,85,Keka Agyang mabayat pa [kaniti] ing kaku myuman Mung,Kept unsplit to avoid false affix boundaries in tokenizer training.
kap-morph-0119,literary,misan,misan,mis,mis+an,mis | an,-an,suffixation,N/V,suffix=-an,medium,85,bie kalupanga lelangan Nung [misan] atyu ya king pait,Rule-based candidate from thesis affix inventory; review against native-speaker judgment/Forman or Del Corro lexicon for gold training.
kap-morph-0120,literary,wanan,wanan,wan,wan+an,wan | an,-an,suffixation,N/V,suffix=-an,medium,85,kaniting saguli Magbanda kung [wanan] kaibat banding kaili Damdam,Rule-based candidate from thesis affix inventory; review against native-speaker judgment/Forman or Del Corro lexicon for gold training.
kap-morph-0121,literary,malyari,malyari,lyari,ma+lyari,ma | lyari,ma-,prefixation,V/ADJ/N,prefix=ma-,medium,83,Bakit ila ila maralas [malyari] Mipapanyingo la at mipapagsist,Rule-based candidate from thesis affix inventory; review against native-speaker judgment/Forman or Del Corro lexicon for gold training.
kap-morph-0122,religious,pamamilatan,pamamilatan,mamilat,pa+mamilat+an,pa | mamilat | an,pa- + -an,circumfixation,N/V,circumfix=pa-...-an,medium,83,mitmu king pamisasalangsangan king [pamamilatan] da at oini aku,Rule-based candidate from thesis affix inventory; review against native-speaker judgment/Forman or Del Corro lexicon for gold training.
kap-morph-0123,literary,pekapun,pekapun,kapun,pe+kapun,pe | kapun,pe-,prefixation,V/ADJ/N,prefix=pe-,medium,82,Nitang Mayupaya ing maguing [pekapun] At duku ngan keka,Rule-based candidate from thesis affix inventory; review against native-speaker judgment/Forman or Del Corro lexicon for gold training.
kap-morph-0124,literary,pitung,pitung,tung,pi+tung,pi | tung,pi-,prefixation,V/ADJ/N,prefix=pi-,medium,81,bilus nang danum karing [pitung] ilug ya ing meging,Rule-based candidate from thesis affix inventory; review against native-speaker judgment/Forman or Del Corro lexicon for gold training.
kap-morph-0125,literary,tutu,tutu,tu,tu~tu,tu~tu,tu~,reduplication,V/ADJ,reduplicated_cv=tu; aspect_or_intensification,medium,80,ko king kasalanan kung [tutu] nang mabayat O e,Rule-based candidate from thesis affix inventory; review against native-speaker judgment/Forman or Del Corro lexicon for gold training.
kap-morph-0126,literary,kayanakan,kayanakan,yanak,ka+yanak+an,ka | yanak | an,ka- + -an,circumfixation,N/V,circumfix=ka-...-an,medium,79,Bakit kaya Ibpa ing [kayanakan] na mesayang makanyan Dyos,Rule-based candidate from thesis affix inventory; review against native-speaker judgment/Forman or Del Corro lexicon for gold training.
kap-morph-0127,literary,lalaking,lalaking,laking,la~laking,la~laking,la~,reduplication,V/ADJ,reduplicated_cv=la; aspect_or_intensification,medium,78,Agyang ninu ya pang [lalaking] matapang ketang keang iki,Rule-based candidate from thesis affix inventory; review against native-speaker judgment/Forman or Del Corro lexicon for gold training.
kap-morph-0128,literary,kaluguran,kaluguran,lugur,ka+lugur+an,ka | lugur | an,ka- + -an,circumfixation,N/V,circumfix=ka-...-an,medium,77,karing keang labi Ding [kaluguran] nang tapat anggang wakas,Rule-based candidate from thesis affix inventory; review against native-speaker judgment/Forman or Del Corro lexicon for gold training.
kap-morph-0129,literary,pablasang,pablasang,blasang,pa+blasang,pa | blasang,pa-,prefixation,V/ADJ/N,prefix=pa-,medium,77,karing dsutung a mamunga [Pablasang] ala kung kanglap a,Rule-based candidate from thesis affix inventory; review against native-speaker judgment/Forman or Del Corro lexicon for gold training.
kap-morph-0130,literary,sisuan,sisuan,sisu,sisu+an,sisu | an,-an,suffixation,N/V,suffix=-an,medium,77,Bat ing amanu rang [sisuan] mapapatad ya inawa Makanano,Rule-based candidate from thesis affix inventory; review against native-speaker judgment/Forman or Del Corro lexicon for gold training.
kap-morph-0131,literary,tatakut,tatakut,takut,ta~takut,ta~takut,ta~,reduplication,V/ADJ,reduplicated_cv=ta; aspect_or_intensification,medium,76,at tumulad Karing e [tatakut] mikalipak palad At ika,Rule-based candidate from thesis affix inventory; review against native-speaker judgment/Forman or Del Corro lexicon for gold training.
kap-morph-0132,religious,tipan,tipan,tip,tip+an,tip | an,-an,suffixation,N/V,suffix=-an,medium,76,Dapot italakad ku ing [tipan] ku keka at lungub,Rule-based candidate from thesis affix inventory; review against native-speaker judgment/Forman or Del Corro lexicon for gold training.
kap-morph-0133,literary,ikang,ikang,ikang,ikang,ikang,,function_word,PART/PRON/DET/PREP,closed_class; preserve_as_token,high,75,o maslag a birhen [Ikang] maguing Reyna na ning,Kept unsplit to avoid false affix boundaries in tokenizer training.
kap-morph-0134,literary,katutuan,katutuan,tutu,ka+tutu+an,ka | tutu | an,ka- + -an,circumfixation,N/V,circumfix=ka-...-an,medium,75,eku balu Kasi ing [katutuan] na nini ala na,Rule-based candidate from thesis affix inventory; review against native-speaker judgment/Forman or Del Corro lexicon for gold training.
kap-morph-0135,literary,malyaring,malyaring,lyaring,ma+lyaring,ma | lyaring,ma-,prefixation,V/ADJ/N,prefix=ma-,medium,75,ing kumaba ya bye [Malyaring] dakal pa ing daptan,Rule-based candidate from thesis affix inventory; review against native-speaker judgment/Forman or Del Corro lexicon for gold training.
kap-morph-0136,literary,tinape,tinape,tape,t+in+ape,t | in | ape,-in-,infixation,V,infix=-in-; position=after_initial_consonant,medium,74,ne E mu king [tinape] karing ya mabibye ing,Rule-based candidate from thesis affix inventory; review against native-speaker judgment/Forman or Del Corro lexicon for gold training.
kap-morph-0137,literary,maiguit,maiguit,iguit,ma+iguit,ma | iguit,ma-,prefixation,V/ADJ/N,prefix=ma-,medium,73,ne katawan Pabulan na [maiguit] ing eya mamangan Antimong,Rule-based candidate from thesis affix inventory; review against native-speaker judgment/Forman or Del Corro lexicon for gold training.
kap-morph-0138,literary,magkang,magkang,kang,mag+kang,mag | kang,mag-,prefixation,V/ADJ/N,prefix=mag-,medium,71,e la mika karatunan [Magkang] pota matuktuk la king,Rule-based candidate from thesis affix inventory; review against native-speaker judgment/Forman or Del Corro lexicon for gold training.
kap-morph-0139,literary,pasbul,pasbul,sbul,pa+sbul,pa | sbul,pa-,prefixation,V/ADJ/N,prefix=pa-,medium,70,Ya y Kristo king [pasbul] ning Templo king ba,Rule-based candidate from thesis affix inventory; review against native-speaker judgment/Forman or Del Corro lexicon for gold training.
kap-morph-0140,literary,sasabian,sasabian,sabi,sa~sabi+an,sa~sabi | an,sa~; -an,reduplication+suffixation,V/ADJ,reduplicated_cv=sa; aspect_or_intensification; suffix=-an,medium,70,yu king amanung kapampangan [Sasabian] da ding aliwa king,Rule-based candidate from thesis affix inventory; review against native-speaker judgment/Forman or Del Corro lexicon for gold training.
kap-morph-0141,literary,gawan,gawan,gaw,gaw+an,gaw | an,-an,suffixation,N/V,suffix=-an,medium,69,diling parusa kung adwabm [Gawan] Mung basura ing kakung,Rule-based candidate from thesis affix inventory; review against native-speaker judgment/Forman or Del Corro lexicon for gold training.
kap-morph-0142,literary,maniabi,maniabi,iabi,man+iabi,man | iabi,man-,prefixation,V/ADJ/N,prefix=man-,medium,69,ding kayanakan matalustus lang [maniabi] king salitang aguisingan at,Rule-based candidate from thesis affix inventory; review against native-speaker judgment/Forman or Del Corro lexicon for gold training.
kap-morph-0143,literary,sinta,sinta,sta,s+in+ta,s | in | ta,-in-,infixation,V,infix=-in-; position=after_initial_consonant,medium,69,lakwan mu ku man [sinta] mako kang pakakalale E,Rule-based candidate from thesis affix inventory; review against native-speaker judgment/Forman or Del Corro lexicon for gold training.
kap-morph-0144,literary,dinan,dinan,dan,d+in+an,d | in | an,-in-,infixation,V,infix=-in-; position=after_initial_consonant,medium,68,UBINGAN Nung ing Guinu [dinan] na keng peka-Eden ming,Rule-based candidate from thesis affix inventory; review against native-speaker judgment/Forman or Del Corro lexicon for gold training.
kap-morph-0145,literary,miniabi,miniabi,miabi,m+in+iabi,m | in | iabi,-in-,infixation,V,infix=-in-; position=after_initial_consonant,medium,66,Concepcion o Bamban Nganang [miniabi] ning Matua Nung Capas,Rule-based candidate from thesis affix inventory; review against native-speaker judgment/Forman or Del Corro lexicon for gold training.
kap-morph-0146,literary,linual,linual,lual,l+in+ual,l | in | ual,-in-,infixation,V,infix=-in-; position=after_initial_consonant,medium,64,Miercules bengi pa naman [Linual] cu qng I Susulapo,Rule-based candidate from thesis affix inventory; review against native-speaker judgment/Forman or Del Corro lexicon for gold training.
kap-morph-0147,literary,pasalamat,pasalamat,salamat,pa+salamat,pa | salamat,pa-,prefixation,V/ADJ/N,prefix=pa-,medium,64,kebaytan Ban myuman kung [pasalamat] meging anak da ka,Rule-based candidate from thesis affix inventory; review against native-speaker judgment/Forman or Del Corro lexicon for gold training.
kap-morph-0148,religious,pasbulan,pasbulan,sbul,pa+sbul+an,pa | sbul | an,pa- + -an,circumfixation,N/V,circumfix=pa-...-an,medium,64,ding sablang lulual king [pasbulan] ning karelang ciudad Genesis,Rule-based candidate from thesis affix inventory; review against native-speaker judgment/Forman or Del Corro lexicon for gold training.
kap-morph-0149,literary,babaing,babaing,baing,ba~baing,ba~baing,ba~,reduplication,V/ADJ,reduplicated_cv=ba; aspect_or_intensification,medium,63,ke ing Virgen karetang [babaing] iyas ding tuknangan Ikit,Rule-based candidate from thesis affix inventory; review against native-speaker judgment/Forman or Del Corro lexicon for gold training.
kap-morph-0150,literary,kabaldugan,kabaldugan,baldug,ka+baldug+an,ka | baldug | an,ka- + -an,circumfixation,N/V,circumfix=ka-...-an,medium,63,ing sablang yan alang [kabaldugan] Uling e kayabe karing,Rule-based candidate from thesis affix inventory; review against native-speaker judgment/Forman or Del Corro lexicon for gold training.
kap-morph-0151,literary,mangan,mangan,ngan,ma+ngan,ma | ngan,ma-,prefixation,V/ADJ/N,prefix=ma-,medium,63,a mu ba lang [mangan] asan detang pamilya ta,Rule-based candidate from thesis affix inventory; review against native-speaker judgment/Forman or Del Corro lexicon for gold training.
kap-morph-0152,literary,nangan,nangan,nang,nang+an,nang | an,-an,suffixation,N/V,suffix=-an,medium,63,king yatu Ngening kaku [nangan] ing leguan at banglu,Rule-based candidate from thesis affix inventory; review against native-speaker judgment/Forman or Del Corro lexicon for gold training.
kap-morph-0153,literary,binang,binang,bang,b+in+ang,b | in | ang,-in-,infixation,V,infix=-in-; position=after_initial_consonant,medium,61,ing Salita E re [binang] papayakmul ing lengguahi rang,Rule-based candidate from thesis affix inventory; review against native-speaker judgment/Forman or Del Corro lexicon for gold training.
kap-morph-0154,literary,dinalan,dinalan,dalan,d+in+alan,d | in | alan,-in-,infixation,V,infix=-in-; position=after_initial_consonant,medium,61,keang atap maygit lang [dinalan] Kng Tibagin nung nu,Rule-based candidate from thesis affix inventory; review against native-speaker judgment/Forman or Del Corro lexicon for gold training.
kap-morph-0155,literary,canaan,canaan,cana,cana+an,cana | an,-an,suffixation,N/V,suffix=-an,medium,60,Joshua bayu la mine [Canaan] bebe ilug mitipun la,Rule-based candidate from thesis affix inventory; review against native-speaker judgment/Forman or Del Corro lexicon for gold training.
kap-morph-0156,religious,pekabuntuk,pekabuntuk,kabuntuk,pe+kabuntuk,pe | kabuntuk,pe-,prefixation,V/ADJ/N,prefix=pe-,medium,60,Core Genesis Deti ilang [pekabuntuk] karing anak nang Esau,Rule-based candidate from thesis affix inventory; review against native-speaker judgment/Forman or Del Corro lexicon for gold training.
kap-morph-0157,literary,larawan,larawan,laraw,laraw+an,laraw | an,-an,suffixation,N/V,suffix=-an,medium,59,ya t maging baintaung [larawan] ning tula I Robin,Rule-based candidate from thesis affix inventory; review against native-speaker judgment/Forman or Del Corro lexicon for gold training.
kap-morph-0158,literary,maging,maging,ging,ma+ging,ma | ging,ma-,prefixation,V/ADJ/N,prefix=ma-,medium,59,lalaki ya sa ing [maging] bungsu ku ba keng,Rule-based candidate from thesis affix inventory; review against native-speaker judgment/Forman or Del Corro lexicon for gold training.
kap-morph-0159,literary,menuknangan,menuknangan,uknang,men+uknang+an,men | uknang | an,men-; -an,prefixation+suffixation,V/ADJ/N,prefix=men-; suffix=-an,medium,58,lugal linibad Minta at [menuknangan] aliuang labuad Dapot queng,Rule-based candidate from thesis affix inventory; review against native-speaker judgment/Forman or Del Corro lexicon for gold training.
kap-morph-0160,literary,pibandian,pibandian,bandi,pi+bandi+an,pi | bandi | an,pi-; -an,prefixation+suffixation,V/ADJ/N,prefix=pi-; suffix=-an,medium,58,ikua tar in mekapikit [Pibandian] lang ingatan ku ding,Rule-based candidate from thesis affix inventory; review against native-speaker judgment/Forman or Del Corro lexicon for gold training.
kap-morph-0161,religious,pagamuamu,pagamuamu,gamuamu,pa+gamuamu,pa | gamuamu,pa-,prefixation,V/ADJ/N,prefix=pa-,medium,57,mu Genesis Ngeni pin [pagamuamu] ku keka sabian mu,Rule-based candidate from thesis affix inventory; review against native-speaker judgment/Forman or Del Corro lexicon for gold training.
kap-morph-0162,literary,kapayapan,kapayapan,payap,ka+payap+an,ka | payap | an,ka- + -an,circumfixation,N/V,circumfix=ka-...-an,medium,56,pakamal Ipanalangin mung Mika [kapayapan] mabiluig a yatu Ing,Rule-based candidate from thesis affix inventory; review against native-speaker judgment/Forman or Del Corro lexicon for gold training.
kap-morph-0163,religious,makapatulug,makapatulug,tulug,makapa+tulug,makapa | tulug,makapa-,prefixation,V/ADJ/N,prefix=makapa-,medium,56,Pison iti ya ing [makapatulug] king mabilug nang gabun,Rule-based candidate from thesis affix inventory; review against native-speaker judgment/Forman or Del Corro lexicon for gold training.
kap-morph-0164,literary,tinalakad,tinalakad,talakad,t+in+alakad,t | in | alakad,-in-,infixation,V,infix=-in-; position=after_initial_consonant,medium,56,yang sukat mangan nganang [tinalakad] At karing dalaga alang,Rule-based candidate from thesis affix inventory; review against native-speaker judgment/Forman or Del Corro lexicon for gold training.
kap-morph-0165,literary,manaya,manaya,naya,ma+naya,ma | naya,ma-,prefixation,V/ADJ/N,prefix=ma-,medium,55,kanu ketang salilungan Kabang [manaya] yang saken a pauli,Rule-based candidate from thesis affix inventory; review against native-speaker judgment/Forman or Del Corro lexicon for gold training.
kap-morph-0166,literary,marayu,marayu,rayu,ma+rayu,ma | rayu,ma-,prefixation,V/ADJ/N,prefix=ma-,medium,55,bining mrnibat pamu king [marayu] King Modernung Jardin Karin,Rule-based candidate from thesis affix inventory; review against native-speaker judgment/Forman or Del Corro lexicon for gold training.
kap-morph-0167,literary,pangane,pangane,gane,pan+gane,pan | gane,pan-,prefixation,V/ADJ/N,prefix=pan-,medium,55,aldo nang mayubu Nitang [pangane] nang mag-aral Inyeru Eta,Rule-based candidate from thesis affix inventory; review against native-speaker judgment/Forman or Del Corro lexicon for gold training.
kap-morph-0168,literary,tumula,tumula,tula,t+um+ula,t | um | ula,-um-,infixation,V,infix=-um-; position=after_initial_consonant,medium,54,king ba t yang [tumula] king tula ning Ginu,Rule-based candidate from thesis affix inventory; review against native-speaker judgment/Forman or Del Corro lexicon for gold training.
kap-morph-0169,religious,bandian,bandian,bandi,bandi+an,bandi | an,-an,suffixation,N/V,suffix=-an,medium,53,metung a kutkutan a [bandian] kung kayabe yu bang,Rule-based candidate from thesis affix inventory; review against native-speaker judgment/Forman or Del Corro lexicon for gold training.
kap-morph-0170,literary,dinapat,dinapat,dapat,d+in+apat,d | in | apat,-in-,infixation,V,infix=-in-; position=after_initial_consonant,medium,53,Kaybat neng piglwalu ing [dinapat] sala Ing talapaglwalu minusuk,Rule-based candidate from thesis affix inventory; review against native-speaker judgment/Forman or Del Corro lexicon for gold training.
kap-morph-0171,literary,makapagmulala,makapagmulala,mulala,makapag+mulala,makapag | mulala,makapag-,prefixation,V/ADJ/N,prefix=makapag-,medium,53,ing kalma Nang ibye [Makapagmulala] Uling ing karug a,Rule-based candidate from thesis affix inventory; review against native-speaker judgment/Forman or Del Corro lexicon for gold training.
kap-morph-0172,religious,tuparan,tuparan,tupar,tupar+an,tupar | an,-an,suffixation,N/V,suffix=-an,medium,53,Abraham At dikil keka [tuparan] mu ing tipan ku,Rule-based candidate from thesis affix inventory; review against native-speaker judgment/Forman or Del Corro lexicon for gold training.
kap-morph-0173,literary,angganan,angganan,anggan,anggan+an,anggan | an,-an,suffixation,N/V,suffix=-an,medium,52,ku pamu diryan nang [angganan] Nung babawal na ku,Rule-based candidate from thesis affix inventory; review against native-speaker judgment/Forman or Del Corro lexicon for gold training.
kap-morph-0174,literary,kasakitan,kasakitan,sakit,ka+sakit+an,ka | sakit | an,ka- + -an,circumfixation,N/V,circumfix=ka-...-an,medium,52,karetang makapibabata king bye [kasakitan] Ikit ke karetang malinis,Rule-based candidate from thesis affix inventory; review against native-speaker judgment/Forman or Del Corro lexicon for gold training.
kap-morph-0175,literary,malagu,malagu,lagu,ma+lagu,ma | lagu,ma-,prefixation,V/ADJ/N,prefix=ma-,medium,52,at makyutus Karing maganakang [malagu] pangilus At ika dalagang,Rule-based candidate from thesis affix inventory; review against native-speaker judgment/Forman or Del Corro lexicon for gold training.
kap-morph-0176,literary,minuna,minuna,muna,m+in+una,m | in | una,-in-,infixation,V,infix=-in-; position=after_initial_consonant,medium,52,banwa Akung kekang Bungsung [Minuna] na keni ing sagana,Rule-based candidate from thesis affix inventory; review against native-speaker judgment/Forman or Del Corro lexicon for gold training.
kap-morph-0177,literary,linub,linub,lub,l+in+ub,l | in | ub,-in-,infixation,V,infix=-in-; position=after_initial_consonant,medium,51,bisa kang papalto magbanal-banalan [Linub] kang cursillo ban mitub,Rule-based candidate from thesis affix inventory; review against native-speaker judgment/Forman or Del Corro lexicon for gold training.
kap-morph-0178,literary,malugud,malugud,lugud,ma+lugud,ma | lugud,ma-,prefixation,V/ADJ/N,prefix=ma-,medium,51,miyarap Masuyu ya ampon [malugud] pengari nya keang pigagap,Rule-based candidate from thesis affix inventory; review against native-speaker judgment/Forman or Del Corro lexicon for gold training.
kap-morph-0179,religious,manalig,manalig,alig,man+alig,man | alig,man-,prefixation,V/ADJ/N,prefix=man-,medium,51,ku king Santisima Trinidad [Manalig] ku king Santisima Trinidad,Rule-based candidate from thesis affix inventory; review against native-speaker judgment/Forman or Del Corro lexicon for gold training.
kap-morph-0180,literary,dininan,dininan,dinan,d+in+inan,d | in | inan,-in-,infixation,V,infix=-in-; position=after_initial_consonant,medium,50,reng pera Saka ne [dininan] adwang tya-singkwenta Kalako nang,Rule-based candidate from thesis affix inventory; review against native-speaker judgment/Forman or Del Corro lexicon for gold training.
kap-morph-0181,literary,jordan,jordan,jord,jord+an,jord | an,-an,suffixation,N/V,suffix=-an,medium,50,nune king ilug ning [Jordan] ban pabinyag king Minyaklung,Rule-based candidate from thesis affix inventory; review against native-speaker judgment/Forman or Del Corro lexicon for gold training.
kap-morph-0182,literary,masikan,masikan,sikan,ma+sikan,ma | sikan,ma-,prefixation,V/ADJ/N,prefix=ma-,medium,50,ala yang patugut sasapul [masikan] Ing bilus nang danum,Rule-based candidate from thesis affix inventory; review against native-speaker judgment/Forman or Del Corro lexicon for gold training.
kap-morph-0183,literary,paninap,paninap,inap,pan+inap,pan | inap,pan-,prefixation,V/ADJ/N,prefix=pan-,medium,50,pusu Uling ing kanakung [paninap] kanita biglang mipaltutu A,Rule-based candidate from thesis affix inventory; review against native-speaker judgment/Forman or Del Corro lexicon for gold training.
kap-morph-0184,literary,tanaman,tanaman,tanam,tanam+an,tanam | an,-an,suffixation,N/V,suffix=-an,medium,50,na ING SALA Dening [tanaman] ku apansinan ku la,Rule-based candidate from thesis affix inventory; review against native-speaker judgment/Forman or Del Corro lexicon for gold training.
kap-morph-0185,literary,manakit,manakit,akit,man+akit,man | akit,man-,prefixation,V/ADJ/N,prefix=man-,medium,49,Mayupang Dyos a bukud [manakit] king sablang kakutuwan Ika,Rule-based candidate from thesis affix inventory; review against native-speaker judgment/Forman or Del Corro lexicon for gold training.
kap-morph-0186,religious,bunduk-bundukan,bunduk-bundukan,bunduk-bunduk,bunduk-bunduk+an,bunduk-bunduk | an,-an,suffixation,N/V,suffix=-an,medium,48,kayu king karinan a [bunduk-bundukan] ding Amoreos at karing,Rule-based candidate from thesis affix inventory; review against native-speaker judgment/Forman or Del Corro lexicon for gold training.
kap-morph-0187,literary,damdaman,damdaman,damdam,damdam+an,damdam | an,-an,suffixation,N/V,suffix=-an,medium,48,a mamangan Ba rang [damdaman] ing kabsi mangatmu la,Rule-based candidate from thesis affix inventory; review against native-speaker judgment/Forman or Del Corro lexicon for gold training.
kap-morph-0188,literary,lawan,lawan,law,law+an,law | an,-an,suffixation,N/V,suffix=-an,medium,48,Ing paligid mung masaya [Lawan] mu ing sarili mu,Rule-based candidate from thesis affix inventory; review against native-speaker judgment/Forman or Del Corro lexicon for gold training.
kap-morph-0189,literary,ninumang,ninumang,numang,n+in+umang,n | in | umang,-in-,infixation,V,infix=-in-; position=after_initial_consonant,medium,48,maintang a mulat Ing [ninumang] taumapyalung ya balat Ing,Rule-based candidate from thesis affix inventory; review against native-speaker judgment/Forman or Del Corro lexicon for gold training.
kap-morph-0190,literary,gagawan,gagawan,gawan,ga~gawan,ga~gawan,ga~,reduplication,V/ADJ,reduplicated_cv=ga; aspect_or_intensification,medium,47,Mayap a e ku [gagawan] king kamalyan malilyari Makilulu,Rule-based candidate from thesis affix inventory; review against native-speaker judgment/Forman or Del Corro lexicon for gold training.
kap-morph-0191,literary,mangaragul,mangaragul,aragul,mang+aragul,mang | aragul,mang-,prefixation,V/ADJ/N,prefix=mang-,medium,47,nang d tung carin [mangaragul] la l kib cat,Rule-based candidate from thesis affix inventory; review against native-speaker judgment/Forman or Del Corro lexicon for gold training.
kap-morph-0192,literary,menganak,menganak,anak,meng+anak,meng | anak,meng-,prefixation,V/ADJ/N,prefix=meng-,medium,47,sangkan ku nyang daralawan [menganak] a kapatad ku layun,Rule-based candidate from thesis affix inventory; review against native-speaker judgment/Forman or Del Corro lexicon for gold training.
kap-morph-0193,literary,penganak,penganak,nganak,pe+nganak,pe | nganak,pe-,prefixation,V/ADJ/N,prefix=pe-,medium,47,Ninu mong pengaring malugud [penganak] ing e mo magdusa,Rule-based candidate from thesis affix inventory; review against native-speaker judgment/Forman or Del Corro lexicon for gold training.
kap-morph-0194,literary,ganakan,ganakan,ganak,ganak+an,ganak | an,-an,suffixation,N/V,suffix=-an,medium,46,kung gamat mamili kekayu [Ganakan] yu sanang king pamamili,Rule-based candidate from thesis affix inventory; review against native-speaker judgment/Forman or Del Corro lexicon for gold training.
kap-morph-0195,religious,kuanan,kuanan,kuan,kuan+an,kuan | an,-an,suffixation,N/V,suffix=-an,medium,46,oyan ing asawa mo [kuanan] me at ume ka,Rule-based candidate from thesis affix inventory; review against native-speaker judgment/Forman or Del Corro lexicon for gold training.
kap-morph-0196,religious,makapayan,makapayan,payan,maka+payan,maka | payan,maka-,prefixation,V/ADJ/N,prefix=maka-,medium,46,JEHOVA a masikanan at [makapayan] I JEHOVA a makapayan,Rule-based candidate from thesis affix inventory; review against native-speaker judgment/Forman or Del Corro lexicon for gold training.
kap-morph-0197,literary,masanting,masanting,santing,ma+santing,ma | santing,ma-,prefixation,V/ADJ/N,prefix=ma-,medium,46,ding anak pyalung a [masanting] Ding makatwa naman pyalung,Rule-based candidate from thesis affix inventory; review against native-speaker judgment/Forman or Del Corro lexicon for gold training.
kap-morph-0198,literary,menibatan,menibatan,ibat,men+ibat+an,men | ibat | an,men-; -an,prefixation+suffixation,V/ADJ/N,prefix=men-; suffix=-an,medium,46,Ima nukarin la pu [menibatan] deng tau Ima Menibatan,Rule-based candidate from thesis affix inventory; review against native-speaker judgment/Forman or Del Corro lexicon for gold training.
kap-morph-0199,literary,leguan,leguan,legu,legu+an,legu | an,-an,suffixation,N/V,suffix=-an,medium,45,ning pagkabie Katambal ning [leguan] a kekeng kesale Inya,Rule-based candidate from thesis affix inventory; review against native-speaker judgment/Forman or Del Corro lexicon for gold training.
kap-morph-0200,literary,ninung,ninung,nung,n+in+ung,n | in | ung,-in-,infixation,V,infix=-in-; position=after_initial_consonant,medium,45,ku Kamatayan bakit nung [ninung] uliran King tangke na,Rule-based candidate from thesis affix inventory; review against native-speaker judgment/Forman or Del Corro lexicon for gold training.
kap-morph-0201,literary,daraptan,daraptan,darapt,darapt+an,darapt | an,-an,suffixation,N/V,suffix=-an,medium,44,iti ya ing kanaku [daraptan] da ring aliwa King,Rule-based candidate from thesis affix inventory; review against native-speaker judgment/Forman or Del Corro lexicon for gold training.
kap-morph-0202,literary,magsaya,magsaya,saya,mag+saya,mag | saya,mag-,prefixation,V/ADJ/N,prefix=mag-,medium,44,baryu Paraisa biasa keng [magsaya] Biasa keng magkanta king,Rule-based candidate from thesis affix inventory; review against native-speaker judgment/Forman or Del Corro lexicon for gold training.
kap-morph-0203,literary,manintun,manintun,intun,man+intun,man | intun,man-,prefixation,V/ADJ/N,prefix=man-,medium,44,ding kababatngan a aplit [manintun] Era rugu balu nun,Rule-based candidate from thesis affix inventory; review against native-speaker judgment/Forman or Del Corro lexicon for gold training.
kap-morph-0204,literary,panintunan,panintunan,nintun,pa+nintun+an,pa | nintun | an,pa- + -an,circumfixation,N/V,circumfix=pa-...-an,medium,44,mu ika pa ing [panintunan] na ning obra At,Rule-based candidate from thesis affix inventory; review against native-speaker judgment/Forman or Del Corro lexicon for gold training.
kap-morph-0205,literary,aslagan,aslagan,aslag,aslag+an,aslag | an,-an,suffixation,N/V,suffix=-an,medium,43,dela Cruz Dane ning [aslagan] gato-gato la ken Detang,Rule-based candidate from thesis affix inventory; review against native-speaker judgment/Forman or Del Corro lexicon for gold training.
kap-morph-0206,literary,lelangan,lelangan,lelang,lelang+an,lelang | an,-an,suffixation,N/V,suffix=-an,medium,43,Aku ining makabukud Nang [lelangan] A sasabyan Nang kawangis,Rule-based candidate from thesis affix inventory; review against native-speaker judgment/Forman or Del Corro lexicon for gold training.
kap-morph-0207,religious,linigtas,linigtas,ligtas,l+in+igtas,l | in | igtas,-in-,infixation,V,infix=-in-; position=after_initial_consonant,medium,43,dimdam nang Ruben at [linigtas] ne king karelang gamat,Rule-based candidate from thesis affix inventory; review against native-speaker judgment/Forman or Del Corro lexicon for gold training.
kap-morph-0208,literary,palsintan,palsintan,lsint,pa+lsint+an,pa | lsint | an,pa- + -an,circumfixation,N/V,circumfix=pa-...-an,medium,43,dalit ding ayup kekaming [palsintan] Ing sagiwang angina manyaman,Rule-based candidate from thesis affix inventory; review against native-speaker judgment/Forman or Del Corro lexicon for gold training.
kap-morph-0209,literary,nune,nune,nune,nune,nune,,function_word,PART/PRON/DET/PREP,closed_class; preserve_as_token,high,42,na magalang ampon maganaka [Nune] tau ya pang maka-Dyos,Kept unsplit to avoid false affix boundaries in tokenizer training.
kap-morph-0210,religious,pepanuanan,pepanuanan,panuan,pe+panuan+an,pe | panuan | an,pe-; -an,prefixation+suffixation,V/ADJ/N,prefix=pe-; suffix=-an,medium,42,Genesis At ing Dios [pepanuanan] nala at ing Dios,Rule-based candidate from thesis affix inventory; review against native-speaker judgment/Forman or Del Corro lexicon for gold training.
kap-morph-0211,literary,sugatan,sugatan,sugat,sugat+an,sugat | an,-an,suffixation,N/V,suffix=-an,medium,42,melupig king labanan a [sugatan] mung sundalus Ding labi,Rule-based candidate from thesis affix inventory; review against native-speaker judgment/Forman or Del Corro lexicon for gold training.
kap-morph-0212,literary,sumpa,sumpa,spa,s+um+pa,s | um | pa,-um-,infixation,V,infix=-um-; position=after_initial_consonant,medium,42,King katungkulan dang leukanan [sumpa] Paslagan mo isip Detang,Rule-based candidate from thesis affix inventory; review against native-speaker judgment/Forman or Del Corro lexicon for gold training.
kap-morph-0213,literary,kanuanan,kanuanan,nuan,ka+nuan+an,ka | nuan | an,ka- + -an,circumfixation,N/V,circumfix=ka-...-an,medium,41,pamalak akakit ke ing [kanuanan] ning aldo anang mamutyawi,Rule-based candidate from thesis affix inventory; review against native-speaker judgment/Forman or Del Corro lexicon for gold training.
kap-morph-0214,literary,katapatan,katapatan,tapat,ka+tapat+an,ka | tapat | an,ka- + -an,circumfixation,N/V,circumfix=ka-...-an,medium,41,kung anting katumbalas Ning [katapatan] mung kaku pepamalas Ing,Rule-based candidate from thesis affix inventory; review against native-speaker judgment/Forman or Del Corro lexicon for gold training.
kap-morph-0215,literary,luklukan,luklukan,lukluk,lukluk+an,lukluk | an,-an,suffixation,N/V,suffix=-an,medium,41,maldang kaku mengipuk king [luklukan] ding makatwa antimong peka-pamuntuk,Rule-based candidate from thesis affix inventory; review against native-speaker judgment/Forman or Del Corro lexicon for gold training.
kap-morph-0216,literary,parang,parang,rang,pa+rang,pa | rang,pa-,prefixation,V/ADJ/N,prefix=pa-,medium,41,A makudtang watas King [parang] ning rima e na,Rule-based candidate from thesis affix inventory; review against native-speaker judgment/Forman or Del Corro lexicon for gold training.
kap-morph-0217,literary,patutu,patutu,tutu,pa+tutu,pa | tutu,pa-,prefixation,V/ADJ/N,prefix=pa-,medium,41,mete a sinubling mebye [patutu] kanita Ing mepikayari aminan,Rule-based candidate from thesis affix inventory; review against native-speaker judgment/Forman or Del Corro lexicon for gold training.
kap-morph-0218,literary,sinampa,sinampa,sampa,s+in+ampa,s | in | ampa,-in-,infixation,V,infix=-in-; position=after_initial_consonant,medium,41,Ding manuk a layun-layun [sinampa] no king pyapunan Ding,Rule-based candidate from thesis affix inventory; review against native-speaker judgment/Forman or Del Corro lexicon for gold training.
kap-morph-0219,literary,kawatasan,kawatasan,watas,ka+watas+an,ka | watas | an,ka- + -an,circumfixation,N/V,circumfix=ka-...-an,medium,40,tiburan king gawa kenign [kawatasan] E mu ring kanaku,Rule-based candidate from thesis affix inventory; review against native-speaker judgment/Forman or Del Corro lexicon for gold training.
kap-morph-0220,literary,malapit,malapit,lapit,ma+lapit,ma | lapit,ma-,prefixation,V/ADJ/N,prefix=ma-,medium,40,A sinag ning aldo [malapit] nang lumbug ING MAPUTING,Rule-based candidate from thesis affix inventory; review against native-speaker judgment/Forman or Del Corro lexicon for gold training.
kap-morph-0221,literary,maligaya,maligaya,ligaya,ma+ligaya,ma | ligaya,ma-,prefixation,V/ADJ/N,prefix=ma-,medium,40,mu Itang bye mung [maligaya] E mo wari makuyad,Rule-based candidate from thesis affix inventory; review against native-speaker judgment/Forman or Del Corro lexicon for gold training.
kap-morph-0222,literary,menakit,menakit,akit,men+akit,men | akit,men-,prefixation,V/ADJ/N,prefix=men-,medium,40,Inya menintun ku t [menakit] na ku man Apaglimbangan,Rule-based candidate from thesis affix inventory; review against native-speaker judgment/Forman or Del Corro lexicon for gold training.
kap-morph-0223,literary,matibe,matibe,tibe,ma+tibe,ma | tibe,ma-,prefixation,V/ADJ/N,prefix=ma-,medium,39,Asyas na na kang [matibe] Robin ning pamilya tamu,Rule-based candidate from thesis affix inventory; review against native-speaker judgment/Forman or Del Corro lexicon for gold training.
kap-morph-0224,religious,patayan,patayan,tayan,pa+tayan,pa | tayan,pa-,prefixation,V/ADJ/N,prefix=pa-,medium,39,ing ninumang manakit kaku [patayan] naku Genesis At pekibatan,Rule-based candidate from thesis affix inventory; review against native-speaker judgment/Forman or Del Corro lexicon for gold training.
kap-morph-0225,literary,tuknangan,tuknangan,tuknang,tuknang+an,tuknang | an,-an,suffixation,N/V,suffix=-an,medium,39,a pauli king keang [tuknangan] Bakit kaya rugu alang,Rule-based candidate from thesis affix inventory; review against native-speaker judgment/Forman or Del Corro lexicon for gold training.
kap-morph-0226,literary,kabiasnan,kabiasnan,biasn,ka+biasn+an,ka | biasn | an,ka- + -an,circumfixation,N/V,circumfix=ka-...-an,medium,38,man a karamput mu [kabiasnan] Bitasang e na ke,Rule-based candidate from thesis affix inventory; review against native-speaker judgment/Forman or Del Corro lexicon for gold training.
kap-morph-0227,religious,kinanua,kinanua,kanua,k+in+anua,k | in | anua,-in-,infixation,V,infix=-in-; position=after_initial_consonant,medium,38,at metudtud ya kanita [kinanua] yang metung karing keang,Rule-based candidate from thesis affix inventory; review against native-speaker judgment/Forman or Del Corro lexicon for gold training.
kap-morph-0228,literary,ausan,ausan,aus,aus+an,aus | an,-an,suffixation,N/V,suffix=-an,medium,37,Tagalug a salita a [ausan] yung Pilipino Inia mal,Rule-based candidate from thesis affix inventory; review against native-speaker judgment/Forman or Del Corro lexicon for gold training.
kap-morph-0229,literary,daralan,daralan,daral,daral+an,daral | an,-an,suffixation,N/V,suffix=-an,medium,37,papayakmul ing lengguahi rang [daralan] Nune ila pang megaral,Rule-based candidate from thesis affix inventory; review against native-speaker judgment/Forman or Del Corro lexicon for gold training.
kap-morph-0230,literary,linapit,linapit,lapit,l+in+apit,l | in | apit,-in-,infixation,V,infix=-in-; position=after_initial_consonant,medium,37,kayang pagdulapan Bigla yang [linapit] king talapagtanggul Kambe yang,Rule-based candidate from thesis affix inventory; review against native-speaker judgment/Forman or Del Corro lexicon for gold training.
kap-morph-0231,literary,lipulan,lipulan,lipul,lipul+an,lipul | an,-an,suffixation,N/V,suffix=-an,medium,37,caring dios-diosan sinabi nang [lipulan] la ding darapat king,Rule-based candidate from thesis affix inventory; review against native-speaker judgment/Forman or Del Corro lexicon for gold training.
kap-morph-0232,religious,makatalakad,makatalakad,talakad,maka+talakad,maka | talakad,maka-,prefixation,V/ADJ/N,prefix=maka-,medium,37,atlu lang lalaki ding [makatalakad] king siping na at,Rule-based candidate from thesis affix inventory; review against native-speaker judgment/Forman or Del Corro lexicon for gold training.
kap-morph-0233,literary,pamanalastas,pamanalastas,nalastas,pama+nalastas,pama | nalastas,pama-,prefixation,V/ADJ/N,prefix=pama-,medium,37,cung miragdag ing cacung [pamanalastas] nung capilan ya'ta datang,Rule-based candidate from thesis affix inventory; review against native-speaker judgment/Forman or Del Corro lexicon for gold training.
kap-morph-0234,literary,panimanman,panimanman,nimanm,pa+nimanm+an,pa | nimanm | an,pa- + -an,circumfixation,N/V,circumfix=pa-...-an,medium,37,ala na ku king [panimanman] mu Lon mu t,Rule-based candidate from thesis affix inventory; review against native-speaker judgment/Forman or Del Corro lexicon for gold training.
kap-morph-0235,literary,babayi,babayi,bayi,ba~bayi,ba~bayi,ba~,reduplication,V/ADJ,reduplicated_cv=ba; aspect_or_intensification,medium,36,bain n Ay ding [babayi] Dac l a m,Rule-based candidate from thesis affix inventory; review against native-speaker judgment/Forman or Del Corro lexicon for gold training.
kap-morph-0236,literary,kailangan,kailangan,ilang,ka+ilang+an,ka | ilang | an,ka- + -an,circumfixation,N/V,circumfix=ka-...-an,medium,36,lang akit dit a [kailangan] mu Makisaglulu lang sumuyung,Rule-based candidate from thesis affix inventory; review against native-speaker judgment/Forman or Del Corro lexicon for gold training.
kap-morph-0237,literary,kaligaligan,kaligaligan,ligalig,ka+ligalig+an,ka | ligalig | an,ka- + -an,circumfixation,N/V,circumfix=ka-...-an,medium,36,mangilag at mingat King [kaligaligan] ba kang e mibatbt,Rule-based candidate from thesis affix inventory; review against native-speaker judgment/Forman or Del Corro lexicon for gold training.
kap-morph-0238,literary,lalakad,lalakad,lakad,la~lakad,la~lakad,la~,reduplication,V/ADJ,reduplicated_cv=la; aspect_or_intensification,medium,36,Ginu lang bae nang [lalakad] Inyang itang tawling adle,Rule-based candidate from thesis affix inventory; review against native-speaker judgment/Forman or Del Corro lexicon for gold training.
kap-morph-0239,literary,makatua,makatua,katua,ma+katua,ma | katua,ma-,prefixation,V/ADJ/N,prefix=ma-,medium,36,mapait yang kalma Karetang [makatua] kanaku yang dimdam Diparan,Rule-based candidate from thesis affix inventory; review against native-speaker judgment/Forman or Del Corro lexicon for gold training.
kap-morph-0240,literary,manibatan,manibatan,ibat,man+ibat+an,man | ibat | an,man-; -an,prefixation+suffixation,V/ADJ/N,prefix=man-; suffix=-an,medium,36,iti Uling itang dagpang [manibatan] babo abung makariir Batu,Rule-based candidate from thesis affix inventory; review against native-speaker judgment/Forman or Del Corro lexicon for gold training.
kap-morph-0241,literary,timan,timan,tim,tim+an,tim | an,-an,suffixation,N/V,suffix=-an,medium,36,mesalpak ing yumu ning [timan] King pamangalambut ningh kanakung,Rule-based candidate from thesis affix inventory; review against native-speaker judgment/Forman or Del Corro lexicon for gold training.
kap-morph-0242,literary,binye,binye,bye,b+in+ye,b | in | ye,-in-,infixation,V,infix=-in-; position=after_initial_consonant,medium,35,tin Kang buring sabyan [binye] Mung pagsalbat Ing kamatayan,Rule-based candidate from thesis affix inventory; review against native-speaker judgment/Forman or Del Corro lexicon for gold training.
kap-morph-0243,literary,makiramdam,makiramdam,kiramdam,ma+kiramdam,ma | kiramdam,ma-,prefixation,V/ADJ/N,prefix=ma-,medium,35,Mayupaya King Kapampangan Ya [makiramdam] kakut makibat malagwa Wari,Rule-based candidate from thesis affix inventory; review against native-speaker judgment/Forman or Del Corro lexicon for gold training.
kap-morph-0244,literary,pekiramdaman,pekiramdaman,kiramdam,pe+kiramdam+an,pe | kiramdam | an,pe-; -an,prefixation+suffixation,V/ADJ/N,prefix=pe-; suffix=-an,medium,35,dalan utus Ot eke [pekiramdaman] ing kekang suala kanita,Rule-based candidate from thesis affix inventory; review against native-speaker judgment/Forman or Del Corro lexicon for gold training.
kap-morph-0245,literary,pepakit,pepakit,pakit,pe+pakit,pe | pakit,pe-,prefixation,V/ADJ/N,prefix=pe-,medium,35,mayap mung kayasalan Ing [pepakit] mung ganaka a e,Rule-based candidate from thesis affix inventory; review against native-speaker judgment/Forman or Del Corro lexicon for gold training.
kap-morph-0246,literary,sangkan,sangkan,sangk,sangk+an,sangk | an,-an,suffixation,N/V,suffix=-an,medium,35,na Lagyu Nanu kayang [sangkan] pepaymburisan Me king benging,Rule-based candidate from thesis affix inventory; review against native-speaker judgment/Forman or Del Corro lexicon for gold training.
kap-morph-0247,literary,tata,tata,ta,ta~ta,ta~ta,ta~,reduplication,V/ADJ,reduplicated_cv=ta; aspect_or_intensification,medium,35,Hulyo DUKU KA RIN [Tata] sakab ko pu sakab,Rule-based candidate from thesis affix inventory; review against native-speaker judgment/Forman or Del Corro lexicon for gold training.
kap-morph-0248,literary,legwan,legwan,legw,legw+an,legw | an,-an,suffixation,N/V,suffix=-an,medium,34,miraras Nu saalikut ing [legwan] kabud iti yang kinupas,Rule-based candidate from thesis affix inventory; review against native-speaker judgment/Forman or Del Corro lexicon for gold training.
kap-morph-0249,literary,linto,linto,lto,l+in+to,l | in | to,-in-,infixation,V,infix=-in-; position=after_initial_consonant,medium,34,mismung migpabusta ika mismung [linto] sawil Karing kawal ning,Rule-based candidate from thesis affix inventory; review against native-speaker judgment/Forman or Del Corro lexicon for gold training.
kap-morph-0250,literary,matula,matula,tula,ma+tula,ma | tula,ma-,prefixation,V/ADJ/N,prefix=ma-,medium,34,Inya ya man pala [matula] ng magdiwang uling akung,Rule-based candidate from thesis affix inventory; review against native-speaker judgment/Forman or Del Corro lexicon for gold training.
kap-morph-0251,literary,miguising,miguising,uising,mig+uising,mig | uising,mig-,prefixation,V/ADJ/N,prefix=mig-,medium,34,gabun a laio ating [miguising] a bini--- Calupa ne,Rule-based candidate from thesis affix inventory; review against native-speaker judgment/Forman or Del Corro lexicon for gold training.
kap-morph-0252,literary,pakalulu,pakalulu,kalulu,pa+kalulu,pa | kalulu,pa-,prefixation,V/ADJ/N,prefix=pa-,medium,34,simba t siklaud Manyad [pakalulu] king Dyos a Mengabus,Rule-based candidate from thesis affix inventory; review against native-speaker judgment/Forman or Del Corro lexicon for gold training.
kap-morph-0253,literary,penandit,penandit,nandit,pe+nandit,pe | nandit,pe-,prefixation,V/ADJ/N,prefix=pe-,medium,34,wari makuyad mu Ing [penandit] mung penaya E wari,Rule-based candidate from thesis affix inventory; review against native-speaker judgment/Forman or Del Corro lexicon for gold training.
kap-morph-0254,literary,tutung,tutung,tung,tu~tung,tu~tung,tu~,reduplication,V/ADJ,reduplicated_cv=tu; aspect_or_intensification,medium,34,Impyernus at e naman [tutung] atin tang kaladwa Nya,Rule-based candidate from thesis affix inventory; review against native-speaker judgment/Forman or Del Corro lexicon for gold training.
kap-morph-0255,literary,kanan,kanan,kan,kan+an,kan | an,-an,suffixation,N/V,suffix=-an,medium,33,sumala keng oras Ing [kanan] kung nasi binutil kugn,Rule-based candidate from thesis affix inventory; review against native-speaker judgment/Forman or Del Corro lexicon for gold training.
kap-morph-0256,literary,luguran,luguran,lugur,lugur+an,lugur | an,-an,suffixation,N/V,suffix=-an,medium,33,karin idala Balu nong [luguran] ding sese dasnan na,Rule-based candidate from thesis affix inventory; review against native-speaker judgment/Forman or Del Corro lexicon for gold training.
kap-morph-0257,religious,magsantung,magsantung,santung,mag+santung,mag | santung,mag-,prefixation,V/ADJ/N,prefix=mag-,medium,33,ume ko keni at [magsantung] kayu king kanakung lilung,Rule-based candidate from thesis affix inventory; review against native-speaker judgment/Forman or Del Corro lexicon for gold training.
kap-morph-0258,literary,makananung,makananung,nanung,maka+nanung,maka | nanung,maka-,prefixation,V/ADJ/N,prefix=maka-,medium,33,la king masayang sunis [Makananung] e la mangapamulala Nandin,Rule-based candidate from thesis affix inventory; review against native-speaker judgment/Forman or Del Corro lexicon for gold training.
kap-morph-0259,literary,matudtud,matudtud,tudtud,ma+tudtud,ma | tudtud,ma-,prefixation,V/ADJ/N,prefix=ma-,medium,33,e mirin justicia E [matudtud] ing Dyos Karing tampalasan,Rule-based candidate from thesis affix inventory; review against native-speaker judgment/Forman or Del Corro lexicon for gold training.
kap-morph-0260,literary,mumuna,mumuna,muna,m+um+una,m | um | una,-um-,infixation,V,infix=-um-; position=after_initial_consonant,medium,33,mayap lalama Mung patnube [Mumuna] na itang kasuywan na,Rule-based candidate from thesis affix inventory; review against native-speaker judgment/Forman or Del Corro lexicon for gold training.
kap-morph-0261,literary,kaisipan,kaisipan,isip,ka+isip+an,ka | isip | an,ka- + -an,circumfixation,N/V,circumfix=ka-...-an,medium,32,Ing sinulud kening kakung [kaisipan] Map la pa kanaku,Rule-based candidate from thesis affix inventory; review against native-speaker judgment/Forman or Del Corro lexicon for gold training.
kap-morph-0262,literary,lele,lele,le,le~le,le~le,le~,reduplication,V/ADJ,reduplicated_cv=le; aspect_or_intensification,medium,32,na ning Cavite Ketang [lele] Bundok Buntis a nun,Rule-based candidate from thesis affix inventory; review against native-speaker judgment/Forman or Del Corro lexicon for gold training.
kap-morph-0263,literary,makapangilabut,makapangilabut,ngilabut,makapa+ngilabut,makapa | ngilabut,makapa-,prefixation,V/ADJ/N,prefix=makapa-,medium,32,a salamat kaka Kening [makapangilabut] a inulat mung pikudta,Rule-based candidate from thesis affix inventory; review against native-speaker judgment/Forman or Del Corro lexicon for gold training.
kap-morph-0264,literary,mamangan,mamangan,mang,ma~mang+an,ma~mang | an,ma~; -an,reduplication+suffixation,V/ADJ,reduplicated_cv=ma; aspect_or_intensification; suffix=-an,medium,32,keng maglutu atyu keng [mamangan] Makanian ya ing bie,Rule-based candidate from thesis affix inventory; review against native-speaker judgment/Forman or Del Corro lexicon for gold training.
kap-morph-0265,literary,menibat,menibat,ibat,men+ibat,men | ibat,men-,prefixation,V/ADJ/N,prefix=men-,medium,32,la reti karetang pilapil [menibat] king baryu Balang makatagal,Rule-based candidate from thesis affix inventory; review against native-speaker judgment/Forman or Del Corro lexicon for gold training.
kap-morph-0266,literary,mitagan,mitagan,mitag,mitag+an,mitag | an,-an,suffixation,N/V,suffix=-an,medium,32,Dilubyo ya na ing [mitagan] Alang e memana King,Rule-based candidate from thesis affix inventory; review against native-speaker judgment/Forman or Del Corro lexicon for gold training.
kap-morph-0267,literary,pinili,pinili,pili,p+in+ili,p | in | ili,-in-,infixation,V,infix=-in-; position=after_initial_consonant,medium,32,quetauan Maliaring y CRISTO [pinili] Ne'ing aliuang paralan at,Rule-based candidate from thesis affix inventory; review against native-speaker judgment/Forman or Del Corro lexicon for gold training.
kap-morph-0268,literary,sintang,sintang,stang,s+in+tang,s | in | tang,-in-,infixation,V,infix=-in-; position=after_initial_consonant,medium,32,tatakamna King pulut ning [sintang] simpa tang pisulwan Dapot,Rule-based candidate from thesis affix inventory; review against native-speaker judgment/Forman or Del Corro lexicon for gold training.
kap-morph-0269,literary,kayatulan,kayatulan,yatul,ka+yatul+an,ka | yatul | an,ka- + -an,circumfixation,N/V,circumfix=ka-...-an,medium,31,E na kaligtasan Nune [kayatulan] ing Keang darala Nwan,Rule-based candidate from thesis affix inventory; review against native-speaker judgment/Forman or Del Corro lexicon for gold training.
kap-morph-0270,literary,kinuldas,kinuldas,kuldas,k+in+uldas,k | in | uldas,-in-,infixation,V,infix=-in-; position=after_initial_consonant,medium,31,itang keyang piluklukan nanupata [kinuldas] ne ketang e na,Rule-based candidate from thesis affix inventory; review against native-speaker judgment/Forman or Del Corro lexicon for gold training.
kap-morph-0271,religious,lumakad,lumakad,lakad,l+um+akad,l | um | akad,-um-,infixation,V,infix=-um-; position=after_initial_consonant,medium,31,a Mayupaya king Sabla [lumakad] ka king arapan ku,Rule-based candidate from thesis affix inventory; review against native-speaker judgment/Forman or Del Corro lexicon for gold training.
kap-morph-0272,literary,magdala,magdala,dala,mag+dala,mag | dala,mag-,prefixation,V/ADJ/N,prefix=mag-,medium,31,tutu na kung mapagal [magdala] Kening kakalulwan mabayat a,Rule-based candidate from thesis affix inventory; review against native-speaker judgment/Forman or Del Corro lexicon for gold training.
kap-morph-0273,religious,makanianman,makanianman,nianm,maka+nianm+an,maka | nianm | an,maka-; -an,prefixation+suffixation,V/ADJ/N,prefix=maka-; suffix=-an,medium,31,na tikal na la [makanianman] tatagal la pa Ding,Rule-based candidate from thesis affix inventory; review against native-speaker judgment/Forman or Del Corro lexicon for gold training.
kap-morph-0274,literary,malinis,malinis,linis,ma+linis,ma | linis,ma-,prefixation,V/ADJ/N,prefix=ma-,medium,31,pang maka-Dyos a dapat [malinis] a nasa Wari t,Rule-based candidate from thesis affix inventory; review against native-speaker judgment/Forman or Del Corro lexicon for gold training.
kap-morph-0275,religious,pemalaguiuwan,pemalaguiuwan,malaguiuw,pe+malaguiuw+an,pe | malaguiuw | an,pe-; -an,prefixation+suffixation,V/ADJ/N,prefix=pe-; suffix=-an,medium,31,pangamate nang Abraham at [pemalaguiuwan] nala agpang king laguiung,Rule-based candidate from thesis affix inventory; review against native-speaker judgment/Forman or Del Corro lexicon for gold training.
kap-morph-0276,literary,pilinan,pilinan,linan,pi+linan,pi | linan,pi-,prefixation,V/ADJ/N,prefix=pi-,medium,31,miyaliwa pa Inya ing [pilinan] kung karin idala Balu,Rule-based candidate from thesis affix inventory; review against native-speaker judgment/Forman or Del Corro lexicon for gold training.
kap-morph-0277,literary,sabyan,sabyan,saby,saby+an,saby | an,-an,suffixation,N/V,suffix=-an,medium,31,galang tin Kang buring [sabyan] binye Mung pagsalbat Ing,Rule-based candidate from thesis affix inventory; review against native-speaker judgment/Forman or Del Corro lexicon for gold training.
kap-morph-0278,literary,sinulat,sinulat,sulat,s+in+ulat,s | in | ulat,-in-,infixation,V,infix=-in-; position=after_initial_consonant,medium,31,gagalangan Ding kautusan na [sinulat] na no man King,Rule-based candidate from thesis affix inventory; review against native-speaker judgment/Forman or Del Corro lexicon for gold training.
kap-morph-0279,literary,tumakut,tumakut,takut,t+um+akut,t | um | akut,-um-,infixation,V,infix=-um-; position=after_initial_consonant,medium,31,Inya ika tantado ka [Tumakut] ka Kanyang droga Pamagsikap,Rule-based candidate from thesis affix inventory; review against native-speaker judgment/Forman or Del Corro lexicon for gold training.
kap-morph-0280,religious,atulan,atulan,atul,atul+an,atul | an,-an,suffixation,N/V,suffix=-an,medium,30,bansa a karelang suyuwan [atulan] ke at pangaibat na,Rule-based candidate from thesis affix inventory; review against native-speaker judgment/Forman or Del Corro lexicon for gold training.
kap-morph-0281,literary,basan,basan,bas,bas+an,bas | an,-an,suffixation,N/V,suffix=-an,medium,30,ra nyamung kalupa ning [basan] Aral O Maputing Liryo,Rule-based candidate from thesis affix inventory; review against native-speaker judgment/Forman or Del Corro lexicon for gold training.
kap-morph-0282,literary,beluan,beluan,belu,belu+an,belu | an,-an,suffixation,N/V,suffix=-an,medium,30,Nung ngara dimut ya [beluan] iting mipagpalang watas Ya,Rule-based candidate from thesis affix inventory; review against native-speaker judgment/Forman or Del Corro lexicon for gold training.
kap-morph-0283,religious,durulukan,durulukan,duruluk,duruluk+an,duruluk | an,-an,suffixation,N/V,suffix=-an,medium,30,karin anting ain a [durulukan] babo ning metung karing,Rule-based candidate from thesis affix inventory; review against native-speaker judgment/Forman or Del Corro lexicon for gold training.
kap-morph-0284,literary,kutkutan,kutkutan,kutkut,kutkut+an,kutkut | an,-an,suffixation,N/V,suffix=-an,medium,30,alayu pa ketang ulilang [kutkutan] Bakit kaya Ibpa ing,Rule-based candidate from thesis affix inventory; review against native-speaker judgment/Forman or Del Corro lexicon for gold training.
kap-morph-0285,literary,likwan,likwan,likw,likw+an,likw | an,-an,suffixation,N/V,suffix=-an,medium,30,karin Na mo sa [likwan] Anti y Moises minukyat,Rule-based candidate from thesis affix inventory; review against native-speaker judgment/Forman or Del Corro lexicon for gold training.
kap-morph-0286,literary,maluka,maluka,luka,ma+luka,ma | luka,ma-,prefixation,V/ADJ/N,prefix=ma-,medium,30,ing kapanayan na ning [maluka] ming bye Ining keang,Rule-based candidate from thesis affix inventory; review against native-speaker judgment/Forman or Del Corro lexicon for gold training.
kap-morph-0287,literary,masaya,masaya,saya,ma+saya,ma | saya,ma-,prefixation,V/ADJ/N,prefix=ma-,medium,30,aldo t bengi parating [masaya] king kilub ming bale,Rule-based candidate from thesis affix inventory; review against native-speaker judgment/Forman or Del Corro lexicon for gold training.
kap-morph-0288,literary,paburen,paburen,buren,pa+buren,pa | buren,pa-,prefixation,V/ADJ/N,prefix=pa-,medium,30,miyukyat E ra ka [paburen] ding beit mung anak,Rule-based candidate from thesis affix inventory; review against native-speaker judgment/Forman or Del Corro lexicon for gold training.
kap-morph-0289,literary,tinakas,tinakas,takas,t+in+akas,t | in | akas,-in-,infixation,V,infix=-in-; position=after_initial_consonant,medium,30,danum neng melabug Pablasang [tinakas] King kabayangnan nang gaglas,Rule-based candidate from thesis affix inventory; review against native-speaker judgment/Forman or Del Corro lexicon for gold training.
kap-morph-0290,literary,tinas,tinas,tas,t+in+as,t | in | as,-in-,infixation,V,infix=-in-; position=after_initial_consonant,medium,30,bat mipakanyan Ding makipanginu [tinas] do king uri Saka,Rule-based candidate from thesis affix inventory; review against native-speaker judgment/Forman or Del Corro lexicon for gold training.
kap-morph-0291,literary,apat,apat,apat,apat,apat,,function_word,PART/PRON/DET/PREP,closed_class; preserve_as_token,high,29,Edad ya pang labing [apat] mete no ding pengari,Kept unsplit to avoid false affix boundaries in tokenizer training.
kap-morph-0292,literary,kalalaman,kalalaman,lalam,ka+lalam+an,ka | lalam | an,ka- + -an,circumfixation,N/V,circumfix=ka-...-an,medium,29,gagalo Nung ati ku [kalalaman] ika itang magpatilo Inya,Rule-based candidate from thesis affix inventory; review against native-speaker judgment/Forman or Del Corro lexicon for gold training.
kap-morph-0293,literary,linawe,linawe,lawe,l+in+awe,l | in | awe,-in-,infixation,V,infix=-in-; position=after_initial_consonant,medium,29,saskup salu Ngara ding [linawe] tin yang sakit pusu,Rule-based candidate from thesis affix inventory; review against native-speaker judgment/Forman or Del Corro lexicon for gold training.
kap-morph-0294,literary,lulual,lulual,lual,lu~lual,lu~lual,lu~,reduplication,V/ADJ,reduplicated_cv=lu; aspect_or_intensification,medium,29,maugtu A maralas caming [lulual] nung e Biernis neng,Rule-based candidate from thesis affix inventory; review against native-speaker judgment/Forman or Del Corro lexicon for gold training.
kap-morph-0295,religious,makapamisan,makapamisan,misan,makapa+misan,makapa | misan,makapa-,prefixation,V/ADJ/N,prefix=makapa-,medium,29,dai ning Israel a [makapamisan] Deuteronomio Deuteronomy Mie ya,Rule-based candidate from thesis affix inventory; review against native-speaker judgment/Forman or Del Corro lexicon for gold training.
kap-morph-0296,literary,mumunang,mumunang,munang,m+um+unang,m | um | unang,-um-,infixation,V,infix=-um-; position=after_initial_consonant,medium,29,ubg jajybg jakadwa Ing [mumunang] diling parusa kung adwabm,Rule-based candidate from thesis affix inventory; review against native-speaker judgment/Forman or Del Corro lexicon for gold training.
kap-morph-0297,literary,pakibatan,pakibatan,kibat,pa+kibat+an,pa | kibat | an,pa- + -an,circumfixation,N/V,circumfix=pa-...-an,medium,29,kukekayu sukat yu kung [pakibatan] King Tore ning A,Rule-based candidate from thesis affix inventory; review against native-speaker judgment/Forman or Del Corro lexicon for gold training.
kap-morph-0298,literary,santungan,santungan,santung,santung+an,santung | an,-an,suffixation,N/V,suffix=-an,medium,29,panalangin angga king tauling [santungan] palsintan ika mu rin,Rule-based candidate from thesis affix inventory; review against native-speaker judgment/Forman or Del Corro lexicon for gold training.
kap-morph-0299,literary,keraklan,keraklan,kerakl,kerakl+an,kerakl | an,-an,suffixation,N/V,suffix=-an,medium,28,ku karela nung nanu [Keraklan] karela papalub lang obra,Rule-based candidate from thesis affix inventory; review against native-speaker judgment/Forman or Del Corro lexicon for gold training.
kap-morph-0300,literary,macanian,macanian,cani,ma+cani+an,ma | cani | an,ma-; -an,prefixation+suffixation,V/ADJ/N,prefix=ma-; suffix=-an,medium,28,Tagalog----papate no ding aliwa [Macanian] ing casangcanan ning pangalalam,Rule-based candidate from thesis affix inventory; review against native-speaker judgment/Forman or Del Corro lexicon for gold training.
kap-morph-0301,literary,malagung,malagung,lagung,ma+lagung,ma | lagung,ma-,prefixation,V/ADJ/N,prefix=ma-,medium,28,King keying panyilang king [malagung] abak Bandyan ta yang,Rule-based candidate from thesis affix inventory; review against native-speaker judgment/Forman or Del Corro lexicon for gold training.
kap-morph-0302,literary,maranun,maranun,ranun,ma+ranun,ma | ranun,ma-,prefixation,V/ADJ/N,prefix=ma-,medium,28,ila pa ring kekang [maranun] agtalan Ninu mong pengaring,Rule-based candidate from thesis affix inventory; review against native-speaker judgment/Forman or Del Corro lexicon for gold training.
kap-morph-0303,literary,mawala,mawala,wala,ma+wala,ma | wala,ma-,prefixation,V/ADJ/N,prefix=ma-,medium,28,tau nung ya ing [mawala] Pipi ya ing yatu,Rule-based candidate from thesis affix inventory; review against native-speaker judgment/Forman or Del Corro lexicon for gold training.
kap-morph-0304,literary,pagkeran,pagkeran,gker,pa+gker+an,pa | gker | an,pa- + -an,circumfixation,N/V,circumfix=pa-...-an,medium,28,kakalulwan Atyu Ku king [pagkeran] da ring balsamadung salunan,Rule-based candidate from thesis affix inventory; review against native-speaker judgment/Forman or Del Corro lexicon for gold training.
kap-morph-0305,religious,pamanyampa,pamanyampa,nyampa,pama+nyampa,pama | nyampa,pama-,prefixation,V/ADJ/N,prefix=pama-,medium,28,metung a dalit king [pamanyampa] King kakung kagutgutan minaus,Rule-based candidate from thesis affix inventory; review against native-speaker judgment/Forman or Del Corro lexicon for gold training.
kap-morph-0306,literary,panayan,panayan,ayan,pan+ayan,pan | ayan,pan-,prefixation,V/ADJ/N,prefix=pan-,medium,28,Dapot atin kung kaladwang [panayan] ning Apung Ginu -Dyos,Rule-based candidate from thesis affix inventory; review against native-speaker judgment/Forman or Del Corro lexicon for gold training.
kap-morph-0307,literary,pilatan,pilatan,latan,pi+latan,pi | latan,pi-,prefixation,V/ADJ/N,prefix=pi-,medium,28,KRISTO Babo ning Golgota [Pilatan] da retang mingatbang tulisan,Rule-based candidate from thesis affix inventory; review against native-speaker judgment/Forman or Del Corro lexicon for gold training.
kap-morph-0308,literary,sigatan,sigatan,sigat,sigat+an,sigat | an,-an,suffixation,N/V,suffix=-an,medium,28,Ing banuang migcule pisac [Sigatan] neng alang lunus nitang,Rule-based candidate from thesis affix inventory; review against native-speaker judgment/Forman or Del Corro lexicon for gold training.
kap-morph-0309,literary,sinugat,sinugat,sugat,s+in+ugat,s | in | ugat,-in-,infixation,V,infix=-in-; position=after_initial_consonant,medium,28,Pablasang ingpusung sadyang maligaya [Sinugat] neng mortal ning kalmang,Rule-based candidate from thesis affix inventory; review against native-speaker judgment/Forman or Del Corro lexicon for gold training.
kap-morph-0310,literary,sinuyu,sinuyu,suyu,s+in+uyu,s | in | uyu,-in-,infixation,V,infix=-in-; position=after_initial_consonant,medium,28,Ninu na mong tapat [sinuyu] kareti Ninu na mo,Rule-based candidate from thesis affix inventory; review against native-speaker judgment/Forman or Del Corro lexicon for gold training.
kap-morph-0311,literary,alipan,alipan,alip,alip+an,alip | an,-an,suffixation,N/V,suffix=-an,medium,27,na ku ning kayapan [alipan] na ning maling buyut,Rule-based candidate from thesis affix inventory; review against native-speaker judgment/Forman or Del Corro lexicon for gold training.
kap-morph-0312,religious,kalibakan,kalibakan,libak,ka+libak+an,ka | libak | an,ka- + -an,circumfixation,N/V,circumfix=ka-...-an,medium,27,Guinu daptan na ing [kalibakan] karela Kanita maniabi ya,Rule-based candidate from thesis affix inventory; review against native-speaker judgment/Forman or Del Corro lexicon for gold training.
kap-morph-0313,literary,kayarian,kayarian,yari,ka+yari+an,ka | yari | an,ka- + -an,circumfixation,N/V,circumfix=ka-...-an,medium,27,painturu ku man king [kayarian] banua Nung akua keng,Rule-based candidate from thesis affix inventory; review against native-speaker judgment/Forman or Del Corro lexicon for gold training.
kap-morph-0314,religious,magkailangan,magkailangan,kailang,mag+kailang+an,mag | kailang | an,mag-; -an,prefixation+suffixation,V/ADJ/N,prefix=mag-; suffix=-an,medium,27,kekong kapatad king kekong [magkailangan] at king kekong maluka,Rule-based candidate from thesis affix inventory; review against native-speaker judgment/Forman or Del Corro lexicon for gold training.
kap-morph-0315,literary,malati,malati,lati,ma+lati,ma | lati,ma-,prefixation,V/ADJ/N,prefix=ma-,medium,27,manibat kanitang anak yang [malati] E ku abalitan ing,Rule-based candidate from thesis affix inventory; review against native-speaker judgment/Forman or Del Corro lexicon for gold training.
kap-morph-0316,literary,mayupaya,mayupaya,yupaya,ma+yupaya,ma | yupaya,ma-,prefixation,V/ADJ/N,prefix=ma-,medium,27,Ba keng pamatulan itang [Mayupaya] Ing yatung likwan nang,Rule-based candidate from thesis affix inventory; review against native-speaker judgment/Forman or Del Corro lexicon for gold training.
kap-morph-0317,religious,midian,midian,midi,midi+an,midi | an,-an,suffixation,N/V,suffix=-an,medium,27,i Medan at i [Midian] at i Isbak at,Rule-based candidate from thesis affix inventory; review against native-speaker judgment/Forman or Del Corro lexicon for gold training.
kap-morph-0318,literary,nanan,nanan,nan,na~nan,na~nan,na~,reduplication,V/ADJ,reduplicated_cv=na; aspect_or_intensification,medium,27,Dapot ing kakung anino [nanan] ke mang pangmasdan E,Rule-based candidate from thesis affix inventory; review against native-speaker judgment/Forman or Del Corro lexicon for gold training.
kap-morph-0319,literary,panamdam,panamdam,amdam,pan+amdam,pan | amdam,pan-,prefixation,V/ADJ/N,prefix=pan-,medium,27,ikit da ka ing [panamdam] meligalig Pilit da kang,Rule-based candidate from thesis affix inventory; review against native-speaker judgment/Forman or Del Corro lexicon for gold training.
kap-morph-0320,religious,dinalung,dinalung,dalung,d+in+alung,d | in | alung,-in-,infixation,V,infix=-in-; position=after_initial_consonant,medium,26,labuad ning Egipto meranup [dinalung] ing balayan kang Faraon,Rule-based candidate from thesis affix inventory; review against native-speaker judgment/Forman or Del Corro lexicon for gold training.
kap-morph-0321,literary,dinam,dinam,dam,d+in+am,d | in | am,-in-,infixation,V,infix=-in-; position=after_initial_consonant,medium,26,wari maili man agyang [dinam] ya mung asaglit Aun,Rule-based candidate from thesis affix inventory; review against native-speaker judgment/Forman or Del Corro lexicon for gold training.
kap-morph-0322,religious,kagutgutan,kagutgutan,gutgut,ka+gutgut+an,ka | gutgut | an,ka- + -an,circumfixation,N/V,circumfix=ka-...-an,medium,26,Ngening ati ko king [kagutgutan] at ing anggang bague,Rule-based candidate from thesis affix inventory; review against native-speaker judgment/Forman or Del Corro lexicon for gold training.
kap-morph-0323,literary,kalinguan,kalinguan,lingu,ka+lingu+an,ka | lingu | an,ka- + -an,circumfixation,N/V,circumfix=ka-...-an,medium,26,mpamanantabe E ku miluyaring [kalinguan] ing pakamal nang dalise,Rule-based candidate from thesis affix inventory; review against native-speaker judgment/Forman or Del Corro lexicon for gold training.
kap-morph-0324,religious,makapagmulalang,makapagmulalang,mulalang,makapag+mulalang,makapag | mulalang,makapag-,prefixation,V/ADJ/N,prefix=makapag-,medium,26,Ipakit mu ing kekang [makapagmulalang] kayubuan a lub Oh,Rule-based candidate from thesis affix inventory; review against native-speaker judgment/Forman or Del Corro lexicon for gold training.
kap-morph-0325,religious,makipamuk,makipamuk,kipamuk,ma+kipamuk,ma | kipamuk,ma-,prefixation,V/ADJ/N,prefix=ma-,medium,26,Dios a manimuna kekayu [makipamuk] ya dikil kekayu agpang,Rule-based candidate from thesis affix inventory; review against native-speaker judgment/Forman or Del Corro lexicon for gold training.
kap-morph-0326,religious,masikanan,masikanan,sikan,ma+sikan+an,ma | sikan | an,ma-; -an,prefixation+suffixation,V/ADJ/N,prefix=ma-; suffix=-an,medium,26,deti ila namang meguing [masikanan] manibat king mumunang panaun,Rule-based candidate from thesis affix inventory; review against native-speaker judgment/Forman or Del Corro lexicon for gold training.
kap-morph-0327,literary,minaus,minaus,maus,m+in+aus,m | in | aus,-in-,infixation,V,infix=-in-; position=after_initial_consonant,medium,26,paring dindam kung magkwentu [Minaus] ya kanung maragul a,Rule-based candidate from thesis affix inventory; review against native-speaker judgment/Forman or Del Corro lexicon for gold training.
kap-morph-0328,literary,minunang,minunang,munang,m+in+unang,m | in | unang,-in-,infixation,V,infix=-in-; position=after_initial_consonant,medium,26,Ika ika Kapampangan ikang [minunang] migtaksil Ika ing anting,Rule-based candidate from thesis affix inventory; review against native-speaker judgment/Forman or Del Corro lexicon for gold training.
kap-morph-0329,literary,pangisnawa,pangisnawa,isnawa,pang+isnawa,pang | isnawa,pang-,prefixation,V/ADJ/N,prefix=pang-,medium,26,anting misitsitan la Ing [pangisnawa] mung sabik dindam ke,Rule-based candidate from thesis affix inventory; review against native-speaker judgment/Forman or Del Corro lexicon for gold training.
kap-morph-0330,literary,panlalawe,panlalawe,lalawe,pan+lalawe,pan | lalawe,pan-,prefixation,V/ADJ/N,prefix=pan-,medium,26,kabyasnan na miyatyat ne [panlalawe] Akit na ne pangabilyan,Rule-based candidate from thesis affix inventory; review against native-speaker judgment/Forman or Del Corro lexicon for gold training.
kap-morph-0331,literary,sumuyu,sumuyu,suyu,s+um+uyu,s | um | uyu,-um-,infixation,V,infix=-um-; position=after_initial_consonant,medium,26,ing asu tapat yang [sumuyu] king kayang Guinu Yang,Rule-based candidate from thesis affix inventory; review against native-speaker judgment/Forman or Del Corro lexicon for gold training.
kap-morph-0332,literary,tinuki,tinuki,tuki,t+in+uki,t | in | uki,-in-,infixation,V,infix=-in-; position=after_initial_consonant,medium,26,gewa ra king Lipa [tinuki] kung minta Nung nu,Rule-based candidate from thesis affix inventory; review against native-speaker judgment/Forman or Del Corro lexicon for gold training.
kap-morph-0333,literary,capampangan,capampangan,capampang,capampang+an,capampang | an,-an,suffixation,N/V,suffix=-an,medium,25,calma O indu cung [Capampangan] a sisuan da ding,Rule-based candidate from thesis affix inventory; review against native-speaker judgment/Forman or Del Corro lexicon for gold training.
kap-morph-0334,literary,kakanan,kakanan,kanan,ka~kanan,ka~kanan,ka~,reduplication,V/ADJ,reduplicated_cv=ka; aspect_or_intensification,medium,25,ing halu-halung kapad kung [kakanan] Agyang ing inuman myaliwaliwa,Rule-based candidate from thesis affix inventory; review against native-speaker judgment/Forman or Del Corro lexicon for gold training.
kap-morph-0335,religious,kakataskatasan,kakataskatasan,kataskatas,ka+kataskatas+an,ka | kataskatas | an,ka- + -an,circumfixation,N/V,circumfix=ka-...-an,medium,25,ya sacerdote ne ning [Kakataskatasan] a Dios Genesis At,Rule-based candidate from thesis affix inventory; review against native-speaker judgment/Forman or Del Corro lexicon for gold training.
kap-morph-0336,literary,kamarinayan,kamarinayan,marinay,ka+marinay+an,ka | marinay | an,ka- + -an,circumfixation,N/V,circumfix=ka-...-an,medium,25,e gagawan Iwasan ing [kamarinayan] ing indredus o kaswapangan,Rule-based candidate from thesis affix inventory; review against native-speaker judgment/Forman or Del Corro lexicon for gold training.
kap-morph-0337,literary,kapulungan,kapulungan,pulung,ka+pulung+an,ka | pulung | an,ka- + -an,circumfixation,N/V,circumfix=ka-...-an,medium,25,ne mibata Ing mesabing [kapulungan] pepa alan neng ulaga,Rule-based candidate from thesis affix inventory; review against native-speaker judgment/Forman or Del Corro lexicon for gold training.
kap-morph-0338,literary,lumapit,lumapit,lapit,l+um+apit,l | um | apit,-um-,infixation,V,infix=-um-; position=after_initial_consonant,medium,25,ining ubingan nasa nang [lumapit] sana Ali na na,Rule-based candidate from thesis affix inventory; review against native-speaker judgment/Forman or Del Corro lexicon for gold training.
kap-morph-0339,literary,makalukluk,makalukluk,lukluk,maka+lukluk,maka | lukluk,maka-,prefixation,V/ADJ/N,prefix=maka-,medium,25,dalagang pawing mangalagu Ngeni [makalukluk] king pakabang bangku Laptan,Rule-based candidate from thesis affix inventory; review against native-speaker judgment/Forman or Del Corro lexicon for gold training.
kap-morph-0340,religious,manases,manases,ases,man+ases,man | ases,man-,prefixation,V/ADJ/N,prefix=man-,medium,25,neng Jose ing pangane [Manases] Uling sinabi na Pepakalinguan,Rule-based candidate from thesis affix inventory; review against native-speaker judgment/Forman or Del Corro lexicon for gold training.
kap-morph-0341,literary,masampat,masampat,sampat,ma+sampat,ma | sampat,ma-,prefixation,V/ADJ/N,prefix=ma-,medium,25,na ning bye mung [masampat] E mu pagsalbatan Ing,Rule-based candidate from thesis affix inventory; review against native-speaker judgment/Forman or Del Corro lexicon for gold training.
kap-morph-0342,literary,masayang,masayang,sayang,ma+sayang,ma | sayang,ma-,prefixation,V/ADJ/N,prefix=ma-,medium,25,bosis Mipamulala la king [masayang] sunis Makananung e la,Rule-based candidate from thesis affix inventory; review against native-speaker judgment/Forman or Del Corro lexicon for gold training.
kap-morph-0343,literary,minum,minum,mum,m+in+um,m | in | um,-in-,infixation,V,infix=-in-; position=after_initial_consonant,medium,25,alak Migsaya kata mu [minum] katang ditak Lukluk na,Rule-based candidate from thesis affix inventory; review against native-speaker judgment/Forman or Del Corro lexicon for gold training.
kap-morph-0344,literary,myuman,myuman,myum,myum+an,myum | an,-an,suffixation,N/V,suffix=-an,medium,25,Mu nya buring mikasalang [myuman] king yatung marinat Nanu,Rule-based candidate from thesis affix inventory; review against native-speaker judgment/Forman or Del Corro lexicon for gold training.
kap-morph-0345,literary,pisamban,pisamban,samb,pi+samb+an,pi | samb | an,pi-; -an,prefixation+suffixation,V/ADJ/N,prefix=pi-; suffix=-an,medium,25,basilica ding katedral at [pisamban] Uling buri Keng asilip,Rule-based candidate from thesis affix inventory; review against native-speaker judgment/Forman or Del Corro lexicon for gold training.
kap-morph-0346,literary,tatang,tatang,tang,ta~tang,ta~tang,ta~,reduplication,V/ADJ,reduplicated_cv=ta; aspect_or_intensification,medium,25,KUNG DALAGA Sabi nang [Tatang] ku Panaun na bungsu,Rule-based candidate from thesis affix inventory; review against native-speaker judgment/Forman or Del Corro lexicon for gold training.
kap-morph-0347,literary,anam,anam,anam,anam,anam,,function_word,PART/PRON/DET/PREP,closed_class; preserve_as_token,high,24,linto Banwang libu walundalan [anam] a pulu a atlu,Kept unsplit to avoid false affix boundaries in tokenizer training.
kap-morph-0348,literary,batiawan,batiawan,batiaw,batiaw+an,batiaw | an,-an,suffixation,N/V,suffix=-an,medium,24,quening berding caparangan Neng [batiawan] que qng balcun ing,Rule-based candidate from thesis affix inventory; review against native-speaker judgment/Forman or Del Corro lexicon for gold training.
kap-morph-0349,literary,dangalan,dangalan,dangal,dangal+an,dangal | an,-an,suffixation,N/V,suffix=-an,medium,24,scholar ya at ketang [dangalan] aku ing tatanggap Dapot,Rule-based candidate from thesis affix inventory; review against native-speaker judgment/Forman or Del Corro lexicon for gold training.
kap-morph-0350,literary,kakaluguran,kakaluguran,kalugur,ka+kalugur+an,ka | kalugur | an,ka- + -an,circumfixation,N/V,circumfix=ka-...-an,medium,24,Lawan mo ring kakung [Kakaluguran] a menatiling tapat Akit,Rule-based candidate from thesis affix inventory; review against native-speaker judgment/Forman or Del Corro lexicon for gold training.
kap-morph-0351,literary,kayupayan,kayupayan,yupay,ka+yupay+an,ka | yupay | an,ka- + -an,circumfixation,N/V,circumfix=ka-...-an,medium,24,kaluguran ipatalastas mu Ing [kayupayan] ning Miglalang keng babo,Rule-based candidate from thesis affix inventory; review against native-speaker judgment/Forman or Del Corro lexicon for gold training.
kap-morph-0352,literary,magligtas,magligtas,ligtas,mag+ligtas,mag | ligtas,mag-,prefixation,V/ADJ/N,prefix=mag-,medium,24,Balita Uling iti yang [magligtas] karing sablang maniwala Y,Rule-based candidate from thesis affix inventory; review against native-speaker judgment/Forman or Del Corro lexicon for gold training.
kap-morph-0353,literary,mamagus,mamagus,magus,ma~magus,ma~magus,ma~,reduplication,V/ADJ,reduplicated_cv=ma; aspect_or_intensification,medium,24,Balakusang king uyat da [mamagus] manalantunan Ing daya ra,Rule-based candidate from thesis affix inventory; review against native-speaker judgment/Forman or Del Corro lexicon for gold training.
kap-morph-0354,literary,matuang,matuang,tuang,ma+tuang,ma | tuang,ma-,prefixation,V/ADJ/N,prefix=ma-,medium,24,Mika Darius ya ing [Matuang] Babilonia Mika Alexander ya,Rule-based candidate from thesis affix inventory; review against native-speaker judgment/Forman or Del Corro lexicon for gold training.
kap-morph-0355,literary,pamintuan,pamintuan,mintu,pa+mintu+an,pa | mintu | an,pa- + -an,circumfixation,N/V,circumfix=pa-...-an,medium,24,at pag l p [pamintuan] na la at paniaplit,Rule-based candidate from thesis affix inventory; review against native-speaker judgment/Forman or Del Corro lexicon for gold training.
kap-morph-0356,literary,pangatau,pangatau,atau,pang+atau,pang | atau,pang-,prefixation,V/ADJ/N,prefix=pang-,medium,24,atin kayapan A king [pangatau] dangal kung misulat King,Rule-based candidate from thesis affix inventory; review against native-speaker judgment/Forman or Del Corro lexicon for gold training.
kap-morph-0357,literary,patugut,patugut,tugut,pa+tugut,pa | tugut,pa-,prefixation,V/ADJ/N,prefix=pa-,medium,24,ning ayun ala yang [patugut] sasapul masikan Ing bilus,Rule-based candidate from thesis affix inventory; review against native-speaker judgment/Forman or Del Corro lexicon for gold training.
kap-morph-0358,literary,saupan,saupan,saup,saup+an,saup | an,-an,suffixation,N/V,suffix=-an,medium,24,DING TULISAN meko keni [saupan] taya Ing Capas Kapampangan,Rule-based candidate from thesis affix inventory; review against native-speaker judgment/Forman or Del Corro lexicon for gold training.
kap-morph-0359,literary,singsing,singsing,sgsing,s+in+gsing,s | in | gsing,-in-,infixation,V,infix=-in-; position=after_initial_consonant,medium,24,Enero Atin ka pin [Singsing] Atin ka pin singsing,Rule-based candidate from thesis affix inventory; review against native-speaker judgment/Forman or Del Corro lexicon for gold training.
kap-morph-0360,literary,susuyu,susuyu,suyu,su~suyu,su~suyu,su~,reduplication,V/ADJ,reduplicated_cv=su; aspect_or_intensification,medium,24,mung mipapagmasakit at misasanmetung [Susuyu] ra keka savlang kaylangan,Rule-based candidate from thesis affix inventory; review against native-speaker judgment/Forman or Del Corro lexicon for gold training.
kap-morph-0361,literary,binutil,binutil,butil,b+in+util,b | in | util,-in-,infixation,V,infix=-in-; position=after_initial_consonant,medium,23,Ing kanan kung nasi [binutil] kugn pawas Potang king,Rule-based candidate from thesis affix inventory; review against native-speaker judgment/Forman or Del Corro lexicon for gold training.
kap-morph-0362,literary,kiniak,kiniak,kiak,k+in+iak,k | in | iak,-in-,infixation,V,infix=-in-; position=after_initial_consonant,medium,23,sarili mu nang e [kiniak] Migkanta kung usung kanta,Rule-based candidate from thesis affix inventory; review against native-speaker judgment/Forman or Del Corro lexicon for gold training.
kap-morph-0363,literary,labanan,labanan,laban,laban+an,laban | an,-an,suffixation,N/V,suffix=-an,medium,23,sugu Tinalad la king [labanan] bibie ra ing sablang,Rule-based candidate from thesis affix inventory; review against native-speaker judgment/Forman or Del Corro lexicon for gold training.
kap-morph-0364,literary,lakuan,lakuan,laku,laku+an,laku | an,-an,suffixation,N/V,suffix=-an,medium,23,degulan na Ning keya [lakuan] mung lugud a pamana,Rule-based candidate from thesis affix inventory; review against native-speaker judgment/Forman or Del Corro lexicon for gold training.
kap-morph-0365,literary,liguran,liguran,ligur,ligur+an,ligur | an,-an,suffixation,N/V,suffix=-an,medium,23,Ibpang simban ku t [liguran] Nya pulisan mu na,Rule-based candidate from thesis affix inventory; review against native-speaker judgment/Forman or Del Corro lexicon for gold training.
kap-morph-0366,literary,mabayat,mabayat,bayat,ma+bayat,ma | bayat,ma-,prefixation,V/ADJ/N,prefix=ma-,medium,23,kasalanan kung tutu nang [mabayat] O e Mu nya,Rule-based candidate from thesis affix inventory; review against native-speaker judgment/Forman or Del Corro lexicon for gold training.
kap-morph-0367,literary,malalam,malalam,lalam,ma+lalam,ma | lalam,ma-,prefixation,V/ADJ/N,prefix=ma-,medium,23,agus a tutung tahimik [Malalam] king danum a keang,Rule-based candidate from thesis affix inventory; review against native-speaker judgment/Forman or Del Corro lexicon for gold training.
kap-morph-0368,literary,mapilan,mapilan,pilan,ma+pilan,ma | pilan,ma-,prefixation,V/ADJ/N,prefix=ma-,medium,23,menalbe mako nala naman [Mapilan] mung galo gamat ning,Rule-based candidate from thesis affix inventory; review against native-speaker judgment/Forman or Del Corro lexicon for gold training.
kap-morph-0369,literary,minie,minie,mie,m+in+ie,m | in | ie,-in-,infixation,V,infix=-in-; position=after_initial_consonant,medium,23,ing Guinu ya ing [minie] qng amanu At balu,Rule-based candidate from thesis affix inventory; review against native-speaker judgment/Forman or Del Corro lexicon for gold training.
kap-morph-0370,literary,minta,minta,mta,m+in+ta,m | in | ta,-in-,infixation,V,infix=-in-; position=after_initial_consonant,medium,23,king Lipa tinuki kung [minta] Nung nu mibalitang papakit,Rule-based candidate from thesis affix inventory; review against native-speaker judgment/Forman or Del Corro lexicon for gold training.
kap-morph-0371,literary,pakakalulu,pakakalulu,kakalulu,pa+kakalulu,pa | kakalulu,pa-,prefixation,V/ADJ/N,prefix=pa-,medium,23,ya king panga-utang na [Pakakalulu] no kayanakang mabsi king,Rule-based candidate from thesis affix inventory; review against native-speaker judgment/Forman or Del Corro lexicon for gold training.
kap-morph-0372,religious,pamipamuk,pamipamuk,pamuk,pami+pamuk,pami | pamuk,pami-,prefixation,V/ADJ/N,prefix=pami-,medium,23,makisambutan ko kea king [pamipamuk] Deuteronomio Deuteronomy King aldo,Rule-based candidate from thesis affix inventory; review against native-speaker judgment/Forman or Del Corro lexicon for gold training.
kap-morph-0373,literary,panata,panata,nata,pa+nata,pa | nata,pa-,prefixation,V/ADJ/N,prefix=pa-,medium,23,Byernin Santu gewa kung [panata] Ing mumusan kurus a,Rule-based candidate from thesis affix inventory; review against native-speaker judgment/Forman or Del Corro lexicon for gold training.
kap-morph-0374,literary,pisali,pisali,sali,pi+sali,pi | sali,pi-,prefixation,V/ADJ/N,prefix=pi-,medium,23,uma nang Judas Inyang [pisali] ne Karing masikampu ing,Rule-based candidate from thesis affix inventory; review against native-speaker judgment/Forman or Del Corro lexicon for gold training.
kap-morph-0375,literary,tinikdo,tinikdo,tikdo,t+in+ikdo,t | in | ikdo,-in-,infixation,V,infix=-in-; position=after_initial_consonant,medium,23,linaban lang e bibiru [Tinikdo] ya I Gallardo y,Rule-based candidate from thesis affix inventory; review against native-speaker judgment/Forman or Del Corro lexicon for gold training.
kap-morph-0376,literary,akalinguan,akalinguan,akalingu,akalingu+an,akalingu | an,-an,suffixation,N/V,suffix=-an,medium,22,pang malyari ali raka [akalinguan] Ing mumunang sinta kanu,Rule-based candidate from thesis affix inventory; review against native-speaker judgment/Forman or Del Corro lexicon for gold training.
kap-morph-0377,literary,daramdaman,daramdaman,daramdam,daramdam+an,daramdam | an,-an,suffixation,N/V,suffix=-an,medium,22,bista man ngeni kakung [daramdaman] lwid ku pa inawa,Rule-based candidate from thesis affix inventory; review against native-speaker judgment/Forman or Del Corro lexicon for gold training.
kap-morph-0378,literary,kapasalamatan,kapasalamatan,pasalamat,ka+pasalamat+an,ka | pasalamat | an,ka- + -an,circumfixation,N/V,circumfix=ka-...-an,medium,22,Dyos uling Yang mamablas [kapasalamatan] Ketang panyukad Na ding,Rule-based candidate from thesis affix inventory; review against native-speaker judgment/Forman or Del Corro lexicon for gold training.
kap-morph-0379,literary,kapupusan,kapupusan,pupus,ka+pupus+an,ka | pupus | an,ka- + -an,circumfixation,N/V,circumfix=ka-...-an,medium,22,ating kayangganan Sabla ating [kapupusan] Pati ing bie na,Rule-based candidate from thesis affix inventory; review against native-speaker judgment/Forman or Del Corro lexicon for gold training.
kap-morph-0380,religious,kinagli,kinagli,kagli,k+in+agli,k | in | agli,-in-,infixation,V,infix=-in-; position=after_initial_consonant,medium,22,Evang asawa na at [kinagli] ya at penganak ne,Rule-based candidate from thesis affix inventory; review against native-speaker judgment/Forman or Del Corro lexicon for gold training.
kap-morph-0381,literary,makatungkul,makatungkul,tungkul,maka+tungkul,maka | tungkul,maka-,prefixation,V/ADJ/N,prefix=maka-,medium,22,kung kasasabikan Ing balitang [makatungkul] king amanu taming sisuan,Rule-based candidate from thesis affix inventory; review against native-speaker judgment/Forman or Del Corro lexicon for gold training.
kap-morph-0382,religious,mapalyari,mapalyari,palyari,ma+palyari,ma | palyari,ma-,prefixation,V/ADJ/N,prefix=ma-,medium,22,sasaklung danum Genesis At [mapalyari] sa king ing dalaga,Rule-based candidate from thesis affix inventory; review against native-speaker judgment/Forman or Del Corro lexicon for gold training.
kap-morph-0383,literary,ninuman,ninuman,numan,n+in+uman,n | in | uman,-in-,infixation,V,infix=-in-; position=after_initial_consonant,medium,22,Liryo dakal lang menalbe [Ninuman] manakit king leguan nang,Rule-based candidate from thesis affix inventory; review against native-speaker judgment/Forman or Del Corro lexicon for gold training.
kap-morph-0384,literary,paimburisan,paimburisan,imburis,pa+imburis+an,pa | imburis | an,pa- + -an,circumfixation,N/V,circumfix=pa-...-an,medium,22,king pusu e mo [paimburisan] Uling nung mate kung,Rule-based candidate from thesis affix inventory; review against native-speaker judgment/Forman or Del Corro lexicon for gold training.
kap-morph-0385,literary,panugali,panugali,ugali,pan+ugali,pan | ugali,pan-,prefixation,V/ADJ/N,prefix=pan-,medium,22,na lerawan Itang matwang [panugali] ring kekatang pipunpunan Iting,Rule-based candidate from thesis affix inventory; review against native-speaker judgment/Forman or Del Corro lexicon for gold training.
kap-morph-0386,literary,sikan,sikan,sik,sik+an,sik | an,-an,suffixation,N/V,suffix=-an,medium,22,alang balu Masikanang alang [sikan] mamintu king Keang Turu,Rule-based candidate from thesis affix inventory; review against native-speaker judgment/Forman or Del Corro lexicon for gold training.
kap-morph-0387,literary,tanggapan,tanggapan,tanggap,tanggap+an,tanggap | an,-an,suffixation,N/V,suffix=-an,medium,22,kami king kekaming bale [Tanggapan] mi naming malubak king,Rule-based candidate from thesis affix inventory; review against native-speaker judgment/Forman or Del Corro lexicon for gold training.
kap-morph-0388,literary,kalungkutan,kalungkutan,lungkut,ka+lungkut+an,ka | lungkut | an,ka- + -an,circumfixation,N/V,circumfix=ka-...-an,medium,21,kilub ming bale Alang [kalungkutan] at pamangulila king nanu,Rule-based candidate from thesis affix inventory; review against native-speaker judgment/Forman or Del Corro lexicon for gold training.
kap-morph-0389,literary,kandungan,kandungan,ndung,ka+ndung+an,ka | ndung | an,ka- + -an,circumfixation,N/V,circumfix=ka-...-an,medium,21,nanu man Ika ing [kandungan] a pagsantungan da ding,Rule-based candidate from thesis affix inventory; review against native-speaker judgment/Forman or Del Corro lexicon for gold training.
kap-morph-0390,literary,lalawan,lalawan,lawan,la~lawan,la~lawan,la~,reduplication,V/ADJ,reduplicated_cv=la; aspect_or_intensification,medium,21,ku lakwas mikaluku Kabang [lalawan] keng daragul i Robin,Rule-based candidate from thesis affix inventory; review against native-speaker judgment/Forman or Del Corro lexicon for gold training.
kap-morph-0391,literary,magbalik,magbalik,balik,mag+balik,mag | balik,mag-,prefixation,V/ADJ/N,prefix=mag-,medium,21,Nung kapilan tam u [magbalik] king abu Karin taya,Rule-based candidate from thesis affix inventory; review against native-speaker judgment/Forman or Del Corro lexicon for gold training.
kap-morph-0392,religious,makasumami,makasumami,sumami,maka+sumami,maka | sumami,maka-,prefixation,V/ADJ/N,prefix=maka-,medium,21,yuku guewa yu kung [makasumami] karing manuknangan keting labuad,Rule-based candidate from thesis affix inventory; review against native-speaker judgment/Forman or Del Corro lexicon for gold training.
kap-morph-0393,literary,malating,malating,lating,ma+lating,ma | lating,ma-,prefixation,V/ADJ/N,prefix=ma-,medium,21,a aurorang sisiro king [malating] awing bias la ngan,Rule-based candidate from thesis affix inventory; review against native-speaker judgment/Forman or Del Corro lexicon for gold training.
kap-morph-0394,literary,maldang,maldang,ldang,ma+ldang,ma | ldang,ma-,prefixation,V/ADJ/N,prefix=ma-,medium,21,Ume kayu keni o [maldang] memalen Ing kakung apili,Rule-based candidate from thesis affix inventory; review against native-speaker judgment/Forman or Del Corro lexicon for gold training.
kap-morph-0395,literary,mamaus,mamaus,maus,ma~maus,ma~maus,ma~,reduplication,V/ADJ,reduplicated_cv=ma; aspect_or_intensification,medium,21,ning dagat a keya [mamaus] Inia masalusu ing keying,Rule-based candidate from thesis affix inventory; review against native-speaker judgment/Forman or Del Corro lexicon for gold training.
kap-morph-0396,literary,mangmang,mangmang,mang,mang+mang,mang | mang,mang-,prefixation,V/ADJ/N,prefix=mang-,medium,21,pete re ing taung [mangmang] E ra balung king,Rule-based candidate from thesis affix inventory; review against native-speaker judgment/Forman or Del Corro lexicon for gold training.
kap-morph-0397,literary,maybug,maybug,ybug,ma+ybug,ma | ybug,ma-,prefixation,V/ADJ/N,prefix=ma-,medium,21,Bungsu Itang kaligayan e [maybug] mipagyu king kanakung pusu,Rule-based candidate from thesis affix inventory; review against native-speaker judgment/Forman or Del Corro lexicon for gold training.
kap-morph-0398,literary,palalu,palalu,lalu,pa+lalu,pa | lalu,pa-,prefixation,V/ADJ/N,prefix=pa-,medium,21,da retang sukab at [palalu] Ngeni king milyaring katampalasanan,Rule-based candidate from thesis affix inventory; review against native-speaker judgment/Forman or Del Corro lexicon for gold training.
kap-morph-0399,literary,palang,palang,lang,pa+lang,pa | lang,pa-,prefixation,V/ADJ/N,prefix=pa-,medium,21,a metunggue Sampaga ya [palang] maulagang bague Eme pakalati,Rule-based candidate from thesis affix inventory; review against native-speaker judgment/Forman or Del Corro lexicon for gold training.
kap-morph-0400,literary,pansin,pansin,nsin,pa+nsin,pa | nsin,pa-,prefixation,V/ADJ/N,prefix=pa-,medium,21,Yan bague yan eku [pansin] ali ku pu politiku,Rule-based candidate from thesis affix inventory; review against native-speaker judgment/Forman or Del Corro lexicon for gold training.
kap-morph-0401,literary,payapa,payapa,yapa,pa+yapa,pa | yapa,pa-,prefixation,V/ADJ/N,prefix=pa-,medium,21,ing pamagkabyayan king obrang [payapa] Ding ortelanu mung masipag,Rule-based candidate from thesis affix inventory; review against native-speaker judgment/Forman or Del Corro lexicon for gold training.
kap-morph-0402,literary,pengari,pengari,ngari,pe+ngari,pe | ngari,pe-,prefixation,V/ADJ/N,prefix=pe-,medium,21,Masuyu ya ampon malugud [pengari] nya keang pigagap Itang,Rule-based candidate from thesis affix inventory; review against native-speaker judgment/Forman or Del Corro lexicon for gold training.
kap-morph-0403,religious,sinumpa,sinumpa,sumpa,s+in+umpa,s | in | umpa,-in-,infixation,V,infix=-in-; position=after_initial_consonant,medium,21,a miniabi kaku a [sinumpa] kaku ngana King kekang,Rule-based candidate from thesis affix inventory; review against native-speaker judgment/Forman or Del Corro lexicon for gold training.
kap-morph-0404,literary,taguimpan,taguimpan,taguimp,taguimp+an,taguimp | an,-an,suffixation,N/V,suffix=-an,medium,21,kung laman ning kakung [taguimpan] uling yang panaguimpan kung,Rule-based candidate from thesis affix inventory; review against native-speaker judgment/Forman or Del Corro lexicon for gold training.
kap-morph-0405,literary,ubingan,ubingan,ubing,ubing+an,ubing | an,-an,suffixation,N/V,suffix=-an,medium,21,ING ASO O ING [UBINGAN] Nung ing Guinu dinan,Rule-based candidate from thesis affix inventory; review against native-speaker judgment/Forman or Del Corro lexicon for gold training.
kap-morph-0406,literary,kabyasnan,kabyasnan,byasn,ka+byasn+an,ka | byasn | an,ka- + -an,circumfixation,N/V,circumfix=ka-...-an,medium,20,alang pusu Sisibulan ning [kabyasnan] king kabyasnan alang balu,Rule-based candidate from thesis affix inventory; review against native-speaker judgment/Forman or Del Corro lexicon for gold training.
kap-morph-0407,literary,kakalinguan,kakalinguan,kalingu,ka+kalingu+an,ka | kalingu | an,ka- + -an,circumfixation,N/V,circumfix=ka-...-an,medium,20,Nung mipatudtud ku Eme [kakalinguan] ing bilin ku Bungsu,Rule-based candidate from thesis affix inventory; review against native-speaker judgment/Forman or Del Corro lexicon for gold training.
kap-morph-0408,religious,linian,linian,lian,l+in+ian,l | in | ian,-in-,infixation,V,infix=-in-; position=after_initial_consonant,medium,20,Bet-el nung nu me [linian] ing asias nung nu,Rule-based candidate from thesis affix inventory; review against native-speaker judgment/Forman or Del Corro lexicon for gold training.
kap-morph-0409,literary,mababa,mababa,baba,ma+baba,ma | baba,ma-,prefixation,V/ADJ/N,prefix=ma-,medium,20,na pin man itang [mababa] pegaralan Ya na pin,Rule-based candidate from thesis affix inventory; review against native-speaker judgment/Forman or Del Corro lexicon for gold training.
kap-morph-0410,literary,makibat,makibat,kibat,ma+kibat,ma | kibat,ma-,prefixation,V/ADJ/N,prefix=ma-,medium,20,kulaytan tikdo la t [makibat] King ba rang idalit,Rule-based candidate from thesis affix inventory; review against native-speaker judgment/Forman or Del Corro lexicon for gold training.
kap-morph-0411,religious,mangarawak,mangarawak,arawak,mang+arawak,mang | arawak,mang-,prefixation,V/ADJ/N,prefix=mang-,medium,20,Ngeni ding tau Sodoma [mangarawak] la at makasalanan lang,Rule-based candidate from thesis affix inventory; review against native-speaker judgment/Forman or Del Corro lexicon for gold training.
kap-morph-0412,literary,mangatas,mangatas,atas,mang+atas,mang | atas,mang-,prefixation,V/ADJ/N,prefix=mang-,medium,20,mayayakit Detang bunduk a [mangatas] Ding sapa ampon ding,Rule-based candidate from thesis affix inventory; review against native-speaker judgment/Forman or Del Corro lexicon for gold training.
kap-morph-0413,literary,marinat,marinat,rinat,ma+rinat,ma | rinat,ma-,prefixation,V/ADJ/N,prefix=ma-,medium,20,mikasalang myuman king yatung [marinat] Nanu man sa itang,Rule-based candidate from thesis affix inventory; review against native-speaker judgment/Forman or Del Corro lexicon for gold training.
kap-morph-0414,literary,masakit,masakit,sakit,ma+sakit,ma | sakit,ma-,prefixation,V/ADJ/N,prefix=ma-,medium,20,ro man pamarilan Ing [masakit] na pa nita pati,Rule-based candidate from thesis affix inventory; review against native-speaker judgment/Forman or Del Corro lexicon for gold training.
kap-morph-0415,literary,masalese,masalese,salese,ma+salese,ma | salese,ma-,prefixation,V/ADJ/N,prefix=ma-,medium,20,binye mi Inya meging [masalese] ing kekong pangababai Balu,Rule-based candidate from thesis affix inventory; review against native-speaker judgment/Forman or Del Corro lexicon for gold training.
kap-morph-0416,literary,masant,masant,sant,ma+sant,ma | sant,ma-,prefixation,V/ADJ/N,prefix=ma-,medium,20,mac cul ng king [masant] ng at maring l,Rule-based candidate from thesis affix inventory; review against native-speaker judgment/Forman or Del Corro lexicon for gold training.
kap-morph-0417,literary,maslag,maslag,slag,ma+slag,ma | slag,ma-,prefixation,V/ADJ/N,prefix=ma-,medium,20,Talan ka kanaku o [maslag] a birhen Ikang maguing,Rule-based candidate from thesis affix inventory; review against native-speaker judgment/Forman or Del Corro lexicon for gold training.
kap-morph-0418,literary,pagkalub,pagkalub,gkalub,pa+gkalub,pa | gkalub,pa-,prefixation,V/ADJ/N,prefix=pa-,medium,20,e na ka bubulad [Pagkalub] da keka at e,Rule-based candidate from thesis affix inventory; review against native-speaker judgment/Forman or Del Corro lexicon for gold training.
kap-morph-0419,literary,pagsalbat,pagsalbat,gsalbat,pa+gsalbat,pa | gsalbat,pa-,prefixation,V/ADJ/N,prefix=pa-,medium,20,buring sabyan binye Mung [pagsalbat] Ing kamatayan nang makalunus-lunus,Rule-based candidate from thesis affix inventory; review against native-speaker judgment/Forman or Del Corro lexicon for gold training.
kap-morph-0420,literary,pakamalan,pakamalan,kamal,pa+kamal+an,pa | kamal | an,pa- + -an,circumfixation,N/V,circumfix=pa-...-an,medium,20,dangalan O Balen ming [pakamalan] Mabalacat mal ming balen,Rule-based candidate from thesis affix inventory; review against native-speaker judgment/Forman or Del Corro lexicon for gold training.
kap-morph-0421,religious,parakalan,parakalan,rakal,pa+rakal+an,pa | rakal | an,pa- + -an,circumfixation,N/V,circumfix=pa-...-an,medium,20,King babai sinabi na [Parakalan] kung bina ing kekang,Rule-based candidate from thesis affix inventory; review against native-speaker judgment/Forman or Del Corro lexicon for gold training.
kap-morph-0422,literary,paralan,paralan,ralan,pa+ralan,pa | ralan,pa-,prefixation,V/ADJ/N,prefix=pa-,medium,20,at gawi Gawa tang [paralan] ban eya magwagui Pakisiran,Rule-based candidate from thesis affix inventory; review against native-speaker judgment/Forman or Del Corro lexicon for gold training.
kap-morph-0423,literary,pastul,pastul,stul,pa+stul,pa | stul,pa-,prefixation,V/ADJ/N,prefix=pa-,medium,20,Maging maklak ta nang [pastul] Potang tinubu no sagu,Rule-based candidate from thesis affix inventory; review against native-speaker judgment/Forman or Del Corro lexicon for gold training.
kap-morph-0424,literary,pilubluban,pilubluban,lublub,pi+lublub+an,pi | lublub | an,pi-; -an,prefixation+suffixation,V/ADJ/N,prefix=pi-; suffix=-an,medium,20,lasun yang mamale King [pilubluban] mung maybug kmakamate Kaybat,Rule-based candidate from thesis affix inventory; review against native-speaker judgment/Forman or Del Corro lexicon for gold training.
kap-morph-0425,literary,pinatubu,pinatubu,patubu,p+in+atubu,p | in | atubu,-in-,infixation,V,infix=-in-; position=after_initial_consonant,medium,20,Neng Joel Pabustan Mallari [Pinatubu] at Dng Kapampangan Ken,Rule-based candidate from thesis affix inventory; review against native-speaker judgment/Forman or Del Corro lexicon for gold training.
kap-morph-0426,literary,pitu,pitu,pitu,pitu,pitu,,function_word,PART/PRON/DET/PREP,closed_class; preserve_as_token,high,20,baranggay mung aswmpulu t [pitu] mamale ing tula Uli,Kept unsplit to avoid false affix boundaries in tokenizer training.
kap-morph-0427,literary,sukulan,sukulan,sukul,sukul+an,sukul | an,-an,suffixation,N/V,suffix=-an,medium,20,da ring magtika king [sukulan] Atyu Ku king tagulele,Rule-based candidate from thesis affix inventory; review against native-speaker judgment/Forman or Del Corro lexicon for gold training.
kap-morph-0428,literary,tatalakad,tatalakad,talakad,ta~talakad,ta~talakad,ta~,reduplication,V/ADJ,reduplicated_cv=ta; aspect_or_intensification,medium,20,ding ating sundalus a [tatalakad] king labanan Yang bansang,Rule-based candidate from thesis affix inventory; review against native-speaker judgment/Forman or Del Corro lexicon for gold training.
kap-morph-0429,literary,tinuknang,tinuknang,tuknang,t+in+uknang,t | in | uknang,-in-,infixation,V,infix=-in-; position=after_initial_consonant,medium,20,da Ding adwa katau [tinuknang] la pamu at megumasid,Rule-based candidate from thesis affix inventory; review against native-speaker judgment/Forman or Del Corro lexicon for gold training.
kap-morph-0430,literary,adwan,adwan,adw,adw+an,adw | an,-an,suffixation,N/V,suffix=-an,medium,19,kening pamagmatas Potang ing [adwan] ku Dyos ko binye,Rule-based candidate from thesis affix inventory; review against native-speaker judgment/Forman or Del Corro lexicon for gold training.
kap-morph-0431,literary,bustan,bustan,bust,bust+an,bust | an,-an,suffixation,N/V,suffix=-an,medium,19,a minawa king bie [Bustan] talang mukyat ampon mangumpe,Rule-based candidate from thesis affix inventory; review against native-speaker judgment/Forman or Del Corro lexicon for gold training.
kap-morph-0432,literary,canian,canian,cani,cani+an,cani | an,-an,suffixation,N/V,suffix=-an,medium,19,ning bie ulila At [canian] ne aganaa ing tune,Rule-based candidate from thesis affix inventory; review against native-speaker judgment/Forman or Del Corro lexicon for gold training.
kap-morph-0433,literary,gagapang,gagapang,gapang,ga~gapang,ga~gapang,ga~,reduplication,V/ADJ,reduplicated_cv=ga; aspect_or_intensification,medium,19,a marangle Alang kamuting [gagapang] alang anyampagang pale Makanyan,Rule-based candidate from thesis affix inventory; review against native-speaker judgment/Forman or Del Corro lexicon for gold training.
kap-morph-0434,literary,kaban,kaban,kab,kab+an,kab | an,-an,suffixation,N/V,suffix=-an,medium,19,Ika kukupit ka kin [kaban] ning abyas King bangan,Rule-based candidate from thesis affix inventory; review against native-speaker judgment/Forman or Del Corro lexicon for gold training.
kap-morph-0435,religious,kapamisanan,kapamisanan,pamis,ka+pampamis+an,ka | pampamis | an,ka- + -an; -an,circumfixation+suffixation,N/V,circumfix=ka-...-an; suffix=-an,medium,19,malangi Labuad at ing [kapamisanan] ning danum inaus nong,Rule-based candidate from thesis affix inventory; review against native-speaker judgment/Forman or Del Corro lexicon for gold training.
kap-morph-0436,religious,kayubuan,kayubuan,yubu,ka+yubu+an,ka | yubu | an,ka- + -an,circumfixation,N/V,circumfix=ka-...-an,medium,19,keraklan na ning kekang [kayubuan] a lub lungub ku,Rule-based candidate from thesis affix inventory; review against native-speaker judgment/Forman or Del Corro lexicon for gold training.
kap-morph-0437,literary,malutu,malutu,lutu,ma+lutu,ma | lutu,ma-,prefixation,V/ADJ/N,prefix=ma-,medium,19,t satanas Balbal ya [malutu] kukulug ya utak Ing,Rule-based candidate from thesis affix inventory; review against native-speaker judgment/Forman or Del Corro lexicon for gold training.
kap-morph-0438,literary,manalo,manalo,nalo,ma+nalo,ma | nalo,ma-,prefixation,V/ADJ/N,prefix=ma-,medium,19,com profile TeresaManaloCurry Teresa [Manalo] Curry on Friday Ka,Rule-based candidate from thesis affix inventory; review against native-speaker judgment/Forman or Del Corro lexicon for gold training.
kap-morph-0439,literary,mangalati,mangalati,alati,mang+alati,mang | alati,mang-,prefixation,V/ADJ/N,prefix=mang-,medium,19,nang mikalbitan o gigigit [mangalati] King lagyu na ning,Rule-based candidate from thesis affix inventory; review against native-speaker judgment/Forman or Del Corro lexicon for gold training.
kap-morph-0440,literary,mapaling,mapaling,paling,ma+paling,ma | paling,ma-,prefixation,V/ADJ/N,prefix=ma-,medium,19,gamat ning bulkan ing [mapaling] balas Dagpang anting uran,Rule-based candidate from thesis affix inventory; review against native-speaker judgment/Forman or Del Corro lexicon for gold training.
kap-morph-0441,literary,matatag,matatag,tatag,ma+tatag,ma | tatag,ma-,prefixation,V/ADJ/N,prefix=ma-,medium,19,gulisak Nun gating bansang [matatag] keting yatung maleparan Ila,Rule-based candidate from thesis affix inventory; review against native-speaker judgment/Forman or Del Corro lexicon for gold training.
kap-morph-0442,literary,mayumu,mayumu,yumu,ma+yumu,ma | yumu,ma-,prefixation,V/ADJ/N,prefix=ma-,medium,19,kang magtal keng bungang [mayumu] E ka magbugasuk king,Rule-based candidate from thesis affix inventory; review against native-speaker judgment/Forman or Del Corro lexicon for gold training.
kap-morph-0443,religious,pamikapali,pamikapali,kapali,pami+kapali,pami | kapali,pami-,prefixation,V/ADJ/N,prefix=pami-,medium,19,mabangis At ing karelang [pamikapali] uling mabagsik Kaku lang,Rule-based candidate from thesis affix inventory; review against native-speaker judgment/Forman or Del Corro lexicon for gold training.
kap-morph-0444,literary,parati,parati,rati,pa+rati,pa | rati,pa-,prefixation,V/ADJ/N,prefix=pa-,medium,19,lang bakas ding lalto [parati] Uling bubwat da ka,Rule-based candidate from thesis affix inventory; review against native-speaker judgment/Forman or Del Corro lexicon for gold training.
kap-morph-0445,literary,retang,retang,retang,retang,retang,,function_word,PART/PRON/DET/PREP,closed_class; preserve_as_token,high,19,mipahamak king gamat da [retang] sukab at palalu Ngeni,Kept unsplit to avoid false affix boundaries in tokenizer training.
kap-morph-0446,literary,samban,samban,samb,samb+an,samb | an,-an,suffixation,N/V,suffix=-an,medium,19,balikdan Ing basura wari [samban] ku pat ginwan Busten,Rule-based candidate from thesis affix inventory; review against native-speaker judgment/Forman or Del Corro lexicon for gold training.
kap-morph-0447,literary,sasabyan,sasabyan,saby,sa~saby+an,sa~saby | an,sa~; -an,reduplication+suffixation,V/ADJ,reduplicated_cv=sa; aspect_or_intensification; suffix=-an,medium,19,makabukud Nang lelangan A [sasabyan] Nang kawangis ning aske,Rule-based candidate from thesis affix inventory; review against native-speaker judgment/Forman or Del Corro lexicon for gold training.
kap-morph-0448,literary,sasamban,sasamban,samb,sa~samb+an,sa~samb | an,sa~; -an,reduplication+suffixation,V/ADJ,reduplicated_cv=sa; aspect_or_intensification; suffix=-an,medium,19,ing Dyos a kakung [sasamban] Tintunan ko at bekasan,Rule-based candidate from thesis affix inventory; review against native-speaker judgment/Forman or Del Corro lexicon for gold training.
kap-morph-0449,literary,sinag,sinag,sag,s+in+ag,s | in | ag,-in-,infixation,V,infix=-in-; position=after_initial_consonant,medium,19,Kalupa ning kupas A [sinag] ning aldo malapit nang,Rule-based candidate from thesis affix inventory; review against native-speaker judgment/Forman or Del Corro lexicon for gold training.
kap-morph-0450,literary,tumakas,tumakas,takas,t+um+akas,t | um | akas,-um-,infixation,V,infix=-um-; position=after_initial_consonant,medium,19,ing katulad Sakmalanmu iti [Tumakas] munamankaringkekang palad Ing batas,Rule-based candidate from thesis affix inventory; review against native-speaker judgment/Forman or Del Corro lexicon for gold training.
kap-morph-0451,literary,aguman,aguman,agum,agum+an,agum | an,-an,suffixation,N/V,suffix=-an,medium,18,da ring kapagnasa Ing [aguman] Katipunan e ra balu,Rule-based candidate from thesis affix inventory; review against native-speaker judgment/Forman or Del Corro lexicon for gold training.
kap-morph-0452,literary,apalsintan,apalsintan,apalsint,apalsint+an,apalsint | an,-an,suffixation,N/V,suffix=-an,medium,18,naming king ika ing [apalsintan] kung tapat Dapot ing,Rule-based candidate from thesis affix inventory; review against native-speaker judgment/Forman or Del Corro lexicon for gold training.
kap-morph-0453,literary,dinuku,dinuku,duku,d+in+uku,d | in | uku,-in-,infixation,V,infix=-in-; position=after_initial_consonant,medium,18,king dane ning pamalsinta [Dinuku] ka dinuku ku At,Rule-based candidate from thesis affix inventory; review against native-speaker judgment/Forman or Del Corro lexicon for gold training.
kap-morph-0454,religious,ipagamuamu,ipagamuamu,gamuamu,ipa+gamuamu,ipa | gamuamu,ipa-,prefixation,V/ADJ/N,prefix=ipa-,medium,18,kakung guinu magbalik kayu [ipagamuamu] ku kekayu king lungub,Rule-based candidate from thesis affix inventory; review against native-speaker judgment/Forman or Del Corro lexicon for gold training.
kap-morph-0455,literary,kalaraman,kalaraman,laram,ka+laram+an,ka | laram | an,ka- + -an,circumfixation,N/V,circumfix=ka-...-an,medium,18,ya dila a bubughang [kalaraman] Inya ding katubale na,Rule-based candidate from thesis affix inventory; review against native-speaker judgment/Forman or Del Corro lexicon for gold training.
kap-morph-0456,literary,kapalaran,kapalaran,palar,ka+palar+an,ka | palar | an,ka- + -an,circumfixation,N/V,circumfix=ka-...-an,medium,18,Lon me Oyan King [kapalaran] nang ingsil Ning amanu,Rule-based candidate from thesis affix inventory; review against native-speaker judgment/Forman or Del Corro lexicon for gold training.
kap-morph-0457,literary,kapanayan,kapanayan,panay,ka+panay+an,ka | panay | an,ka- + -an,circumfixation,N/V,circumfix=ka-...-an,medium,18,Daragul mu naman ing [kapanayan] na ning maluka ming,Rule-based candidate from thesis affix inventory; review against native-speaker judgment/Forman or Del Corro lexicon for gold training.
kap-morph-0458,literary,karalumduman,karalumduman,ralumdum,ka+ralumdum+an,ka | ralumdum | an,ka- + -an,circumfixation,N/V,circumfix=ka-...-an,medium,18,nung ati ku king [karalumduman] Dit man e ke,Rule-based candidate from thesis affix inventory; review against native-speaker judgment/Forman or Del Corro lexicon for gold training.
kap-morph-0459,literary,karampatan,karampatan,rampat,ka+rampat+an,ka | rampat | an,ka- + -an,circumfixation,N/V,circumfix=ka-...-an,medium,18,leguan nay a ing [karampatan] Maguing palamuting mikana king,Rule-based candidate from thesis affix inventory; review against native-speaker judgment/Forman or Del Corro lexicon for gold training.
kap-morph-0460,literary,lalawe,lalawe,lawe,la~lawe,la~lawe,la~,reduplication,V/ADJ,reduplicated_cv=la; aspect_or_intensification,medium,18,na naing banuang tatanud [lalawe] Kekatang ampangan malambis a,Rule-based candidate from thesis affix inventory; review against native-speaker judgment/Forman or Del Corro lexicon for gold training.
kap-morph-0461,literary,lulugud,lulugud,lugud,lu~lugud,lu~lugud,lu~,reduplication,V/ADJ,reduplicated_cv=lu; aspect_or_intensification,medium,18,kakung kaladwa a keka [lulugud] Inya nung sakali muna,Rule-based candidate from thesis affix inventory; review against native-speaker judgment/Forman or Del Corro lexicon for gold training.
kap-morph-0462,religious,makimut,makimut,kimut,ma+kimut,ma | kimut,ma-,prefixation,V/ADJ/N,prefix=ma-,medium,18,keang pusu E ku [makimut] Karing sablang dai e,Rule-based candidate from thesis affix inventory; review against native-speaker judgment/Forman or Del Corro lexicon for gold training.
kap-morph-0463,literary,makudta,makudta,kudta,ma+kudta,ma | kudta,ma-,prefixation,V/ADJ/N,prefix=ma-,medium,18,na wari Yang diwang [makudta] king katas na uri,Rule-based candidate from thesis affix inventory; review against native-speaker judgment/Forman or Del Corro lexicon for gold training.
kap-morph-0464,literary,malale,malale,lale,ma+lale,ma | lale,ma-,prefixation,V/ADJ/N,prefix=ma-,medium,18,ning panaun Bibyung bistaman [malale] Ing melakwan mung siwala,Rule-based candidate from thesis affix inventory; review against native-speaker judgment/Forman or Del Corro lexicon for gold training.
kap-morph-0465,literary,manenaya,manenaya,enaya,man+enaya,man | enaya,man-,prefixation,V/ADJ/N,prefix=man-,medium,18,abe na Kung sabik [manenaya] Bisang mamatawad king sisyan,Rule-based candidate from thesis affix inventory; review against native-speaker judgment/Forman or Del Corro lexicon for gold training.
kap-morph-0466,literary,matalik,matalik,talik,ma+talik,ma | talik,ma-,prefixation,V/ADJ/N,prefix=ma-,medium,18,pekasima ko pa t [matalik] kebatan Ding pasbul na,Rule-based candidate from thesis affix inventory; review against native-speaker judgment/Forman or Del Corro lexicon for gold training.
kap-morph-0467,literary,miglalang,miglalang,lalang,mig+lalang,mig | lalang,mig-,prefixation,V/ADJ/N,prefix=mig-,medium,18,Deng binye no ning [Miglalang] Ban lalagu ing paligid,Rule-based candidate from thesis affix inventory; review against native-speaker judgment/Forman or Del Corro lexicon for gold training.
kap-morph-0468,literary,minuli,minuli,muli,m+in+uli,m | in | uli,-in-,infixation,V,infix=-in-; position=after_initial_consonant,medium,18,Nung ing katawan ku [Minuli] king gabun a keang,Rule-based candidate from thesis affix inventory; review against native-speaker judgment/Forman or Del Corro lexicon for gold training.
kap-morph-0469,literary,pamakipamuk,pamakipamuk,ipamuk,pamak+ipamuk,pamak | ipamuk,pamak-,prefixation,V/ADJ/N,prefix=pamak-,medium,18,ke ing MASA king [pamakipamuk] Nung ing katimawan ya,Rule-based candidate from thesis affix inventory; review against native-speaker judgment/Forman or Del Corro lexicon for gold training.
kap-morph-0470,literary,pampanga,pampanga,panga,pam+panga,pam | panga,pam-,prefixation,V/ADJ/N,prefix=pam-,medium,18,na ning Tarlac at [Pampanga] Ila ding mismung kinawang,Rule-based candidate from thesis affix inventory; review against native-speaker judgment/Forman or Del Corro lexicon for gold training.
kap-morph-0471,literary,panamdaman,panamdaman,namdam,pa+namdam+an,pa | namdam | an,pa- + -an,circumfixation,N/V,circumfix=pa-...-an,medium,18,kaplas at dusang kakung [panamdaman] Ngening pauli ne Ing,Rule-based candidate from thesis affix inventory; review against native-speaker judgment/Forman or Del Corro lexicon for gold training.
kap-morph-0472,literary,pangamate,pangamate,mate,panga+mate,panga | mate,panga-,prefixation,V/ADJ/N,prefix=panga-,medium,18,ding alang patawak King [pangamate] na balen ya ing,Rule-based candidate from thesis affix inventory; review against native-speaker judgment/Forman or Del Corro lexicon for gold training.
kap-morph-0473,literary,pantas,pantas,ntas,pa+ntas,pa | ntas,pa-,prefixation,V/ADJ/N,prefix=pa-,medium,18,king taluktuk na diwa [pantas] de ding maldang pantas,Rule-based candidate from thesis affix inventory; review against native-speaker judgment/Forman or Del Corro lexicon for gold training.
kap-morph-0474,religious,pengan,pengan,ngan,pe+ngan,pe | ngan,pe-,prefixation,V/ADJ/N,prefix=pe-,medium,18,karing bunga na at [pengan] ne at dininan naya,Rule-based candidate from thesis affix inventory; review against native-speaker judgment/Forman or Del Corro lexicon for gold training.
kap-morph-0475,literary,pikakasaman,pikakasaman,kakasam,pi+kakasam+an,pi | kakasam | an,pi-; -an,prefixation+suffixation,V/ADJ/N,prefix=pi-; suffix=-an,medium,18,kune Diku-Kulumparit o Malamarine [Pikakasaman] yang dikut king marangle,Rule-based candidate from thesis affix inventory; review against native-speaker judgment/Forman or Del Corro lexicon for gold training.
kap-morph-0476,literary,siran,siran,sir,sir+an,sir | an,-an,suffixation,N/V,suffix=-an,medium,18,mamagkanu Eta ya pabustan [siran] da terminu Ding alang,Rule-based candidate from thesis affix inventory; review against native-speaker judgment/Forman or Del Corro lexicon for gold training.
kap-morph-0477,literary,tinabi,tinabi,tabi,t+in+abi,t | in | abi,-in-,infixation,V,infix=-in-; position=after_initial_consonant,medium,18,King mula ning Eden [Tinabi] no ning Dyos antimong,Rule-based candidate from thesis affix inventory; review against native-speaker judgment/Forman or Del Corro lexicon for gold training.
kap-morph-0478,religious,tutula,tutula,tula,tu~tula,tu~tula,tu~,reduplication,V/ADJ,reduplicated_cv=tu; aspect_or_intensification,medium,18,at ing kanakung kaligayan [tutula] Ing kanaku mang laman,Rule-based candidate from thesis affix inventory; review against native-speaker judgment/Forman or Del Corro lexicon for gold training.
kap-morph-0479,religious,dinukit,dinukit,dukit,d+in+ukit,d | in | ukit,-in-,infixation,V,infix=-in-; position=after_initial_consonant,medium,17,kekayu a larawan a [dinukit] a kawangis na ning,Rule-based candidate from thesis affix inventory; review against native-speaker judgment/Forman or Del Corro lexicon for gold training.
kap-morph-0480,literary,gagalo,gagalo,galo,ga~galo,ga~galo,ga~,reduplication,V/ADJ,reduplicated_cv=ga; aspect_or_intensification,medium,17,at lusuk Tapat lang [gagalo] karing balang tuktuk At,Rule-based candidate from thesis affix inventory; review against native-speaker judgment/Forman or Del Corro lexicon for gold training.
kap-morph-0481,religious,ipasiag,ipasiag,siag,ipa+siag,ipa | siag,ipa-,prefixation,V/ADJ/N,prefix=ipa-,medium,17,makipamuk laban kaniti kanita [ipasiag] mu pin kaniti ing,Rule-based candidate from thesis affix inventory; review against native-speaker judgment/Forman or Del Corro lexicon for gold training.
kap-morph-0482,literary,kaligayan,kaligayan,ligay,ka+ligay+an,ka | ligay | an,ka- + -an,circumfixation,N/V,circumfix=ka-...-an,medium,17,itang kakung Bungsu Itang [kaligayan] e maybug mipagyu king,Rule-based candidate from thesis affix inventory; review against native-speaker judgment/Forman or Del Corro lexicon for gold training.
kap-morph-0483,literary,kapanamdaman,kapanamdaman,panamdam,ka+panamdam+an,ka | panamdam | an,ka- + -an,circumfixation,N/V,circumfix=ka-...-an,medium,17,manatsik ining makalungkut A [kapanamdaman] king isip mangutkut Kekang,Rule-based candidate from thesis affix inventory; review against native-speaker judgment/Forman or Del Corro lexicon for gold training.
kap-morph-0484,literary,katipunan,katipunan,tipun,ka+tipun+an,ka | tipun | an,ka- + -an,circumfixation,N/V,circumfix=ka-...-an,medium,17,Bonifacio ing Ibpa ning [Katipunan] Sangkan na inya i,Rule-based candidate from thesis affix inventory; review against native-speaker judgment/Forman or Del Corro lexicon for gold training.
kap-morph-0485,literary,kayatinan,kayatinan,yatin,ka+yatin+an,ka | yatin | an,ka- + -an,circumfixation,N/V,circumfix=ka-...-an,medium,17,At detang manyaup ing [kayatinan] da lalung daragdagan Peb,Rule-based candidate from thesis affix inventory; review against native-speaker judgment/Forman or Del Corro lexicon for gold training.
kap-morph-0486,literary,kukuldas,kukuldas,kuldas,ku~kuldas,ku~kuldas,ku~,reduplication,V/ADJ,reduplicated_cv=ku; aspect_or_intensification,medium,17,akakit ku mu neng [kukuldas] yang manapa Ya ing,Rule-based candidate from thesis affix inventory; review against native-speaker judgment/Forman or Del Corro lexicon for gold training.
kap-morph-0487,literary,linabas,linabas,labas,l+in+abas,l | in | abas,-in-,infixation,V,infix=-in-; position=after_initial_consonant,medium,17,na ning bye nang [linabas] Karing baling adle malino,Rule-based candidate from thesis affix inventory; review against native-speaker judgment/Forman or Del Corro lexicon for gold training.
kap-morph-0488,literary,linakad,linakad,lakad,l+in+akad,l | in | akad,-in-,infixation,V,infix=-in-; position=after_initial_consonant,medium,17,Mepupus ne ing musika [Linakad] ka tinuki ku Limnan,Rule-based candidate from thesis affix inventory; review against native-speaker judgment/Forman or Del Corro lexicon for gold training.
kap-morph-0489,literary,linukluk,linukluk,lukluk,l+in+ukluk,l | in | ukluk,-in-,infixation,V,infix=-in-; position=after_initial_consonant,medium,17,Alang dine-dine tambing yang [linukluk] Dinungut king dulang keta,Rule-based candidate from thesis affix inventory; review against native-speaker judgment/Forman or Del Corro lexicon for gold training.
kap-morph-0490,literary,mangalambut,mangalambut,alambut,mang+alambut,mang | alambut,mang-,prefixation,V/ADJ/N,prefix=mang-,medium,17,caya dusa Catauang mangaina [mangalambut] mapapata King salu magsandal,Rule-based candidate from thesis affix inventory; review against native-speaker judgment/Forman or Del Corro lexicon for gold training.
kap-morph-0491,literary,maniaman,maniaman,iaman,man+iaman,man | iaman,man-,prefixation,V/ADJ/N,prefix=man-,medium,17,Guinu MALIGOSU Ining Maligosu [maniaman] yang tutu Nung ustu,Rule-based candidate from thesis affix inventory; review against native-speaker judgment/Forman or Del Corro lexicon for gold training.
kap-morph-0492,literary,mantabe,mantabe,tabe,man+tabe,man | tabe,man-,prefixation,V/ADJ/N,prefix=man-,medium,17,kekang alala yang kaku [mantabe] Ketang mulahan na ning,Rule-based candidate from thesis affix inventory; review against native-speaker judgment/Forman or Del Corro lexicon for gold training.
kap-morph-0493,literary,mengari,mengari,gari,men+gari,men | gari,men-,prefixation,V/ADJ/N,prefix=men-,medium,17,a extra Ing kapagmasusian [mengari] yang sine King Maputing,Rule-based candidate from thesis affix inventory; review against native-speaker judgment/Forman or Del Corro lexicon for gold training.
kap-morph-0494,literary,minic,minic,mic,m+in+ic,m | in | ic,-in-,infixation,V,infix=-in-; position=after_initial_consonant,medium,17,nac n pang D [minic] masant ng mal nis,Rule-based candidate from thesis affix inventory; review against native-speaker judgment/Forman or Del Corro lexicon for gold training.
kap-morph-0495,religious,minukiat,minukiat,mukiat,m+in+ukiat,m | in | ukiat,-in-,infixation,V,infix=-in-; position=after_initial_consonant,medium,17,king gabun Genesis Dapot [minukiat] ibat king labuad ing,Rule-based candidate from thesis affix inventory; review against native-speaker judgment/Forman or Del Corro lexicon for gold training.
kap-morph-0496,literary,mitakutan,mitakutan,mitakut,mitakut+an,mitakut | an,-an,suffixation,N/V,suffix=-an,medium,17,mibabali ni ng e [mitakutan] Uling king Angeles detang,Rule-based candidate from thesis affix inventory; review against native-speaker judgment/Forman or Del Corro lexicon for gold training.
kap-morph-0497,literary,pagnasan,pagnasan,gnas,pa+gnas+an,pa | gnas | an,pa- + -an,circumfixation,N/V,circumfix=pa-...-an,medium,17,king abalitan ku yang [pagnasan] yung mausta alilan ye,Rule-based candidate from thesis affix inventory; review against native-speaker judgment/Forman or Del Corro lexicon for gold training.
kap-morph-0498,literary,pekibatan,pekibatan,kibat,pe+kibat+an,pe | kibat | an,pe-; -an,prefixation+suffixation,V/ADJ/N,prefix=pe-; suffix=-an,medium,17,saingsing Ali ke apanusigan [pekibatan] ke king piling Mepupus,Rule-based candidate from thesis affix inventory; review against native-speaker judgment/Forman or Del Corro lexicon for gold training.
kap-morph-0499,religious,tikpan,tikpan,tikp,tikp+an,tikp | an,-an,suffixation,N/V,suffix=-an,medium,17,linakad lang paurung at [tikpan] daing kalubasan na ning,Rule-based candidate from thesis affix inventory; review against native-speaker judgment/Forman or Del Corro lexicon for gold training.
kap-morph-0500,literary,tinipa,tinipa,tipa,t+in+ipa,t | in | ipa,-in-,infixation,V,infix=-in-; position=after_initial_consonant,medium,17,mamaltang ing kabengyan a [tinipa] Manyagid na king butulku,Rule-based candidate from thesis affix inventory; review against native-speaker judgment/Forman or Del Corro lexicon for gold training.
kap-morph-0501,literary,tipunan,tipunan,tipun,tipun+an,tipun | an,-an,suffixation,N/V,suffix=-an,medium,17,isip ing malagung diwa [Tipunan] ko detang mapinung salita,Rule-based candidate from thesis affix inventory; review against native-speaker judgment/Forman or Del Corro lexicon for gold training.
kap-morph-0502,literary,capitan,capitan,capit,capit+an,capit | an,-an,suffixation,N/V,suffix=-an,medium,16,ning meto-orbe potang ing [Capitan] ning Dios keti sulip,Rule-based candidate from thesis affix inventory; review against native-speaker judgment/Forman or Del Corro lexicon for gold training.
kap-morph-0503,literary,kapagnasan,kapagnasan,pagnas,ka+pagnas+an,ka | pagnas | an,ka- + -an,circumfixation,N/V,circumfix=ka-...-an,medium,16,kulkul Enero PAMANANAMAN King [kapagnasan] kung mebinang maruruk ban,Rule-based candidate from thesis affix inventory; review against native-speaker judgment/Forman or Del Corro lexicon for gold training.
kap-morph-0504,literary,kasangkapan,kasangkapan,sangkap,ka+sangkap+an,ka | sangkap | an,ka- + -an,circumfixation,N/V,circumfix=ka-...-an,medium,16,ku keka e la [kasangkapan] lalu lang e kwalta,Rule-based candidate from thesis affix inventory; review against native-speaker judgment/Forman or Del Corro lexicon for gold training.
kap-morph-0505,religious,kekaban,kekaban,kekab,kekab+an,kekab | an,-an,suffixation,N/V,suffix=-an,medium,16,mu ing gabun king [kekaban] na at king keang,Rule-based candidate from thesis affix inventory; review against native-speaker judgment/Forman or Del Corro lexicon for gold training.
kap-morph-0506,literary,kelinguan,kelinguan,kelingu,kelingu+an,kelingu | an,-an,suffixation,N/V,suffix=-an,medium,16,abatas e ra ka [kelinguan] tune kang mal kaku,Rule-based candidate from thesis affix inventory; review against native-speaker judgment/Forman or Del Corro lexicon for gold training.
kap-morph-0507,literary,lingap,lingap,lgap,l+in+gap,l | in | gap,-in-,infixation,V,infix=-in-; position=after_initial_consonant,medium,16,king tangke Agyang sablang [lingap] gisanan mung ibie Diligan,Rule-based candidate from thesis affix inventory; review against native-speaker judgment/Forman or Del Corro lexicon for gold training.
kap-morph-0508,religious,malipul,malipul,lipul,ma+lipul,ma | lipul,ma-,prefixation,V/ADJ/N,prefix=ma-,medium,16,aldo a iti bang [malipul] kong agad a alang,Rule-based candidate from thesis affix inventory; review against native-speaker judgment/Forman or Del Corro lexicon for gold training.
kap-morph-0509,literary,malunus,malunus,lunus,ma+lunus,ma | lunus,ma-,prefixation,V/ADJ/N,prefix=ma-,medium,16,Upaya at Ligayang tune [Malunus] na Ka mu kening,Rule-based candidate from thesis affix inventory; review against native-speaker judgment/Forman or Del Corro lexicon for gold training.
kap-morph-0510,literary,mangga,mangga,ngga,ma+ngga,ma | ngga,ma-,prefixation,V/ADJ/N,prefix=ma-,medium,16,sumpang E na paymburisan [mangga] man king wakas Saganan,Rule-based candidate from thesis affix inventory; review against native-speaker judgment/Forman or Del Corro lexicon for gold training.
kap-morph-0511,literary,marapat,marapat,rapat,ma+rapat,ma | rapat,ma-,prefixation,V/ADJ/N,prefix=ma-,medium,16,Inya baling metung Karen [marapat] mu ing kutnan la,Rule-based candidate from thesis affix inventory; review against native-speaker judgment/Forman or Del Corro lexicon for gold training.
kap-morph-0512,literary,masias,masias,sias,ma+sias,ma | sias,ma-,prefixation,V/ADJ/N,prefix=ma-,medium,16,king ibpa Ding terminung [masias] mengari lang dikut King,Rule-based candidate from thesis affix inventory; review against native-speaker judgment/Forman or Del Corro lexicon for gold training.
kap-morph-0513,literary,mekamate,mekamate,mate,meka+mate,meka | mate,meka-,prefixation,V/ADJ/N,prefix=meka-,medium,16,milantang Bala ra ding [mekamate] pete re ing taung,Rule-based candidate from thesis affix inventory; review against native-speaker judgment/Forman or Del Corro lexicon for gold training.
kap-morph-0514,literary,mingat,mingat,mgat,m+in+gat,m | in | gat,-in-,infixation,V,infix=-in-; position=after_initial_consonant,medium,16,mabyasa kang mangilag at [mingat] King kaligaligan ba kang,Rule-based candidate from thesis affix inventory; review against native-speaker judgment/Forman or Del Corro lexicon for gold training.
kap-morph-0515,literary,nanuman,nanuman,nanum,nanum+an,nanum | an,-an,suffixation,N/V,suffix=-an,medium,16,Talapanaral sabla alang kabaldugan [Nanuman] kekang gagawan iti alang,Rule-based candidate from thesis affix inventory; review against native-speaker judgment/Forman or Del Corro lexicon for gold training.
kap-morph-0516,literary,naya,naya,naya,naya,naya,,clitic_or_function,PART/PRON/DET/PREP,closed_class; preserve_as_token,high,16,na king capulungan mamun [naya] ing Maestro atin ya,Kept unsplit to avoid false affix boundaries in tokenizer training.
kap-morph-0517,literary,patingapun,patingapun,tingapun,pa+tingapun,pa | tingapun,pa-,prefixation,V/ADJ/N,prefix=pa-,medium,16,mandilung pawas lub ning [patingapun] Potang ining bye ku,Rule-based candidate from thesis affix inventory; review against native-speaker judgment/Forman or Del Corro lexicon for gold training.
kap-morph-0518,literary,pepakilala,pepakilala,pakilala,pe+pakilala,pe | pakilala,pe-,prefixation,V/ADJ/N,prefix=pe-,medium,16,komusta ya naman Itang [pepakilala] mu ken king New,Rule-based candidate from thesis affix inventory; review against native-speaker judgment/Forman or Del Corro lexicon for gold training.
kap-morph-0519,literary,pibatan,pibatan,batan,pi+batan,pi | batan,pi-,prefixation,V/ADJ/N,prefix=pi-,medium,16,ipagpa Nanung ikatula mu [pibatan] ku naman malunus Ka,Rule-based candidate from thesis affix inventory; review against native-speaker judgment/Forman or Del Corro lexicon for gold training.
kap-morph-0520,literary,pilan,pilan,pil,pil+an,pil | an,-an,suffixation,N/V,suffix=-an,medium,16,Anak nin Tau Dapot [pilan] la pa Ring cain,Rule-based candidate from thesis affix inventory; review against native-speaker judgment/Forman or Del Corro lexicon for gold training.
kap-morph-0521,literary,rugu,rugu,rugu,rugu,rugu,,function_word,PART/PRON/DET/PREP,closed_class; preserve_as_token,high,16,keang tuknangan Bakit kaya [rugu] alang mekasagip agyang metung,Kept unsplit to avoid false affix boundaries in tokenizer training.
kap-morph-0522,literary,sibukan,sibukan,sibuk,sibuk+an,sibuk | an,-an,suffixation,N/V,suffix=-an,medium,16,a babye ligaya Ing [sibukan] ku ing tinanam santul,Rule-based candidate from thesis affix inventory; review against native-speaker judgment/Forman or Del Corro lexicon for gold training.
kap-morph-0523,literary,siniping,siniping,siping,s+in+iping,s | in | iping,-in-,infixation,V,infix=-in-; position=after_initial_consonant,medium,16,da ka Abril ASAWA [Siniping] ya y Onyok king,Rule-based candidate from thesis affix inventory; review against native-speaker judgment/Forman or Del Corro lexicon for gold training.
kap-morph-0524,literary,tatas,tatas,tas,ta~tas,ta~tas,ta~,reduplication,V/ADJ,reduplicated_cv=ta; aspect_or_intensification,medium,16,good morning que aldol-do [Tatas] mila reng gamat mi,Rule-based candidate from thesis affix inventory; review against native-speaker judgment/Forman or Del Corro lexicon for gold training.
kap-morph-0525,literary,adwa,adwa,adwa,adwa,adwa,,function_word,PART/PRON/DET/PREP,closed_class; preserve_as_token,high,15,keang koya t ding [adwa] nang atsi neng pakyalungan,Kept unsplit to avoid false affix boundaries in tokenizer training.
kap-morph-0526,literary,bamban,bamban,bamb,bamb+an,bamb | an,-an,suffixation,N/V,suffix=-an,medium,15,ring tete Abacan at [Bamban] Agyang ninu ya pang,Rule-based candidate from thesis affix inventory; review against native-speaker judgment/Forman or Del Corro lexicon for gold training.
kap-morph-0527,literary,bayaran,bayaran,bayar,bayar+an,bayar | an,-an,suffixation,N/V,suffix=-an,medium,15,hustisya Mekakapilan man utang [bayaran] ya king panga-utang na,Rule-based candidate from thesis affix inventory; review against native-speaker judgment/Forman or Del Corro lexicon for gold training.
kap-morph-0528,literary,gagalgal,gagalgal,galgal,ga~galgal,ga~galgal,ga~,reduplication,V/ADJ,reduplicated_cv=ga; aspect_or_intensification,medium,15,Linkluk ya t nganang [gagalgal] minyabi Makademanda ku maginung,Rule-based candidate from thesis affix inventory; review against native-speaker judgment/Forman or Del Corro lexicon for gold training.
kap-morph-0529,literary,inatulan,inatulan,natul,i+natul+an,i | natul | an,i-; -an,prefixation+suffixation,V/ADJ/N,prefix=i-; suffix=-an,medium,15,ding taung masama kaya [Inatulan] de pang taksil at,Rule-based candidate from thesis affix inventory; review against native-speaker judgment/Forman or Del Corro lexicon for gold training.
kap-morph-0530,literary,kabilugan,kabilugan,bilug,ka+bilug+an,ka | bilug | an,ka- + -an,circumfixation,N/V,circumfix=ka-...-an,medium,15,magbalik ka kaku King [kabilugan] ning kakung pangatau Ing,Rule-based candidate from thesis affix inventory; review against native-speaker judgment/Forman or Del Corro lexicon for gold training.
kap-morph-0531,literary,kalaganapan,kalaganapan,laganap,ka+laganap+an,ka | laganap | an,ka- + -an,circumfixation,N/V,circumfix=ka-...-an,medium,15,Inya matulid mung ing [kalaganapan] e dapat malasun King,Rule-based candidate from thesis affix inventory; review against native-speaker judgment/Forman or Del Corro lexicon for gold training.
kap-morph-0532,literary,kapagalan,kapagalan,pagal,ka+pagal+an,ka | pagal | an,ka- + -an,circumfixation,N/V,circumfix=ka-...-an,medium,15,anti lang teterak alang [kapagalan] Isipan mu waring misan,Rule-based candidate from thesis affix inventory; review against native-speaker judgment/Forman or Del Corro lexicon for gold training.
kap-morph-0533,literary,kapainawan,kapainawan,painaw,ka+painaw+an,ka | painaw | an,ka- + -an,circumfixation,N/V,circumfix=ka-...-an,medium,15,luglan king labuad ning [kapainawan] O makananu na ke,Rule-based candidate from thesis affix inventory; review against native-speaker judgment/Forman or Del Corro lexicon for gold training.
kap-morph-0534,literary,kealan,kealan,keal,keal+an,keal | an,-an,suffixation,N/V,suffix=-an,medium,15,Ing matinding danup at [kealan] tudtud pilan nang kabukas,Rule-based candidate from thesis affix inventory; review against native-speaker judgment/Forman or Del Corro lexicon for gold training.
kap-morph-0535,literary,kimutan,kimutan,kimut,kimut+an,kimut | an,-an,suffixation,N/V,suffix=-an,medium,15,ning taung tanak Ing [kimutan] Katipunan mibibu ya at,Rule-based candidate from thesis affix inventory; review against native-speaker judgment/Forman or Del Corro lexicon for gold training.
kap-morph-0536,religious,linipul,linipul,lipul,l+in+ipul,l | in | ipul,-in-,infixation,V,infix=-in-; position=after_initial_consonant,medium,15,minalili la karela at [linipul] dala king arapan da,Rule-based candidate from thesis affix inventory; review against native-speaker judgment/Forman or Del Corro lexicon for gold training.
kap-morph-0537,religious,magbili,magbili,bili,mag+bili,mag | bili,mag-,prefixation,V/ADJ/N,prefix=mag-,medium,15,sablang laman Genesis At [magbili] ya ing pinanari king,Rule-based candidate from thesis affix inventory; review against native-speaker judgment/Forman or Del Corro lexicon for gold training.
kap-morph-0538,literary,makasulat,makasulat,sulat,maka+sulat,maka | sulat,maka-,prefixation,V/ADJ/N,prefix=maka-,medium,15,luguran mo kaybat nganing [makasulat] E miras king ayan,Rule-based candidate from thesis affix inventory; review against native-speaker judgment/Forman or Del Corro lexicon for gold training.
kap-morph-0539,literary,makibalu,makibalu,kibalu,ma+kibalu,ma | kibalu,ma-,prefixation,V/ADJ/N,prefix=ma-,medium,15,Ya na pin mang [makibalu] king landas ning katimawan,Rule-based candidate from thesis affix inventory; review against native-speaker judgment/Forman or Del Corro lexicon for gold training.
kap-morph-0540,literary,makule,makule,kule,ma+kule,ma | kule,ma-,prefixation,V/ADJ/N,prefix=ma-,medium,15,tetagan ding bunduk a [makule] Lalam na naing banuang,Rule-based candidate from thesis affix inventory; review against native-speaker judgment/Forman or Del Corro lexicon for gold training.
kap-morph-0541,literary,malambut,malambut,lambut,ma+lambut,ma | lambut,ma-,prefixation,V/ADJ/N,prefix=ma-,medium,15,de lagu Pemalayawan deng [Malambut] a Pusu Kasi tagkilan,Rule-based candidate from thesis affix inventory; review against native-speaker judgment/Forman or Del Corro lexicon for gold training.
kap-morph-0542,literary,malungkut,malungkut,lungkut,ma+lungkut,ma | lungkut,ma-,prefixation,V/ADJ/N,prefix=ma-,medium,15,e la mangapamulala Nandin [malungkut] yang mababalag a lua,Rule-based candidate from thesis affix inventory; review against native-speaker judgment/Forman or Del Corro lexicon for gold training.
kap-morph-0543,religious,manganak,manganak,anak,mang+anak,mang | anak,mang-,prefixation,V/ADJ/N,prefix=mang-,medium,15,Oini kinagli ka at [manganak] kang metung a lalaki,Rule-based candidate from thesis affix inventory; review against native-speaker judgment/Forman or Del Corro lexicon for gold training.
kap-morph-0544,literary,marangal,marangal,rangal,ma+rangal,ma | rangal,ma-,prefixation,V/ADJ/N,prefix=ma-,medium,15,pasibayu Sampaga yap ala [Marangal] yang tau ANDRES BONIFACIO,Rule-based candidate from thesis affix inventory; review against native-speaker judgment/Forman or Del Corro lexicon for gold training.
kap-morph-0545,literary,masipag,masipag,sipag,ma+sipag,ma | sipag,ma-,prefixation,V/ADJ/N,prefix=ma-,medium,15,payapa Ding ortelanu mung [masipag] papalto king kabyayan malda,Rule-based candidate from thesis affix inventory; review against native-speaker judgment/Forman or Del Corro lexicon for gold training.
kap-morph-0546,literary,matuling,matuling,tuling,ma+tuling,ma | tuling,ma-,prefixation,V/ADJ/N,prefix=ma-,medium,15,tang metudtud king benging [matuling] King masayang abak Karin,Rule-based candidate from thesis affix inventory; review against native-speaker judgment/Forman or Del Corro lexicon for gold training.
kap-morph-0547,religious,menalig,menalig,alig,men+alig,men | alig,men-,prefixation,V/ADJ/N,prefix=men-,medium,15,karinan king Benjamin uling [menalig] la karing mamabat a,Rule-based candidate from thesis affix inventory; review against native-speaker judgment/Forman or Del Corro lexicon for gold training.
kap-morph-0548,literary,menatili,menatili,atili,men+atili,men | atili,men-,prefixation,V/ADJ/N,prefix=men-,medium,15,e na ikwang ayari [Menatili] yang malinis ala yang,Rule-based candidate from thesis affix inventory; review against native-speaker judgment/Forman or Del Corro lexicon for gold training.
kap-morph-0549,religious,mipanuanan,mipanuanan,mipanuan,mipanuan+an,mipanuan | an,-an,suffixation,N/V,suffix=-an,medium,15,keka isumpa ke at [mipanuanan] la king uli mu,Rule-based candidate from thesis affix inventory; review against native-speaker judgment/Forman or Del Corro lexicon for gold training.
kap-morph-0550,literary,pagumasdan,pagumasdan,gumasd,pa+gumasd+an,pa | gumasd | an,pa- + -an,circumfixation,N/V,circumfix=pa-...-an,medium,15,namang masaya at mabsi [Pagumasdan] ye ing lakad ning,Rule-based candidate from thesis affix inventory; review against native-speaker judgment/Forman or Del Corro lexicon for gold training.
kap-morph-0551,religious,pakakak,pakakak,kakak,pa+kakak,pa | kakak,pa-,prefixation,V/ADJ/N,prefix=pa-,medium,15,tiniup yang metung a [pakakak] king karinan a bunduk-bundukan,Rule-based candidate from thesis affix inventory; review against native-speaker judgment/Forman or Del Corro lexicon for gold training.
kap-morph-0552,literary,pakibat,pakibat,kibat,pa+kibat,pa | kibat,pa-,prefixation,V/ADJ/N,prefix=pa-,medium,15,lang tutu buntuk Mangalangimla [pakibat] mangataram la panasbuk Makananung,Rule-based candidate from thesis affix inventory; review against native-speaker judgment/Forman or Del Corro lexicon for gold training.
kap-morph-0553,literary,paldas,paldas,ldas,pa+ldas,pa | ldas,pa-,prefixation,V/ADJ/N,prefix=pa-,medium,15,pangimut ala nang inawa [Paldas] ing balitang meyakdak ya,Rule-based candidate from thesis affix inventory; review against native-speaker judgment/Forman or Del Corro lexicon for gold training.
kap-morph-0554,literary,pamalsinta,pamalsinta,lsinta,pama+lsinta,pama | lsinta,pama-,prefixation,V/ADJ/N,prefix=pama-,medium,15,ku keka Ing kanakung [pamalsinta] E na kabud kasinglalam,Rule-based candidate from thesis affix inventory; review against native-speaker judgment/Forman or Del Corro lexicon for gold training.
kap-morph-0555,literary,pamisip,pamisip,isip,pam+isip,pam | isip,pam-,prefixation,V/ADJ/N,prefix=pam-,medium,15,mayap a ibpa kingkakung [pamisip] E ya makamate at,Rule-based candidate from thesis affix inventory; review against native-speaker judgment/Forman or Del Corro lexicon for gold training.
kap-morph-0556,literary,pampang,pampang,pang,pam+pang,pam | pang,pam-,prefixation,V/ADJ/N,prefix=pam-,medium,15,ya ing matua Ketang [pampang] a mabatu misubsub ya,Rule-based candidate from thesis affix inventory; review against native-speaker judgment/Forman or Del Corro lexicon for gold training.
kap-morph-0557,literary,panenayan,panenayan,nenay,pa+nenay+an,pa | nenay | an,pa- + -an,circumfixation,N/V,circumfix=pa-...-an,medium,15,Inyang sumilip ne ing [panenayan] kung tumiman a abak,Rule-based candidate from thesis affix inventory; review against native-speaker judgment/Forman or Del Corro lexicon for gold training.
kap-morph-0558,literary,paralaya,paralaya,ralaya,pa+ralaya,pa | ralaya,pa-,prefixation,V/ADJ/N,prefix=pa-,medium,15,angin a pangisnawa ning [Paralaya] inya indat dalawan ne,Rule-based candidate from thesis affix inventory; review against native-speaker judgment/Forman or Del Corro lexicon for gold training.
kap-morph-0559,literary,penintun,penintun,nintun,pe+nintun,pe | nintun,pe-,prefixation,V/ADJ/N,prefix=pe-,medium,15,bye kung alang kapanayan [Penintun] kung tula King aliwang,Rule-based candidate from thesis affix inventory; review against native-speaker judgment/Forman or Del Corro lexicon for gold training.
kap-morph-0560,religious,pepalakuan,pepalakuan,palaku,pe+palaku+an,pe | palaku | an,pe-; -an,prefixation+suffixation,V/ADJ/N,prefix=pe-; suffix=-an,medium,15,Genesis Uli na nita [pepalakuan] neng GUINUNG Dios king,Rule-based candidate from thesis affix inventory; review against native-speaker judgment/Forman or Del Corro lexicon for gold training.
kap-morph-0561,literary,pilipinas,pilipinas,lipinas,pi+lipinas,pi | lipinas,pi-,prefixation,V/ADJ/N,prefix=pi-,medium,15,king kalayan ning kapuluan [Pilipinas] Nung ngara dimut ya,Rule-based candidate from thesis affix inventory; review against native-speaker judgment/Forman or Del Corro lexicon for gold training.
kap-morph-0562,literary,sasalikut,sasalikut,salikut,sa~salikut,sa~salikut,sa~,reduplication,V/ADJ,reduplicated_cv=sa; aspect_or_intensification,medium,15,na gugupit Nu mu [sasalikut] ing kekang akupit Kba,Rule-based candidate from thesis affix inventory; review against native-speaker judgment/Forman or Del Corro lexicon for gold training.
kap-morph-0563,literary,sinira,sinira,sira,s+in+ira,s | in | ira,-in-,infixation,V,infix=-in-; position=after_initial_consonant,medium,15,I Bonifacio e na [sinira] ing oras King sarili,Rule-based candidate from thesis affix inventory; review against native-speaker judgment/Forman or Del Corro lexicon for gold training.
kap-morph-0564,literary,sumiping,sumiping,siping,s+um+iping,s | um | iping,-um-,infixation,V,infix=-um-; position=after_initial_consonant,medium,15,da neng lungub ban [sumiping] kang Mariya Kabud linub,Rule-based candidate from thesis affix inventory; review against native-speaker judgment/Forman or Del Corro lexicon for gold training.
kap-morph-0565,religious,yuyutus,yuyutus,yutus,yu~yutus,yu~yutus,yu~,reduplication,V/ADJ,reduplicated_cv=yu; aspect_or_intensification,medium,15,karing keang kautusan a [yuyutus] ku keka king aldo,Rule-based candidate from thesis affix inventory; review against native-speaker judgment/Forman or Del Corro lexicon for gold training.
kap-morph-0566,literary,dasnan,dasnan,dasn,dasn+an,dasn | an,-an,suffixation,N/V,suffix=-an,medium,14,nong luguran ding sese [dasnan] na King baryu Paraisa,Rule-based candidate from thesis affix inventory; review against native-speaker judgment/Forman or Del Corro lexicon for gold training.
kap-morph-0567,literary,degulan,degulan,degul,degul+an,degul | an,-an,suffixation,N/V,suffix=-an,medium,14,sana Anting peka-simbul ketang [degulan] na Ning keya lakuan,Rule-based candidate from thesis affix inventory; review against native-speaker judgment/Forman or Del Corro lexicon for gold training.
kap-morph-0568,literary,dumpa,dumpa,dpa,d+um+pa,d | um | pa,-um-,infixation,V,infix=-um-; position=after_initial_consonant,medium,14,Mariposang sudui magnasa lang [dumpa] Ban sangap king likas,Rule-based candidate from thesis affix inventory; review against native-speaker judgment/Forman or Del Corro lexicon for gold training.
kap-morph-0569,literary,gugulutan,gugulutan,gulut,gu~gulut+an,gu~gulut | an,gu~; -an,reduplication+suffixation,V/ADJ,reduplicated_cv=gu; aspect_or_intensification; suffix=-an,medium,14,At itang dalumdum yang [gugulutan] da E re lalawan,Rule-based candidate from thesis affix inventory; review against native-speaker judgment/Forman or Del Corro lexicon for gold training.
kap-morph-0570,religious,haran,haran,har,har+an,har | an,-an,suffixation,N/V,suffix=-an,medium,14,i Nahor at i [Haran] And Terah lived seventy,Rule-based candidate from thesis affix inventory; review against native-speaker judgment/Forman or Del Corro lexicon for gold training.
kap-morph-0571,literary,kabilyan,kabilyan,bily,ka+bily+an,ka | bily | an,ka- + -an,circumfixation,N/V,circumfix=ka-...-an,medium,14,Bakit mipakanyan ing kekang [kabilyan] BAlen kung malugud Sundang,Rule-based candidate from thesis affix inventory; review against native-speaker judgment/Forman or Del Corro lexicon for gold training.
kap-morph-0572,literary,kaburian,kaburian,buri,ka+buri+an,ka | buri | an,ka- + -an,circumfixation,N/V,circumfix=ka-...-an,medium,14,kabud mipanintuan buri Mekad [kaburian] na king ing taung,Rule-based candidate from thesis affix inventory; review against native-speaker judgment/Forman or Del Corro lexicon for gold training.
kap-morph-0573,literary,kamulangan,kamulangan,mulang,ka+mulang+an,ka | mulang | an,ka- + -an,circumfixation,N/V,circumfix=ka-...-an,medium,14,tsonggung mistula Ing pamaglinlang [kamulangan] amponing pamagpasasa Atiyu karela,Rule-based candidate from thesis affix inventory; review against native-speaker judgment/Forman or Del Corro lexicon for gold training.
kap-morph-0574,religious,kapalaluan,kapalaluan,palalu,ka+palalu+an,ka | palalu | an,ka- + -an,circumfixation,N/V,circumfix=ka-...-an,medium,14,ing tau a darapat [kapalaluan] king e pamakiramdam king,Rule-based candidate from thesis affix inventory; review against native-speaker judgment/Forman or Del Corro lexicon for gold training.
kap-morph-0575,religious,kapatagan,kapatagan,patag,ka+patag+an,ka | patag | an,ka- + -an,circumfixation,N/V,circumfix=ka-...-an,medium,14,king aslagan mekakit lang [kapatagan] king gabun na ning,Rule-based candidate from thesis affix inventory; review against native-speaker judgment/Forman or Del Corro lexicon for gold training.
kap-morph-0576,literary,katungkulan,katungkulan,tungkul,ka+tungkul+an,ka | tungkul | an,ka- + -an,circumfixation,N/V,circumfix=ka-...-an,medium,14,supreme Mipuk ya king [katungkulan] anting Panlub a Ministro,Rule-based candidate from thesis affix inventory; review against native-speaker judgment/Forman or Del Corro lexicon for gold training.
kap-morph-0577,religious,kawakasan,kawakasan,wakas,ka+wakas+an,ka | wakas | an,ka- + -an,circumfixation,N/V,circumfix=ka-...-an,medium,14,na kang Noe Ing [kawakasan] na ning anggang laman,Rule-based candidate from thesis affix inventory; review against native-speaker judgment/Forman or Del Corro lexicon for gold training.
kap-morph-0578,literary,kayaldawan,kayaldawan,yaldaw,ka+yaldaw+an,ka | yaldaw | an,ka- + -an,circumfixation,N/V,circumfix=ka-...-an,medium,14,king ligaya Uling iting [kayaldawan] aldo me ping beytan,Rule-based candidate from thesis affix inventory; review against native-speaker judgment/Forman or Del Corro lexicon for gold training.
kap-morph-0579,literary,kumabsi,kumabsi,kabsi,k+um+absi,k | um | absi,-um-,infixation,V,infix=-um-; position=after_initial_consonant,medium,14,Ing buri tang kanan [kumabsi] tamumu Atin nang palukluk,Rule-based candidate from thesis affix inventory; review against native-speaker judgment/Forman or Del Corro lexicon for gold training.
kap-morph-0580,literary,lalapit,lalapit,lapit,la~lapit,la~lapit,la~,reduplication,V/ADJ,reduplicated_cv=la; aspect_or_intensification,medium,14,yagkat nana kung paynawa [Lalapit] yang alang imik ing,Rule-based candidate from thesis affix inventory; review against native-speaker judgment/Forman or Del Corro lexicon for gold training.
kap-morph-0581,religious,lasakan,lasakan,lasak,lasak+an,lasak | an,-an,suffixation,N/V,suffix=-an,medium,14,makanian kang makiutus karela [lasakan] mula ding karelang altares,Rule-based candidate from thesis affix inventory; review against native-speaker judgment/Forman or Del Corro lexicon for gold training.
kap-morph-0582,literary,linaban,linaban,laban,l+in+aban,l | in | aban,-in-,infixation,V,infix=-in-; position=after_initial_consonant,medium,14,O bat ela mekilaban [Linaban] la ding sundalus O,Rule-based candidate from thesis affix inventory; review against native-speaker judgment/Forman or Del Corro lexicon for gold training.
kap-morph-0583,literary,lumbe,lumbe,lbe,l+um+be,l | um | be,-um-,infixation,V,infix=-um-; position=after_initial_consonant,medium,14,mo waring panaplak king [lumbe] Inya aldo t bengi,Rule-based candidate from thesis affix inventory; review against native-speaker judgment/Forman or Del Corro lexicon for gold training.
kap-morph-0584,literary,mabilis,mabilis,bilis,ma+bilis,ma | bilis,ma-,prefixation,V/ADJ/N,prefix=ma-,medium,14,ning bulung takpan neng [mabilis] Yapag ne king dulang,Rule-based candidate from thesis affix inventory; review against native-speaker judgment/Forman or Del Corro lexicon for gold training.
kap-morph-0585,literary,magaral,magaral,aral,mag+aral,mag | aral,mag-,prefixation,V/ADJ/N,prefix=mag-,medium,14,nang maglame Manyaliksik at [magaral] king miyayaliwang bague At,Rule-based candidate from thesis affix inventory; review against native-speaker judgment/Forman or Del Corro lexicon for gold training.
kap-morph-0586,literary,malagwa,malagwa,lagwa,ma+lagwa,ma | lagwa,ma-,prefixation,V/ADJ/N,prefix=ma-,medium,14,bye ding kakung kalaban [Malagwa] t salita kanaku binye,Rule-based candidate from thesis affix inventory; review against native-speaker judgment/Forman or Del Corro lexicon for gold training.
kap-morph-0587,literary,malangi,malangi,langi,ma+langi,ma | langi,ma-,prefixation,V/ADJ/N,prefix=ma-,medium,14,king sanga Sanga yang [malangi] tang digpanan na Inya,Rule-based candidate from thesis affix inventory; review against native-speaker judgment/Forman or Del Corro lexicon for gold training.
kap-morph-0588,literary,malino,malino,lino,ma+lino,ma | lino,ma-,prefixation,V/ADJ/N,prefix=ma-,medium,14,kabud nya mapawi Yang [malino] batis payapang mamagus Bandyan,Rule-based candidate from thesis affix inventory; review against native-speaker judgment/Forman or Del Corro lexicon for gold training.
kap-morph-0589,literary,mamamate,mamamate,mamate,ma~mamate,ma~mamate,ma~,reduplication,V/ADJ,reduplicated_cv=ma; aspect_or_intensification,medium,14,dugu sikasu ing amanung [mamamate] At ing katulad na,Rule-based candidate from thesis affix inventory; review against native-speaker judgment/Forman or Del Corro lexicon for gold training.
kap-morph-0590,literary,mangamate,mangamate,amate,mang+amate,mang | amate,mang-,prefixation,V/ADJ/N,prefix=mang-,medium,14,E balag dakal lang [mangamate] danup aku sang mipaldan,Rule-based candidate from thesis affix inventory; review against native-speaker judgment/Forman or Del Corro lexicon for gold training.
kap-morph-0591,literary,maniabing,maniabing,iabing,man+iabing,man | iabing,man-,prefixation,V/ADJ/N,prefix=man-,medium,14,mapintas Ala lang patugut [maniabing] matatas King poesia t,Rule-based candidate from thesis affix inventory; review against native-speaker judgment/Forman or Del Corro lexicon for gold training.
kap-morph-0592,literary,maninap,maninap,inap,man+inap,man | inap,man-,prefixation,V/ADJ/N,prefix=man-,medium,14,ali Mal kung Bungsu [maninap] na ku mu pala,Rule-based candidate from thesis affix inventory; review against native-speaker judgment/Forman or Del Corro lexicon for gold training.
kap-morph-0593,literary,manyawad,manyawad,yawad,man+yawad,man | yawad,man-,prefixation,V/ADJ/N,prefix=man-,medium,14,Darapat sala neng aldo [manyawad] tawad neng bengi Mayap,Rule-based candidate from thesis affix inventory; review against native-speaker judgment/Forman or Del Corro lexicon for gold training.
kap-morph-0594,literary,mapait,mapait,pait,ma+pait,ma | pait,ma-,prefixation,V/ADJ/N,prefix=ma-,medium,14,mabsi Ining Maligosu nung [mapait] ya man Atyu keng,Rule-based candidate from thesis affix inventory; review against native-speaker judgment/Forman or Del Corro lexicon for gold training.
kap-morph-0595,literary,mayubu,mayubu,yubu,ma+yubu,ma | yubu,ma-,prefixation,V/ADJ/N,prefix=ma-,medium,14,pakibalak na aldo nang [mayubu] Nitang pangane nang mag-aral,Rule-based candidate from thesis affix inventory; review against native-speaker judgment/Forman or Del Corro lexicon for gold training.
kap-morph-0596,literary,migising,migising,ising,mig+ising,mig | ising,mig-,prefixation,V/ADJ/N,prefix=mig-,medium,14,masayang abak Karin ta [migising] Nung atin mang lulam,Rule-based candidate from thesis affix inventory; review against native-speaker judgment/Forman or Del Corro lexicon for gold training.
kap-morph-0597,literary,minyabi,minyabi,myabi,m+in+yabi,m | in | yabi,-in-,infixation,V,infix=-in-; position=after_initial_consonant,medium,14,mekibat Ya at nganang [minyabi] Anak ko O kakung,Rule-based candidate from thesis affix inventory; review against native-speaker judgment/Forman or Del Corro lexicon for gold training.
kap-morph-0598,literary,nining,nining,ning,n+in+ing,n | in | ing,-in-,infixation,V,infix=-in-; position=after_initial_consonant,medium,14,karening tinungi kung rima [nining] poesiya Ninu pa mong,Rule-based candidate from thesis affix inventory; review against native-speaker judgment/Forman or Del Corro lexicon for gold training.
kap-morph-0599,religious,pamanalangsang,pamanalangsang,nalangsang,pama+nalangsang,pama | nalangsang,pama-,prefixation,V/ADJ/N,prefix=pama-,medium,14,Laban Nanu ing kakung [pamanalangsang] Nanu ing kakung kasalanan,Rule-based candidate from thesis affix inventory; review against native-speaker judgment/Forman or Del Corro lexicon for gold training.
kap-morph-0600,literary,pamilya,pamilya,ilya,pam+ilya,pam | ilya,pam-,prefixation,V/ADJ/N,prefix=pam-,medium,14,api ning lugud karing [pamilya] ku lakwas mikaluku Kabang,Rule-based candidate from thesis affix inventory; review against native-speaker judgment/Forman or Del Corro lexicon for gold training.
kap-morph-0601,literary,pangaku,pangaku,gaku,pan+gaku,pan | gaku,pan-,prefixation,V/ADJ/N,prefix=pan-,medium,14,Tau kelingwa na ing [pangaku] t sumpa Pablasang king,Rule-based candidate from thesis affix inventory; review against native-speaker judgment/Forman or Del Corro lexicon for gold training.
kap-morph-0602,literary,pangaras,pangaras,aras,pang+aras,pang | aras,pang-,prefixation,V/ADJ/N,prefix=pang-,medium,14,mu rugu keng pamananaman [pangaras] keng salun ning kapanamdaman,Rule-based candidate from thesis affix inventory; review against native-speaker judgment/Forman or Del Corro lexicon for gold training.
kap-morph-0603,literary,pasibayung,pasibayung,sibayung,pa+sibayung,pa | sibayung,pa-,prefixation,V/ADJ/N,prefix=pa-,medium,14,Ya ing maging Ukum [pasibayung] kuldas Kanita Ne matul,Rule-based candidate from thesis affix inventory; review against native-speaker judgment/Forman or Del Corro lexicon for gold training.
kap-morph-0604,literary,patawad,patawad,tawad,pa+tawad,pa | tawad,pa-,prefixation,V/ADJ/N,prefix=pa-,medium,14,Nganang ngungulangul Dyos ko [Patawad] pu Dapot nana na,Rule-based candidate from thesis affix inventory; review against native-speaker judgment/Forman or Del Corro lexicon for gold training.
kap-morph-0605,literary,personang,personang,rsonang,pe+rsonang,pe | rsonang,pe-,prefixation,V/ADJ/N,prefix=pe-,medium,14,kapaniupilan inia gagawan na [Personang] animal yang magbabo kaya,Rule-based candidate from thesis affix inventory; review against native-speaker judgment/Forman or Del Corro lexicon for gold training.
kap-morph-0606,literary,pibandyan,pibandyan,bandy,pi+bandy+an,pi | bandy | an,pi-; -an,prefixation+suffixation,V/ADJ/N,prefix=pi-; suffix=-an,medium,14,ing polusyon Ini mang [pibandyan] a king kapamyasnan ikwa,Rule-based candidate from thesis affix inventory; review against native-speaker judgment/Forman or Del Corro lexicon for gold training.
kap-morph-0607,literary,sasalpantaya,sasalpantaya,salpantaya,sa~salpantaya,sa~salpantaya,sa~,reduplication,V/ADJ,reduplicated_cv=sa; aspect_or_intensification,medium,14,ning watas lubus kung [sasalpantaya] Pepamana ne kekayu ing,Rule-based candidate from thesis affix inventory; review against native-speaker judgment/Forman or Del Corro lexicon for gold training.
kap-morph-0608,religious,sumakup,sumakup,sakup,s+um+akup,s | um | akup,-um-,infixation,V,infix=-um-; position=after_initial_consonant,medium,14,wangis at pabustan lang [sumakup] karing asan king dayatmalat,Rule-based candidate from thesis affix inventory; review against native-speaker judgment/Forman or Del Corro lexicon for gold training.
kap-morph-0609,literary,talan,talan,tal,tal+an,tal | an,-an,suffixation,N/V,suffix=-an,medium,14,king Portal ning Belen [Talan] ka kanaku o maslag,Rule-based candidate from thesis affix inventory; review against native-speaker judgment/Forman or Del Corro lexicon for gold training.
kap-morph-0610,literary,telanan,telanan,telan,telan+an,telan | an,-an,suffixation,N/V,suffix=-an,medium,14,panimpin ingkaniwan a mumutus [Telanan] ke ing palad muat,Rule-based candidate from thesis affix inventory; review against native-speaker judgment/Forman or Del Corro lexicon for gold training.
kap-morph-0611,religious,uvasan,uvasan,uvas,uvas+an,uvas | an,-an,suffixation,N/V,suffix=-an,medium,14,mibili yang metung a [uvasan] Genesis At minimum ya,Rule-based candidate from thesis affix inventory; review against native-speaker judgment/Forman or Del Corro lexicon for gold training.
kap-morph-0612,literary,akalingwan,akalingwan,akalingw,akalingw+an,akalingw | an,-an,suffixation,N/V,suffix=-an,medium,13,e kun a agawa [Akalingwan] kun a ing magpasamantala,Rule-based candidate from thesis affix inventory; review against native-speaker judgment/Forman or Del Corro lexicon for gold training.
kap-morph-0613,literary,albugan,albugan,albug,albug+an,albug | an,-an,suffixation,N/V,suffix=-an,medium,13,na King d ne [albugan] lib tad ning marangle,Rule-based candidate from thesis affix inventory; review against native-speaker judgment/Forman or Del Corro lexicon for gold training.
kap-morph-0614,literary,atbusan,atbusan,atbus,atbus+an,atbus | an,-an,suffixation,N/V,suffix=-an,medium,13,Ya King ba Neng [atbusan] ing tau king sala,Rule-based candidate from thesis affix inventory; review against native-speaker judgment/Forman or Del Corro lexicon for gold training.
kap-morph-0615,literary,bebe,bebe,be,be~be,be~be,be~,reduplication,V/ADJ,reduplicated_cv=be; aspect_or_intensification,medium,13,yang payapa Mamananaman yaking [bebe] ning sapa At karing,Rule-based candidate from thesis affix inventory; review against native-speaker judgment/Forman or Del Corro lexicon for gold training.
kap-morph-0616,literary,camatayan,camatayan,camatay,camatay+an,camatay | an,-an,suffixation,N/V,suffix=-an,medium,13,ya ing aldo mung [camatayan] Dening banyagang lunusub qng,Rule-based candidate from thesis affix inventory; review against native-speaker judgment/Forman or Del Corro lexicon for gold training.
kap-morph-0617,religious,dumalan,dumalan,dalan,d+um+alan,d | um | alan,-um-,infixation,V,infix=-um-; position=after_initial_consonant,medium,13,ding anggang kawan Genesis [Dumalan] ya ngeni ing guinu,Rule-based candidate from thesis affix inventory; review against native-speaker judgment/Forman or Del Corro lexicon for gold training.
kap-morph-0618,literary,gagalang,gagalang,galang,ga~galang,ga~galang,ga~,reduplication,V/ADJ,reduplicated_cv=ga; aspect_or_intensification,medium,13,ning Republika ning Pilipinas [Gagalang] kung Pamutuk Madam Gloria,Rule-based candidate from thesis affix inventory; review against native-speaker judgment/Forman or Del Corro lexicon for gold training.
kap-morph-0619,literary,gagawa,gagawa,gawa,ga~gawa,ga~gawa,ga~,reduplication,V/ADJ,reduplicated_cv=ga; aspect_or_intensification,medium,13,capalaran Ita mismu ing [gagawa] queng quecatang bili queng,Rule-based candidate from thesis affix inventory; review against native-speaker judgment/Forman or Del Corro lexicon for gold training.
kap-morph-0620,literary,ipaintulut,ipaintulut,intulut,ipa+intulut,ipa | intulut,ipa-,prefixation,V/ADJ/N,prefix=ipa-,medium,13,Ing Dios e na [ipaintulut] ing mamusan cang macaiguit,Rule-based candidate from thesis affix inventory; review against native-speaker judgment/Forman or Del Corro lexicon for gold training.
kap-morph-0621,literary,kabengian,kabengian,bengi,ka+bengi+an,ka | bengi | an,ka- + -an,circumfixation,N/V,circumfix=ka-...-an,medium,13,at misasabi Balamumo ing [kabengian] kekata yang adua iti,Rule-based candidate from thesis affix inventory; review against native-speaker judgment/Forman or Del Corro lexicon for gold training.
kap-morph-0622,religious,kibkuban,kibkuban,kibkub,kibkub+an,kibkub | an,-an,suffixation,N/V,suffix=-an,medium,13,dinatang ya keti At [kibkuban] de at inabatan de,Rule-based candidate from thesis affix inventory; review against native-speaker judgment/Forman or Del Corro lexicon for gold training.
kap-morph-0623,literary,kinaul,kinaul,kaul,k+in+aul,k | in | aul,-in-,infixation,V,infix=-in-; position=after_initial_consonant,medium,13,ko ngana sabe neng [kinaul] Pababa mu sana ing,Rule-based candidate from thesis affix inventory; review against native-speaker judgment/Forman or Del Corro lexicon for gold training.
kap-morph-0624,literary,kundiman,kundiman,kundim,kundim+an,kundim | an,-an,suffixation,N/V,suffix=-an,medium,13,ing arte samyu at [kundiman] Pablasang ngamu pin ing,Rule-based candidate from thesis affix inventory; review against native-speaker judgment/Forman or Del Corro lexicon for gold training.
kap-morph-0625,literary,kwayan,kwayan,kway,kway+an,kway | an,-an,suffixation,N/V,suffix=-an,medium,13,anti lang mangudyapi Ding [kwayan] a lalangitngit Kaybat keta,Rule-based candidate from thesis affix inventory; review against native-speaker judgment/Forman or Del Corro lexicon for gold training.
kap-morph-0626,literary,lakwan,lakwan,lakw,lakw+an,lakw | an,-an,suffixation,N/V,suffix=-an,medium,13,ku ali Mu ku [lakwan] Bakit mayayakit ing bye,Rule-based candidate from thesis affix inventory; review against native-speaker judgment/Forman or Del Corro lexicon for gold training.
kap-morph-0627,literary,likuan,likuan,liku,liku+an,liku | an,-an,suffixation,N/V,suffix=-an,medium,13,de at bigbugan Kaibat [likuan] da nya kabud makalangan,Rule-based candidate from thesis affix inventory; review against native-speaker judgment/Forman or Del Corro lexicon for gold training.
kap-morph-0628,literary,maestro,maestro,estro,ma+estro,ma | estro,ma-,prefixation,V/ADJ/N,prefix=ma-,medium,13,Pamuntuk at kutnanan ding [maestro] At ing eskwela namang,Rule-based candidate from thesis affix inventory; review against native-speaker judgment/Forman or Del Corro lexicon for gold training.
kap-morph-0629,religious,magari,magari,gari,ma+gari,ma | gari,ma-,prefixation,V/ADJ/N,prefix=ma-,medium,13,kea ding keang kapatad [Magari] ka waring tune kekame,Rule-based candidate from thesis affix inventory; review against native-speaker judgment/Forman or Del Corro lexicon for gold training.
kap-morph-0630,literary,makalangan,makalangan,lang,maka+lang+an,maka | lang | an,maka-; -an,prefixation+suffixation,V/ADJ/N,prefix=maka-; suffix=-an,medium,13,likuan da nya kabud [makalangan] bebe dalan Itang minunang,Rule-based candidate from thesis affix inventory; review against native-speaker judgment/Forman or Del Corro lexicon for gold training.
kap-morph-0631,literary,makalunus,makalunus,lunus,maka+lunus,maka | lunus,maka-,prefixation,V/ADJ/N,prefix=maka-,medium,13,ku dalanan ing bye [makalunus] E ko kalunusan ding,Rule-based candidate from thesis affix inventory; review against native-speaker judgment/Forman or Del Corro lexicon for gold training.
kap-morph-0632,religious,makasalikut,makasalikut,salikut,maka+salikut,maka | salikut,maka-,prefixation,V/ADJ/N,prefix=maka-,medium,13,me e ka malyaring [makasalikut] Deuteronomio Deuteronomy E sa,Rule-based candidate from thesis affix inventory; review against native-speaker judgment/Forman or Del Corro lexicon for gold training.
kap-morph-0633,literary,mamintu,mamintu,intu,mam+intu,mam | intu,mam-,prefixation,V/ADJ/N,prefix=mam-,medium,13,balu Masikanang alang sikan [mamintu] king Keang Turu Susulung,Rule-based candidate from thesis affix inventory; review against native-speaker judgment/Forman or Del Corro lexicon for gold training.
kap-morph-0634,literary,manaliwang,manaliwang,aliwang,man+aliwang,man | aliwang,man-,prefixation,V/ADJ/N,prefix=man-,medium,13,nung mipabustan yang ume [manaliwang] bansa icatang lunto malaram,Rule-based candidate from thesis affix inventory; review against native-speaker judgment/Forman or Del Corro lexicon for gold training.
kap-morph-0635,literary,manyad,manyad,nyad,ma+nyad,ma | nyad,ma-,prefixation,V/ADJ/N,prefix=ma-,medium,13,maki-upayang takde At dign [manyad] king kalayan king kanuan,Rule-based candidate from thesis affix inventory; review against native-speaker judgment/Forman or Del Corro lexicon for gold training.
kap-morph-0636,literary,mapinu,mapinu,pinu,ma+pinu,ma | pinu,ma-,prefixation,V/ADJ/N,prefix=ma-,medium,13,tunculan nang caring amanu [mapinu] Purian ne at paligayan,Rule-based candidate from thesis affix inventory; review against native-speaker judgment/Forman or Del Corro lexicon for gold training.
kap-morph-0637,literary,masala,masala,sala,ma+sala,ma | sala,ma-,prefixation,V/ADJ/N,prefix=ma-,medium,13,misapwak ka keti king [masala] itang kakung Bungsu Itang,Rule-based candidate from thesis affix inventory; review against native-speaker judgment/Forman or Del Corro lexicon for gold training.
kap-morph-0638,religious,masquil,masquil,squil,ma+squil,ma | squil,ma-,prefixation,V/ADJ/N,prefix=ma-,medium,13,king pekapun a musico [Masquil] karing anak nang Core,Rule-based candidate from thesis affix inventory; review against native-speaker judgment/Forman or Del Corro lexicon for gold training.
kap-morph-0639,literary,mayakit,mayakit,yakit,ma+yakit,ma | yakit,ma-,prefixation,V/ADJ/N,prefix=ma-,medium,13,ing mayap a lider [mayakit] yang tikdo Busal na,Rule-based candidate from thesis affix inventory; review against native-speaker judgment/Forman or Del Corro lexicon for gold training.
kap-morph-0640,religious,menalakad,menalakad,alakad,men+alakad,men | alakad,men-,prefixation,V/ADJ/N,prefix=men-,medium,13,meko ya karin at [menalakad] yang kubu king libis,Rule-based candidate from thesis affix inventory; review against native-speaker judgment/Forman or Del Corro lexicon for gold training.
kap-morph-0641,literary,meninap,meninap,inap,men+inap,men | inap,men-,prefixation,V/ADJ/N,prefix=men-,medium,13,yang lalaki ing misan [meninap] Ing Ginu abe neng,Rule-based candidate from thesis affix inventory; review against native-speaker judgment/Forman or Del Corro lexicon for gold training.
kap-morph-0642,religious,migdala,migdala,dala,mig+dala,mig | dala,mig-,prefixation,V/ADJ/N,prefix=mig-,medium,13,ing panaun i Cain [migdala] ya king bunga na,Rule-based candidate from thesis affix inventory; review against native-speaker judgment/Forman or Del Corro lexicon for gold training.
kap-morph-0643,literary,mirinan,mirinan,mirin,mirin+an,mirin | an,-an,suffixation,N/V,suffix=-an,medium,13,ra Ding myaliwang bansa [mirinan] nang sepu Adwan muna,Rule-based candidate from thesis affix inventory; review against native-speaker judgment/Forman or Del Corro lexicon for gold training.
kap-morph-0644,religious,pangaligtas,pangaligtas,ligtas,panga+ligtas,panga | ligtas,panga-,prefixation,V/ADJ/N,prefix=panga-,medium,13,ba kong manuknangan king [pangaligtas] Deuteronomio Deuteronomy At malyari,Rule-based candidate from thesis affix inventory; review against native-speaker judgment/Forman or Del Corro lexicon for gold training.
kap-morph-0645,literary,parusa,parusa,rusa,pa+rusa,pa | rusa,pa-,prefixation,V/ADJ/N,prefix=pa-,medium,13,Baling pamaryus keng panyawad [parusa] Yang kababayatang ing kakung,Rule-based candidate from thesis affix inventory; review against native-speaker judgment/Forman or Del Corro lexicon for gold training.
kap-morph-0646,literary,pasiknangan,pasiknangan,siknang,pa+siknang+an,pa | siknang | an,pa- + -an,circumfixation,N/V,circumfix=pa-...-an,medium,13,yang akaugalian Maki-pagtorneo kareng [pasiknangan] Ing pamagsane ku e,Rule-based candidate from thesis affix inventory; review against native-speaker judgment/Forman or Del Corro lexicon for gold training.
kap-morph-0647,literary,patutut,patutut,tutut,pa+tutut,pa | tutut,pa-,prefixation,V/ADJ/N,prefix=pa-,medium,13,migtaksil Ika ing anting [patutut] matulang mekilaguyo Karing dayuan,Rule-based candidate from thesis affix inventory; review against native-speaker judgment/Forman or Del Corro lexicon for gold training.
kap-morph-0648,literary,pengaku,pengaku,ngaku,pe+ngaku,pe | ngaku,pe-,prefixation,V/ADJ/N,prefix=pe-,medium,13,bye Iing lugud a [pengaku] mung e mu man,Rule-based candidate from thesis affix inventory; review against native-speaker judgment/Forman or Del Corro lexicon for gold training.
kap-morph-0649,religious,pepabal,pepabal,pabal,pe+pabal,pe | pabal,pe-,prefixation,V/ADJ/N,prefix=pe-,medium,13,Genesis At i Jacob [pepabal] no ding tubud king,Rule-based candidate from thesis affix inventory; review against native-speaker judgment/Forman or Del Corro lexicon for gold training.
kap-morph-0650,literary,pepakan,pepakan,pakan,pe+pakan,pe | pakan,pe-,prefixation,V/ADJ/N,prefix=pe-,medium,13,Ba meng apatakman king [pepakan] keka Dapot ing maralas,Rule-based candidate from thesis affix inventory; review against native-speaker judgment/Forman or Del Corro lexicon for gold training.
